"ID","VALUE","weighted_pixels","hectares","BPS_NAME","GROUPVEG","FRI_REPLAC","FRI_MIXED","FRI_SURFAC","FRI_ALLFIR","PRC_REPLAC","PRC_MIXED","PRC_SURFAC","FRG_NEW","R","G","B","RED","GREEN","BLUE"
"080401010101",11,92.999997921288,8.36999981291592,"Open Water","Open Water",-9999,-9999,-9999,-9999,-9999,-9999,-9999,"-9999",0,0,255,0,0,1
"080401010101",2132,19405.2095662598,1746.46886096338,"Ozark-Ouachita Dry-Mesic Oak Forest","Hardwood",188,66,15,11,6,17,77,"I-B",115,115,0,0.45098,0.45098,0
"080401010101",2136,1327.9099703189,119.511897328701,"Ouachita Montane Oak Forest","Hardwood",38,89,6,5,13,6,81,"I-A",0,38,115,0,0.14902,0.45098
"080401010101",2139,2888.99993542582,260.009994188324,"Ozark-Ouachita Mesic Hardwood Forest","Hardwood",316,110,25,19,6,18,76,"I-C",0,135,74,0,0.529412,0.290196
"080401010101",2140,10047.5497754198,904.279479787778,"Ozark-Ouachita Dry Oak Woodland","Hardwood",38,89,6,5,13,5,82,"I-A",97,69,0,0.380392,0.270588,0
"080401010101",2141,13634.639695242,1227.11757257178,"Ozark-Ouachita Shortleaf Pine-Oak Forest and Woodland","Conifer",347,92,5,5,1,5,94,"I-A",196,164,100,0.768627,0.643137,0.392157
"080401010101",2153,5540.89987615123,498.680988853611,"Central Interior and Appalachian Floodplain Systems-Large Floodplains","Riparian",142,-9999,100,59,41,-9999,59,"III-A",48,237,56,0.188235,0.929412,0.219608
"080401010101",2160,53660.4488005955,4829.44039205359,"Ozark-Ouachita Shortleaf Pine-Bluestem Woodland","Hardwood-Conifer",100,1223,2,2,2,1,97,"I-A",68,137,112,0.266667,0.537255,0.439216
"080401010102",11,1327.08997033723,119.43809733035,"Open Water","Open Water",-9999,-9999,-9999,-9999,-9999,-9999,-9999,"-9999",0,0,255,0,0,1
"080401010102",2132,23347.2394781485,2101.25155303337,"Ozark-Ouachita Dry-Mesic Oak Forest","Hardwood",188,66,15,11,6,17,77,"I-B",115,115,0,0.45098,0.45098,0
"080401010102",2136,285.609993616119,25.7048994254507,"Ouachita Montane Oak Forest","Hardwood",38,89,6,5,13,6,81,"I-A",0,38,115,0,0.14902,0.45098
"080401010102",2139,4034.99990981072,363.149991882965,"Ozark-Ouachita Mesic Hardwood Forest","Hardwood",316,110,25,19,6,18,76,"I-C",0,135,74,0,0.529412,0.290196
"080401010102",2140,12208.669727115,1098.78027544035,"Ozark-Ouachita Dry Oak Woodland","Hardwood",38,89,6,5,13,5,82,"I-A",97,69,0,0.380392,0.270588,0
"080401010102",2141,17747.429603314,1597.26866429826,"Ozark-Ouachita Shortleaf Pine-Oak Forest and Woodland","Conifer",347,92,5,5,1,5,94,"I-A",196,164,100,0.768627,0.643137,0.392157
"080401010102",2153,4177.14990663342,375.943491597008,"Central Interior and Appalachian Floodplain Systems-Large Floodplains","Riparian",142,-9999,100,59,41,-9999,59,"III-A",48,237,56,0.188235,0.929412,0.219608
"080401010102",2160,48702.0689114239,4383.18620202815,"Ozark-Ouachita Shortleaf Pine-Bluestem Woodland","Hardwood-Conifer",100,1223,2,2,2,1,97,"I-A",68,137,112,0.266667,0.537255,0.439216
"080401010103",11,848.479981034994,76.3631982931495,"Open Water","Open Water",-9999,-9999,-9999,-9999,-9999,-9999,-9999,"-9999",0,0,255,0,0,1
"080401010103",2132,10233.9197712541,921.052779412866,"Ozark-Ouachita Dry-Mesic Oak Forest","Hardwood",188,66,15,11,6,17,77,"I-B",115,115,0,0.45098,0.45098,0
"080401010103",2136,13.0799997076392,1.17719997368753,"Ouachita Montane Oak Forest","Hardwood",38,89,6,5,13,6,81,"I-A",0,38,115,0,0.14902,0.45098
"080401010103",2139,633.999985828996,57.0599987246096,"Ozark-Ouachita Mesic Hardwood Forest","Hardwood",316,110,25,19,6,18,76,"I-C",0,135,74,0,0.529412,0.290196
"080401010103",2140,6051.7698647324,544.659287825916,"Ozark-Ouachita Dry Oak Woodland","Hardwood",38,89,6,5,13,5,82,"I-A",97,69,0,0.380392,0.270588,0
"080401010103",2141,10187.6497722883,916.888479505945,"Ozark-Ouachita Shortleaf Pine-Oak Forest and Woodland","Conifer",347,92,5,5,1,5,94,"I-A",196,164,100,0.768627,0.643137,0.392157
"080401010103",2153,4539.04989854433,408.514490868989,"Central Interior and Appalachian Floodplain Systems-Large Floodplains","Riparian",142,-9999,100,59,41,-9999,59,"III-A",48,237,56,0.188235,0.929412,0.219608
"080401010103",2160,45355.3689862285,4081.98320876056,"Ozark-Ouachita Shortleaf Pine-Bluestem Woodland","Hardwood-Conifer",100,1223,2,2,2,1,97,"I-A",68,137,112,0.266667,0.537255,0.439216
"080401010104",11,66.2099985200912,5.95889986680821,"Open Water","Open Water",-9999,-9999,-9999,-9999,-9999,-9999,-9999,"-9999",0,0,255,0,0,1
"080401010104",2132,31516.4492955524,2836.48043659972,"Ozark-Ouachita Dry-Mesic Oak Forest","Hardwood",188,66,15,11,6,17,77,"I-B",115,115,0,0.45098,0.45098,0
"080401010104",2139,6915.00984543748,622.350886089373,"Ozark-Ouachita Mesic Hardwood Forest","Hardwood",316,110,25,19,6,18,76,"I-C",0,135,74,0,0.529412,0.290196
"080401010104",2140,18456.9895874541,1661.12906287087,"Ozark-Ouachita Dry Oak Woodland","Hardwood",38,89,6,5,13,5,82,"I-A",97,69,0,0.380392,0.270588,0
"080401010104",2141,6377.74985744618,573.997487170156,"Ozark-Ouachita Shortleaf Pine-Oak Forest and Woodland","Conifer",347,92,5,5,1,5,94,"I-A",196,164,100,0.768627,0.643137,0.392157
"080401010104",2153,1688.63996225595,151.977596603036,"Central Interior and Appalachian Floodplain Systems-Large Floodplains","Riparian",142,-9999,100,59,41,-9999,59,"III-A",48,237,56,0.188235,0.929412,0.219608
"080401010104",2160,31247.0693015736,2812.23623714162,"Ozark-Ouachita Shortleaf Pine-Bluestem Woodland","Hardwood-Conifer",100,1223,2,2,2,1,97,"I-A",68,137,112,0.266667,0.537255,0.439216
"080401010105",11,1042.21997670457,93.7997979034111,"Open Water","Open Water",-9999,-9999,-9999,-9999,-9999,-9999,-9999,"-9999",0,0,255,0,0,1
"080401010105",2132,13206.3397048153,1188.57057343338,"Ozark-Ouachita Dry-Mesic Oak Forest","Hardwood",188,66,15,11,6,17,77,"I-B",115,115,0,0.45098,0.45098,0
"080401010105",2139,1063.99997621775,95.7599978595972,"Ozark-Ouachita Mesic Hardwood Forest","Hardwood",316,110,25,19,6,18,76,"I-C",0,135,74,0,0.529412,0.290196
"080401010105",2140,8841.0198023878,795.691782214902,"Ozark-Ouachita Dry Oak Woodland","Hardwood",38,89,6,5,13,5,82,"I-A",97,69,0,0.380392,0.270588,0
"080401010105",2141,5148.949884912,463.40548964208,"Ozark-Ouachita Shortleaf Pine-Oak Forest and Woodland","Conifer",347,92,5,5,1,5,94,"I-A",196,164,100,0.768627,0.643137,0.392157
"080401010105",2153,6620.65985201672,595.859386681505,"Central Interior and Appalachian Floodplain Systems-Large Floodplains","Riparian",142,-9999,100,59,41,-9999,59,"III-A",48,237,56,0.188235,0.929412,0.219608
"080401010105",2160,54128.0087901447,4871.52079111302,"Ozark-Ouachita Shortleaf Pine-Bluestem Woodland","Hardwood-Conifer",100,1223,2,2,2,1,97,"I-A",68,137,112,0.266667,0.537255,0.439216
"080401010201",11,704.329984256998,63.3896985831298,"Open Water","Open Water",-9999,-9999,-9999,-9999,-9999,-9999,-9999,"-9999",0,0,255,0,0,1
"080401010201",31,15.9999996423721,1.43999996781349,"Barren-Rock/Sand/Clay","Barren-Rock/Sand/Clay",-9999,-9999,-9999,-9999,-9999,-9999,-9999,"-9999",191,191,191,0.74902,0.74902,0.74902
"080401010201",2132,22796.7394904532,2051.70655414078,"Ozark-Ouachita Dry-Mesic Oak Forest","Hardwood",188,66,15,11,6,17,77,"I-B",115,115,0,0.45098,0.45098,0
"080401010201",2139,1732.99996126443,155.969996513799,"Ozark-Ouachita Mesic Hardwood Forest","Hardwood",316,110,25,19,6,18,76,"I-C",0,135,74,0,0.529412,0.290196
"080401010201",2140,17224.9696149919,1550.24726534927,"Ozark-Ouachita Dry Oak Woodland","Hardwood",38,89,6,5,13,5,82,"I-A",97,69,0,0.380392,0.270588,0
"080401010201",2141,11598.2697407585,1043.84427666826,"Ozark-Ouachita Shortleaf Pine-Oak Forest and Woodland","Conifer",347,92,5,5,1,5,94,"I-A",196,164,100,0.768627,0.643137,0.392157
"080401010201",2153,5006.00988810696,450.540889929626,"Central Interior and Appalachian Floodplain Systems-Large Floodplains","Riparian",142,-9999,100,59,41,-9999,59,"III-A",48,237,56,0.188235,0.929412,0.219608
"080401010201",2160,66861.1485055368,6017.50336549832,"Ozark-Ouachita Shortleaf Pine-Bluestem Woodland","Hardwood-Conifer",100,1223,2,2,2,1,97,"I-A",68,137,112,0.266667,0.537255,0.439216
"080401010202",11,106.339997623116,9.57059978608042,"Open Water","Open Water",-9999,-9999,-9999,-9999,-9999,-9999,-9999,"-9999",0,0,255,0,0,1
"080401010202",31,3.99999991059303,0.359999991953373,"Barren-Rock/Sand/Clay","Barren-Rock/Sand/Clay",-9999,-9999,-9999,-9999,-9999,-9999,-9999,"-9999",191,191,191,0.74902,0.74902,0.74902
"080401010202",2132,43153.1990354508,3883.78791319057,"Ozark-Ouachita Dry-Mesic Oak Forest","Hardwood",188,66,15,11,6,17,77,"I-B",115,115,0,0.45098,0.45098,0
"080401010202",2139,8082.40981934406,727.416883740965,"Ozark-Ouachita Mesic Hardwood Forest","Hardwood",316,110,25,19,6,18,76,"I-C",0,135,74,0,0.529412,0.290196
"080401010202",2140,34796.1792222448,3131.65613000203,"Ozark-Ouachita Dry Oak Woodland","Hardwood",38,89,6,5,13,5,82,"I-A",97,69,0,0.380392,0.270588,0
"080401010202",2141,2881.9499355834,259.375494202506,"Ozark-Ouachita Shortleaf Pine-Oak Forest and Woodland","Conifer",347,92,5,5,1,5,94,"I-A",196,164,100,0.768627,0.643137,0.392157
"080401010202",2153,1708.66996180825,153.780296562742,"Central Interior and Appalachian Floodplain Systems-Large Floodplains","Riparian",142,-9999,100,59,41,-9999,59,"III-A",48,237,56,0.188235,0.929412,0.219608
"080401010202",2160,11345.0697464179,1021.05627717761,"Ozark-Ouachita Shortleaf Pine-Bluestem Woodland","Hardwood-Conifer",100,1223,2,2,2,1,97,"I-A",68,137,112,0.266667,0.537255,0.439216
"080401010203",11,39.6499991137534,3.56849992023781,"Open Water","Open Water",-9999,-9999,-9999,-9999,-9999,-9999,-9999,"-9999",0,0,255,0,0,1
"080401010203",2132,37124.2491702083,3341.18242531875,"Ozark-Ouachita Dry-Mesic Oak Forest","Hardwood",188,66,15,11,6,17,77,"I-B",115,115,0,0.45098,0.45098,0
"080401010203",2139,5291.57988172397,476.242189355157,"Ozark-Ouachita Mesic Hardwood Forest","Hardwood",316,110,25,19,6,18,76,"I-C",0,135,74,0,0.529412,0.290196
"080401010203",2140,41533.9290716443,3738.05361644799,"Ozark-Ouachita Dry Oak Woodland","Hardwood",38,89,6,5,13,5,82,"I-A",97,69,0,0.380392,0.270588,0
"080401010203",2141,4621.68989669718,415.952090702746,"Ozark-Ouachita Shortleaf Pine-Oak Forest and Woodland","Conifer",347,92,5,5,1,5,94,"I-A",196,164,100,0.768627,0.643137,0.392157
"080401010203",2153,311.699993032962,28.0529993729666,"Central Interior and Appalachian Floodplain Systems-Large Floodplains","Riparian",142,-9999,100,59,41,-9999,59,"III-A",48,237,56,0.188235,0.929412,0.219608
"080401010203",2160,15488.4396538064,1393.95956884257,"Ozark-Ouachita Shortleaf Pine-Bluestem Woodland","Hardwood-Conifer",100,1223,2,2,2,1,97,"I-A",68,137,112,0.266667,0.537255,0.439216
"080401010204",11,1039.5699767638,93.561297908742,"Open Water","Open Water",-9999,-9999,-9999,-9999,-9999,-9999,-9999,"-9999",0,0,255,0,0,1
"080401010204",31,22.9999994859099,2.06999995373189,"Barren-Rock/Sand/Clay","Barren-Rock/Sand/Clay",-9999,-9999,-9999,-9999,-9999,-9999,-9999,"-9999",191,191,191,0.74902,0.74902,0.74902
"080401010204",2132,17152.8696166035,1543.75826549431,"Ozark-Ouachita Dry-Mesic Oak Forest","Hardwood",188,66,15,11,6,17,77,"I-B",115,115,0,0.45098,0.45098,0
"080401010204",2139,1461.99996732175,131.579997058958,"Ozark-Ouachita Mesic Hardwood Forest","Hardwood",316,110,25,19,6,18,76,"I-C",0,135,74,0,0.529412,0.290196
"080401010204",2140,11891.289734209,1070.21607607881,"Ozark-Ouachita Dry Oak Woodland","Hardwood",38,89,6,5,13,5,82,"I-A",97,69,0,0.380392,0.270588,0
"080401010204",2141,16654.3996277452,1498.89596649706,"Ozark-Ouachita Shortleaf Pine-Oak Forest and Woodland","Conifer",347,92,5,5,1,5,94,"I-A",196,164,100,0.768627,0.643137,0.392157
"080401010204",2153,1970.81995594874,177.373796035387,"Central Interior and Appalachian Floodplain Systems-Large Floodplains","Riparian",142,-9999,100,59,41,-9999,59,"III-A",48,237,56,0.188235,0.929412,0.219608
"080401010204",2160,30542.6093173195,2748.83483855875,"Ozark-Ouachita Shortleaf Pine-Bluestem Woodland","Hardwood-Conifer",100,1223,2,2,2,1,97,"I-A",68,137,112,0.266667,0.537255,0.439216
"080401010205",11,45.2899989876896,4.07609990889206,"Open Water","Open Water",-9999,-9999,-9999,-9999,-9999,-9999,-9999,"-9999",0,0,255,0,0,1
"080401010205",2132,27520.6893848646,2476.86204463782,"Ozark-Ouachita Dry-Mesic Oak Forest","Hardwood",188,66,15,11,6,17,77,"I-B",115,115,0,0.45098,0.45098,0
"080401010205",2139,5287.99988180399,475.919989362359,"Ozark-Ouachita Mesic Hardwood Forest","Hardwood",316,110,25,19,6,18,76,"I-C",0,135,74,0,0.529412,0.290196
"080401010205",2140,10430.7797668539,938.770179016851,"Ozark-Ouachita Dry Oak Woodland","Hardwood",38,89,6,5,13,5,82,"I-A",97,69,0,0.380392,0.270588,0
"080401010205",2141,23802.7694679666,2142.249252117,"Ozark-Ouachita Shortleaf Pine-Oak Forest and Woodland","Conifer",347,92,5,5,1,5,94,"I-A",196,164,100,0.768627,0.643137,0.392157
"080401010205",2153,587.659986864775,52.8893988178298,"Central Interior and Appalachian Floodplain Systems-Large Floodplains","Riparian",142,-9999,100,59,41,-9999,59,"III-A",48,237,56,0.188235,0.929412,0.219608
"080401010205",2160,34973.7892182749,3147.64102964474,"Ozark-Ouachita Shortleaf Pine-Bluestem Woodland","Hardwood-Conifer",100,1223,2,2,2,1,97,"I-A",68,137,112,0.266667,0.537255,0.439216
"080401010206",11,1267.37997167185,114.064197450466,"Open Water","Open Water",-9999,-9999,-9999,-9999,-9999,-9999,-9999,"-9999",0,0,255,0,0,1
"080401010206",31,25.9999994188547,2.33999994769692,"Barren-Rock/Sand/Clay","Barren-Rock/Sand/Clay",-9999,-9999,-9999,-9999,-9999,-9999,-9999,"-9999",191,191,191,0.74902,0.74902,0.74902
"080401010206",2132,36281.9291890357,3265.37362701321,"Ozark-Ouachita Dry-Mesic Oak Forest","Hardwood",188,66,15,11,6,17,77,"I-B",115,115,0,0.45098,0.45098,0
"080401010206",2139,3441.9999230653,309.779993075877,"Ozark-Ouachita Mesic Hardwood Forest","Hardwood",316,110,25,19,6,18,76,"I-C",0,135,74,0,0.529412,0.290196
"080401010206",2140,22872.7394887544,2058.5465539879,"Ozark-Ouachita Dry Oak Woodland","Hardwood",38,89,6,5,13,5,82,"I-A",97,69,0,0.380392,0.270588,0
"080401010206",2141,17192.1396157257,1547.29256541532,"Ozark-Ouachita Shortleaf Pine-Oak Forest and Woodland","Conifer",347,92,5,5,1,5,94,"I-A",196,164,100,0.768627,0.643137,0.392157
"080401010206",2153,1830.73995907977,164.76659631718,"Central Interior and Appalachian Floodplain Systems-Large Floodplains","Riparian",142,-9999,100,59,41,-9999,59,"III-A",48,237,56,0.188235,0.929412,0.219608
"080401010206",2160,48796.8989093043,4391.72090183739,"Ozark-Ouachita Shortleaf Pine-Bluestem Woodland","Hardwood-Conifer",100,1223,2,2,2,1,97,"I-A",68,137,112,0.266667,0.537255,0.439216
"080401010301",11,15.2699996586889,1.374299969282,"Open Water","Open Water",-9999,-9999,-9999,-9999,-9999,-9999,-9999,"-9999",0,0,255,0,0,1
"080401010301",2132,22827.169489773,2054.44525407957,"Ozark-Ouachita Dry-Mesic Oak Forest","Hardwood",188,66,15,11,6,17,77,"I-B",115,115,0,0.45098,0.45098,0
"080401010301",2139,6064.99986443669,545.849987799302,"Ozark-Ouachita Mesic Hardwood Forest","Hardwood",316,110,25,19,6,18,76,"I-C",0,135,74,0,0.529412,0.290196
"080401010301",2140,8816.77980292961,793.510182263665,"Ozark-Ouachita Dry Oak Woodland","Hardwood",38,89,6,5,13,5,82,"I-A",97,69,0,0.380392,0.270588,0
"080401010301",2141,22034.5195074901,1983.10675567411,"Ozark-Ouachita Shortleaf Pine-Oak Forest and Woodland","Conifer",347,92,5,5,1,5,94,"I-A",196,164,100,0.768627,0.643137,0.392157
"080401010301",2153,123.369997242466,11.1032997518219,"Central Interior and Appalachian Floodplain Systems-Large Floodplains","Riparian",142,-9999,100,59,41,-9999,59,"III-A",48,237,56,0.188235,0.929412,0.219608
"080401010301",2160,22042.8195073046,1983.85375565741,"Ozark-Ouachita Shortleaf Pine-Bluestem Woodland","Hardwood-Conifer",100,1223,2,2,2,1,97,"I-A",68,137,112,0.266667,0.537255,0.439216
"080401010302",11,1188.6099734325,106.974897608925,"Open Water","Open Water",-9999,-9999,-9999,-9999,-9999,-9999,-9999,"-9999",0,0,255,0,0,1
"080401010302",2132,21005.1295304988,1890.46165774489,"Ozark-Ouachita Dry-Mesic Oak Forest","Hardwood",188,66,15,11,6,17,77,"I-B",115,115,0,0.45098,0.45098,0
"080401010302",2139,2332.99994785339,209.969995306805,"Ozark-Ouachita Mesic Hardwood Forest","Hardwood",316,110,25,19,6,18,76,"I-C",0,135,74,0,0.529412,0.290196
"080401010302",2140,14377.8296786305,1294.00467107674,"Ozark-Ouachita Dry Oak Woodland","Hardwood",38,89,6,5,13,5,82,"I-A",97,69,0,0.380392,0.270588,0
"080401010302",2141,10820.2597581483,973.823378233351,"Ozark-Ouachita Shortleaf Pine-Oak Forest and Woodland","Conifer",347,92,5,5,1,5,94,"I-A",196,164,100,0.768627,0.643137,0.392157
"080401010302",2153,3648.62991844676,328.376692660209,"Central Interior and Appalachian Floodplain Systems-Large Floodplains","Riparian",142,-9999,100,59,41,-9999,59,"III-A",48,237,56,0.188235,0.929412,0.219608
"080401010302",2160,37638.049158724,3387.42442428516,"Ozark-Ouachita Shortleaf Pine-Bluestem Woodland","Hardwood-Conifer",100,1223,2,2,2,1,97,"I-A",68,137,112,0.266667,0.537255,0.439216
"080401010303",11,494.70998894237,44.5238990048133,"Open Water","Open Water",-9999,-9999,-9999,-9999,-9999,-9999,-9999,"-9999",0,0,255,0,0,1
"080401010303",31,17.9999995976686,1.61999996379018,"Barren-Rock/Sand/Clay","Barren-Rock/Sand/Clay",-9999,-9999,-9999,-9999,-9999,-9999,-9999,"-9999",191,191,191,0.74902,0.74902,0.74902
"080401010303",2132,17994.3295977954,1619.48966380158,"Ozark-Ouachita Dry-Mesic Oak Forest","Hardwood",188,66,15,11,6,17,77,"I-B",115,115,0,0.45098,0.45098,0
"080401010303",2139,3368.99992469698,303.209993222728,"Ozark-Ouachita Mesic Hardwood Forest","Hardwood",316,110,25,19,6,18,76,"I-C",0,135,74,0,0.529412,0.290196
"080401010303",2140,9418.85978947207,847.697381052487,"Ozark-Ouachita Dry Oak Woodland","Hardwood",38,89,6,5,13,5,82,"I-A",97,69,0,0.380392,0.270588,0
"080401010303",2141,18646.2595832236,1678.16336249013,"Ozark-Ouachita Shortleaf Pine-Oak Forest and Woodland","Conifer",347,92,5,5,1,5,94,"I-A",196,164,100,0.768627,0.643137,0.392157
"080401010303",2153,1399.64996871538,125.968497184385,"Central Interior and Appalachian Floodplain Systems-Large Floodplains","Riparian",142,-9999,100,59,41,-9999,59,"III-A",48,237,56,0.188235,0.929412,0.219608
"080401010303",2160,28881.6993544437,2599.35294189993,"Ozark-Ouachita Shortleaf Pine-Bluestem Woodland","Hardwood-Conifer",100,1223,2,2,2,1,97,"I-A",68,137,112,0.266667,0.537255,0.439216
"080401010304",11,626.349985999987,56.3714987399988,"Open Water","Open Water",-9999,-9999,-9999,-9999,-9999,-9999,-9999,"-9999",0,0,255,0,0,1
"080401010304",2132,36251.7891897094,3262.66102707384,"Ozark-Ouachita Dry-Mesic Oak Forest","Hardwood",188,66,15,11,6,17,77,"I-B",115,115,0,0.45098,0.45098,0
"080401010304",2139,5039.99988734722,453.59998986125,"Ozark-Ouachita Mesic Hardwood Forest","Hardwood",316,110,25,19,6,18,76,"I-C",0,135,74,0,0.529412,0.290196
"080401010304",2140,18523.7695859615,1667.13926273653,"Ozark-Ouachita Dry Oak Woodland","Hardwood",38,89,6,5,13,5,82,"I-A",97,69,0,0.380392,0.270588,0
"080401010304",2141,29934.5993309096,2694.11393978186,"Ozark-Ouachita Shortleaf Pine-Oak Forest and Woodland","Conifer",347,92,5,5,1,5,94,"I-A",196,164,100,0.768627,0.643137,0.392157
"080401010304",2153,3286.64992653765,295.798493388388,"Central Interior and Appalachian Floodplain Systems-Large Floodplains","Riparian",142,-9999,100,59,41,-9999,59,"III-A",48,237,56,0.188235,0.929412,0.219608
"080401010304",2160,55403.2287616413,4986.29058854772,"Ozark-Ouachita Shortleaf Pine-Bluestem Woodland","Hardwood-Conifer",100,1223,2,2,2,1,97,"I-A",68,137,112,0.266667,0.537255,0.439216
"080401010305",11,3982.50991098396,358.425891988557,"Open Water","Open Water",-9999,-9999,-9999,-9999,-9999,-9999,-9999,"-9999",0,0,255,0,0,1
"080401010305",31,13.9999996870756,1.25999997183681,"Barren-Rock/Sand/Clay","Barren-Rock/Sand/Clay",-9999,-9999,-9999,-9999,-9999,-9999,-9999,"-9999",191,191,191,0.74902,0.74902,0.74902
"080401010305",2132,23897.599465847,2150.78395192623,"Ozark-Ouachita Dry-Mesic Oak Forest","Hardwood",188,66,15,11,6,17,77,"I-B",115,115,0,0.45098,0.45098,0
"080401010305",2139,3125.99993012846,281.339993711561,"Ozark-Ouachita Mesic Hardwood Forest","Hardwood",316,110,25,19,6,18,76,"I-C",0,135,74,0,0.529412,0.290196
"080401010305",2140,15837.8496459965,1425.40646813968,"Ozark-Ouachita Dry Oak Woodland","Hardwood",38,89,6,5,13,5,82,"I-A",97,69,0,0.380392,0.270588,0
"080401010305",2141,16616.0896286014,1495.44806657413,"Ozark-Ouachita Shortleaf Pine-Oak Forest and Woodland","Conifer",347,92,5,5,1,5,94,"I-A",196,164,100,0.768627,0.643137,0.392157
"080401010305",2153,6059.99986454844,545.39998780936,"Central Interior and Appalachian Floodplain Systems-Large Floodplains","Riparian",142,-9999,100,59,41,-9999,59,"III-A",48,237,56,0.188235,0.929412,0.219608
"080401010305",2160,31812.2492889408,2863.10243600467,"Ozark-Ouachita Shortleaf Pine-Bluestem Woodland","Hardwood-Conifer",100,1223,2,2,2,1,97,"I-A",68,137,112,0.266667,0.537255,0.439216
"080401010306",11,19692.2095598448,1772.29886038603,"Open Water","Open Water",-9999,-9999,-9999,-9999,-9999,-9999,-9999,"-9999",0,0,255,0,0,1
"080401010306",2132,10247.4897709507,922.274079385567,"Ozark-Ouachita Dry-Mesic Oak Forest","Hardwood",188,66,15,11,6,17,77,"I-B",115,115,0,0.45098,0.45098,0
"080401010306",2139,1227.99997255206,110.519997529685,"Ozark-Ouachita Mesic Hardwood Forest","Hardwood",316,110,25,19,6,18,76,"I-C",0,135,74,0,0.529412,0.290196
"080401010306",2140,13502.3996981978,1215.21597283781,"Ozark-Ouachita Dry Oak Woodland","Hardwood",38,89,6,5,13,5,82,"I-A",97,69,0,0.380392,0.270588,0
"080401010306",2141,5525.79987648875,497.321988883987,"Ozark-Ouachita Shortleaf Pine-Oak Forest and Woodland","Conifer",347,92,5,5,1,5,94,"I-A",196,164,100,0.768627,0.643137,0.392157
"080401010306",2153,8318.67981406301,748.681183265671,"Central Interior and Appalachian Floodplain Systems-Large Floodplains","Riparian",142,-9999,100,59,41,-9999,59,"III-A",48,237,56,0.188235,0.929412,0.219608
"080401010306",2160,12309.4297248628,1107.84867523765,"Ozark-Ouachita Shortleaf Pine-Bluestem Woodland","Hardwood-Conifer",100,1223,2,2,2,1,97,"I-A",68,137,112,0.266667,0.537255,0.439216
"080401010401",11,493.99998895824,44.4599990062416,"Open Water","Open Water",-9999,-9999,-9999,-9999,-9999,-9999,-9999,"-9999",0,0,255,0,0,1
"080401010401",2132,37429.0591633953,3368.61532470558,"Ozark-Ouachita Dry-Mesic Oak Forest","Hardwood",188,66,15,11,6,17,77,"I-B",115,115,0,0.45098,0.45098,0
"080401010401",2139,7944.99982241541,715.049984017387,"Ozark-Ouachita Mesic Hardwood Forest","Hardwood",316,110,25,19,6,18,76,"I-C",0,135,74,0,0.529412,0.290196
"080401010401",2140,32801.6992668249,2952.15293401424,"Ozark-Ouachita Dry Oak Woodland","Hardwood",38,89,6,5,13,5,82,"I-A",97,69,0,0.380392,0.270588,0
"080401010401",2141,18279.1395914294,1645.12256322864,"Ozark-Ouachita Shortleaf Pine-Oak Forest and Woodland","Conifer",347,92,5,5,1,5,94,"I-A",196,164,100,0.768627,0.643137,0.392157
"080401010401",2153,1032.99997691065,92.9699979219586,"Central Interior and Appalachian Floodplain Systems-Large Floodplains","Riparian",142,-9999,100,59,41,-9999,59,"III-A",48,237,56,0.188235,0.929412,0.219608
"080401010401",2160,35244.2692122292,3171.98422910063,"Ozark-Ouachita Shortleaf Pine-Bluestem Woodland","Hardwood-Conifer",100,1223,2,2,2,1,97,"I-A",68,137,112,0.266667,0.537255,0.439216
"080401010402",11,68.9999984577298,6.20999986119568,"Open Water","Open Water",-9999,-9999,-9999,-9999,-9999,-9999,-9999,"-9999",0,0,255,0,0,1
"080401010402",2132,32167.5092810001,2895.07583529001,"Ozark-Ouachita Dry-Mesic Oak Forest","Hardwood",188,66,15,11,6,17,77,"I-B",115,115,0,0.45098,0.45098,0
"080401010402",2139,2877.99993567169,259.019994210452,"Ozark-Ouachita Mesic Hardwood Forest","Hardwood",316,110,25,19,6,18,76,"I-C",0,135,74,0,0.529412,0.290196
"080401010402",2140,52093.2888356242,4688.39599520618,"Ozark-Ouachita Dry Oak Woodland","Hardwood",38,89,6,5,13,5,82,"I-A",97,69,0,0.380392,0.270588,0
"080401010402",2141,6865.09984655306,617.858986189775,"Ozark-Ouachita Shortleaf Pine-Oak Forest and Woodland","Conifer",347,92,5,5,1,5,94,"I-A",196,164,100,0.768627,0.643137,0.392157
"080401010402",2153,4282.97990426794,385.468191384114,"Central Interior and Appalachian Floodplain Systems-Large Floodplains","Riparian",142,-9999,100,59,41,-9999,59,"III-A",48,237,56,0.188235,0.929412,0.219608
"080401010402",2158,51.9999988377094,4.67999989539385,"Central Interior and Appalachian Shrub-Herbaceous Wetland Systems","Riparian",17,-9999,-9999,17,100,-9999,-9999,"II-C",240,150,20,0.941176,0.588235,0.078431
"080401010402",2160,28236.7893688586,2541.31104319727,"Ozark-Ouachita Shortleaf Pine-Bluestem Woodland","Hardwood-Conifer",100,1223,2,2,2,1,97,"I-A",68,137,112,0.266667,0.537255,0.439216
"080401010403",11,3274.08992681839,294.668093413655,"Open Water","Open Water",-9999,-9999,-9999,-9999,-9999,-9999,-9999,"-9999",0,0,255,0,0,1
"080401010403",31,1.99999995529652,0.179999995976686,"Barren-Rock/Sand/Clay","Barren-Rock/Sand/Clay",-9999,-9999,-9999,-9999,-9999,-9999,-9999,"-9999",191,191,191,0.74902,0.74902,0.74902
"080401010403",2132,27321.0493893269,2458.89444503943,"Ozark-Ouachita Dry-Mesic Oak Forest","Hardwood",188,66,15,11,6,17,77,"I-B",115,115,0,0.45098,0.45098,0
"080401010403",2139,1510.99996622652,135.989996960387,"Ozark-Ouachita Mesic Hardwood Forest","Hardwood",316,110,25,19,6,18,76,"I-C",0,135,74,0,0.529412,0.290196
"080401010403",2140,49515.4788932428,4456.39310039185,"Ozark-Ouachita Dry Oak Woodland","Hardwood",38,89,6,5,13,5,82,"I-A",97,69,0,0.380392,0.270588,0
"080401010403",2141,3953.89991162345,355.85099204611,"Ozark-Ouachita Shortleaf Pine-Oak Forest and Woodland","Conifer",347,92,5,5,1,5,94,"I-A",196,164,100,0.768627,0.643137,0.392157
"080401010403",2153,5686.15987290442,511.754388561398,"Central Interior and Appalachian Floodplain Systems-Large Floodplains","Riparian",142,-9999,100,59,41,-9999,59,"III-A",48,237,56,0.188235,0.929412,0.219608
"080401010403",2160,20451.919542864,1840.67275885776,"Ozark-Ouachita Shortleaf Pine-Bluestem Woodland","Hardwood-Conifer",100,1223,2,2,2,1,97,"I-A",68,137,112,0.266667,0.537255,0.439216
"080401010404",11,19911.4395549446,1792.02955994502,"Open Water","Open Water",-9999,-9999,-9999,-9999,-9999,-9999,-9999,"-9999",0,0,255,0,0,1
"080401010404",2132,22306.9195014015,2007.62275512613,"Ozark-Ouachita Dry-Mesic Oak Forest","Hardwood",188,66,15,11,6,17,77,"I-B",115,115,0,0.45098,0.45098,0
"080401010404",2139,1551.9999653101,139.679996877909,"Ozark-Ouachita Mesic Hardwood Forest","Hardwood",316,110,25,19,6,18,76,"I-C",0,135,74,0,0.529412,0.290196
"080401010404",2140,32863.7092654388,2957.7338338895,"Ozark-Ouachita Dry Oak Woodland","Hardwood",38,89,6,5,13,5,82,"I-A",97,69,0,0.380392,0.270588,0
"080401010404",2141,2877.06993569247,258.936294212323,"Ozark-Ouachita Shortleaf Pine-Oak Forest and Woodland","Conifer",347,92,5,5,1,5,94,"I-A",196,164,100,0.768627,0.643137,0.392157
"080401010404",2153,7813.97982534394,703.258184280954,"Central Interior and Appalachian Floodplain Systems-Large Floodplains","Riparian",142,-9999,100,59,41,-9999,59,"III-A",48,237,56,0.188235,0.929412,0.219608
"080401010404",2160,4332.20990316756,389.89889128508,"Ozark-Ouachita Shortleaf Pine-Bluestem Woodland","Hardwood-Conifer",100,1223,2,2,2,1,97,"I-A",68,137,112,0.266667,0.537255,0.439216
"080401010501",11,10.8199997581542,0.973799978233874,"Open Water","Open Water",-9999,-9999,-9999,-9999,-9999,-9999,-9999,"-9999",0,0,255,0,0,1
"080401010501",2132,24724.7194473594,2225.22475026235,"Ozark-Ouachita Dry-Mesic Oak Forest","Hardwood",188,66,15,11,6,17,77,"I-B",115,115,0,0.45098,0.45098,0
"080401010501",2139,3033.99993218482,273.059993896633,"Ozark-Ouachita Mesic Hardwood Forest","Hardwood",316,110,25,19,6,18,76,"I-C",0,135,74,0,0.529412,0.290196
"080401010501",2140,9817.80978055485,883.602880249936,"Ozark-Ouachita Dry Oak Woodland","Hardwood",38,89,6,5,13,5,82,"I-A",97,69,0,0.380392,0.270588,0
"080401010501",2141,26231.2294136863,2360.81064723177,"Ozark-Ouachita Shortleaf Pine-Oak Forest and Woodland","Conifer",347,92,5,5,1,5,94,"I-A",196,164,100,0.768627,0.643137,0.392157
"080401010501",2153,4090.24990857579,368.122491771821,"Central Interior and Appalachian Floodplain Systems-Large Floodplains","Riparian",142,-9999,100,59,41,-9999,59,"III-A",48,237,56,0.188235,0.929412,0.219608
"080401010501",2160,21838.1695118789,1965.4352560691,"Ozark-Ouachita Shortleaf Pine-Bluestem Woodland","Hardwood-Conifer",100,1223,2,2,2,1,97,"I-A",68,137,112,0.266667,0.537255,0.439216
"080401010502",11,2380.26994679682,214.224295211714,"Open Water","Open Water",-9999,-9999,-9999,-9999,-9999,-9999,-9999,"-9999",0,0,255,0,0,1
"080401010502",2132,35691.1092022415,3212.19982820174,"Ozark-Ouachita Dry-Mesic Oak Forest","Hardwood",188,66,15,11,6,17,77,"I-B",115,115,0,0.45098,0.45098,0
"080401010502",2139,4210.99990587682,378.989991528913,"Ozark-Ouachita Mesic Hardwood Forest","Hardwood",316,110,25,19,6,18,76,"I-C",0,135,74,0,0.529412,0.290196
"080401010502",2140,17205.8396154195,1548.52556538776,"Ozark-Ouachita Dry Oak Woodland","Hardwood",38,89,6,5,13,5,82,"I-A",97,69,0,0.380392,0.270588,0
"080401010502",2141,53894.4787953645,4850.5030915828,"Ozark-Ouachita Shortleaf Pine-Oak Forest and Woodland","Conifer",347,92,5,5,1,5,94,"I-A",196,164,100,0.768627,0.643137,0.392157
"080401010502",2153,5014.55988791585,451.310389912426,"Central Interior and Appalachian Floodplain Systems-Large Floodplains","Riparian",142,-9999,100,59,41,-9999,59,"III-A",48,237,56,0.188235,0.929412,0.219608
"080401010502",2160,42917.1090407278,3862.53981366551,"Ozark-Ouachita Shortleaf Pine-Bluestem Woodland","Hardwood-Conifer",100,1223,2,2,2,1,97,"I-A",68,137,112,0.266667,0.537255,0.439216
"080401010503",11,2.99999993294477,0.26999999396503,"Open Water","Open Water",-9999,-9999,-9999,-9999,-9999,-9999,-9999,"-9999",0,0,255,0,0,1
"080401010503",2132,36578.8691823985,3292.09822641587,"Ozark-Ouachita Dry-Mesic Oak Forest","Hardwood",188,66,15,11,6,17,77,"I-B",115,115,0,0.45098,0.45098,0
"080401010503",2139,6089.99986387789,548.09998774901,"Ozark-Ouachita Mesic Hardwood Forest","Hardwood",316,110,25,19,6,18,76,"I-C",0,135,74,0,0.529412,0.290196
"080401010503",2140,13785.7296918649,1240.71567226784,"Ozark-Ouachita Dry Oak Woodland","Hardwood",38,89,6,5,13,5,82,"I-A",97,69,0,0.380392,0.270588,0
"080401010503",2141,35703.4192019664,3213.30772817697,"Ozark-Ouachita Shortleaf Pine-Oak Forest and Woodland","Conifer",347,92,5,5,1,5,94,"I-A",196,164,100,0.768627,0.643137,0.392157
"080401010503",2153,279.999993741512,25.1999994367361,"Central Interior and Appalachian Floodplain Systems-Large Floodplains","Riparian",142,-9999,100,59,41,-9999,59,"III-A",48,237,56,0.188235,0.929412,0.219608
"080401010503",2160,33320.5492552277,2998.84943297049,"Ozark-Ouachita Shortleaf Pine-Bluestem Woodland","Hardwood-Conifer",100,1223,2,2,2,1,97,"I-A",68,137,112,0.266667,0.537255,0.439216
"080401010504",11,12650.8397172317,1138.57557455085,"Open Water","Open Water",-9999,-9999,-9999,-9999,-9999,-9999,-9999,"-9999",0,0,255,0,0,1
"080401010504",2132,25454.5394310467,2290.9085487942,"Ozark-Ouachita Dry-Mesic Oak Forest","Hardwood",188,66,15,11,6,17,77,"I-B",115,115,0,0.45098,0.45098,0
"080401010504",2139,4188.14990638755,376.93349157488,"Ozark-Ouachita Mesic Hardwood Forest","Hardwood",316,110,25,19,6,18,76,"I-C",0,135,74,0,0.529412,0.290196
"080401010504",2140,23348.7294781152,2101.38565303037,"Ozark-Ouachita Dry Oak Woodland","Hardwood",38,89,6,5,13,5,82,"I-A",97,69,0,0.380392,0.270588,0
"080401010504",2141,21568.3095179107,1941.14785661196,"Ozark-Ouachita Shortleaf Pine-Oak Forest and Woodland","Conifer",347,92,5,5,1,5,94,"I-A",196,164,100,0.768627,0.643137,0.392157
"080401010504",2153,9140.72979568876,822.665681611989,"Central Interior and Appalachian Floodplain Systems-Large Floodplains","Riparian",142,-9999,100,59,41,-9999,59,"III-A",48,237,56,0.188235,0.929412,0.219608
"080401010504",2160,35042.2692167442,3153.80422950698,"Ozark-Ouachita Shortleaf Pine-Bluestem Woodland","Hardwood-Conifer",100,1223,2,2,2,1,97,"I-A",68,137,112,0.266667,0.537255,0.439216
"080401010601",11,31566.8292944264,2841.01463649837,"Open Water","Open Water",-9999,-9999,-9999,-9999,-9999,-9999,-9999,"-9999",0,0,255,0,0,1
"080401010601",2132,29596.8393384591,2663.71554046132,"Ozark-Ouachita Dry-Mesic Oak Forest","Hardwood",188,66,15,11,6,17,77,"I-B",115,115,0,0.45098,0.45098,0
"080401010601",2139,6239.99986052513,561.599987447262,"Ozark-Ouachita Mesic Hardwood Forest","Hardwood",316,110,25,19,6,18,76,"I-C",0,135,74,0,0.529412,0.290196
"080401010601",2140,23586.8794727921,2122.81915255129,"Ozark-Ouachita Dry Oak Woodland","Hardwood",38,89,6,5,13,5,82,"I-A",97,69,0,0.380392,0.270588,0
"080401010601",2141,9439.35978901386,849.542381011248,"Ozark-Ouachita Shortleaf Pine-Oak Forest and Woodland","Conifer",347,92,5,5,1,5,94,"I-A",196,164,100,0.768627,0.643137,0.392157
"080401010601",2151,0.0599999986588955,0.00539999987930059,"West Gulf Coastal Plain Pine-Hardwood Flatwoods","Hardwood-Conifer",179,104,5,5,3,4,93,"I-A",99,235,97,0.388235,0.921569,0.380392
"080401010601",2153,6247.0698603671,562.236287433039,"Central Interior and Appalachian Floodplain Systems-Large Floodplains","Riparian",142,-9999,100,59,41,-9999,59,"III-A",48,237,56,0.188235,0.929412,0.219608
"080401010601",2160,16549.0196301006,1489.41176670905,"Ozark-Ouachita Shortleaf Pine-Bluestem Woodland","Hardwood-Conifer",100,1223,2,2,2,1,97,"I-A",68,137,112,0.266667,0.537255,0.439216
"080401010602",11,41762.3090665396,3758.60781598857,"Open Water","Open Water",-9999,-9999,-9999,-9999,-9999,-9999,-9999,"-9999",0,0,255,0,0,1
"080401010602",2132,19047.4695742559,1714.27226168303,"Ozark-Ouachita Dry-Mesic Oak Forest","Hardwood",188,66,15,11,6,17,77,"I-B",115,115,0,0.45098,0.45098,0
"080401010602",2139,2559.84994278289,230.38649485046,"Ozark-Ouachita Mesic Hardwood Forest","Hardwood",316,110,25,19,6,18,76,"I-C",0,135,74,0,0.529412,0.290196
"080401010602",2140,17687.7596046478,1591.8983644183,"Ozark-Ouachita Dry Oak Woodland","Hardwood",38,89,6,5,13,5,82,"I-A",97,69,0,0.380392,0.270588,0
"080401010602",2141,9351.4497909788,841.630481188092,"Ozark-Ouachita Shortleaf Pine-Oak Forest and Woodland","Conifer",347,92,5,5,1,5,94,"I-A",196,164,100,0.768627,0.643137,0.392157
"080401010602",2151,1.93999995663762,0.174599996097386,"West Gulf Coastal Plain Pine-Hardwood Flatwoods","Hardwood-Conifer",179,104,5,5,3,4,93,"I-A",99,235,97,0.388235,0.921569,0.380392
"080401010602",2153,9120.86979613267,820.87828165194,"Central Interior and Appalachian Floodplain Systems-Large Floodplains","Riparian",142,-9999,100,59,41,-9999,59,"III-A",48,237,56,0.188235,0.929412,0.219608
"080401010602",2160,15196.5896603297,1367.69306942968,"Ozark-Ouachita Shortleaf Pine-Bluestem Woodland","Hardwood-Conifer",100,1223,2,2,2,1,97,"I-A",68,137,112,0.266667,0.537255,0.439216
"080401010603",11,3164.44992926903,284.800493634213,"Open Water","Open Water",-9999,-9999,-9999,-9999,-9999,-9999,-9999,"-9999",0,0,255,0,0,1
"080401010603",2132,30732.6593130715,2765.93933817644,"Ozark-Ouachita Dry-Mesic Oak Forest","Hardwood",188,66,15,11,6,17,77,"I-B",115,115,0,0.45098,0.45098,0
"080401010603",2139,4837.99989186227,435.419990267605,"Ozark-Ouachita Mesic Hardwood Forest","Hardwood",316,110,25,19,6,18,76,"I-C",0,135,74,0,0.529412,0.290196
"080401010603",2140,30628.8193153925,2756.59373838533,"Ozark-Ouachita Dry Oak Woodland","Hardwood",38,89,6,5,13,5,82,"I-A",97,69,0,0.380392,0.270588,0
"080401010603",2141,29224.1393467896,2630.17254121106,"Ozark-Ouachita Shortleaf Pine-Oak Forest and Woodland","Conifer",347,92,5,5,1,5,94,"I-A",196,164,100,0.768627,0.643137,0.392157
"080401010603",2153,1896.85995760188,170.717396184169,"Central Interior and Appalachian Floodplain Systems-Large Floodplains","Riparian",142,-9999,100,59,41,-9999,59,"III-A",48,237,56,0.188235,0.929412,0.219608
"080401010603",2160,29209.5993471146,2628.86394124031,"Ozark-Ouachita Shortleaf Pine-Bluestem Woodland","Hardwood-Conifer",100,1223,2,2,2,1,97,"I-A",68,137,112,0.266667,0.537255,0.439216
"080401010604",11,31435.7292973567,2829.2156367621,"Open Water","Open Water",-9999,-9999,-9999,-9999,-9999,-9999,-9999,"-9999",0,0,255,0,0,1
"080401010604",2132,32400.3792757951,2916.03413482156,"Ozark-Ouachita Dry-Mesic Oak Forest","Hardwood",188,66,15,11,6,17,77,"I-B",115,115,0,0.45098,0.45098,0
"080401010604",2139,4651.9998960197,418.679990641773,"Ozark-Ouachita Mesic Hardwood Forest","Hardwood",316,110,25,19,6,18,76,"I-C",0,135,74,0,0.529412,0.290196
"080401010604",2140,16729.8996260576,1505.69096634518,"Ozark-Ouachita Dry Oak Woodland","Hardwood",38,89,6,5,13,5,82,"I-A",97,69,0,0.380392,0.270588,0
"080401010604",2141,17058.1896187197,1535.23706568478,"Ozark-Ouachita Shortleaf Pine-Oak Forest and Woodland","Conifer",347,92,5,5,1,5,94,"I-A",196,164,100,0.768627,0.643137,0.392157
"080401010604",2153,5290.55988174677,476.150389357209,"Central Interior and Appalachian Floodplain Systems-Large Floodplains","Riparian",142,-9999,100,59,41,-9999,59,"III-A",48,237,56,0.188235,0.929412,0.219608
"080401010604",2158,141.999996826053,12.7799997143447,"Central Interior and Appalachian Shrub-Herbaceous Wetland Systems","Riparian",17,-9999,-9999,17,100,-9999,-9999,"II-C",240,150,20,0.941176,0.588235,0.078431
"080401010604",2160,20751.3895361703,1867.62505825533,"Ozark-Ouachita Shortleaf Pine-Bluestem Woodland","Hardwood-Conifer",100,1223,2,2,2,1,97,"I-A",68,137,112,0.266667,0.537255,0.439216
"080401010701",11,711.809984089807,64.0628985680826,"Open Water","Open Water",-9999,-9999,-9999,-9999,-9999,-9999,-9999,"-9999",0,0,255,0,0,1
"080401010701",2132,48548.9489148464,4369.40540233618,"Ozark-Ouachita Dry-Mesic Oak Forest","Hardwood",188,66,15,11,6,17,77,"I-B",115,115,0,0.45098,0.45098,0
"080401010701",2139,8596.99980784208,773.729982705787,"Ozark-Ouachita Mesic Hardwood Forest","Hardwood",316,110,25,19,6,18,76,"I-C",0,135,74,0,0.529412,0.290196
"080401010701",2140,52757.4588207789,4748.1712938701,"Ozark-Ouachita Dry Oak Woodland","Hardwood",38,89,6,5,13,5,82,"I-A",97,69,0,0.380392,0.270588,0
"080401010701",2141,16606.399628818,1494.57596659362,"Ozark-Ouachita Shortleaf Pine-Oak Forest and Woodland","Conifer",347,92,5,5,1,5,94,"I-A",196,164,100,0.768627,0.643137,0.392157
"080401010701",2153,5490.75987727195,494.168388954476,"Central Interior and Appalachian Floodplain Systems-Large Floodplains","Riparian",142,-9999,100,59,41,-9999,59,"III-A",48,237,56,0.188235,0.929412,0.219608
"080401010701",2158,75.9999983012676,6.83999984711409,"Central Interior and Appalachian Shrub-Herbaceous Wetland Systems","Riparian",17,-9999,-9999,17,100,-9999,-9999,"II-C",240,150,20,0.941176,0.588235,0.078431
"080401010701",2160,22146.2695049923,1993.16425544931,"Ozark-Ouachita Shortleaf Pine-Bluestem Woodland","Hardwood-Conifer",100,1223,2,2,2,1,97,"I-A",68,137,112,0.266667,0.537255,0.439216
"080401010702",11,684.149984708056,61.573498623725,"Open Water","Open Water",-9999,-9999,-9999,-9999,-9999,-9999,-9999,"-9999",0,0,255,0,0,1
"080401010702",2132,19347.3395675533,1741.26056107979,"Ozark-Ouachita Dry-Mesic Oak Forest","Hardwood",188,66,15,11,6,17,77,"I-B",115,115,0,0.45098,0.45098,0
"080401010702",2139,1926.99995692819,173.429996123537,"Ozark-Ouachita Mesic Hardwood Forest","Hardwood",316,110,25,19,6,18,76,"I-C",0,135,74,0,0.529412,0.290196
"080401010702",2140,15089.9696627129,1358.09726964416,"Ozark-Ouachita Dry Oak Woodland","Hardwood",38,89,6,5,13,5,82,"I-A",97,69,0,0.380392,0.270588,0
"080401010702",2141,10781.4597590156,970.331378311403,"Ozark-Ouachita Shortleaf Pine-Oak Forest and Woodland","Conifer",347,92,5,5,1,5,94,"I-A",196,164,100,0.768627,0.643137,0.392157
"080401010702",2153,3022.50993244164,272.025893919747,"Central Interior and Appalachian Floodplain Systems-Large Floodplains","Riparian",142,-9999,100,59,41,-9999,59,"III-A",48,237,56,0.188235,0.929412,0.219608
"080401010702",2160,43673.4790238217,3930.61311214395,"Ozark-Ouachita Shortleaf Pine-Bluestem Woodland","Hardwood-Conifer",100,1223,2,2,2,1,97,"I-A",68,137,112,0.266667,0.537255,0.439216
"080401010703",11,160.99999640137,14.4899996761233,"Open Water","Open Water",-9999,-9999,-9999,-9999,-9999,-9999,-9999,"-9999",0,0,255,0,0,1
"080401010703",2132,36287.8991889022,3265.9109270012,"Ozark-Ouachita Dry-Mesic Oak Forest","Hardwood",188,66,15,11,6,17,77,"I-B",115,115,0,0.45098,0.45098,0
"080401010703",2139,6109.98986343108,549.899087708797,"Ozark-Ouachita Mesic Hardwood Forest","Hardwood",316,110,25,19,6,18,76,"I-C",0,135,74,0,0.529412,0.290196
"080401010703",2140,29472.8093412314,2652.55284071082,"Ozark-Ouachita Dry Oak Woodland","Hardwood",38,89,6,5,13,5,82,"I-A",97,69,0,0.380392,0.270588,0
"080401010703",2141,16567.2496296931,1491.05246667238,"Ozark-Ouachita Shortleaf Pine-Oak Forest and Woodland","Conifer",347,92,5,5,1,5,94,"I-A",196,164,100,0.768627,0.643137,0.392157
"080401010703",2153,3724.99991673976,335.249992506579,"Central Interior and Appalachian Floodplain Systems-Large Floodplains","Riparian",142,-9999,100,59,41,-9999,59,"III-A",48,237,56,0.188235,0.929412,0.219608
"080401010703",2160,56912.7587279007,5122.14828551106,"Ozark-Ouachita Shortleaf Pine-Bluestem Woodland","Hardwood-Conifer",100,1223,2,2,2,1,97,"I-A",68,137,112,0.266667,0.537255,0.439216
"080401010704",11,1199.7899731826,107.981097586434,"Open Water","Open Water",-9999,-9999,-9999,-9999,-9999,-9999,-9999,"-9999",0,0,255,0,0,1
"080401010704",31,15.9999996423721,1.43999996781349,"Barren-Rock/Sand/Clay","Barren-Rock/Sand/Clay",-9999,-9999,-9999,-9999,-9999,-9999,-9999,"-9999",191,191,191,0.74902,0.74902,0.74902
"080401010704",2132,20419.349543592,1837.74145892328,"Ozark-Ouachita Dry-Mesic Oak Forest","Hardwood",188,66,15,11,6,17,77,"I-B",115,115,0,0.45098,0.45098,0
"080401010704",2139,2016.99995491654,181.529995942488,"Ozark-Ouachita Mesic Hardwood Forest","Hardwood",316,110,25,19,6,18,76,"I-C",0,135,74,0,0.529412,0.290196
"080401010704",2140,15565.8496520761,1400.92646868685,"Ozark-Ouachita Dry Oak Woodland","Hardwood",38,89,6,5,13,5,82,"I-A",97,69,0,0.380392,0.270588,0
"080401010704",2141,11977.7097322773,1077.99387590496,"Ozark-Ouachita Shortleaf Pine-Oak Forest and Woodland","Conifer",347,92,5,5,1,5,94,"I-A",196,164,100,0.768627,0.643137,0.392157
"080401010704",2153,3899.52991283871,350.957692155484,"Central Interior and Appalachian Floodplain Systems-Large Floodplains","Riparian",142,-9999,100,59,41,-9999,59,"III-A",48,237,56,0.188235,0.929412,0.219608
"080401010704",2160,66539.3085127305,5988.53776614575,"Ozark-Ouachita Shortleaf Pine-Bluestem Woodland","Hardwood-Conifer",100,1223,2,2,2,1,97,"I-A",68,137,112,0.266667,0.537255,0.439216
"080401010705",11,4776.38989323936,429.875090391543,"Open Water","Open Water",-9999,-9999,-9999,-9999,-9999,-9999,-9999,"-9999",0,0,255,0,0,1
"080401010705",2132,22846.9994893298,2056.22995403968,"Ozark-Ouachita Dry-Mesic Oak Forest","Hardwood",188,66,15,11,6,17,77,"I-B",115,115,0,0.45098,0.45098,0
"080401010705",2139,3756.06991604529,338.046292444076,"Ozark-Ouachita Mesic Hardwood Forest","Hardwood",316,110,25,19,6,18,76,"I-C",0,135,74,0,0.529412,0.290196
"080401010705",2140,13709.2496935744,1233.83247242169,"Ozark-Ouachita Dry Oak Woodland","Hardwood",38,89,6,5,13,5,82,"I-A",97,69,0,0.380392,0.270588,0
"080401010705",2141,16031.9696416575,1442.87726774918,"Ozark-Ouachita Shortleaf Pine-Oak Forest and Woodland","Conifer",347,92,5,5,1,5,94,"I-A",196,164,100,0.768627,0.643137,0.392157
"080401010705",2153,3927.91991220415,353.512792098373,"Central Interior and Appalachian Floodplain Systems-Large Floodplains","Riparian",142,-9999,100,59,41,-9999,59,"III-A",48,237,56,0.188235,0.929412,0.219608
"080401010705",2158,46.9999989494681,4.22999990545213,"Central Interior and Appalachian Shrub-Herbaceous Wetland Systems","Riparian",17,-9999,-9999,17,100,-9999,-9999,"II-C",240,150,20,0.941176,0.588235,0.078431
"080401010705",2160,38860.8491313923,3497.47642182531,"Ozark-Ouachita Shortleaf Pine-Bluestem Woodland","Hardwood-Conifer",100,1223,2,2,2,1,97,"I-A",68,137,112,0.266667,0.537255,0.439216
"080401010801",11,65.999998524785,5.93999986723065,"Open Water","Open Water",-9999,-9999,-9999,-9999,-9999,-9999,-9999,"-9999",0,0,255,0,0,1
"080401010801",31,1.99999995529652,0.179999995976686,"Barren-Rock/Sand/Clay","Barren-Rock/Sand/Clay",-9999,-9999,-9999,-9999,-9999,-9999,-9999,"-9999",191,191,191,0.74902,0.74902,0.74902
"080401010801",2132,16650.959627822,1498.58636650398,"Ozark-Ouachita Dry-Mesic Oak Forest","Hardwood",188,66,15,11,6,17,77,"I-B",115,115,0,0.45098,0.45098,0
"080401010801",2139,709.999984130263,63.8999985717237,"Ozark-Ouachita Mesic Hardwood Forest","Hardwood",316,110,25,19,6,18,76,"I-C",0,135,74,0,0.529412,0.290196
"080401010801",2140,10104.1897741538,909.377079673838,"Ozark-Ouachita Dry Oak Woodland","Hardwood",38,89,6,5,13,5,82,"I-A",97,69,0,0.380392,0.270588,0
"080401010801",2141,8498.61981004104,764.875782903694,"Ozark-Ouachita Shortleaf Pine-Oak Forest and Woodland","Conifer",347,92,5,5,1,5,94,"I-A",196,164,100,0.768627,0.643137,0.392157
"080401010801",2153,12041.789730845,1083.76107577605,"Central Interior and Appalachian Floodplain Systems-Large Floodplains","Riparian",142,-9999,100,59,41,-9999,59,"III-A",48,237,56,0.188235,0.929412,0.219608
"080401010801",2160,64224.4385644719,5780.19947080247,"Ozark-Ouachita Shortleaf Pine-Bluestem Woodland","Hardwood-Conifer",100,1223,2,2,2,1,97,"I-A",68,137,112,0.266667,0.537255,0.439216
"080401010802",11,3201.51992844045,288.136793559641,"Open Water","Open Water",-9999,-9999,-9999,-9999,-9999,-9999,-9999,"-9999",0,0,255,0,0,1
"080401010802",31,1.99999995529652,0.179999995976686,"Barren-Rock/Sand/Clay","Barren-Rock/Sand/Clay",-9999,-9999,-9999,-9999,-9999,-9999,-9999,"-9999",191,191,191,0.74902,0.74902,0.74902
"080401010802",2132,15115.5496621411,1360.3994695927,"Ozark-Ouachita Dry-Mesic Oak Forest","Hardwood",188,66,15,11,6,17,77,"I-B",115,115,0,0.45098,0.45098,0
"080401010802",2139,970.069978317246,87.3062980485521,"Ozark-Ouachita Mesic Hardwood Forest","Hardwood",316,110,25,19,6,18,76,"I-C",0,135,74,0,0.529412,0.290196
"080401010802",2140,7396.26983468048,665.664285121243,"Ozark-Ouachita Dry Oak Woodland","Hardwood",38,89,6,5,13,5,82,"I-A",97,69,0,0.380392,0.270588,0
"080401010802",2141,7801.62982561998,702.146684305798,"Ozark-Ouachita Shortleaf Pine-Oak Forest and Woodland","Conifer",347,92,5,5,1,5,94,"I-A",196,164,100,0.768627,0.643137,0.392157
"080401010802",2153,4272.98990449123,384.569091404211,"Central Interior and Appalachian Floodplain Systems-Large Floodplains","Riparian",142,-9999,100,59,41,-9999,59,"III-A",48,237,56,0.188235,0.929412,0.219608
"080401010802",2160,64894.0885495041,5840.46796945537,"Ozark-Ouachita Shortleaf Pine-Bluestem Woodland","Hardwood-Conifer",100,1223,2,2,2,1,97,"I-A",68,137,112,0.266667,0.537255,0.439216
"080401010804",11,13863.0496901367,1247.6744721123,"Open Water","Open Water",-9999,-9999,-9999,-9999,-9999,-9999,-9999,"-9999",0,0,255,0,0,1
"080401010804",2132,9670.1497838553,870.313480546977,"Ozark-Ouachita Dry-Mesic Oak Forest","Hardwood",188,66,15,11,6,17,77,"I-B",115,115,0,0.45098,0.45098,0
"080401010804",2139,173.929996112362,15.6536996501125,"Ozark-Ouachita Mesic Hardwood Forest","Hardwood",316,110,25,19,6,18,76,"I-C",0,135,74,0,0.529412,0.290196
"080401010804",2140,5443.5398783274,489.918589049466,"Ozark-Ouachita Dry Oak Woodland","Hardwood",38,89,6,5,13,5,82,"I-A",97,69,0,0.380392,0.270588,0
"080401010804",2141,8547.32980895229,769.259682805706,"Ozark-Ouachita Shortleaf Pine-Oak Forest and Woodland","Conifer",347,92,5,5,1,5,94,"I-A",196,164,100,0.768627,0.643137,0.392157
"080401010804",2153,4921.2898900006,442.916090100054,"Central Interior and Appalachian Floodplain Systems-Large Floodplains","Riparian",142,-9999,100,59,41,-9999,59,"III-A",48,237,56,0.188235,0.929412,0.219608
"080401010804",2160,49331.188897362,4439.80700076258,"Ozark-Ouachita Shortleaf Pine-Bluestem Woodland","Hardwood-Conifer",100,1223,2,2,2,1,97,"I-A",68,137,112,0.266667,0.537255,0.439216
"080401020201",11,22.9999994859099,2.06999995373189,"Open Water","Open Water",-9999,-9999,-9999,-9999,-9999,-9999,-9999,"-9999",0,0,255,0,0,1
"080401020201",2132,18754.5795808025,1687.91216227222,"Ozark-Ouachita Dry-Mesic Oak Forest","Hardwood",188,66,15,11,6,17,77,"I-B",115,115,0,0.45098,0.45098,0
"080401020201",2139,2365.99994711578,212.93999524042,"Ozark-Ouachita Mesic Hardwood Forest","Hardwood",316,110,25,19,6,18,76,"I-C",0,135,74,0,0.529412,0.290196
"080401020201",2140,17862.1896007489,1607.5970640674,"Ozark-Ouachita Dry Oak Woodland","Hardwood",38,89,6,5,13,5,82,"I-A",97,69,0,0.380392,0.270588,0
"080401020201",2141,9322.87979161739,839.059181245565,"Ozark-Ouachita Shortleaf Pine-Oak Forest and Woodland","Conifer",347,92,5,5,1,5,94,"I-A",196,164,100,0.768627,0.643137,0.392157
"080401020201",2153,198.46999556385,17.8622996007465,"Central Interior and Appalachian Floodplain Systems-Large Floodplains","Riparian",142,-9999,100,59,41,-9999,59,"III-A",48,237,56,0.188235,0.929412,0.219608
"080401020201",2160,17690.1696045939,1592.11526441345,"Ozark-Ouachita Shortleaf Pine-Bluestem Woodland","Hardwood-Conifer",100,1223,2,2,2,1,97,"I-A",68,137,112,0.266667,0.537255,0.439216
"080401020202",11,27.9999993741512,2.51999994367361,"Open Water","Open Water",-9999,-9999,-9999,-9999,-9999,-9999,-9999,"-9999",0,0,255,0,0,1
"080401020202",31,1.99999995529652,0.179999995976686,"Barren-Rock/Sand/Clay","Barren-Rock/Sand/Clay",-9999,-9999,-9999,-9999,-9999,-9999,-9999,"-9999",191,191,191,0.74902,0.74902,0.74902
"080401020202",2132,54414.4187837429,4897.29769053686,"Ozark-Ouachita Dry-Mesic Oak Forest","Hardwood",188,66,15,11,6,17,77,"I-B",115,115,0,0.45098,0.45098,0
"080401020202",2139,10177.3997725174,915.965979526565,"Ozark-Ouachita Mesic Hardwood Forest","Hardwood",316,110,25,19,6,18,76,"I-C",0,135,74,0,0.529412,0.290196
"080401020202",2140,46934.908950923,4224.14180558307,"Ozark-Ouachita Dry Oak Woodland","Hardwood",38,89,6,5,13,5,82,"I-A",97,69,0,0.380392,0.270588,0
"080401020202",2141,1433.85996795073,129.047397115566,"Ozark-Ouachita Shortleaf Pine-Oak Forest and Woodland","Conifer",347,92,5,5,1,5,94,"I-A",196,164,100,0.768627,0.643137,0.392157
"080401020202",2153,2231.03995013237,200.793595511913,"Central Interior and Appalachian Floodplain Systems-Large Floodplains","Riparian",142,-9999,100,59,41,-9999,59,"III-A",48,237,56,0.188235,0.929412,0.219608
"080401020202",2160,6538.96985384263,588.507286845837,"Ozark-Ouachita Shortleaf Pine-Bluestem Woodland","Hardwood-Conifer",100,1223,2,2,2,1,97,"I-A",68,137,112,0.266667,0.537255,0.439216
"080401020203",11,404.889990950003,36.4400991855003,"Open Water","Open Water",-9999,-9999,-9999,-9999,-9999,-9999,-9999,"-9999",0,0,255,0,0,1
"080401020203",2132,31665.1892922278,2849.86703630051,"Ozark-Ouachita Dry-Mesic Oak Forest","Hardwood",188,66,15,11,6,17,77,"I-B",115,115,0,0.45098,0.45098,0
"080401020203",2139,6648.0098514054,598.320886626486,"Ozark-Ouachita Mesic Hardwood Forest","Hardwood",316,110,25,19,6,18,76,"I-C",0,135,74,0,0.529412,0.290196
"080401020203",2140,27429.8393868953,2468.68554482058,"Ozark-Ouachita Dry Oak Woodland","Hardwood",38,89,6,5,13,5,82,"I-A",97,69,0,0.380392,0.270588,0
"080401020203",2141,15673.7896496635,1410.64106846971,"Ozark-Ouachita Shortleaf Pine-Oak Forest and Woodland","Conifer",347,92,5,5,1,5,94,"I-A",196,164,100,0.768627,0.643137,0.392157
"080401020203",2153,3028.9899322968,272.609093906712,"Central Interior and Appalachian Floodplain Systems-Large Floodplains","Riparian",142,-9999,100,59,41,-9999,59,"III-A",48,237,56,0.188235,0.929412,0.219608
"080401020203",2158,68.9999984577298,6.20999986119568,"Central Interior and Appalachian Shrub-Herbaceous Wetland Systems","Riparian",17,-9999,-9999,17,100,-9999,-9999,"II-C",240,150,20,0.941176,0.588235,0.078431
"080401020203",2160,29970.0993301161,2697.30893971045,"Ozark-Ouachita Shortleaf Pine-Bluestem Woodland","Hardwood-Conifer",100,1223,2,2,2,1,97,"I-A",68,137,112,0.266667,0.537255,0.439216
"080401020204",11,154.369996549562,13.8932996894605,"Open Water","Open Water",-9999,-9999,-9999,-9999,-9999,-9999,-9999,"-9999",0,0,255,0,0,1
"080401020204",31,6.99999984353781,0.629999985918403,"Barren-Rock/Sand/Clay","Barren-Rock/Sand/Clay",-9999,-9999,-9999,-9999,-9999,-9999,-9999,"-9999",191,191,191,0.74902,0.74902,0.74902
"080401020204",2132,36764.2391782552,3308.78152604297,"Ozark-Ouachita Dry-Mesic Oak Forest","Hardwood",188,66,15,11,6,17,77,"I-B",115,115,0,0.45098,0.45098,0
"080401020204",2139,5770.9998710081,519.389988390729,"Ozark-Ouachita Mesic Hardwood Forest","Hardwood",316,110,25,19,6,18,76,"I-C",0,135,74,0,0.529412,0.290196
"080401020204",2140,21739.4595140852,1956.55135626767,"Ozark-Ouachita Dry Oak Woodland","Hardwood",38,89,6,5,13,5,82,"I-A",97,69,0,0.380392,0.270588,0
"080401020204",2141,9801.02978092991,882.092680283692,"Ozark-Ouachita Shortleaf Pine-Oak Forest and Woodland","Conifer",347,92,5,5,1,5,94,"I-A",196,164,100,0.768627,0.643137,0.392157
"080401020204",2153,2248.99994973093,202.409995475784,"Central Interior and Appalachian Floodplain Systems-Large Floodplains","Riparian",142,-9999,100,59,41,-9999,59,"III-A",48,237,56,0.188235,0.929412,0.219608
"080401020204",2158,16.9999996200204,1.52999996580184,"Central Interior and Appalachian Shrub-Herbaceous Wetland Systems","Riparian",17,-9999,-9999,17,100,-9999,-9999,"II-C",240,150,20,0.941176,0.588235,0.078431
"080401020204",2160,57179.9087219294,5146.19178497365,"Ozark-Ouachita Shortleaf Pine-Bluestem Woodland","Hardwood-Conifer",100,1223,2,2,2,1,97,"I-A",68,137,112,0.266667,0.537255,0.439216
"080401020205",11,476.999989338219,42.9299990404397,"Open Water","Open Water",-9999,-9999,-9999,-9999,-9999,-9999,-9999,"-9999",0,0,255,0,0,1
"080401020205",31,7.99999982118607,0.719999983906746,"Barren-Rock/Sand/Clay","Barren-Rock/Sand/Clay",-9999,-9999,-9999,-9999,-9999,-9999,-9999,"-9999",191,191,191,0.74902,0.74902,0.74902
"080401020205",2132,32633.3992705867,2937.0059343528,"Ozark-Ouachita Dry-Mesic Oak Forest","Hardwood",188,66,15,11,6,17,77,"I-B",115,115,0,0.45098,0.45098,0
"080401020205",2139,4604.59989707917,414.413990737125,"Ozark-Ouachita Mesic Hardwood Forest","Hardwood",316,110,25,19,6,18,76,"I-C",0,135,74,0,0.529412,0.290196
"080401020205",2140,29815.9793335609,2683.43814002048,"Ozark-Ouachita Dry Oak Woodland","Hardwood",38,89,6,5,13,5,82,"I-A",97,69,0,0.380392,0.270588,0
"080401020205",2141,4303.88990380056,387.350091342051,"Ozark-Ouachita Shortleaf Pine-Oak Forest and Woodland","Conifer",347,92,5,5,1,5,94,"I-A",196,164,100,0.768627,0.643137,0.392157
"080401020205",2153,2237.49994998798,201.374995498918,"Central Interior and Appalachian Floodplain Systems-Large Floodplains","Riparian",142,-9999,100,59,41,-9999,59,"III-A",48,237,56,0.188235,0.929412,0.219608
"080401020205",2160,14251.9396814443,1282.67457132999,"Ozark-Ouachita Shortleaf Pine-Bluestem Woodland","Hardwood-Conifer",100,1223,2,2,2,1,97,"I-A",68,137,112,0.266667,0.537255,0.439216
"080401020301",11,901.73997984454,81.1565981860086,"Open Water","Open Water",-9999,-9999,-9999,-9999,-9999,-9999,-9999,"-9999",0,0,255,0,0,1
"080401020301",31,3.99999991059303,0.359999991953373,"Barren-Rock/Sand/Clay","Barren-Rock/Sand/Clay",-9999,-9999,-9999,-9999,-9999,-9999,-9999,"-9999",191,191,191,0.74902,0.74902,0.74902
"080401020301",2132,21710.6195147298,1953.95575632568,"Ozark-Ouachita Dry-Mesic Oak Forest","Hardwood",188,66,15,11,6,17,77,"I-B",115,115,0,0.45098,0.45098,0
"080401020301",2139,1991.99995547533,179.27999599278,"Ozark-Ouachita Mesic Hardwood Forest","Hardwood",316,110,25,19,6,18,76,"I-C",0,135,74,0,0.529412,0.290196
"080401020301",2140,12612.2997180931,1135.10697462838,"Ozark-Ouachita Dry Oak Woodland","Hardwood",38,89,6,5,13,5,82,"I-A",97,69,0,0.380392,0.270588,0
"080401020301",2141,23601.6894724611,2124.1520525215,"Ozark-Ouachita Shortleaf Pine-Oak Forest and Woodland","Conifer",347,92,5,5,1,5,94,"I-A",196,164,100,0.768627,0.643137,0.392157
"080401020301",2153,5083.71988637,457.5347897733,"Central Interior and Appalachian Floodplain Systems-Large Floodplains","Riparian",142,-9999,100,59,41,-9999,59,"III-A",48,237,56,0.188235,0.929412,0.219608
"080401020301",2158,122.999997250736,11.0699997525662,"Central Interior and Appalachian Shrub-Herbaceous Wetland Systems","Riparian",17,-9999,-9999,17,100,-9999,-9999,"II-C",240,150,20,0.941176,0.588235,0.078431
"080401020301",2160,42052.7890600469,3784.75101540422,"Ozark-Ouachita Shortleaf Pine-Bluestem Woodland","Hardwood-Conifer",100,1223,2,2,2,1,97,"I-A",68,137,112,0.266667,0.537255,0.439216
"080401020302",11,167.489996256307,15.0740996630676,"Open Water","Open Water",-9999,-9999,-9999,-9999,-9999,-9999,-9999,"-9999",0,0,255,0,0,1
"080401020302",2132,16160.8196387775,1454.47376748998,"Ozark-Ouachita Dry-Mesic Oak Forest","Hardwood",188,66,15,11,6,17,77,"I-B",115,115,0,0.45098,0.45098,0
"080401020302",2139,1765.99996052682,158.939996447414,"Ozark-Ouachita Mesic Hardwood Forest","Hardwood",316,110,25,19,6,18,76,"I-C",0,135,74,0,0.529412,0.290196
"080401020302",2140,7853.31982446462,706.798784201816,"Ozark-Ouachita Dry Oak Woodland","Hardwood",38,89,6,5,13,5,82,"I-A",97,69,0,0.380392,0.270588,0
"080401020302",2141,16562.3496298026,1490.61146668224,"Ozark-Ouachita Shortleaf Pine-Oak Forest and Woodland","Conifer",347,92,5,5,1,5,94,"I-A",196,164,100,0.768627,0.643137,0.392157
"080401020302",2153,2526.76994352229,227.409294917006,"Central Interior and Appalachian Floodplain Systems-Large Floodplains","Riparian",142,-9999,100,59,41,-9999,59,"III-A",48,237,56,0.188235,0.929412,0.219608
"080401020302",2160,32534.3292728011,2928.0896345521,"Ozark-Ouachita Shortleaf Pine-Bluestem Woodland","Hardwood-Conifer",100,1223,2,2,2,1,97,"I-A",68,137,112,0.266667,0.537255,0.439216
"080401020303",11,461.369989687577,41.5232990718819,"Open Water","Open Water",-9999,-9999,-9999,-9999,-9999,-9999,-9999,"-9999",0,0,255,0,0,1
"080401020303",2132,12317.7397246771,1108.59657522093,"Ozark-Ouachita Dry-Mesic Oak Forest","Hardwood",188,66,15,11,6,17,77,"I-B",115,115,0,0.45098,0.45098,0
"080401020303",2139,499.999988824129,44.9999989941716,"Ozark-Ouachita Mesic Hardwood Forest","Hardwood",316,110,25,19,6,18,76,"I-C",0,135,74,0,0.529412,0.290196
"080401020303",2140,8668.22980624996,780.140682562497,"Ozark-Ouachita Dry Oak Woodland","Hardwood",38,89,6,5,13,5,82,"I-A",97,69,0,0.380392,0.270588,0
"080401020303",2141,26616.0094050858,2395.44084645772,"Ozark-Ouachita Shortleaf Pine-Oak Forest and Woodland","Conifer",347,92,5,5,1,5,94,"I-A",196,164,100,0.768627,0.643137,0.392157
"080401020303",2153,4007.29991042987,360.656991938688,"Central Interior and Appalachian Floodplain Systems-Large Floodplains","Riparian",142,-9999,100,59,41,-9999,59,"III-A",48,237,56,0.188235,0.929412,0.219608
"080401020303",2160,35954.019196365,3235.86172767285,"Ozark-Ouachita Shortleaf Pine-Bluestem Woodland","Hardwood-Conifer",100,1223,2,2,2,1,97,"I-A",68,137,112,0.266667,0.537255,0.439216
"080401030101",11,161.8799963817,14.569199674353,"Open Water","Open Water",-9999,-9999,-9999,-9999,-9999,-9999,-9999,"-9999",0,0,255,0,0,1
"080401030101",2132,48425.6589176022,4358.30930258419,"Ozark-Ouachita Dry-Mesic Oak Forest","Hardwood",188,66,15,11,6,17,77,"I-B",115,115,0,0.45098,0.45098,0
"080401030101",2139,11025.2897535656,992.276077820901,"Ozark-Ouachita Mesic Hardwood Forest","Hardwood",316,110,25,19,6,18,76,"I-C",0,135,74,0,0.529412,0.290196
"080401030101",2140,32311.4792777821,2908.03313500039,"Ozark-Ouachita Dry Oak Woodland","Hardwood",38,89,6,5,13,5,82,"I-A",97,69,0,0.380392,0.270588,0
"080401030101",2141,10529.8497646395,947.686478817556,"Ozark-Ouachita Shortleaf Pine-Oak Forest and Woodland","Conifer",347,92,5,5,1,5,94,"I-A",196,164,100,0.768627,0.643137,0.392157
"080401030101",2153,317.999992892146,28.6199993602931,"Central Interior and Appalachian Floodplain Systems-Large Floodplains","Riparian",142,-9999,100,59,41,-9999,59,"III-A",48,237,56,0.188235,0.929412,0.219608
"080401030101",2160,35888.3491978329,3229.95142780496,"Ozark-Ouachita Shortleaf Pine-Bluestem Woodland","Hardwood-Conifer",100,1223,2,2,2,1,97,"I-A",68,137,112,0.266667,0.537255,0.439216
"080401030102",11,6.57999985292554,0.592199986763299,"Open Water","Open Water",-9999,-9999,-9999,-9999,-9999,-9999,-9999,"-9999",0,0,255,0,0,1
"080401030102",2132,14449.8896770198,1300.49007093178,"Ozark-Ouachita Dry-Mesic Oak Forest","Hardwood",188,66,15,11,6,17,77,"I-B",115,115,0,0.45098,0.45098,0
"080401030102",2139,2739.82993876003,246.584694488402,"Ozark-Ouachita Mesic Hardwood Forest","Hardwood",316,110,25,19,6,18,76,"I-C",0,135,74,0,0.529412,0.290196
"080401030102",2140,9577.17978593335,861.946180734001,"Ozark-Ouachita Dry Oak Woodland","Hardwood",38,89,6,5,13,5,82,"I-A",97,69,0,0.380392,0.270588,0
"080401030102",2141,18302.4695909079,1647.22226318171,"Ozark-Ouachita Shortleaf Pine-Oak Forest and Woodland","Conifer",347,92,5,5,1,5,94,"I-A",196,164,100,0.768627,0.643137,0.392157
"080401030102",2153,152.999996580184,13.7699996922165,"Central Interior and Appalachian Floodplain Systems-Large Floodplains","Riparian",142,-9999,100,59,41,-9999,59,"III-A",48,237,56,0.188235,0.929412,0.219608
"080401030102",2160,15251.4896591026,1372.63406931924,"Ozark-Ouachita Shortleaf Pine-Bluestem Woodland","Hardwood-Conifer",100,1223,2,2,2,1,97,"I-A",68,137,112,0.266667,0.537255,0.439216
"080401030103",11,623.359986066818,56.1023987460136,"Open Water","Open Water",-9999,-9999,-9999,-9999,-9999,-9999,-9999,"-9999",0,0,255,0,0,1
"080401030103",31,7.99999982118607,0.719999983906746,"Barren-Rock/Sand/Clay","Barren-Rock/Sand/Clay",-9999,-9999,-9999,-9999,-9999,-9999,-9999,"-9999",191,191,191,0.74902,0.74902,0.74902
"080401030103",2132,20776.7095356043,1869.90385820439,"Ozark-Ouachita Dry-Mesic Oak Forest","Hardwood",188,66,15,11,6,17,77,"I-B",115,115,0,0.45098,0.45098,0
"080401030103",2139,2794.00993754901,251.460894379411,"Ozark-Ouachita Mesic Hardwood Forest","Hardwood",316,110,25,19,6,18,76,"I-C",0,135,74,0,0.529412,0.290196
"080401030103",2140,15122.5196619853,1361.02676957868,"Ozark-Ouachita Dry Oak Woodland","Hardwood",38,89,6,5,13,5,82,"I-A",97,69,0,0.380392,0.270588,0
"080401030103",2141,32685.4192694239,2941.68773424815,"Ozark-Ouachita Shortleaf Pine-Oak Forest and Woodland","Conifer",347,92,5,5,1,5,94,"I-A",196,164,100,0.768627,0.643137,0.392157
"080401030103",2153,1534.99996569008,138.149996912107,"Central Interior and Appalachian Floodplain Systems-Large Floodplains","Riparian",142,-9999,100,59,41,-9999,59,"III-A",48,237,56,0.188235,0.929412,0.219608
"080401030103",2160,24568.3094508555,2211.14785057699,"Ozark-Ouachita Shortleaf Pine-Bluestem Woodland","Hardwood-Conifer",100,1223,2,2,2,1,97,"I-A",68,137,112,0.266667,0.537255,0.439216
"080401030104",11,2553.60994292237,229.824894863013,"Open Water","Open Water",-9999,-9999,-9999,-9999,-9999,-9999,-9999,"-9999",0,0,255,0,0,1
"080401030104",2132,23121.3894831967,2080.9250534877,"Ozark-Ouachita Dry-Mesic Oak Forest","Hardwood",188,66,15,11,6,17,77,"I-B",115,115,0,0.45098,0.45098,0
"080401030104",2139,2734.99993886799,246.149994498119,"Ozark-Ouachita Mesic Hardwood Forest","Hardwood",316,110,25,19,6,18,76,"I-C",0,135,74,0,0.529412,0.290196
"080401030104",2140,14868.9596676528,1338.20637008876,"Ozark-Ouachita Dry Oak Woodland","Hardwood",38,89,6,5,13,5,82,"I-A",97,69,0,0.380392,0.270588,0
"080401030104",2141,52030.9188370183,4682.78269533165,"Ozark-Ouachita Shortleaf Pine-Oak Forest and Woodland","Conifer",347,92,5,5,1,5,94,"I-A",196,164,100,0.768627,0.643137,0.392157
"080401030104",2153,2058.39995399117,185.255995859206,"Central Interior and Appalachian Floodplain Systems-Large Floodplains","Riparian",142,-9999,100,59,41,-9999,59,"III-A",48,237,56,0.188235,0.929412,0.219608
"080401030104",2160,26105.9494164865,2349.53544748379,"Ozark-Ouachita Shortleaf Pine-Bluestem Woodland","Hardwood-Conifer",100,1223,2,2,2,1,97,"I-A",68,137,112,0.266667,0.537255,0.439216
"080401030106",11,10510.4897650722,945.944078856502,"Open Water","Open Water",-9999,-9999,-9999,-9999,-9999,-9999,-9999,"-9999",0,0,255,0,0,1
"080401030106",2132,18612.41958398,1675.1177625582,"Ozark-Ouachita Dry-Mesic Oak Forest","Hardwood",188,66,15,11,6,17,77,"I-B",115,115,0,0.45098,0.45098,0
"080401030106",2139,744.999983347952,67.0499985013157,"Ozark-Ouachita Mesic Hardwood Forest","Hardwood",316,110,25,19,6,18,76,"I-C",0,135,74,0,0.529412,0.290196
"080401030106",2140,11171.8697502892,1005.46827752603,"Ozark-Ouachita Dry Oak Woodland","Hardwood",38,89,6,5,13,5,82,"I-A",97,69,0,0.380392,0.270588,0
"080401030106",2141,47465.9489390533,4271.9354045148,"Ozark-Ouachita Shortleaf Pine-Oak Forest and Woodland","Conifer",347,92,5,5,1,5,94,"I-A",196,164,100,0.768627,0.643137,0.392157
"080401030106",2153,4823.28989219107,434.096090297196,"Central Interior and Appalachian Floodplain Systems-Large Floodplains","Riparian",142,-9999,100,59,41,-9999,59,"III-A",48,237,56,0.188235,0.929412,0.219608
"080401030106",2160,25217.8794363365,2269.60914927028,"Ozark-Ouachita Shortleaf Pine-Bluestem Woodland","Hardwood-Conifer",100,1223,2,2,2,1,97,"I-A",68,137,112,0.266667,0.537255,0.439216
"080402030101",11,76.9999982789159,6.92999984510243,"Open Water","Open Water",-9999,-9999,-9999,-9999,-9999,-9999,-9999,"-9999",0,0,255,0,0,1
"080402030101",2132,26928.2393981069,2423.54154582962,"Ozark-Ouachita Dry-Mesic Oak Forest","Hardwood",188,66,15,11,6,17,77,"I-B",115,115,0,0.45098,0.45098,0
"080402030101",2139,4563.99989798665,410.759990818799,"Ozark-Ouachita Mesic Hardwood Forest","Hardwood",316,110,25,19,6,18,76,"I-C",0,135,74,0,0.529412,0.290196
"080402030101",2140,17204.02961546,1548.3626653914,"Ozark-Ouachita Dry Oak Woodland","Hardwood",38,89,6,5,13,5,82,"I-A",97,69,0,0.380392,0.270588,0
"080402030101",2141,23517.0294743534,2116.53265269181,"Ozark-Ouachita Shortleaf Pine-Oak Forest and Woodland","Conifer",347,92,5,5,1,5,94,"I-A",196,164,100,0.768627,0.643137,0.392157
"080402030101",2153,5519.99987661839,496.799988895655,"Central Interior and Appalachian Floodplain Systems-Large Floodplains","Riparian",142,-9999,100,59,41,-9999,59,"III-A",48,237,56,0.188235,0.929412,0.219608
"080402030101",2160,32615.7892709803,2935.42103438823,"Ozark-Ouachita Shortleaf Pine-Bluestem Woodland","Hardwood-Conifer",100,1223,2,2,2,1,97,"I-A",68,137,112,0.266667,0.537255,0.439216
"080402030301",11,36.9999991729856,3.3299999255687,"Open Water","Open Water",-9999,-9999,-9999,-9999,-9999,-9999,-9999,"-9999",0,0,255,0,0,1
"080402030301",2132,36710.1691794638,3303.91522615174,"Ozark-Ouachita Dry-Mesic Oak Forest","Hardwood",188,66,15,11,6,17,77,"I-B",115,115,0,0.45098,0.45098,0
"080402030301",2139,4561.6398980394,410.547590823546,"Ozark-Ouachita Mesic Hardwood Forest","Hardwood",316,110,25,19,6,18,76,"I-C",0,135,74,0,0.529412,0.290196
"080402030301",2140,40590.3290927354,3653.12961834619,"Ozark-Ouachita Dry Oak Woodland","Hardwood",38,89,6,5,13,5,82,"I-A",97,69,0,0.380392,0.270588,0
"080402030301",2141,23814.8594676964,2143.33735209268,"Ozark-Ouachita Shortleaf Pine-Oak Forest and Woodland","Conifer",347,92,5,5,1,5,94,"I-A",196,164,100,0.768627,0.643137,0.392157
"080402030301",2153,10506.0397651717,945.543578865454,"Central Interior and Appalachian Floodplain Systems-Large Floodplains","Riparian",142,-9999,100,59,41,-9999,59,"III-A",48,237,56,0.188235,0.929412,0.219608
"080402030301",2160,35205.3592130989,3168.4823291789,"Ozark-Ouachita Shortleaf Pine-Bluestem Woodland","Hardwood-Conifer",100,1223,2,2,2,1,97,"I-A",68,137,112,0.266667,0.537255,0.439216
"080402030302",11,5123.99988546968,461.159989692271,"Open Water","Open Water",-9999,-9999,-9999,-9999,-9999,-9999,-9999,"-9999",0,0,255,0,0,1
"080402030302",2132,39486.1991174147,3553.75792056732,"Ozark-Ouachita Dry-Mesic Oak Forest","Hardwood",188,66,15,11,6,17,77,"I-B",115,115,0,0.45098,0.45098,0
"080402030302",2139,7076.99984181672,636.929985763505,"Ozark-Ouachita Mesic Hardwood Forest","Hardwood",316,110,25,19,6,18,76,"I-C",0,135,74,0,0.529412,0.290196
"080402030302",2140,17935.2195991166,1614.16976392049,"Ozark-Ouachita Dry Oak Woodland","Hardwood",38,89,6,5,13,5,82,"I-A",97,69,0,0.380392,0.270588,0
"080402030302",2141,42470.9490507003,3822.38541456303,"Ozark-Ouachita Shortleaf Pine-Oak Forest and Woodland","Conifer",347,92,5,5,1,5,94,"I-A",196,164,100,0.768627,0.643137,0.392157
"080402030302",2153,4082.10990875773,367.389891788196,"Central Interior and Appalachian Floodplain Systems-Large Floodplains","Riparian",142,-9999,100,59,41,-9999,59,"III-A",48,237,56,0.188235,0.929412,0.219608
"080402030302",2160,36946.0191741921,3325.14172567729,"Ozark-Ouachita Shortleaf Pine-Bluestem Woodland","Hardwood-Conifer",100,1223,2,2,2,1,97,"I-A",68,137,112,0.266667,0.537255,0.439216
"080402030303",11,60.9999986365438,5.48999987728894,"Open Water","Open Water",-9999,-9999,-9999,-9999,-9999,-9999,-9999,"-9999",0,0,255,0,0,1
"080402030303",2132,27640.1393821947,2487.61254439753,"Ozark-Ouachita Dry-Mesic Oak Forest","Hardwood",188,66,15,11,6,17,77,"I-B",115,115,0,0.45098,0.45098,0
"080402030303",2139,2053.99995408952,184.859995868057,"Ozark-Ouachita Mesic Hardwood Forest","Hardwood",316,110,25,19,6,18,76,"I-C",0,135,74,0,0.529412,0.290196
"080402030303",2140,25812.2094230521,2323.09884807469,"Ozark-Ouachita Dry Oak Woodland","Hardwood",38,89,6,5,13,5,82,"I-A",97,69,0,0.380392,0.270588,0
"080402030303",2141,13949.2896882091,1255.43607193882,"Ozark-Ouachita Shortleaf Pine-Oak Forest and Woodland","Conifer",347,92,5,5,1,5,94,"I-A",196,164,100,0.768627,0.643137,0.392157
"080402030303",2153,2767.50993814133,249.07589443272,"Central Interior and Appalachian Floodplain Systems-Large Floodplains","Riparian",142,-9999,100,59,41,-9999,59,"III-A",48,237,56,0.188235,0.929412,0.219608
"080402030303",2160,38789.1191329956,3491.0207219696,"Ozark-Ouachita Shortleaf Pine-Bluestem Woodland","Hardwood-Conifer",100,1223,2,2,2,1,97,"I-A",68,137,112,0.266667,0.537255,0.439216
"080402030305",11,604.009986499324,54.3608987849392,"Open Water","Open Water",-9999,-9999,-9999,-9999,-9999,-9999,-9999,"-9999",0,0,255,0,0,1
"080402030305",2132,30687.7793140747,2761.90013826672,"Ozark-Ouachita Dry-Mesic Oak Forest","Hardwood",188,66,15,11,6,17,77,"I-B",115,115,0,0.45098,0.45098,0
"080402030305",2139,2093.99995319545,188.459995787591,"Ozark-Ouachita Mesic Hardwood Forest","Hardwood",316,110,25,19,6,18,76,"I-C",0,135,74,0,0.529412,0.290196
"080402030305",2140,57846.7487070244,5206.20738363219,"Ozark-Ouachita Dry Oak Woodland","Hardwood",38,89,6,5,13,5,82,"I-A",97,69,0,0.380392,0.270588,0
"080402030305",2141,6190.77986162528,557.170187546276,"Ozark-Ouachita Shortleaf Pine-Oak Forest and Woodland","Conifer",347,92,5,5,1,5,94,"I-A",196,164,100,0.768627,0.643137,0.392157
"080402030305",2153,6290.07985940576,566.107187346518,"Central Interior and Appalachian Floodplain Systems-Large Floodplains","Riparian",142,-9999,100,59,41,-9999,59,"III-A",48,237,56,0.188235,0.929412,0.219608
"080402030305",2155,64.9999985471368,5.84999986924231,"Gulf and Atlantic Coastal Plain Floodplain Systems","Riparian",393,257,49,37,10,15,75,"III-A",102,119,205,0.4,0.466667,0.803922
"080402030305",2160,25225.819436159,2270.32374925431,"Ozark-Ouachita Shortleaf Pine-Bluestem Woodland","Hardwood-Conifer",100,1223,2,2,2,1,97,"I-A",68,137,112,0.266667,0.537255,0.439216
"111101050101",11,1360.99996957928,122.489997262135,"Open Water","Open Water",-9999,-9999,-9999,-9999,-9999,-9999,-9999,"-9999",0,0,255,0,0,1
"111101050101",2132,11948.9797329195,1075.40817596275,"Ozark-Ouachita Dry-Mesic Oak Forest","Hardwood",188,66,15,11,6,17,77,"I-B",115,115,0,0.45098,0.45098,0
"111101050101",2139,1071.99997603893,96.479997843504,"Ozark-Ouachita Mesic Hardwood Forest","Hardwood",316,110,25,19,6,18,76,"I-C",0,135,74,0,0.529412,0.290196
"111101050101",2140,6582.29985287413,592.406986758672,"Ozark-Ouachita Dry Oak Woodland","Hardwood",38,89,6,5,13,5,82,"I-A",97,69,0,0.380392,0.270588,0
"111101050101",2141,13739.0896929074,1236.51807236167,"Ozark-Ouachita Shortleaf Pine-Oak Forest and Woodland","Conifer",347,92,5,5,1,5,94,"I-A",196,164,100,0.768627,0.643137,0.392157
"111101050101",2153,6619.30985204689,595.73788668422,"Central Interior and Appalachian Floodplain Systems-Large Floodplains","Riparian",142,-9999,100,59,41,-9999,59,"III-A",48,237,56,0.188235,0.929412,0.219608
"111101050101",2160,39061.7991269007,3515.56192142107,"Ozark-Ouachita Shortleaf Pine-Bluestem Woodland","Hardwood-Conifer",100,1223,2,2,2,1,97,"I-A",68,137,112,0.266667,0.537255,0.439216
"111101050102",11,115.999997407198,10.4399997666478,"Open Water","Open Water",-9999,-9999,-9999,-9999,-9999,-9999,-9999,"-9999",0,0,255,0,0,1
"111101050102",2132,11445.3797441758,1030.08417697582,"Ozark-Ouachita Dry-Mesic Oak Forest","Hardwood",188,66,15,11,6,17,77,"I-B",115,115,0,0.45098,0.45098,0
"111101050102",2139,892.399980053306,80.3159982047975,"Ozark-Ouachita Mesic Hardwood Forest","Hardwood",316,110,25,19,6,18,76,"I-C",0,135,74,0,0.529412,0.290196
"111101050102",2140,3223.2699279543,290.094293515887,"Ozark-Ouachita Dry Oak Woodland","Hardwood",38,89,6,5,13,5,82,"I-A",97,69,0,0.380392,0.270588,0
"111101050102",2141,6242.50986046903,561.825887442213,"Ozark-Ouachita Shortleaf Pine-Oak Forest and Woodland","Conifer",347,92,5,5,1,5,94,"I-A",196,164,100,0.768627,0.643137,0.392157
"111101050102",2153,4395.25990175828,395.573391158245,"Central Interior and Appalachian Floodplain Systems-Large Floodplains","Riparian",142,-9999,100,59,41,-9999,59,"III-A",48,237,56,0.188235,0.929412,0.219608
"111101050102",2160,19870.1195558682,1788.31076002814,"Ozark-Ouachita Shortleaf Pine-Bluestem Woodland","Hardwood-Conifer",100,1223,2,2,2,1,97,"I-A",68,137,112,0.266667,0.537255,0.439216
"111101050103",11,325.999992713332,29.3399993441999,"Open Water","Open Water",-9999,-9999,-9999,-9999,-9999,-9999,-9999,"-9999",0,0,255,0,0,1
"111101050103",2132,25562.0294286441,2300.58264857797,"Ozark-Ouachita Dry-Mesic Oak Forest","Hardwood",188,66,15,11,6,17,77,"I-B",115,115,0,0.45098,0.45098,0
"111101050103",2139,5189.33988400921,467.040589560829,"Ozark-Ouachita Mesic Hardwood Forest","Hardwood",316,110,25,19,6,18,76,"I-C",0,135,74,0,0.529412,0.290196
"111101050103",2140,11882.2597344108,1069.40337609697,"Ozark-Ouachita Dry Oak Woodland","Hardwood",38,89,6,5,13,5,82,"I-A",97,69,0,0.380392,0.270588,0
"111101050103",2141,31524.6492953692,2837.21843658322,"Ozark-Ouachita Shortleaf Pine-Oak Forest and Woodland","Conifer",347,92,5,5,1,5,94,"I-A",196,164,100,0.768627,0.643137,0.392157
"111101050103",2153,6100.55986364186,549.050387727767,"Central Interior and Appalachian Floodplain Systems-Large Floodplains","Riparian",142,-9999,100,59,41,-9999,59,"III-A",48,237,56,0.188235,0.929412,0.219608
"111101050103",2155,24.9999994412065,2.24999994970858,"Gulf and Atlantic Coastal Plain Floodplain Systems","Riparian",393,257,49,37,10,15,75,"III-A",102,119,205,0.4,0.466667,0.803922
"111101050103",2160,19979.4195534252,1798.14775980826,"Ozark-Ouachita Shortleaf Pine-Bluestem Woodland","Hardwood-Conifer",100,1223,2,2,2,1,97,"I-A",68,137,112,0.266667,0.537255,0.439216
"111101050104",11,4367.99990236759,393.119991213083,"Open Water","Open Water",-9999,-9999,-9999,-9999,-9999,-9999,-9999,"-9999",0,0,255,0,0,1
"111101050104",2132,27126.1493936833,2441.3534454315,"Ozark-Ouachita Dry-Mesic Oak Forest","Hardwood",188,66,15,11,6,17,77,"I-B",115,115,0,0.45098,0.45098,0
"111101050104",2139,5160.99988464266,464.489989617839,"Ozark-Ouachita Mesic Hardwood Forest","Hardwood",316,110,25,19,6,18,76,"I-C",0,135,74,0,0.529412,0.290196
"111101050104",2140,11222.3997491598,1010.01597742438,"Ozark-Ouachita Dry Oak Woodland","Hardwood",38,89,6,5,13,5,82,"I-A",97,69,0,0.380392,0.270588,0
"111101050104",2141,26076.9894171339,2346.92904754205,"Ozark-Ouachita Shortleaf Pine-Oak Forest and Woodland","Conifer",347,92,5,5,1,5,94,"I-A",196,164,100,0.768627,0.643137,0.392157
"111101050104",2153,5991.31986608356,539.218787947521,"Central Interior and Appalachian Floodplain Systems-Large Floodplains","Riparian",142,-9999,100,59,41,-9999,59,"III-A",48,237,56,0.188235,0.929412,0.219608
"111101050104",2158,0.999999977648258,0.0899999979883432,"Central Interior and Appalachian Shrub-Herbaceous Wetland Systems","Riparian",17,-9999,-9999,17,100,-9999,-9999,"II-C",240,150,20,0.941176,0.588235,0.078431
"111101050104",2160,19897.6795552522,1790.7911599727,"Ozark-Ouachita Shortleaf Pine-Bluestem Woodland","Hardwood-Conifer",100,1223,2,2,2,1,97,"I-A",68,137,112,0.266667,0.537255,0.439216
"111101050105",11,207.999995350838,18.7199995815754,"Open Water","Open Water",-9999,-9999,-9999,-9999,-9999,-9999,-9999,"-9999",0,0,255,0,0,1
"111101050105",2132,11854.5797350295,1066.91217615265,"Ozark-Ouachita Dry-Mesic Oak Forest","Hardwood",188,66,15,11,6,17,77,"I-B",115,115,0,0.45098,0.45098,0
"111101050105",2139,710.999984107912,63.989998569712,"Ozark-Ouachita Mesic Hardwood Forest","Hardwood",316,110,25,19,6,18,76,"I-C",0,135,74,0,0.529412,0.290196
"111101050105",2140,4835.96989190765,435.237290271688,"Ozark-Ouachita Dry Oak Woodland","Hardwood",38,89,6,5,13,5,82,"I-A",97,69,0,0.380392,0.270588,0
"111101050105",2141,6887.73984604701,619.896586144231,"Ozark-Ouachita Shortleaf Pine-Oak Forest and Woodland","Conifer",347,92,5,5,1,5,94,"I-A",196,164,100,0.768627,0.643137,0.392157
"111101050105",2153,16894.389622381,1520.49506601429,"Central Interior and Appalachian Floodplain Systems-Large Floodplains","Riparian",142,-9999,100,59,41,-9999,59,"III-A",48,237,56,0.188235,0.929412,0.219608
"111101050105",2158,42.3699990529567,3.8132999147661,"Central Interior and Appalachian Shrub-Herbaceous Wetland Systems","Riparian",17,-9999,-9999,17,100,-9999,-9999,"II-C",240,150,20,0.941176,0.588235,0.078431
"111101050105",2160,20729.5795366578,1865.6621582992,"Ozark-Ouachita Shortleaf Pine-Bluestem Woodland","Hardwood-Conifer",100,1223,2,2,2,1,97,"I-A",68,137,112,0.266667,0.537255,0.439216
"111101050106",11,275.999993830919,24.8399994447827,"Open Water","Open Water",-9999,-9999,-9999,-9999,-9999,-9999,-9999,"-9999",0,0,255,0,0,1
"111101050106",2132,8302.65981442109,747.239383297898,"Ozark-Ouachita Dry-Mesic Oak Forest","Hardwood",188,66,15,11,6,17,77,"I-B",115,115,0,0.45098,0.45098,0
"111101050106",2139,1250.99997203797,112.589997483417,"Ozark-Ouachita Mesic Hardwood Forest","Hardwood",316,110,25,19,6,18,76,"I-C",0,135,74,0,0.529412,0.290196
"111101050106",2140,3969.83991126716,357.285592014045,"Ozark-Ouachita Dry Oak Woodland","Hardwood",38,89,6,5,13,5,82,"I-A",97,69,0,0.380392,0.270588,0
"111101050106",2141,10340.7197688669,930.664779198021,"Ozark-Ouachita Shortleaf Pine-Oak Forest and Woodland","Conifer",347,92,5,5,1,5,94,"I-A",196,164,100,0.768627,0.643137,0.392157
"111101050106",2153,2712.06993938051,244.086294544246,"Central Interior and Appalachian Floodplain Systems-Large Floodplains","Riparian",142,-9999,100,59,41,-9999,59,"III-A",48,237,56,0.188235,0.929412,0.219608
"111101050106",2160,21565.5695179719,1940.90125661748,"Ozark-Ouachita Shortleaf Pine-Bluestem Woodland","Hardwood-Conifer",100,1223,2,2,2,1,97,"I-A",68,137,112,0.266667,0.537255,0.439216
"111101050107",11,226.999994926155,20.4299995433539,"Open Water","Open Water",-9999,-9999,-9999,-9999,-9999,-9999,-9999,"-9999",0,0,255,0,0,1
"111101050107",2132,6283.87985954434,565.54918735899,"Ozark-Ouachita Dry-Mesic Oak Forest","Hardwood",188,66,15,11,6,17,77,"I-B",115,115,0,0.45098,0.45098,0
"111101050107",2139,377.569991560653,33.9812992404588,"Ozark-Ouachita Mesic Hardwood Forest","Hardwood",316,110,25,19,6,18,76,"I-C",0,135,74,0,0.529412,0.290196
"111101050107",2140,3252.20992730744,292.69889345767,"Ozark-Ouachita Dry Oak Woodland","Hardwood",38,89,6,5,13,5,82,"I-A",97,69,0,0.380392,0.270588,0
"111101050107",2141,5379.30987976305,484.137889178675,"Ozark-Ouachita Shortleaf Pine-Oak Forest and Woodland","Conifer",347,92,5,5,1,5,94,"I-A",196,164,100,0.768627,0.643137,0.392157
"111101050107",2146,921.419979404658,82.9277981464192,"Arkansas Valley Prairie and Woodland-Prairie","Grassland",2,344,12,2,82,1,17,"II-A",255,120,187,1,0.470588,0.733333
"111101050107",2147,1406.45996856317,126.581397170685,"Arkansas Valley Prairie and Woodland-Woodland","Grassland",96,14,2,2,3,14,83,"I-A",204,138,179,0.8,0.541176,0.701961
"111101050107",2153,14722.029670937,1324.98267038433,"Central Interior and Appalachian Floodplain Systems-Large Floodplains","Riparian",142,-9999,100,59,41,-9999,59,"III-A",48,237,56,0.188235,0.929412,0.219608
"111101050107",2158,77.6299982648343,6.98669984383509,"Central Interior and Appalachian Shrub-Herbaceous Wetland Systems","Riparian",17,-9999,-9999,17,100,-9999,-9999,"II-C",240,150,20,0.941176,0.588235,0.078431
"111101050107",2160,22795.2494904865,2051.57245414378,"Ozark-Ouachita Shortleaf Pine-Bluestem Woodland","Hardwood-Conifer",100,1223,2,2,2,1,97,"I-A",68,137,112,0.266667,0.537255,0.439216
"111101050201",11,459.999989718199,41.3999990746379,"Open Water","Open Water",-9999,-9999,-9999,-9999,-9999,-9999,-9999,"-9999",0,0,255,0,0,1
"111101050201",2132,29317.7293446977,2638.59564102279,"Ozark-Ouachita Dry-Mesic Oak Forest","Hardwood",188,66,15,11,6,17,77,"I-B",115,115,0,0.45098,0.45098,0
"111101050201",2136,7650.33982900158,688.530584610142,"Ouachita Montane Oak Forest","Hardwood",38,89,6,5,13,6,81,"I-A",0,38,115,0,0.14902,0.45098
"111101050201",2139,8701.25980551168,783.113382496051,"Ozark-Ouachita Mesic Hardwood Forest","Hardwood",316,110,25,19,6,18,76,"I-C",0,135,74,0,0.529412,0.290196
"111101050201",2140,18031.8495969567,1622.86646372611,"Ozark-Ouachita Dry Oak Woodland","Hardwood",38,89,6,5,13,5,82,"I-A",97,69,0,0.380392,0.270588,0
"111101050201",2141,19192.1795710213,1727.29616139192,"Ozark-Ouachita Shortleaf Pine-Oak Forest and Woodland","Conifer",347,92,5,5,1,5,94,"I-A",196,164,100,0.768627,0.643137,0.392157
"111101050201",2153,2189.40995106287,197.046895595659,"Central Interior and Appalachian Floodplain Systems-Large Floodplains","Riparian",142,-9999,100,59,41,-9999,59,"III-A",48,237,56,0.188235,0.929412,0.219608
"111101050201",2158,24.9999994412065,2.24999994970858,"Central Interior and Appalachian Shrub-Herbaceous Wetland Systems","Riparian",17,-9999,-9999,17,100,-9999,-9999,"II-C",240,150,20,0.941176,0.588235,0.078431
"111101050201",2160,38536.9791386314,3468.32812247682,"Ozark-Ouachita Shortleaf Pine-Bluestem Woodland","Hardwood-Conifer",100,1223,2,2,2,1,97,"I-A",68,137,112,0.266667,0.537255,0.439216
"111101050202",11,46.9999989494681,4.22999990545213,"Open Water","Open Water",-9999,-9999,-9999,-9999,-9999,-9999,-9999,"-9999",0,0,255,0,0,1
"111101050202",2132,30862.9093101602,2777.66183791442,"Ozark-Ouachita Dry-Mesic Oak Forest","Hardwood",188,66,15,11,6,17,77,"I-B",115,115,0,0.45098,0.45098,0
"111101050202",2136,1963.11995612085,176.680796050876,"Ouachita Montane Oak Forest","Hardwood",38,89,6,5,13,6,81,"I-A",0,38,115,0,0.14902,0.45098
"111101050202",2139,4036.21990978345,363.259791880511,"Ozark-Ouachita Mesic Hardwood Forest","Hardwood",316,110,25,19,6,18,76,"I-C",0,135,74,0,0.529412,0.290196
"111101050202",2140,16928.2596216239,1523.54336594615,"Ozark-Ouachita Dry Oak Woodland","Hardwood",38,89,6,5,13,5,82,"I-A",97,69,0,0.380392,0.270588,0
"111101050202",2141,37364.8991648294,3362.84092483465,"Ozark-Ouachita Shortleaf Pine-Oak Forest and Woodland","Conifer",347,92,5,5,1,5,94,"I-A",196,164,100,0.768627,0.643137,0.392157
"111101050202",2153,7883.05982379988,709.475384141989,"Central Interior and Appalachian Floodplain Systems-Large Floodplains","Riparian",142,-9999,100,59,41,-9999,59,"III-A",48,237,56,0.188235,0.929412,0.219608
"111101050202",2158,71.9999983906746,6.47999985516071,"Central Interior and Appalachian Shrub-Herbaceous Wetland Systems","Riparian",17,-9999,-9999,17,100,-9999,-9999,"II-C",240,150,20,0.941176,0.588235,0.078431
"111101050202",2160,39172.4891244266,3525.5240211984,"Ozark-Ouachita Shortleaf Pine-Bluestem Woodland","Hardwood-Conifer",100,1223,2,2,2,1,97,"I-A",68,137,112,0.266667,0.537255,0.439216
"111101050203",11,8.05999981984496,0.725399983786047,"Open Water","Open Water",-9999,-9999,-9999,-9999,-9999,-9999,-9999,"-9999",0,0,255,0,0,1
"111101050203",2132,19972.0595535897,1797.48535982307,"Ozark-Ouachita Dry-Mesic Oak Forest","Hardwood",188,66,15,11,6,17,77,"I-B",115,115,0,0.45098,0.45098,0
"111101050203",2139,3392.09992418066,305.288993176259,"Ozark-Ouachita Mesic Hardwood Forest","Hardwood",316,110,25,19,6,18,76,"I-C",0,135,74,0,0.529412,0.290196
"111101050203",2140,12020.6597313173,1081.85937581856,"Ozark-Ouachita Dry Oak Woodland","Hardwood",38,89,6,5,13,5,82,"I-A",97,69,0,0.380392,0.270588,0
"111101050203",2141,31614.849293353,2845.33643640177,"Ozark-Ouachita Shortleaf Pine-Oak Forest and Woodland","Conifer",347,92,5,5,1,5,94,"I-A",196,164,100,0.768627,0.643137,0.392157
"111101050203",2153,1516.19996611029,136.457996949926,"Central Interior and Appalachian Floodplain Systems-Large Floodplains","Riparian",142,-9999,100,59,41,-9999,59,"III-A",48,237,56,0.188235,0.929412,0.219608
"111101050203",2158,15.9999996423721,1.43999996781349,"Central Interior and Appalachian Shrub-Herbaceous Wetland Systems","Riparian",17,-9999,-9999,17,100,-9999,-9999,"II-C",240,150,20,0.941176,0.588235,0.078431
"111101050203",2160,13162.5797057934,1184.63217352141,"Ozark-Ouachita Shortleaf Pine-Bluestem Woodland","Hardwood-Conifer",100,1223,2,2,2,1,97,"I-A",68,137,112,0.266667,0.537255,0.439216
"111101050204",11,13.0299997087568,1.17269997378811,"Open Water","Open Water",-9999,-9999,-9999,-9999,-9999,-9999,-9999,"-9999",0,0,255,0,0,1
"111101050204",2132,17751.2196032293,1597.60976429064,"Ozark-Ouachita Dry-Mesic Oak Forest","Hardwood",188,66,15,11,6,17,77,"I-B",115,115,0,0.45098,0.45098,0
"111101050204",2136,26.2299994137138,2.36069994723424,"Ouachita Montane Oak Forest","Hardwood",38,89,6,5,13,6,81,"I-A",0,38,115,0,0.14902,0.45098
"111101050204",2139,4485.20989974774,403.668890977297,"Ozark-Ouachita Mesic Hardwood Forest","Hardwood",316,110,25,19,6,18,76,"I-C",0,135,74,0,0.529412,0.290196
"111101050204",2140,7779.25982611999,700.133384350799,"Ozark-Ouachita Dry Oak Woodland","Hardwood",38,89,6,5,13,5,82,"I-A",97,69,0,0.380392,0.270588,0
"111101050204",2141,8812.36980302818,793.113282272536,"Ozark-Ouachita Shortleaf Pine-Oak Forest and Woodland","Conifer",347,92,5,5,1,5,94,"I-A",196,164,100,0.768627,0.643137,0.392157
"111101050204",2153,1115.09997507557,100.358997756802,"Central Interior and Appalachian Floodplain Systems-Large Floodplains","Riparian",142,-9999,100,59,41,-9999,59,"III-A",48,237,56,0.188235,0.929412,0.219608
"111101050204",2158,14.9999996647239,1.34999996982515,"Central Interior and Appalachian Shrub-Herbaceous Wetland Systems","Riparian",17,-9999,-9999,17,100,-9999,-9999,"II-C",240,150,20,0.941176,0.588235,0.078431
"111101050204",2160,15769.3096475285,1419.23786827756,"Ozark-Ouachita Shortleaf Pine-Bluestem Woodland","Hardwood-Conifer",100,1223,2,2,2,1,97,"I-A",68,137,112,0.266667,0.537255,0.439216
"111101050205",11,306.509993148968,27.5858993834071,"Open Water","Open Water",-9999,-9999,-9999,-9999,-9999,-9999,-9999,"-9999",0,0,255,0,0,1
"111101050205",2132,16943.2696212884,1524.89426591596,"Ozark-Ouachita Dry-Mesic Oak Forest","Hardwood",188,66,15,11,6,17,77,"I-B",115,115,0,0.45098,0.45098,0
"111101050205",2139,4085.54990868084,367.699491781276,"Ozark-Ouachita Mesic Hardwood Forest","Hardwood",316,110,25,19,6,18,76,"I-C",0,135,74,0,0.529412,0.290196
"111101050205",2140,6454.76985572465,580.929287015218,"Ozark-Ouachita Dry Oak Woodland","Hardwood",38,89,6,5,13,5,82,"I-A",97,69,0,0.380392,0.270588,0
"111101050205",2141,13244.5297039617,1192.00767335655,"Ozark-Ouachita Shortleaf Pine-Oak Forest and Woodland","Conifer",347,92,5,5,1,5,94,"I-A",196,164,100,0.768627,0.643137,0.392157
"111101050205",2153,355.789992047474,32.0210992842726,"Central Interior and Appalachian Floodplain Systems-Large Floodplains","Riparian",142,-9999,100,59,41,-9999,59,"III-A",48,237,56,0.188235,0.929412,0.219608
"111101050205",2158,8.99999979883432,0.809999981895089,"Central Interior and Appalachian Shrub-Herbaceous Wetland Systems","Riparian",17,-9999,-9999,17,100,-9999,-9999,"II-C",240,150,20,0.941176,0.588235,0.078431
"111101050205",2160,13876.369689839,1248.87327208551,"Ozark-Ouachita Shortleaf Pine-Bluestem Woodland","Hardwood-Conifer",100,1223,2,2,2,1,97,"I-A",68,137,112,0.266667,0.537255,0.439216
"111101050206",11,2002.95995523036,180.266395970732,"Open Water","Open Water",-9999,-9999,-9999,-9999,-9999,-9999,-9999,"-9999",0,0,255,0,0,1
"111101050206",2132,26687.1694034953,2401.84524631457,"Ozark-Ouachita Dry-Mesic Oak Forest","Hardwood",188,66,15,11,6,17,77,"I-B",115,115,0,0.45098,0.45098,0
"111101050206",2139,3502.45992171392,315.221392954253,"Ozark-Ouachita Mesic Hardwood Forest","Hardwood",316,110,25,19,6,18,76,"I-C",0,135,74,0,0.529412,0.290196
"111101050206",2140,24027.4994629435,2162.47495166492,"Ozark-Ouachita Dry Oak Woodland","Hardwood",38,89,6,5,13,5,82,"I-A",97,69,0,0.380392,0.270588,0
"111101050206",2141,26730.7694025207,2405.76924622687,"Ozark-Ouachita Shortleaf Pine-Oak Forest and Woodland","Conifer",347,92,5,5,1,5,94,"I-A",196,164,100,0.768627,0.643137,0.392157
"111101050206",2146,16.9999996200204,1.52999996580184,"Arkansas Valley Prairie and Woodland-Prairie","Grassland",2,344,12,2,82,1,17,"II-A",255,120,187,1,0.470588,0.733333
"111101050206",2147,39.7299991119653,3.57569992007688,"Arkansas Valley Prairie and Woodland-Woodland","Grassland",96,14,2,2,3,14,83,"I-A",204,138,179,0.8,0.541176,0.701961
"111101050206",2153,11529.6797422916,1037.67117680624,"Central Interior and Appalachian Floodplain Systems-Large Floodplains","Riparian",142,-9999,100,59,41,-9999,59,"III-A",48,237,56,0.188235,0.929412,0.219608
"111101050206",2158,72.9999983683228,6.56999985314906,"Central Interior and Appalachian Shrub-Herbaceous Wetland Systems","Riparian",17,-9999,-9999,17,100,-9999,-9999,"II-C",240,150,20,0.941176,0.588235,0.078431
"111101050206",2160,16941.1096213367,1524.6998659203,"Ozark-Ouachita Shortleaf Pine-Bluestem Woodland","Hardwood-Conifer",100,1223,2,2,2,1,97,"I-A",68,137,112,0.266667,0.537255,0.439216
"111101050301",11,566.999987326562,51.0299988593906,"Open Water","Open Water",-9999,-9999,-9999,-9999,-9999,-9999,-9999,"-9999",0,0,255,0,0,1
"111101050301",2132,15550.8896524105,1399.58006871695,"Ozark-Ouachita Dry-Mesic Oak Forest","Hardwood",188,66,15,11,6,17,77,"I-B",115,115,0,0.45098,0.45098,0
"111101050301",2139,1785.42996009253,160.688696408328,"Ozark-Ouachita Mesic Hardwood Forest","Hardwood",316,110,25,19,6,18,76,"I-C",0,135,74,0,0.529412,0.290196
"111101050301",2140,7429.5998339355,668.663985054195,"Ozark-Ouachita Dry Oak Woodland","Hardwood",38,89,6,5,13,5,82,"I-A",97,69,0,0.380392,0.270588,0
"111101050301",2141,15011.6496644635,1351.04846980171,"Ozark-Ouachita Shortleaf Pine-Oak Forest and Woodland","Conifer",347,92,5,5,1,5,94,"I-A",196,164,100,0.768627,0.643137,0.392157
"111101050301",2146,5782.09987075999,520.388988368399,"Arkansas Valley Prairie and Woodland-Prairie","Grassland",2,344,12,2,82,1,17,"II-A",255,120,187,1,0.470588,0.733333
"111101050301",2147,7442.0998336561,669.788985029049,"Arkansas Valley Prairie and Woodland-Woodland","Grassland",96,14,2,2,3,14,83,"I-A",204,138,179,0.8,0.541176,0.701961
"111101050301",2153,10456.6197662763,941.09577896487,"Central Interior and Appalachian Floodplain Systems-Large Floodplains","Riparian",142,-9999,100,59,41,-9999,59,"III-A",48,237,56,0.188235,0.929412,0.219608
"111101050301",2158,14.9999996647239,1.34999996982515,"Central Interior and Appalachian Shrub-Herbaceous Wetland Systems","Riparian",17,-9999,-9999,17,100,-9999,-9999,"II-C",240,150,20,0.941176,0.588235,0.078431
"111101050301",2160,26018.6094184387,2341.67484765949,"Ozark-Ouachita Shortleaf Pine-Bluestem Woodland","Hardwood-Conifer",100,1223,2,2,2,1,97,"I-A",68,137,112,0.266667,0.537255,0.439216
"111101050302",11,582.599986977875,52.4339988280088,"Open Water","Open Water",-9999,-9999,-9999,-9999,-9999,-9999,-9999,"-9999",0,0,255,0,0,1
"111101050302",2132,18856.6995785199,1697.10296206679,"Ozark-Ouachita Dry-Mesic Oak Forest","Hardwood",188,66,15,11,6,17,77,"I-B",115,115,0,0.45098,0.45098,0
"111101050302",2136,286.379993598908,25.7741994239017,"Ouachita Montane Oak Forest","Hardwood",38,89,6,5,13,6,81,"I-A",0,38,115,0,0.14902,0.45098
"111101050302",2139,2178.52995130606,196.067695617545,"Ozark-Ouachita Mesic Hardwood Forest","Hardwood",316,110,25,19,6,18,76,"I-C",0,135,74,0,0.529412,0.290196
"111101050302",2140,10701.1997608095,963.107978472859,"Ozark-Ouachita Dry Oak Woodland","Hardwood",38,89,6,5,13,5,82,"I-A",97,69,0,0.380392,0.270588,0
"111101050302",2141,11974.6497323457,1077.71847591111,"Ozark-Ouachita Shortleaf Pine-Oak Forest and Woodland","Conifer",347,92,5,5,1,5,94,"I-A",196,164,100,0.768627,0.643137,0.392157
"111101050302",2146,12068.0497302581,1086.12447572323,"Arkansas Valley Prairie and Woodland-Prairie","Grassland",2,344,12,2,82,1,17,"II-A",255,120,187,1,0.470588,0.733333
"111101050302",2147,19290.8495688159,1736.17646119343,"Arkansas Valley Prairie and Woodland-Woodland","Grassland",96,14,2,2,3,14,83,"I-A",204,138,179,0.8,0.541176,0.701961
"111101050302",2153,12445.3297218252,1120.07967496427,"Central Interior and Appalachian Floodplain Systems-Large Floodplains","Riparian",142,-9999,100,59,41,-9999,59,"III-A",48,237,56,0.188235,0.929412,0.219608
"111101050302",2158,38.9999991282821,3.50999992154539,"Central Interior and Appalachian Shrub-Herbaceous Wetland Systems","Riparian",17,-9999,-9999,17,100,-9999,-9999,"II-C",240,150,20,0.941176,0.588235,0.078431
"111101050302",2160,21895.0095106084,1970.55085595476,"Ozark-Ouachita Shortleaf Pine-Bluestem Woodland","Hardwood-Conifer",100,1223,2,2,2,1,97,"I-A",68,137,112,0.266667,0.537255,0.439216
"111101050303",11,366.65999180451,32.9993992624059,"Open Water","Open Water",-9999,-9999,-9999,-9999,-9999,-9999,-9999,"-9999",0,0,255,0,0,1
"111101050303",2132,16181.8096383084,1456.36286744775,"Ozark-Ouachita Dry-Mesic Oak Forest","Hardwood",188,66,15,11,6,17,77,"I-B",115,115,0,0.45098,0.45098,0
"111101050303",2139,2697.24993971176,242.752494574059,"Ozark-Ouachita Mesic Hardwood Forest","Hardwood",316,110,25,19,6,18,76,"I-C",0,135,74,0,0.529412,0.290196
"111101050303",2140,6560.3298533652,590.429686802868,"Ozark-Ouachita Dry Oak Woodland","Hardwood",38,89,6,5,13,5,82,"I-A",97,69,0,0.380392,0.270588,0
"111101050303",2141,9314.68979180045,838.322081262041,"Ozark-Ouachita Shortleaf Pine-Oak Forest and Woodland","Conifer",347,92,5,5,1,5,94,"I-A",196,164,100,0.768627,0.643137,0.392157
"111101050303",2146,8060.16981984116,725.415283785705,"Arkansas Valley Prairie and Woodland-Prairie","Grassland",2,344,12,2,82,1,17,"II-A",255,120,187,1,0.470588,0.733333
"111101050303",2147,9970.32977714576,897.329679943118,"Arkansas Valley Prairie and Woodland-Woodland","Grassland",96,14,2,2,3,14,83,"I-A",204,138,179,0.8,0.541176,0.701961
"111101050303",2153,10128.5697736088,911.571279624794,"Central Interior and Appalachian Floodplain Systems-Large Floodplains","Riparian",142,-9999,100,59,41,-9999,59,"III-A",48,237,56,0.188235,0.929412,0.219608
"111101050303",2158,182.979995910078,16.468199631907,"Central Interior and Appalachian Shrub-Herbaceous Wetland Systems","Riparian",17,-9999,-9999,17,100,-9999,-9999,"II-C",240,150,20,0.941176,0.588235,0.078431
"111101050303",2160,14761.759670049,1328.55837030441,"Ozark-Ouachita Shortleaf Pine-Bluestem Woodland","Hardwood-Conifer",100,1223,2,2,2,1,97,"I-A",68,137,112,0.266667,0.537255,0.439216
"111101050304",11,575.389987139031,51.7850988425128,"Open Water","Open Water",-9999,-9999,-9999,-9999,-9999,-9999,-9999,"-9999",0,0,255,0,0,1
"111101050304",2132,16473.9896317776,1482.65906685999,"Ozark-Ouachita Dry-Mesic Oak Forest","Hardwood",188,66,15,11,6,17,77,"I-B",115,115,0,0.45098,0.45098,0
"111101050304",2139,2138.74995219521,192.487495697569,"Ozark-Ouachita Mesic Hardwood Forest","Hardwood",316,110,25,19,6,18,76,"I-C",0,135,74,0,0.529412,0.290196
"111101050304",2140,6306.03985904902,567.543587314412,"Ozark-Ouachita Dry Oak Woodland","Hardwood",38,89,6,5,13,5,82,"I-A",97,69,0,0.380392,0.270588,0
"111101050304",2141,10729.0597601868,965.615378416814,"Ozark-Ouachita Shortleaf Pine-Oak Forest and Woodland","Conifer",347,92,5,5,1,5,94,"I-A",196,164,100,0.768627,0.643137,0.392157
"111101050304",2146,6600.36985247023,594.033286722321,"Arkansas Valley Prairie and Woodland-Prairie","Grassland",2,344,12,2,82,1,17,"II-A",255,120,187,1,0.470588,0.733333
"111101050304",2147,8058.01981988922,725.22178379003,"Arkansas Valley Prairie and Woodland-Woodland","Grassland",96,14,2,2,3,14,83,"I-A",204,138,179,0.8,0.541176,0.701961
"111101050304",2153,8890.36980128475,800.133282115627,"Central Interior and Appalachian Floodplain Systems-Large Floodplains","Riparian",142,-9999,100,59,41,-9999,59,"III-A",48,237,56,0.188235,0.929412,0.219608
"111101050304",2158,160.019996423274,14.4017996780947,"Central Interior and Appalachian Shrub-Herbaceous Wetland Systems","Riparian",17,-9999,-9999,17,100,-9999,-9999,"II-C",240,150,20,0.941176,0.588235,0.078431
"111101050304",2160,19336.0795678049,1740.24716110244,"Ozark-Ouachita Shortleaf Pine-Bluestem Woodland","Hardwood-Conifer",100,1223,2,2,2,1,97,"I-A",68,137,112,0.266667,0.537255,0.439216
"111101050305",11,640.549985682592,57.6494987114333,"Open Water","Open Water",-9999,-9999,-9999,-9999,-9999,-9999,-9999,"-9999",0,0,255,0,0,1
"111101050305",2132,9970.29977714643,897.326979943179,"Ozark-Ouachita Dry-Mesic Oak Forest","Hardwood",188,66,15,11,6,17,77,"I-B",115,115,0,0.45098,0.45098,0
"111101050305",2139,1076.77997593209,96.9101978338882,"Ozark-Ouachita Mesic Hardwood Forest","Hardwood",316,110,25,19,6,18,76,"I-C",0,135,74,0,0.529412,0.290196
"111101050305",2140,7056.44984227605,635.080485804845,"Ozark-Ouachita Dry Oak Woodland","Hardwood",38,89,6,5,13,5,82,"I-A",97,69,0,0.380392,0.270588,0
"111101050305",2141,6565.78985324316,590.921086791884,"Ozark-Ouachita Shortleaf Pine-Oak Forest and Woodland","Conifer",347,92,5,5,1,5,94,"I-A",196,164,100,0.768627,0.643137,0.392157
"111101050305",2146,7185.45983939245,646.691385545321,"Arkansas Valley Prairie and Woodland-Prairie","Grassland",2,344,12,2,82,1,17,"II-A",255,120,187,1,0.470588,0.733333
"111101050305",2147,8517.62980961613,766.586682865452,"Arkansas Valley Prairie and Woodland-Woodland","Grassland",96,14,2,2,3,14,83,"I-A",204,138,179,0.8,0.541176,0.701961
"111101050305",2153,12902.9997115955,1161.26997404359,"Central Interior and Appalachian Floodplain Systems-Large Floodplains","Riparian",142,-9999,100,59,41,-9999,59,"III-A",48,237,56,0.188235,0.929412,0.219608
"111101050305",2158,131.99999704957,11.8799997344613,"Central Interior and Appalachian Shrub-Herbaceous Wetland Systems","Riparian",17,-9999,-9999,17,100,-9999,-9999,"II-C",240,150,20,0.941176,0.588235,0.078431
"111101050305",2160,7653.60982892849,688.824884603564,"Ozark-Ouachita Shortleaf Pine-Bluestem Woodland","Hardwood-Conifer",100,1223,2,2,2,1,97,"I-A",68,137,112,0.266667,0.537255,0.439216
"111101050408",11,438.35999020189,39.4523991181701,"Open Water","Open Water",-9999,-9999,-9999,-9999,-9999,-9999,-9999,"-9999",0,0,255,0,0,1
"111101050408",2132,24633.4394493997,2217.00955044597,"Ozark-Ouachita Dry-Mesic Oak Forest","Hardwood",188,66,15,11,6,17,77,"I-B",115,115,0,0.45098,0.45098,0
"111101050408",2139,2443.97994537279,219.958195083551,"Ozark-Ouachita Mesic Hardwood Forest","Hardwood",316,110,25,19,6,18,76,"I-C",0,135,74,0,0.529412,0.290196
"111101050408",2140,14066.999685578,1266.02997170202,"Ozark-Ouachita Dry Oak Woodland","Hardwood",38,89,6,5,13,5,82,"I-A",97,69,0,0.380392,0.270588,0
"111101050408",2141,19780.469557872,1780.24226020848,"Ozark-Ouachita Shortleaf Pine-Oak Forest and Woodland","Conifer",347,92,5,5,1,5,94,"I-A",196,164,100,0.768627,0.643137,0.392157
"111101050408",2146,90.2399979829788,8.12159981846809,"Arkansas Valley Prairie and Woodland-Prairie","Grassland",2,344,12,2,82,1,17,"II-A",255,120,187,1,0.470588,0.733333
"111101050408",2147,96.9499978329986,8.72549980496988,"Arkansas Valley Prairie and Woodland-Woodland","Grassland",96,14,2,2,3,14,83,"I-A",204,138,179,0.8,0.541176,0.701961
"111101050408",2151,6.99999984353781,0.629999985918403,"West Gulf Coastal Plain Pine-Hardwood Flatwoods","Hardwood-Conifer",179,104,5,5,3,4,93,"I-A",99,235,97,0.388235,0.921569,0.380392
"111101050408",2153,8493.16981016286,764.385282914657,"Central Interior and Appalachian Floodplain Systems-Large Floodplains","Riparian",142,-9999,100,59,41,-9999,59,"III-A",48,237,56,0.188235,0.929412,0.219608
"111101050408",2158,74.9899983238429,6.74909984914586,"Central Interior and Appalachian Shrub-Herbaceous Wetland Systems","Riparian",17,-9999,-9999,17,100,-9999,-9999,"II-C",240,150,20,0.941176,0.588235,0.078431
"111101050408",2159,50.5599988698959,4.55039989829063,"West Gulf Coastal Plain Nonriverine Wet Hardwood Flatwoods","Hardwood",308,130,38,27,9,21,70,"I-C",38,115,0,0.14902,0.45098,0
"111101050408",2160,16749.5696256179,1507.46126630561,"Ozark-Ouachita Shortleaf Pine-Bluestem Woodland","Hardwood-Conifer",100,1223,2,2,2,1,97,"I-A",68,137,112,0.266667,0.537255,0.439216
"111101050501",11,930.039979211986,83.7035981290787,"Open Water","Open Water",-9999,-9999,-9999,-9999,-9999,-9999,-9999,"-9999",0,0,255,0,0,1
"111101050501",2132,20500.8495417703,1845.07645875933,"Ozark-Ouachita Dry-Mesic Oak Forest","Hardwood",188,66,15,11,6,17,77,"I-B",115,115,0,0.45098,0.45098,0
"111101050501",2139,2664.70994043909,239.823894639518,"Ozark-Ouachita Mesic Hardwood Forest","Hardwood",316,110,25,19,6,18,76,"I-C",0,135,74,0,0.529412,0.290196
"111101050501",2140,14279.1196808368,1285.12077127531,"Ozark-Ouachita Dry Oak Woodland","Hardwood",38,89,6,5,13,5,82,"I-A",97,69,0,0.380392,0.270588,0
"111101050501",2141,13854.1496903356,1246.87347213021,"Ozark-Ouachita Shortleaf Pine-Oak Forest and Woodland","Conifer",347,92,5,5,1,5,94,"I-A",196,164,100,0.768627,0.643137,0.392157
"111101050501",2146,664.459985148162,59.8013986633345,"Arkansas Valley Prairie and Woodland-Prairie","Grassland",2,344,12,2,82,1,17,"II-A",255,120,187,1,0.470588,0.733333
"111101050501",2147,2142.51995211095,192.826795689985,"Arkansas Valley Prairie and Woodland-Woodland","Grassland",96,14,2,2,3,14,83,"I-A",204,138,179,0.8,0.541176,0.701961
"111101050501",2153,18304.9495908525,1647.44546317672,"Central Interior and Appalachian Floodplain Systems-Large Floodplains","Riparian",142,-9999,100,59,41,-9999,59,"III-A",48,237,56,0.188235,0.929412,0.219608
"111101050501",2158,71.9999983906746,6.47999985516071,"Central Interior and Appalachian Shrub-Herbaceous Wetland Systems","Riparian",17,-9999,-9999,17,100,-9999,-9999,"II-C",240,150,20,0.941176,0.588235,0.078431
"111101050501",2160,18797.8895798344,1691.8100621851,"Ozark-Ouachita Shortleaf Pine-Bluestem Woodland","Hardwood-Conifer",100,1223,2,2,2,1,97,"I-A",68,137,112,0.266667,0.537255,0.439216
"111101050502",11,4186.34990642779,376.771491578501,"Open Water","Open Water",-9999,-9999,-9999,-9999,-9999,-9999,-9999,"-9999",0,0,255,0,0,1
"111101050502",2132,15161.4096611161,1364.52686950045,"Ozark-Ouachita Dry-Mesic Oak Forest","Hardwood",188,66,15,11,6,17,77,"I-B",115,115,0,0.45098,0.45098,0
"111101050502",2139,485.999989137053,43.7399990223348,"Ozark-Ouachita Mesic Hardwood Forest","Hardwood",316,110,25,19,6,18,76,"I-C",0,135,74,0,0.529412,0.290196
"111101050502",2140,9883.81977907941,889.543780117147,"Ozark-Ouachita Dry Oak Woodland","Hardwood",38,89,6,5,13,5,82,"I-A",97,69,0,0.380392,0.270588,0
"111101050502",2141,7178.57983954623,646.072185559161,"Ozark-Ouachita Shortleaf Pine-Oak Forest and Woodland","Conifer",347,92,5,5,1,5,94,"I-A",196,164,100,0.768627,0.643137,0.392157
"111101050502",2146,1881.37995794788,169.324196215309,"Arkansas Valley Prairie and Woodland-Prairie","Grassland",2,344,12,2,82,1,17,"II-A",255,120,187,1,0.470588,0.733333
"111101050502",2147,3462.7099226024,311.643893034216,"Arkansas Valley Prairie and Woodland-Woodland","Grassland",96,14,2,2,3,14,83,"I-A",204,138,179,0.8,0.541176,0.701961
"111101050502",2153,19646.5695608649,1768.19126047784,"Central Interior and Appalachian Floodplain Systems-Large Floodplains","Riparian",142,-9999,100,59,41,-9999,59,"III-A",48,237,56,0.188235,0.929412,0.219608
"111101050502",2158,70.9599984139204,6.38639985725284,"Central Interior and Appalachian Shrub-Herbaceous Wetland Systems","Riparian",17,-9999,-9999,17,100,-9999,-9999,"II-C",240,150,20,0.941176,0.588235,0.078431
"111101050502",2160,24362.9894554447,2192.66905099003,"Ozark-Ouachita Shortleaf Pine-Bluestem Woodland","Hardwood-Conifer",100,1223,2,2,2,1,97,"I-A",68,137,112,0.266667,0.537255,0.439216
"111101050504",2132,22379.3394997828,2014.14055498045,"Ozark-Ouachita Dry-Mesic Oak Forest","Hardwood",188,66,15,11,6,17,77,"I-B",115,115,0,0.45098,0.45098,0
"111101050504",2139,1920.39995707572,172.835996136814,"Ozark-Ouachita Mesic Hardwood Forest","Hardwood",316,110,25,19,6,18,76,"I-C",0,135,74,0,0.529412,0.290196
"111101050504",2140,8117.80981855281,730.602883669753,"Ozark-Ouachita Dry Oak Woodland","Hardwood",38,89,6,5,13,5,82,"I-A",97,69,0,0.380392,0.270588,0
"111101050504",2141,23150.3694825489,2083.5332534294,"Ozark-Ouachita Shortleaf Pine-Oak Forest and Woodland","Conifer",347,92,5,5,1,5,94,"I-A",196,164,100,0.768627,0.643137,0.392157
"111101050504",2153,1081.79997581989,97.3619978237897,"Central Interior and Appalachian Floodplain Systems-Large Floodplains","Riparian",142,-9999,100,59,41,-9999,59,"III-A",48,237,56,0.188235,0.929412,0.219608
"111101050504",2158,18.9999995753169,1.70999996177852,"Central Interior and Appalachian Shrub-Herbaceous Wetland Systems","Riparian",17,-9999,-9999,17,100,-9999,-9999,"II-C",240,150,20,0.941176,0.588235,0.078431
"111101050504",2160,24441.1094536986,2199.69985083288,"Ozark-Ouachita Shortleaf Pine-Bluestem Woodland","Hardwood-Conifer",100,1223,2,2,2,1,97,"I-A",68,137,112,0.266667,0.537255,0.439216
"111101050505",11,8.99999979883432,0.809999981895089,"Open Water","Open Water",-9999,-9999,-9999,-9999,-9999,-9999,-9999,"-9999",0,0,255,0,0,1
"111101050505",2132,15442.4096548352,1389.81686893517,"Ozark-Ouachita Dry-Mesic Oak Forest","Hardwood",188,66,15,11,6,17,77,"I-B",115,115,0,0.45098,0.45098,0
"111101050505",2139,1795.62995986454,161.606696387809,"Ozark-Ouachita Mesic Hardwood Forest","Hardwood",316,110,25,19,6,18,76,"I-C",0,135,74,0,0.529412,0.290196
"111101050505",2140,7737.05982706323,696.335384435691,"Ozark-Ouachita Dry Oak Woodland","Hardwood",38,89,6,5,13,5,82,"I-A",97,69,0,0.380392,0.270588,0
"111101050505",2141,14575.1696742196,1311.76527067976,"Ozark-Ouachita Shortleaf Pine-Oak Forest and Woodland","Conifer",347,92,5,5,1,5,94,"I-A",196,164,100,0.768627,0.643137,0.392157
"111101050505",2153,3026.05993236229,272.345393912606,"Central Interior and Appalachian Floodplain Systems-Large Floodplains","Riparian",142,-9999,100,59,41,-9999,59,"III-A",48,237,56,0.188235,0.929412,0.219608
"111101050505",2158,59.9999986588955,5.39999987930059,"Central Interior and Appalachian Shrub-Herbaceous Wetland Systems","Riparian",17,-9999,-9999,17,100,-9999,-9999,"II-C",240,150,20,0.941176,0.588235,0.078431
"111101050505",2160,22972.1594865322,2067.4943537879,"Ozark-Ouachita Shortleaf Pine-Bluestem Woodland","Hardwood-Conifer",100,1223,2,2,2,1,97,"I-A",68,137,112,0.266667,0.537255,0.439216
"111101050506",11,209.899995308369,18.8909995777532,"Open Water","Open Water",-9999,-9999,-9999,-9999,-9999,-9999,-9999,"-9999",0,0,255,0,0,1
"111101050506",2132,17153.6096165869,1543.82486549282,"Ozark-Ouachita Dry-Mesic Oak Forest","Hardwood",188,66,15,11,6,17,77,"I-B",115,115,0,0.45098,0.45098,0
"111101050506",2139,2112.98995277099,190.169095749389,"Ozark-Ouachita Mesic Hardwood Forest","Hardwood",316,110,25,19,6,18,76,"I-C",0,135,74,0,0.529412,0.290196
"111101050506",2140,9847.11977989972,886.240780190974,"Ozark-Ouachita Dry Oak Woodland","Hardwood",38,89,6,5,13,5,82,"I-A",97,69,0,0.380392,0.270588,0
"111101050506",2141,14584.0596740209,1312.56537066188,"Ozark-Ouachita Shortleaf Pine-Oak Forest and Woodland","Conifer",347,92,5,5,1,5,94,"I-A",196,164,100,0.768627,0.643137,0.392157
"111101050506",2146,41.029999082908,3.69269991746172,"Arkansas Valley Prairie and Woodland-Prairie","Grassland",2,344,12,2,82,1,17,"II-A",255,120,187,1,0.470588,0.733333
"111101050506",2147,19.1399995721877,1.72259996149689,"Arkansas Valley Prairie and Woodland-Woodland","Grassland",96,14,2,2,3,14,83,"I-A",204,138,179,0.8,0.541176,0.701961
"111101050506",2153,8470.68981066532,762.362082959879,"Central Interior and Appalachian Floodplain Systems-Large Floodplains","Riparian",142,-9999,100,59,41,-9999,59,"III-A",48,237,56,0.188235,0.929412,0.219608
"111101050506",2158,103.479997687042,9.31319979183376,"Central Interior and Appalachian Shrub-Herbaceous Wetland Systems","Riparian",17,-9999,-9999,17,100,-9999,-9999,"II-C",240,150,20,0.941176,0.588235,0.078431
"111101050506",2160,13567.5396967418,1221.07857270677,"Ozark-Ouachita Shortleaf Pine-Bluestem Woodland","Hardwood-Conifer",100,1223,2,2,2,1,97,"I-A",68,137,112,0.266667,0.537255,0.439216
"111101050507",11,1003.34997757338,90.3014979816042,"Open Water","Open Water",-9999,-9999,-9999,-9999,-9999,-9999,-9999,"-9999",0,0,255,0,0,1
"111101050507",2132,19168.52957155,1725.1676614395,"Ozark-Ouachita Dry-Mesic Oak Forest","Hardwood",188,66,15,11,6,17,77,"I-B",115,115,0,0.45098,0.45098,0
"111101050507",2139,1738.029961152,156.42269650368,"Ozark-Ouachita Mesic Hardwood Forest","Hardwood",316,110,25,19,6,18,76,"I-C",0,135,74,0,0.529412,0.290196
"111101050507",2140,20187.0195487849,1816.83175939064,"Ozark-Ouachita Dry Oak Woodland","Hardwood",38,89,6,5,13,5,82,"I-A",97,69,0,0.380392,0.270588,0
"111101050507",2141,16959.0496209357,1526.31446588421,"Ozark-Ouachita Shortleaf Pine-Oak Forest and Woodland","Conifer",347,92,5,5,1,5,94,"I-A",196,164,100,0.768627,0.643137,0.392157
"111101050507",2146,576.419987116009,51.8777988404408,"Arkansas Valley Prairie and Woodland-Prairie","Grassland",2,344,12,2,82,1,17,"II-A",255,120,187,1,0.470588,0.733333
"111101050507",2147,394.709991177544,35.523899205979,"Arkansas Valley Prairie and Woodland-Woodland","Grassland",96,14,2,2,3,14,83,"I-A",204,138,179,0.8,0.541176,0.701961
"111101050507",2153,28215.6493693311,2539.4084432398,"Central Interior and Appalachian Floodplain Systems-Large Floodplains","Riparian",142,-9999,100,59,41,-9999,59,"III-A",48,237,56,0.188235,0.929412,0.219608
"111101050507",2158,166.669996274635,15.0002996647172,"Central Interior and Appalachian Shrub-Herbaceous Wetland Systems","Riparian",17,-9999,-9999,17,100,-9999,-9999,"II-C",240,150,20,0.941176,0.588235,0.078431
"111101050507",2160,19981.3895533811,1798.3250598043,"Ozark-Ouachita Shortleaf Pine-Bluestem Woodland","Hardwood-Conifer",100,1223,2,2,2,1,97,"I-A",68,137,112,0.266667,0.537255,0.439216
"111101050508",11,25463.2594308518,2291.69334877666,"Open Water","Open Water",-9999,-9999,-9999,-9999,-9999,-9999,-9999,"-9999",0,0,255,0,0,1
"111101050508",2132,7744.11982690543,696.970784421489,"Ozark-Ouachita Dry-Mesic Oak Forest","Hardwood",188,66,15,11,6,17,77,"I-B",115,115,0,0.45098,0.45098,0
"111101050508",2139,899.999979883432,80.9999981895089,"Ozark-Ouachita Mesic Hardwood Forest","Hardwood",316,110,25,19,6,18,76,"I-C",0,135,74,0,0.529412,0.290196
"111101050508",2140,6614.51985215396,595.306786693856,"Ozark-Ouachita Dry Oak Woodland","Hardwood",38,89,6,5,13,5,82,"I-A",97,69,0,0.380392,0.270588,0
"111101050508",2141,7310.29983660206,657.926985294186,"Ozark-Ouachita Shortleaf Pine-Oak Forest and Woodland","Conifer",347,92,5,5,1,5,94,"I-A",196,164,100,0.768627,0.643137,0.392157
"111101050508",2146,1024.90997709148,92.2418979382329,"Arkansas Valley Prairie and Woodland-Prairie","Grassland",2,344,12,2,82,1,17,"II-A",255,120,187,1,0.470588,0.733333
"111101050508",2147,3455.91992275417,311.032793047875,"Arkansas Valley Prairie and Woodland-Woodland","Grassland",96,14,2,2,3,14,83,"I-A",204,138,179,0.8,0.541176,0.701961
"111101050508",2153,19326.2595680244,1739.3633611222,"Central Interior and Appalachian Floodplain Systems-Large Floodplains","Riparian",142,-9999,100,59,41,-9999,59,"III-A",48,237,56,0.188235,0.929412,0.219608
"111101050508",2158,59.0399986803532,5.31359988123178,"Central Interior and Appalachian Shrub-Herbaceous Wetland Systems","Riparian",17,-9999,-9999,17,100,-9999,-9999,"II-C",240,150,20,0.941176,0.588235,0.078431
"111101050508",2160,11940.5097331088,1074.64587597979,"Ozark-Ouachita Shortleaf Pine-Bluestem Woodland","Hardwood-Conifer",100,1223,2,2,2,1,97,"I-A",68,137,112,0.266667,0.537255,0.439216
"111101050605",11,32.9999992623925,2.96999993361533,"Open Water","Open Water",-9999,-9999,-9999,-9999,-9999,-9999,-9999,"-9999",0,0,255,0,0,1
"111101050605",2132,14732.8496706951,1325.95647036256,"Ozark-Ouachita Dry-Mesic Oak Forest","Hardwood",188,66,15,11,6,17,77,"I-B",115,115,0,0.45098,0.45098,0
"111101050605",2136,718.869983932003,64.6982985538803,"Ouachita Montane Oak Forest","Hardwood",38,89,6,5,13,6,81,"I-A",0,38,115,0,0.14902,0.45098
"111101050605",2139,1461.21996733919,131.509797060527,"Ozark-Ouachita Mesic Hardwood Forest","Hardwood",316,110,25,19,6,18,76,"I-C",0,135,74,0,0.529412,0.290196
"111101050605",2140,5914.76986779459,532.329288101513,"Ozark-Ouachita Dry Oak Woodland","Hardwood",38,89,6,5,13,5,82,"I-A",97,69,0,0.380392,0.270588,0
"111101050605",2141,6184.36986176856,556.59328755917,"Ozark-Ouachita Shortleaf Pine-Oak Forest and Woodland","Conifer",347,92,5,5,1,5,94,"I-A",196,164,100,0.768627,0.643137,0.392157
"111101050605",2146,14529.919675231,1307.69277077079,"Arkansas Valley Prairie and Woodland-Prairie","Grassland",2,344,12,2,82,1,17,"II-A",255,120,187,1,0.470588,0.733333
"111101050605",2147,7755.55982664973,698.000384398475,"Arkansas Valley Prairie and Woodland-Woodland","Grassland",96,14,2,2,3,14,83,"I-A",204,138,179,0.8,0.541176,0.701961
"111101050605",2153,3833.96991430409,345.057292287368,"Central Interior and Appalachian Floodplain Systems-Large Floodplains","Riparian",142,-9999,100,59,41,-9999,59,"III-A",48,237,56,0.188235,0.929412,0.219608
"111101050605",2158,77.6099982652813,6.98489984387532,"Central Interior and Appalachian Shrub-Herbaceous Wetland Systems","Riparian",17,-9999,-9999,17,100,-9999,-9999,"II-C",240,150,20,0.941176,0.588235,0.078431
"111101050605",2160,20519.429541355,1846.74865872195,"Ozark-Ouachita Shortleaf Pine-Bluestem Woodland","Hardwood-Conifer",100,1223,2,2,2,1,97,"I-A",68,137,112,0.266667,0.537255,0.439216
"111101050606",11,123.389997242019,11.1050997517817,"Open Water","Open Water",-9999,-9999,-9999,-9999,-9999,-9999,-9999,"-9999",0,0,255,0,0,1
"111101050606",2132,23674.2694708388,2130.68425237549,"Ozark-Ouachita Dry-Mesic Oak Forest","Hardwood",188,66,15,11,6,17,77,"I-B",115,115,0,0.45098,0.45098,0
"111101050606",2136,56.0499987471849,5.04449988724664,"Ouachita Montane Oak Forest","Hardwood",38,89,6,5,13,6,81,"I-A",0,38,115,0,0.14902,0.45098
"111101050606",2139,3415.91992364824,307.432793128341,"Ozark-Ouachita Mesic Hardwood Forest","Hardwood",316,110,25,19,6,18,76,"I-C",0,135,74,0,0.529412,0.290196
"111101050606",2140,11306.6497472767,1017.5984772549,"Ozark-Ouachita Dry Oak Woodland","Hardwood",38,89,6,5,13,5,82,"I-A",97,69,0,0.380392,0.270588,0
"111101050606",2141,12562.599719204,1130.63397472836,"Ozark-Ouachita Shortleaf Pine-Oak Forest and Woodland","Conifer",347,92,5,5,1,5,94,"I-A",196,164,100,0.768627,0.643137,0.392157
"111101050606",2146,19095.6695731785,1718.61026158607,"Arkansas Valley Prairie and Woodland-Prairie","Grassland",2,344,12,2,82,1,17,"II-A",255,120,187,1,0.470588,0.733333
"111101050606",2147,19626.4695613142,1766.38226051828,"Arkansas Valley Prairie and Woodland-Woodland","Grassland",96,14,2,2,3,14,83,"I-A",204,138,179,0.8,0.541176,0.701961
"111101050606",2153,11321.7097469401,1018.95387722461,"Central Interior and Appalachian Floodplain Systems-Large Floodplains","Riparian",142,-9999,100,59,41,-9999,59,"III-A",48,237,56,0.188235,0.929412,0.219608
"111101050606",2158,183.99999588728,16.5599996298552,"Central Interior and Appalachian Shrub-Herbaceous Wetland Systems","Riparian",17,-9999,-9999,17,100,-9999,-9999,"II-C",240,150,20,0.941176,0.588235,0.078431
"111101050606",2160,22225.7295032162,2000.31565528946,"Ozark-Ouachita Shortleaf Pine-Bluestem Woodland","Hardwood-Conifer",100,1223,2,2,2,1,97,"I-A",68,137,112,0.266667,0.537255,0.439216
"111101050801",11,1403.40996863134,126.306897176821,"Open Water","Open Water",-9999,-9999,-9999,-9999,-9999,-9999,-9999,"-9999",0,0,255,0,0,1
"111101050801",2132,11586.0597410314,1042.74537669282,"Ozark-Ouachita Dry-Mesic Oak Forest","Hardwood",188,66,15,11,6,17,77,"I-B",115,115,0,0.45098,0.45098,0
"111101050801",2136,62.5199986025691,5.62679987423122,"Ouachita Montane Oak Forest","Hardwood",38,89,6,5,13,6,81,"I-A",0,38,115,0,0.14902,0.45098
"111101050801",2139,1150.95997427404,103.586397684664,"Ozark-Ouachita Mesic Hardwood Forest","Hardwood",316,110,25,19,6,18,76,"I-C",0,135,74,0,0.529412,0.290196
"111101050801",2140,4425.66990107857,398.310291097071,"Ozark-Ouachita Dry Oak Woodland","Hardwood",38,89,6,5,13,5,82,"I-A",97,69,0,0.380392,0.270588,0
"111101050801",2141,4576.92989769764,411.923690792788,"Ozark-Ouachita Shortleaf Pine-Oak Forest and Woodland","Conifer",347,92,5,5,1,5,94,"I-A",196,164,100,0.768627,0.643137,0.392157
"111101050801",2146,9474.78978822194,852.731080939975,"Arkansas Valley Prairie and Woodland-Prairie","Grassland",2,344,12,2,82,1,17,"II-A",255,120,187,1,0.470588,0.733333
"111101050801",2147,10412.3397672661,937.110579053946,"Arkansas Valley Prairie and Woodland-Woodland","Grassland",96,14,2,2,3,14,83,"I-A",204,138,179,0.8,0.541176,0.701961
"111101050801",2153,1005.99997751415,90.5399979762733,"Central Interior and Appalachian Floodplain Systems-Large Floodplains","Riparian",142,-9999,100,59,41,-9999,59,"III-A",48,237,56,0.188235,0.929412,0.219608
"111101050801",2160,11447.6497441251,1030.28847697126,"Ozark-Ouachita Shortleaf Pine-Bluestem Woodland","Hardwood-Conifer",100,1223,2,2,2,1,97,"I-A",68,137,112,0.266667,0.537255,0.439216
"111101050802",11,81.3199981823564,7.31879983641207,"Open Water","Open Water",-9999,-9999,-9999,-9999,-9999,-9999,-9999,"-9999",0,0,255,0,0,1
"111101050802",31,14.9999996647239,1.34999996982515,"Barren-Rock/Sand/Clay","Barren-Rock/Sand/Clay",-9999,-9999,-9999,-9999,-9999,-9999,-9999,"-9999",191,191,191,0.74902,0.74902,0.74902
"111101050802",2132,7038.82984266989,633.49468584029,"Ozark-Ouachita Dry-Mesic Oak Forest","Hardwood",188,66,15,11,6,17,77,"I-B",115,115,0,0.45098,0.45098,0
"111101050802",2136,322.399992793798,29.0159993514419,"Ouachita Montane Oak Forest","Hardwood",38,89,6,5,13,6,81,"I-A",0,38,115,0,0.14902,0.45098
"111101050802",2139,354.199992083013,31.8779992874712,"Ozark-Ouachita Mesic Hardwood Forest","Hardwood",316,110,25,19,6,18,76,"I-C",0,135,74,0,0.529412,0.290196
"111101050802",2140,2926.77993458137,263.410194112323,"Ozark-Ouachita Dry Oak Woodland","Hardwood",38,89,6,5,13,5,82,"I-A",97,69,0,0.380392,0.270588,0
"111101050802",2141,2015.95995493978,181.43639594458,"Ozark-Ouachita Shortleaf Pine-Oak Forest and Woodland","Conifer",347,92,5,5,1,5,94,"I-A",196,164,100,0.768627,0.643137,0.392157
"111101050802",2146,13016.7197090536,1171.50477381483,"Arkansas Valley Prairie and Woodland-Prairie","Grassland",2,344,12,2,82,1,17,"II-A",255,120,187,1,0.470588,0.733333
"111101050802",2147,13449.2996993847,1210.43697294462,"Arkansas Valley Prairie and Woodland-Woodland","Grassland",96,14,2,2,3,14,83,"I-A",204,138,179,0.8,0.541176,0.701961
"111101050802",2153,4281.21990430728,385.309791387655,"Central Interior and Appalachian Floodplain Systems-Large Floodplains","Riparian",142,-9999,100,59,41,-9999,59,"III-A",48,237,56,0.188235,0.929412,0.219608
"111101050802",2158,32.3899992760271,2.91509993484244,"Central Interior and Appalachian Shrub-Herbaceous Wetland Systems","Riparian",17,-9999,-9999,17,100,-9999,-9999,"II-C",240,150,20,0.941176,0.588235,0.078431
"111101050802",2160,6428.87985630333,578.5991870673,"Ozark-Ouachita Shortleaf Pine-Bluestem Woodland","Hardwood-Conifer",100,1223,2,2,2,1,97,"I-A",68,137,112,0.266667,0.537255,0.439216
"111101050803",11,702.999984286726,63.2699985858053,"Open Water","Open Water",-9999,-9999,-9999,-9999,-9999,-9999,-9999,"-9999",0,0,255,0,0,1
"111101050803",2132,9294.36979225464,836.493281302918,"Ozark-Ouachita Dry-Mesic Oak Forest","Hardwood",188,66,15,11,6,17,77,"I-B",115,115,0,0.45098,0.45098,0
"111101050803",2139,154.99999653548,13.9499996881932,"Ozark-Ouachita Mesic Hardwood Forest","Hardwood",316,110,25,19,6,18,76,"I-C",0,135,74,0,0.529412,0.290196
"111101050803",2140,4541.2298984956,408.710690864604,"Ozark-Ouachita Dry Oak Woodland","Hardwood",38,89,6,5,13,5,82,"I-A",97,69,0,0.380392,0.270588,0
"111101050803",2141,1254.79997195303,112.931997475773,"Ozark-Ouachita Shortleaf Pine-Oak Forest and Woodland","Conifer",347,92,5,5,1,5,94,"I-A",196,164,100,0.768627,0.643137,0.392157
"111101050803",2146,26280.9194125757,2365.28274713181,"Arkansas Valley Prairie and Woodland-Prairie","Grassland",2,344,12,2,82,1,17,"II-A",255,120,187,1,0.470588,0.733333
"111101050803",2147,28569.4893614221,2571.25404252799,"Arkansas Valley Prairie and Woodland-Woodland","Grassland",96,14,2,2,3,14,83,"I-A",204,138,179,0.8,0.541176,0.701961
"111101050803",2153,5555.99987581372,500.039988823235,"Central Interior and Appalachian Floodplain Systems-Large Floodplains","Riparian",142,-9999,100,59,41,-9999,59,"III-A",48,237,56,0.188235,0.929412,0.219608
"111101050803",2160,4806.1398925744,432.552590331696,"Ozark-Ouachita Shortleaf Pine-Bluestem Woodland","Hardwood-Conifer",100,1223,2,2,2,1,97,"I-A",68,137,112,0.266667,0.537255,0.439216
"111102040101",11,319.219992864877,28.7297993578389,"Open Water","Open Water",-9999,-9999,-9999,-9999,-9999,-9999,-9999,"-9999",0,0,255,0,0,1
"111102040101",31,2.99999993294477,0.26999999396503,"Barren-Rock/Sand/Clay","Barren-Rock/Sand/Clay",-9999,-9999,-9999,-9999,-9999,-9999,-9999,"-9999",191,191,191,0.74902,0.74902,0.74902
"111102040101",2132,19556.7095628735,1760.10386065861,"Ozark-Ouachita Dry-Mesic Oak Forest","Hardwood",188,66,15,11,6,17,77,"I-B",115,115,0,0.45098,0.45098,0
"111102040101",2139,2851.99993625283,256.679994262755,"Ozark-Ouachita Mesic Hardwood Forest","Hardwood",316,110,25,19,6,18,76,"I-C",0,135,74,0,0.529412,0.290196
"111102040101",2140,4768.74989341013,429.187490406912,"Ozark-Ouachita Dry Oak Woodland","Hardwood",38,89,6,5,13,5,82,"I-A",97,69,0,0.380392,0.270588,0
"111102040101",2141,17542.5096078943,1578.82586471049,"Ozark-Ouachita Shortleaf Pine-Oak Forest and Woodland","Conifer",347,92,5,5,1,5,94,"I-A",196,164,100,0.768627,0.643137,0.392157
"111102040101",2146,5747.68987152912,517.292088437621,"Arkansas Valley Prairie and Woodland-Prairie","Grassland",2,344,12,2,82,1,17,"II-A",255,120,187,1,0.470588,0.733333
"111102040101",2147,10353.019768592,931.771779173277,"Arkansas Valley Prairie and Woodland-Woodland","Grassland",96,14,2,2,3,14,83,"I-A",204,138,179,0.8,0.541176,0.701961
"111102040101",2153,334.999992512167,30.149999326095,"Central Interior and Appalachian Floodplain Systems-Large Floodplains","Riparian",142,-9999,100,59,41,-9999,59,"III-A",48,237,56,0.188235,0.929412,0.219608
"111102040101",2160,38213.6291458588,3439.22662312729,"Ozark-Ouachita Shortleaf Pine-Bluestem Woodland","Hardwood-Conifer",100,1223,2,2,2,1,97,"I-A",68,137,112,0.266667,0.537255,0.439216
"111102040102",11,675.759984895587,60.8183986406028,"Open Water","Open Water",-9999,-9999,-9999,-9999,-9999,-9999,-9999,"-9999",0,0,255,0,0,1
"111102040102",2132,22296.919501625,2006.72275514625,"Ozark-Ouachita Dry-Mesic Oak Forest","Hardwood",188,66,15,11,6,17,77,"I-B",115,115,0,0.45098,0.45098,0
"111102040102",2139,2819.99993696809,253.799994327128,"Ozark-Ouachita Mesic Hardwood Forest","Hardwood",316,110,25,19,6,18,76,"I-C",0,135,74,0,0.529412,0.290196
"111102040102",2140,7878.13982390985,709.032584151886,"Ozark-Ouachita Dry Oak Woodland","Hardwood",38,89,6,5,13,5,82,"I-A",97,69,0,0.380392,0.270588,0
"111102040102",2141,10263.269770598,923.694279353824,"Ozark-Ouachita Shortleaf Pine-Oak Forest and Woodland","Conifer",347,92,5,5,1,5,94,"I-A",196,164,100,0.768627,0.643137,0.392157
"111102040102",2146,20722.8095368091,1865.05285831282,"Arkansas Valley Prairie and Woodland-Prairie","Grassland",2,344,12,2,82,1,17,"II-A",255,120,187,1,0.470588,0.733333
"111102040102",2147,35220.2792127654,3169.82512914889,"Arkansas Valley Prairie and Woodland-Woodland","Grassland",96,14,2,2,3,14,83,"I-A",204,138,179,0.8,0.541176,0.701961
"111102040102",2153,2115.99995270371,190.439995743334,"Central Interior and Appalachian Floodplain Systems-Large Floodplains","Riparian",142,-9999,100,59,41,-9999,59,"III-A",48,237,56,0.188235,0.929412,0.219608
"111102040102",2160,19975.6395535097,1797.80755981587,"Ozark-Ouachita Shortleaf Pine-Bluestem Woodland","Hardwood-Conifer",100,1223,2,2,2,1,97,"I-A",68,137,112,0.266667,0.537255,0.439216
"111102040103",11,562.309987431392,50.6078988688253,"Open Water","Open Water",-9999,-9999,-9999,-9999,-9999,-9999,-9999,"-9999",0,0,255,0,0,1
"111102040103",2132,15964.6796431616,1436.82116788454,"Ozark-Ouachita Dry-Mesic Oak Forest","Hardwood",188,66,15,11,6,17,77,"I-B",115,115,0,0.45098,0.45098,0
"111102040103",2139,1771.99996039271,159.479996435344,"Ozark-Ouachita Mesic Hardwood Forest","Hardwood",316,110,25,19,6,18,76,"I-C",0,135,74,0,0.529412,0.290196
"111102040103",2140,6112.26986338012,550.104287704211,"Ozark-Ouachita Dry Oak Woodland","Hardwood",38,89,6,5,13,5,82,"I-A",97,69,0,0.380392,0.270588,0
"111102040103",2141,9597.25978548452,863.753380693607,"Ozark-Ouachita Shortleaf Pine-Oak Forest and Woodland","Conifer",347,92,5,5,1,5,94,"I-A",196,164,100,0.768627,0.643137,0.392157
"111102040103",2146,28362.8793660402,2552.65914294362,"Arkansas Valley Prairie and Woodland-Prairie","Grassland",2,344,12,2,82,1,17,"II-A",255,120,187,1,0.470588,0.733333
"111102040103",2147,28412.54936493,2557.1294428437,"Arkansas Valley Prairie and Woodland-Woodland","Grassland",96,14,2,2,3,14,83,"I-A",204,138,179,0.8,0.541176,0.701961
"111102040103",2153,4874.55989104509,438.710390194058,"Central Interior and Appalachian Floodplain Systems-Large Floodplains","Riparian",142,-9999,100,59,41,-9999,59,"III-A",48,237,56,0.188235,0.929412,0.219608
"111102040103",2160,11108.3197517097,999.748777653873,"Ozark-Ouachita Shortleaf Pine-Bluestem Woodland","Hardwood-Conifer",100,1223,2,2,2,1,97,"I-A",68,137,112,0.266667,0.537255,0.439216
"111102040106",11,996.349977729842,89.6714979956858,"Open Water","Open Water",-9999,-9999,-9999,-9999,-9999,-9999,-9999,"-9999",0,0,255,0,0,1
"111102040106",2132,16496.0596312843,1484.64536681559,"Ozark-Ouachita Dry-Mesic Oak Forest","Hardwood",188,66,15,11,6,17,77,"I-B",115,115,0,0.45098,0.45098,0
"111102040106",2139,2260.15994948149,203.414395453334,"Ozark-Ouachita Mesic Hardwood Forest","Hardwood",316,110,25,19,6,18,76,"I-C",0,135,74,0,0.529412,0.290196
"111102040106",2140,7349.24983573146,661.432485215832,"Ozark-Ouachita Dry Oak Woodland","Hardwood",38,89,6,5,13,5,82,"I-A",97,69,0,0.380392,0.270588,0
"111102040106",2141,14204.1996825114,1278.37797142602,"Ozark-Ouachita Shortleaf Pine-Oak Forest and Woodland","Conifer",347,92,5,5,1,5,94,"I-A",196,164,100,0.768627,0.643137,0.392157
"111102040106",2146,29454.6693416368,2650.92024074731,"Arkansas Valley Prairie and Woodland-Prairie","Grassland",2,344,12,2,82,1,17,"II-A",255,120,187,1,0.470588,0.733333
"111102040106",2147,27298.3493898343,2456.85144508509,"Arkansas Valley Prairie and Woodland-Woodland","Grassland",96,14,2,2,3,14,83,"I-A",204,138,179,0.8,0.541176,0.701961
"111102040106",2153,11005.8697539996,990.528277859967,"Central Interior and Appalachian Floodplain Systems-Large Floodplains","Riparian",142,-9999,100,59,41,-9999,59,"III-A",48,237,56,0.188235,0.929412,0.219608
"111102040106",2160,11279.0697478931,1015.11627731038,"Ozark-Ouachita Shortleaf Pine-Bluestem Woodland","Hardwood-Conifer",100,1223,2,2,2,1,97,"I-A",68,137,112,0.266667,0.537255,0.439216
"111102040203",2132,27292.7693899591,2456.34924509631,"Ozark-Ouachita Dry-Mesic Oak Forest","Hardwood",188,66,15,11,6,17,77,"I-B",115,115,0,0.45098,0.45098,0
"111102040203",2139,6318.39985877275,568.655987289548,"Ozark-Ouachita Mesic Hardwood Forest","Hardwood",316,110,25,19,6,18,76,"I-C",0,135,74,0,0.529412,0.290196
"111102040203",2140,4663.83989575505,419.745590617955,"Ozark-Ouachita Dry Oak Woodland","Hardwood",38,89,6,5,13,5,82,"I-A",97,69,0,0.380392,0.270588,0
"111102040203",2141,28983.1893521752,2608.48704169577,"Ozark-Ouachita Shortleaf Pine-Oak Forest and Woodland","Conifer",347,92,5,5,1,5,94,"I-A",196,164,100,0.768627,0.643137,0.392157
"111102040203",2153,80.9999981895089,7.2899998370558,"Central Interior and Appalachian Floodplain Systems-Large Floodplains","Riparian",142,-9999,100,59,41,-9999,59,"III-A",48,237,56,0.188235,0.929412,0.219608
"111102040203",2160,39232.8191230781,3530.95372107703,"Ozark-Ouachita Shortleaf Pine-Bluestem Woodland","Hardwood-Conifer",100,1223,2,2,2,1,97,"I-A",68,137,112,0.266667,0.537255,0.439216
"111102040204",11,48.0999989248812,4.32899990323931,"Open Water","Open Water",-9999,-9999,-9999,-9999,-9999,-9999,-9999,"-9999",0,0,255,0,0,1
"111102040204",2132,28953.6093528364,2605.82484175527,"Ozark-Ouachita Dry-Mesic Oak Forest","Hardwood",188,66,15,11,6,17,77,"I-B",115,115,0,0.45098,0.45098,0
"111102040204",2139,4585.59989750385,412.703990775347,"Ozark-Ouachita Mesic Hardwood Forest","Hardwood",316,110,25,19,6,18,76,"I-C",0,135,74,0,0.529412,0.290196
"111102040204",2140,7332.33983610943,659.910585249849,"Ozark-Ouachita Dry Oak Woodland","Hardwood",38,89,6,5,13,5,82,"I-A",97,69,0,0.380392,0.270588,0
"111102040204",2141,29559.2493392993,2660.33244053693,"Ozark-Ouachita Shortleaf Pine-Oak Forest and Woodland","Conifer",347,92,5,5,1,5,94,"I-A",196,164,100,0.768627,0.643137,0.392157
"111102040204",2146,4450.6999005191,400.562991046719,"Arkansas Valley Prairie and Woodland-Prairie","Grassland",2,344,12,2,82,1,17,"II-A",255,120,187,1,0.470588,0.733333
"111102040204",2147,4818.36989230104,433.653290307093,"Arkansas Valley Prairie and Woodland-Woodland","Grassland",96,14,2,2,3,14,83,"I-A",204,138,179,0.8,0.541176,0.701961
"111102040204",2153,6765.92984876968,608.933686389271,"Central Interior and Appalachian Floodplain Systems-Large Floodplains","Riparian",142,-9999,100,59,41,-9999,59,"III-A",48,237,56,0.188235,0.929412,0.219608
"111102040204",2160,37043.5591720119,3333.92032548107,"Ozark-Ouachita Shortleaf Pine-Bluestem Woodland","Hardwood-Conifer",100,1223,2,2,2,1,97,"I-A",68,137,112,0.266667,0.537255,0.439216
"111102040205",11,1257.20997189917,113.148897470925,"Open Water","Open Water",-9999,-9999,-9999,-9999,-9999,-9999,-9999,"-9999",0,0,255,0,0,1
"111102040205",2132,18396.509588806,1655.68586299254,"Ozark-Ouachita Dry-Mesic Oak Forest","Hardwood",188,66,15,11,6,17,77,"I-B",115,115,0,0.45098,0.45098,0
"111102040205",2136,491.299989018589,44.216999011673,"Ouachita Montane Oak Forest","Hardwood",38,89,6,5,13,6,81,"I-A",0,38,115,0,0.14902,0.45098
"111102040205",2139,3674.99991785735,330.749992607161,"Ozark-Ouachita Mesic Hardwood Forest","Hardwood",316,110,25,19,6,18,76,"I-C",0,135,74,0,0.529412,0.290196
"111102040205",2140,6186.21986172721,556.759787555449,"Ozark-Ouachita Dry Oak Woodland","Hardwood",38,89,6,5,13,5,82,"I-A",97,69,0,0.380392,0.270588,0
"111102040205",2141,18600.3795842491,1674.03416258242,"Ozark-Ouachita Shortleaf Pine-Oak Forest and Woodland","Conifer",347,92,5,5,1,5,94,"I-A",196,164,100,0.768627,0.643137,0.392157
"111102040205",2146,5967.55986661464,537.080387995318,"Arkansas Valley Prairie and Woodland-Prairie","Grassland",2,344,12,2,82,1,17,"II-A",255,120,187,1,0.470588,0.733333
"111102040205",2147,9981.34977689944,898.32147992095,"Arkansas Valley Prairie and Woodland-Woodland","Grassland",96,14,2,2,3,14,83,"I-A",204,138,179,0.8,0.541176,0.701961
"111102040205",2153,28976.7293523196,2607.90564170876,"Central Interior and Appalachian Floodplain Systems-Large Floodplains","Riparian",142,-9999,100,59,41,-9999,59,"III-A",48,237,56,0.188235,0.929412,0.219608
"111102040205",2160,27292.7393899597,2456.34654509637,"Ozark-Ouachita Shortleaf Pine-Bluestem Woodland","Hardwood-Conifer",100,1223,2,2,2,1,97,"I-A",68,137,112,0.266667,0.537255,0.439216
"111102040206",11,13212.2397046834,1189.10157342151,"Open Water","Open Water",-9999,-9999,-9999,-9999,-9999,-9999,-9999,"-9999",0,0,255,0,0,1
"111102040206",2132,10553.4397641122,949.809578770101,"Ozark-Ouachita Dry-Mesic Oak Forest","Hardwood",188,66,15,11,6,17,77,"I-B",115,115,0,0.45098,0.45098,0
"111102040206",2136,120.159997314215,10.8143997582793,"Ouachita Montane Oak Forest","Hardwood",38,89,6,5,13,6,81,"I-A",0,38,115,0,0.14902,0.45098
"111102040206",2139,1700.99996197969,153.089996578172,"Ozark-Ouachita Mesic Hardwood Forest","Hardwood",316,110,25,19,6,18,76,"I-C",0,135,74,0,0.529412,0.290196
"111102040206",2140,5306.89988138154,477.620989324339,"Ozark-Ouachita Dry Oak Woodland","Hardwood",38,89,6,5,13,5,82,"I-A",97,69,0,0.380392,0.270588,0
"111102040206",2141,10564.8197638579,950.833778747208,"Ozark-Ouachita Shortleaf Pine-Oak Forest and Woodland","Conifer",347,92,5,5,1,5,94,"I-A",196,164,100,0.768627,0.643137,0.392157
"111102040206",2146,3602.43991947919,324.219592753127,"Arkansas Valley Prairie and Woodland-Prairie","Grassland",2,344,12,2,82,1,17,"II-A",255,120,187,1,0.470588,0.733333
"111102040206",2147,8493.28981016017,764.396082914416,"Arkansas Valley Prairie and Woodland-Woodland","Grassland",96,14,2,2,3,14,83,"I-A",204,138,179,0.8,0.541176,0.701961
"111102040206",2153,14300.3196803629,1287.02877123266,"Central Interior and Appalachian Floodplain Systems-Large Floodplains","Riparian",142,-9999,100,59,41,-9999,59,"III-A",48,237,56,0.188235,0.929412,0.219608
"111102040206",2160,20588.3495398145,1852.95145858331,"Ozark-Ouachita Shortleaf Pine-Bluestem Woodland","Hardwood-Conifer",100,1223,2,2,2,1,97,"I-A",68,137,112,0.266667,0.537255,0.439216
"111102040207",11,81.9399981684983,7.37459983516484,"Open Water","Open Water",-9999,-9999,-9999,-9999,-9999,-9999,-9999,"-9999",0,0,255,0,0,1
"111102040207",2132,14726.7096708324,1325.40387037491,"Ozark-Ouachita Dry-Mesic Oak Forest","Hardwood",188,66,15,11,6,17,77,"I-B",115,115,0,0.45098,0.45098,0
"111102040207",2136,2223.9699502904,200.157295526136,"Ouachita Montane Oak Forest","Hardwood",38,89,6,5,13,6,81,"I-A",0,38,115,0,0.14902,0.45098
"111102040207",2139,2189.99995104969,197.099995594472,"Ozark-Ouachita Mesic Hardwood Forest","Hardwood",316,110,25,19,6,18,76,"I-C",0,135,74,0,0.529412,0.290196
"111102040207",2140,6747.01984919235,607.231786427312,"Ozark-Ouachita Dry Oak Woodland","Hardwood",38,89,6,5,13,5,82,"I-A",97,69,0,0.380392,0.270588,0
"111102040207",2141,9315.58979178034,838.40308126023,"Ozark-Ouachita Shortleaf Pine-Oak Forest and Woodland","Conifer",347,92,5,5,1,5,94,"I-A",196,164,100,0.768627,0.643137,0.392157
"111102040207",2146,6031.15986519307,542.804387867376,"Arkansas Valley Prairie and Woodland-Prairie","Grassland",2,344,12,2,82,1,17,"II-A",255,120,187,1,0.470588,0.733333
"111102040207",2147,9629.85978475586,866.687380628027,"Arkansas Valley Prairie and Woodland-Woodland","Grassland",96,14,2,2,3,14,83,"I-A",204,138,179,0.8,0.541176,0.701961
"111102040207",2153,1076.5199759379,96.8867978344113,"Central Interior and Appalachian Floodplain Systems-Large Floodplains","Riparian",142,-9999,100,59,41,-9999,59,"III-A",48,237,56,0.188235,0.929412,0.219608
"111102040207",2160,27547.6593842618,2479.28934458356,"Ozark-Ouachita Shortleaf Pine-Bluestem Woodland","Hardwood-Conifer",100,1223,2,2,2,1,97,"I-A",68,137,112,0.266667,0.537255,0.439216
"111102040301",11,7.99999982118607,0.719999983906746,"Open Water","Open Water",-9999,-9999,-9999,-9999,-9999,-9999,-9999,"-9999",0,0,255,0,0,1
"111102040301",2132,27344.0293888133,2460.9626449932,"Ozark-Ouachita Dry-Mesic Oak Forest","Hardwood",188,66,15,11,6,17,77,"I-B",115,115,0,0.45098,0.45098,0
"111102040301",2139,3076.59993123263,276.893993810937,"Ozark-Ouachita Mesic Hardwood Forest","Hardwood",316,110,25,19,6,18,76,"I-C",0,135,74,0,0.529412,0.290196
"111102040301",2140,8793.07980345935,791.377182311341,"Ozark-Ouachita Dry Oak Woodland","Hardwood",38,89,6,5,13,5,82,"I-A",97,69,0,0.380392,0.270588,0
"111102040301",2141,24628.149449518,2216.53345045662,"Ozark-Ouachita Shortleaf Pine-Oak Forest and Woodland","Conifer",347,92,5,5,1,5,94,"I-A",196,164,100,0.768627,0.643137,0.392157
"111102040301",2153,1634.86996345781,147.138296711203,"Central Interior and Appalachian Floodplain Systems-Large Floodplains","Riparian",142,-9999,100,59,41,-9999,59,"III-A",48,237,56,0.188235,0.929412,0.219608
"111102040301",2160,37558.4191605039,3380.25772444535,"Ozark-Ouachita Shortleaf Pine-Bluestem Woodland","Hardwood-Conifer",100,1223,2,2,2,1,97,"I-A",68,137,112,0.266667,0.537255,0.439216
"111102040302",11,56.9999987259507,5.12999988533556,"Open Water","Open Water",-9999,-9999,-9999,-9999,-9999,-9999,-9999,"-9999",0,0,255,0,0,1
"111102040302",2132,30720.7193133384,2764.86473820046,"Ozark-Ouachita Dry-Mesic Oak Forest","Hardwood",188,66,15,11,6,17,77,"I-B",115,115,0,0.45098,0.45098,0
"111102040302",2139,5273.99988211691,474.659989390522,"Ozark-Ouachita Mesic Hardwood Forest","Hardwood",316,110,25,19,6,18,76,"I-C",0,135,74,0,0.529412,0.290196
"111102040302",2140,6383.40985731967,574.50688715877,"Ozark-Ouachita Dry Oak Woodland","Hardwood",38,89,6,5,13,5,82,"I-A",97,69,0,0.380392,0.270588,0
"111102040302",2141,20276.0295467954,1824.84265921159,"Ozark-Ouachita Shortleaf Pine-Oak Forest and Woodland","Conifer",347,92,5,5,1,5,94,"I-A",196,164,100,0.768627,0.643137,0.392157
"111102040302",2153,6780.61984844133,610.25578635972,"Central Interior and Appalachian Floodplain Systems-Large Floodplains","Riparian",142,-9999,100,59,41,-9999,59,"III-A",48,237,56,0.188235,0.929412,0.219608
"111102040302",2160,61249.3986309692,5512.44587678723,"Ozark-Ouachita Shortleaf Pine-Bluestem Woodland","Hardwood-Conifer",100,1223,2,2,2,1,97,"I-A",68,137,112,0.266667,0.537255,0.439216
"111102040303",11,119.999997317791,10.7999997586012,"Open Water","Open Water",-9999,-9999,-9999,-9999,-9999,-9999,-9999,"-9999",0,0,255,0,0,1
"111102040303",2132,23986.1494638678,2158.7534517481,"Ozark-Ouachita Dry-Mesic Oak Forest","Hardwood",188,66,15,11,6,17,77,"I-B",115,115,0,0.45098,0.45098,0
"111102040303",2139,4507.99989923835,405.719990931451,"Ozark-Ouachita Mesic Hardwood Forest","Hardwood",316,110,25,19,6,18,76,"I-C",0,135,74,0,0.529412,0.290196
"111102040303",2140,7586.86983042024,682.818284737822,"Ozark-Ouachita Dry Oak Woodland","Hardwood",38,89,6,5,13,5,82,"I-A",97,69,0,0.380392,0.270588,0
"111102040303",2141,16546.5696301553,1489.19126671398,"Ozark-Ouachita Shortleaf Pine-Oak Forest and Woodland","Conifer",347,92,5,5,1,5,94,"I-A",196,164,100,0.768627,0.643137,0.392157
"111102040303",2146,4574.04989776202,411.664490798581,"Arkansas Valley Prairie and Woodland-Prairie","Grassland",2,344,12,2,82,1,17,"II-A",255,120,187,1,0.470588,0.733333
"111102040303",2147,7918.69982300326,712.682984070294,"Arkansas Valley Prairie and Woodland-Woodland","Grassland",96,14,2,2,3,14,83,"I-A",204,138,179,0.8,0.541176,0.701961
"111102040303",2153,8223.55981618911,740.12038345702,"Central Interior and Appalachian Floodplain Systems-Large Floodplains","Riparian",142,-9999,100,59,41,-9999,59,"III-A",48,237,56,0.188235,0.929412,0.219608
"111102040303",2155,44.9999989941716,4.04999990947545,"Gulf and Atlantic Coastal Plain Floodplain Systems","Riparian",393,257,49,37,10,15,75,"III-A",102,119,205,0.4,0.466667,0.803922
"111102040303",2160,37755.0091561098,3397.95082404988,"Ozark-Ouachita Shortleaf Pine-Bluestem Woodland","Hardwood-Conifer",100,1223,2,2,2,1,97,"I-A",68,137,112,0.266667,0.537255,0.439216
"111102040304",11,112.999997474253,10.1699997726828,"Open Water","Open Water",-9999,-9999,-9999,-9999,-9999,-9999,-9999,"-9999",0,0,255,0,0,1
"111102040304",2132,11848.6997351609,1066.38297616448,"Ozark-Ouachita Dry-Mesic Oak Forest","Hardwood",188,66,15,11,6,17,77,"I-B",115,115,0,0.45098,0.45098,0
"111102040304",2139,1669.99996267259,150.299996640533,"Ozark-Ouachita Mesic Hardwood Forest","Hardwood",316,110,25,19,6,18,76,"I-C",0,135,74,0,0.529412,0.290196
"111102040304",2140,4574.36989775486,411.693290797938,"Ozark-Ouachita Dry Oak Woodland","Hardwood",38,89,6,5,13,5,82,"I-A",97,69,0,0.380392,0.270588,0
"111102040304",2141,5802.80987029709,522.252888326738,"Ozark-Ouachita Shortleaf Pine-Oak Forest and Woodland","Conifer",347,92,5,5,1,5,94,"I-A",196,164,100,0.768627,0.643137,0.392157
"111102040304",2146,11019.5497536939,991.759477832448,"Arkansas Valley Prairie and Woodland-Prairie","Grassland",2,344,12,2,82,1,17,"II-A",255,120,187,1,0.470588,0.733333
"111102040304",2147,12765.1197146773,1148.86077432096,"Arkansas Valley Prairie and Woodland-Woodland","Grassland",96,14,2,2,3,14,83,"I-A",204,138,179,0.8,0.541176,0.701961
"111102040304",2153,12215.7197269574,1099.41477542616,"Central Interior and Appalachian Floodplain Systems-Large Floodplains","Riparian",142,-9999,100,59,41,-9999,59,"III-A",48,237,56,0.188235,0.929412,0.219608
"111102040304",2160,6880.41984621063,619.237786158957,"Ozark-Ouachita Shortleaf Pine-Bluestem Woodland","Hardwood-Conifer",100,1223,2,2,2,1,97,"I-A",68,137,112,0.266667,0.537255,0.439216
"111102040401",11,812.399981841445,73.1159983657301,"Open Water","Open Water",-9999,-9999,-9999,-9999,-9999,-9999,-9999,"-9999",0,0,255,0,0,1
"111102040401",2132,19775.6795579791,1779.81116021812,"Ozark-Ouachita Dry-Mesic Oak Forest","Hardwood",188,66,15,11,6,17,77,"I-B",115,115,0,0.45098,0.45098,0
"111102040401",2136,433.579990308732,39.0221991277859,"Ouachita Montane Oak Forest","Hardwood",38,89,6,5,13,6,81,"I-A",0,38,115,0,0.14902,0.45098
"111102040401",2139,3509.99992154539,315.899992939085,"Ozark-Ouachita Mesic Hardwood Forest","Hardwood",316,110,25,19,6,18,76,"I-C",0,135,74,0,0.529412,0.290196
"111102040401",2140,6129.35986299813,551.642387669831,"Ozark-Ouachita Dry Oak Woodland","Hardwood",38,89,6,5,13,5,82,"I-A",97,69,0,0.380392,0.270588,0
"111102040401",2141,11425.9897446092,1028.33907701483,"Ozark-Ouachita Shortleaf Pine-Oak Forest and Woodland","Conifer",347,92,5,5,1,5,94,"I-A",196,164,100,0.768627,0.643137,0.392157
"111102040401",2146,14605.6596735381,1314.50937061843,"Arkansas Valley Prairie and Woodland-Prairie","Grassland",2,344,12,2,82,1,17,"II-A",255,120,187,1,0.470588,0.733333
"111102040401",2147,16447.3596323729,1480.26236691356,"Arkansas Valley Prairie and Woodland-Woodland","Grassland",96,14,2,2,3,14,83,"I-A",204,138,179,0.8,0.541176,0.701961
"111102040401",2153,13783.8496919069,1240.54647227162,"Central Interior and Appalachian Floodplain Systems-Large Floodplains","Riparian",142,-9999,100,59,41,-9999,59,"III-A",48,237,56,0.188235,0.929412,0.219608
"111102040401",2160,23199.9694814403,2087.99725332962,"Ozark-Ouachita Shortleaf Pine-Bluestem Woodland","Hardwood-Conifer",100,1223,2,2,2,1,97,"I-A",68,137,112,0.266667,0.537255,0.439216
"111102040404",11,1269.91997161508,114.292797445357,"Open Water","Open Water",-9999,-9999,-9999,-9999,-9999,-9999,-9999,"-9999",0,0,255,0,0,1
"111102040404",2132,9739.02978231572,876.512680408414,"Ozark-Ouachita Dry-Mesic Oak Forest","Hardwood",188,66,15,11,6,17,77,"I-B",115,115,0,0.45098,0.45098,0
"111102040404",2139,1265.99997170269,113.939997453243,"Ozark-Ouachita Mesic Hardwood Forest","Hardwood",316,110,25,19,6,18,76,"I-C",0,135,74,0,0.529412,0.290196
"111102040404",2140,3771.7999156937,339.461992412433,"Ozark-Ouachita Dry Oak Woodland","Hardwood",38,89,6,5,13,5,82,"I-A",97,69,0,0.380392,0.270588,0
"111102040404",2141,6154.94986242615,553.945487618353,"Ozark-Ouachita Shortleaf Pine-Oak Forest and Woodland","Conifer",347,92,5,5,1,5,94,"I-A",196,164,100,0.768627,0.643137,0.392157
"111102040404",2146,22178.2795042768,1996.04515538491,"Arkansas Valley Prairie and Woodland-Prairie","Grassland",2,344,12,2,82,1,17,"II-A",255,120,187,1,0.470588,0.733333
"111102040404",2147,17501.6496088076,1575.14846479269,"Arkansas Valley Prairie and Woodland-Woodland","Grassland",96,14,2,2,3,14,83,"I-A",204,138,179,0.8,0.541176,0.701961
"111102040404",2153,22657.5294935647,2039.17765442083,"Central Interior and Appalachian Floodplain Systems-Large Floodplains","Riparian",142,-9999,100,59,41,-9999,59,"III-A",48,237,56,0.188235,0.929412,0.219608
"111102040404",2155,26.999999396503,2.42999994568527,"Gulf and Atlantic Coastal Plain Floodplain Systems","Riparian",393,257,49,37,10,15,75,"III-A",102,119,205,0.4,0.466667,0.803922
"111102040404",2160,4589.85989740863,413.087390766777,"Ozark-Ouachita Shortleaf Pine-Bluestem Woodland","Hardwood-Conifer",100,1223,2,2,2,1,97,"I-A",68,137,112,0.266667,0.537255,0.439216
"111102040407",11,1361.98996955715,122.579097260144,"Open Water","Open Water",-9999,-9999,-9999,-9999,-9999,-9999,-9999,"-9999",0,0,255,0,0,1
"111102040407",2132,11639.9097398277,1047.5918765845,"Ozark-Ouachita Dry-Mesic Oak Forest","Hardwood",188,66,15,11,6,17,77,"I-B",115,115,0,0.45098,0.45098,0
"111102040407",2139,1131.99997469783,101.879997722805,"Ozark-Ouachita Mesic Hardwood Forest","Hardwood",316,110,25,19,6,18,76,"I-C",0,135,74,0,0.529412,0.290196
"111102040407",2140,4284.41990423575,385.597791381218,"Ozark-Ouachita Dry Oak Woodland","Hardwood",38,89,6,5,13,5,82,"I-A",97,69,0,0.380392,0.270588,0
"111102040407",2141,7331.38983613066,659.82508525176,"Ozark-Ouachita Shortleaf Pine-Oak Forest and Woodland","Conifer",347,92,5,5,1,5,94,"I-A",196,164,100,0.768627,0.643137,0.392157
"111102040407",2146,14072.72968545,1266.5456716905,"Arkansas Valley Prairie and Woodland-Prairie","Grassland",2,344,12,2,82,1,17,"II-A",255,120,187,1,0.470588,0.733333
"111102040407",2147,11570.6897413749,1041.36207672374,"Arkansas Valley Prairie and Woodland-Woodland","Grassland",96,14,2,2,3,14,83,"I-A",204,138,179,0.8,0.541176,0.701961
"111102040407",2153,21991.5595084503,1979.24035576053,"Central Interior and Appalachian Floodplain Systems-Large Floodplains","Riparian",142,-9999,100,59,41,-9999,59,"III-A",48,237,56,0.188235,0.929412,0.219608
"111102040407",2160,7731.06982719712,695.796284447741,"Ozark-Ouachita Shortleaf Pine-Bluestem Woodland","Hardwood-Conifer",100,1223,2,2,2,1,97,"I-A",68,137,112,0.266667,0.537255,0.439216
"111102040501",11,456.999989785254,41.1299990806729,"Open Water","Open Water",-9999,-9999,-9999,-9999,-9999,-9999,-9999,"-9999",0,0,255,0,0,1
"111102040501",2132,21853.9795115255,1966.85815603729,"Ozark-Ouachita Dry-Mesic Oak Forest","Hardwood",188,66,15,11,6,17,77,"I-B",115,115,0,0.45098,0.45098,0
"111102040501",2139,2404.99994624406,216.449995161965,"Ozark-Ouachita Mesic Hardwood Forest","Hardwood",316,110,25,19,6,18,76,"I-C",0,135,74,0,0.529412,0.290196
"111102040501",2140,4969.04988893308,447.214490003977,"Ozark-Ouachita Dry Oak Woodland","Hardwood",38,89,6,5,13,5,82,"I-A",97,69,0,0.380392,0.270588,0
"111102040501",2141,10266.9897705149,924.02907934634,"Ozark-Ouachita Shortleaf Pine-Oak Forest and Woodland","Conifer",347,92,5,5,1,5,94,"I-A",196,164,100,0.768627,0.643137,0.392157
"111102040501",2146,10953.9497551601,985.855477964412,"Arkansas Valley Prairie and Woodland-Prairie","Grassland",2,344,12,2,82,1,17,"II-A",255,120,187,1,0.470588,0.733333
"111102040501",2147,6550.26985359006,589.524286823105,"Arkansas Valley Prairie and Woodland-Woodland","Grassland",96,14,2,2,3,14,83,"I-A",204,138,179,0.8,0.541176,0.701961
"111102040501",2153,6155.52986241318,553.997687617186,"Central Interior and Appalachian Floodplain Systems-Large Floodplains","Riparian",142,-9999,100,59,41,-9999,59,"III-A",48,237,56,0.188235,0.929412,0.219608
"111102040501",2160,13850.5696904156,1246.55127213741,"Ozark-Ouachita Shortleaf Pine-Bluestem Woodland","Hardwood-Conifer",100,1223,2,2,2,1,97,"I-A",68,137,112,0.266667,0.537255,0.439216
"111102040502",11,1373.21996930614,123.589797237553,"Open Water","Open Water",-9999,-9999,-9999,-9999,-9999,-9999,-9999,"-9999",0,0,255,0,0,1
"111102040502",2132,8376.01981278136,753.841783150323,"Ozark-Ouachita Dry-Mesic Oak Forest","Hardwood",188,66,15,11,6,17,77,"I-B",115,115,0,0.45098,0.45098,0
"111102040502",2139,1210.13997295126,108.912597565614,"Ozark-Ouachita Mesic Hardwood Forest","Hardwood",316,110,25,19,6,18,76,"I-C",0,135,74,0,0.529412,0.290196
"111102040502",2140,3829.95991439372,344.696392295435,"Ozark-Ouachita Dry Oak Woodland","Hardwood",38,89,6,5,13,5,82,"I-A",97,69,0,0.380392,0.270588,0
"111102040502",2141,3305.32992612012,297.479693350811,"Ozark-Ouachita Shortleaf Pine-Oak Forest and Woodland","Conifer",347,92,5,5,1,5,94,"I-A",196,164,100,0.768627,0.643137,0.392157
"111102040502",2146,33944.5492412802,3055.00943171522,"Arkansas Valley Prairie and Woodland-Prairie","Grassland",2,344,12,2,82,1,17,"II-A",255,120,187,1,0.470588,0.733333
"111102040502",2147,21207.2895259801,1908.65605733821,"Arkansas Valley Prairie and Woodland-Woodland","Grassland",96,14,2,2,3,14,83,"I-A",204,138,179,0.8,0.541176,0.701961
"111102040502",2153,31709.8392912298,2853.88553621069,"Central Interior and Appalachian Floodplain Systems-Large Floodplains","Riparian",142,-9999,100,59,41,-9999,59,"III-A",48,237,56,0.188235,0.929412,0.219608
"111102040502",2160,2395.13994646445,215.5625951818,"Ozark-Ouachita Shortleaf Pine-Bluestem Woodland","Hardwood-Conifer",100,1223,2,2,2,1,97,"I-A",68,137,112,0.266667,0.537255,0.439216
"111102060101",11,234.629994755611,21.116699528005,"Open Water","Open Water",-9999,-9999,-9999,-9999,-9999,-9999,-9999,"-9999",0,0,255,0,0,1
"111102060101",2132,20382.7795444094,1834.45015899684,"Ozark-Ouachita Dry-Mesic Oak Forest","Hardwood",188,66,15,11,6,17,77,"I-B",115,115,0,0.45098,0.45098,0
"111102060101",2139,1835.6599589698,165.209396307282,"Ozark-Ouachita Mesic Hardwood Forest","Hardwood",316,110,25,19,6,18,76,"I-C",0,135,74,0,0.529412,0.290196
"111102060101",2140,10530.1097646337,947.709878817033,"Ozark-Ouachita Dry Oak Woodland","Hardwood",38,89,6,5,13,5,82,"I-A",97,69,0,0.380392,0.270588,0
"111102060101",2141,42597.9990478605,3833.81991430745,"Ozark-Ouachita Shortleaf Pine-Oak Forest and Woodland","Conifer",347,92,5,5,1,5,94,"I-A",196,164,100,0.768627,0.643137,0.392157
"111102060101",2153,2823.0999368988,254.078994320892,"Central Interior and Appalachian Floodplain Systems-Large Floodplains","Riparian",142,-9999,100,59,41,-9999,59,"III-A",48,237,56,0.188235,0.929412,0.219608
"111102060101",2160,21167.5695268679,1905.08125741811,"Ozark-Ouachita Shortleaf Pine-Bluestem Woodland","Hardwood-Conifer",100,1223,2,2,2,1,97,"I-A",68,137,112,0.266667,0.537255,0.439216
"111102060102",11,48.4199989177287,4.35779990259558,"Open Water","Open Water",-9999,-9999,-9999,-9999,-9999,-9999,-9999,"-9999",0,0,255,0,0,1
"111102060102",2132,28841.0893553514,2595.69804198163,"Ozark-Ouachita Dry-Mesic Oak Forest","Hardwood",188,66,15,11,6,17,77,"I-B",115,115,0,0.45098,0.45098,0
"111102060102",2136,187.059995818883,16.8353996236995,"Ouachita Montane Oak Forest","Hardwood",38,89,6,5,13,6,81,"I-A",0,38,115,0,0.14902,0.45098
"111102060102",2139,3482.99992214888,313.4699929934,"Ozark-Ouachita Mesic Hardwood Forest","Hardwood",316,110,25,19,6,18,76,"I-C",0,135,74,0,0.529412,0.290196
"111102060102",2140,12247.7197262421,1102.29477536179,"Ozark-Ouachita Dry Oak Woodland","Hardwood",38,89,6,5,13,5,82,"I-A",97,69,0,0.380392,0.270588,0
"111102060102",2141,31371.4292987939,2823.42863689145,"Ozark-Ouachita Shortleaf Pine-Oak Forest and Woodland","Conifer",347,92,5,5,1,5,94,"I-A",196,164,100,0.768627,0.643137,0.392157
"111102060102",2153,4494.03989955038,404.463590959534,"Central Interior and Appalachian Floodplain Systems-Large Floodplains","Riparian",142,-9999,100,59,41,-9999,59,"III-A",48,237,56,0.188235,0.929412,0.219608
"111102060102",2160,36466.2691849153,3281.96422664238,"Ozark-Ouachita Shortleaf Pine-Bluestem Woodland","Hardwood-Conifer",100,1223,2,2,2,1,97,"I-A",68,137,112,0.266667,0.537255,0.439216
"111102060103",11,48.1099989246577,4.32989990321919,"Open Water","Open Water",-9999,-9999,-9999,-9999,-9999,-9999,-9999,"-9999",0,0,255,0,0,1
"111102060103",31,1.99999995529652,0.179999995976686,"Barren-Rock/Sand/Clay","Barren-Rock/Sand/Clay",-9999,-9999,-9999,-9999,-9999,-9999,-9999,"-9999",191,191,191,0.74902,0.74902,0.74902
"111102060103",2132,39452.2391181737,3550.70152063563,"Ozark-Ouachita Dry-Mesic Oak Forest","Hardwood",188,66,15,11,6,17,77,"I-B",115,115,0,0.45098,0.45098,0
"111102060103",2136,338.819992426783,30.4937993184105,"Ouachita Montane Oak Forest","Hardwood",38,89,6,5,13,6,81,"I-A",0,38,115,0,0.14902,0.45098
"111102060103",2139,5338.99988066405,480.509989259765,"Ozark-Ouachita Mesic Hardwood Forest","Hardwood",316,110,25,19,6,18,76,"I-C",0,135,74,0,0.529412,0.290196
"111102060103",2140,18027.6995970495,1622.49296373446,"Ozark-Ouachita Dry Oak Woodland","Hardwood",38,89,6,5,13,5,82,"I-A",97,69,0,0.380392,0.270588,0
"111102060103",2141,29856.0293326657,2687.04263993992,"Ozark-Ouachita Shortleaf Pine-Oak Forest and Woodland","Conifer",347,92,5,5,1,5,94,"I-A",196,164,100,0.768627,0.643137,0.392157
"111102060103",2153,1182.67997356504,106.441197620854,"Central Interior and Appalachian Floodplain Systems-Large Floodplains","Riparian",142,-9999,100,59,41,-9999,59,"III-A",48,237,56,0.188235,0.929412,0.219608
"111102060103",2160,53061.7488139775,4775.55739325797,"Ozark-Ouachita Shortleaf Pine-Bluestem Woodland","Hardwood-Conifer",100,1223,2,2,2,1,97,"I-A",68,137,112,0.266667,0.537255,0.439216
"111102060104",11,560.969987461343,50.4872988715209,"Open Water","Open Water",-9999,-9999,-9999,-9999,-9999,-9999,-9999,"-9999",0,0,255,0,0,1
"111102060104",2132,27278.769390272,2455.08924512448,"Ozark-Ouachita Dry-Mesic Oak Forest","Hardwood",188,66,15,11,6,17,77,"I-B",115,115,0,0.45098,0.45098,0
"111102060104",2136,290.329993510619,26.1296994159557,"Ouachita Montane Oak Forest","Hardwood",38,89,6,5,13,6,81,"I-A",0,38,115,0,0.14902,0.45098
"111102060104",2139,5416.93987892196,487.524589102976,"Ozark-Ouachita Mesic Hardwood Forest","Hardwood",316,110,25,19,6,18,76,"I-C",0,135,74,0,0.529412,0.290196
"111102060104",2140,12097.6497295965,1088.78847566368,"Ozark-Ouachita Dry Oak Woodland","Hardwood",38,89,6,5,13,5,82,"I-A",97,69,0,0.380392,0.270588,0
"111102060104",2141,28522.8693624642,2567.05824262178,"Ozark-Ouachita Shortleaf Pine-Oak Forest and Woodland","Conifer",347,92,5,5,1,5,94,"I-A",196,164,100,0.768627,0.643137,0.392157
"111102060104",2153,3211.67992821336,289.051193539202,"Central Interior and Appalachian Floodplain Systems-Large Floodplains","Riparian",142,-9999,100,59,41,-9999,59,"III-A",48,237,56,0.188235,0.929412,0.219608
"111102060104",2160,35271.4392116219,3174.42952904597,"Ozark-Ouachita Shortleaf Pine-Bluestem Woodland","Hardwood-Conifer",100,1223,2,2,2,1,97,"I-A",68,137,112,0.266667,0.537255,0.439216
"111102060105",11,145.869996739551,13.1282997065596,"Open Water","Open Water",-9999,-9999,-9999,-9999,-9999,-9999,-9999,"-9999",0,0,255,0,0,1
"111102060105",2132,21553.8995182328,1939.85095664095,"Ozark-Ouachita Dry-Mesic Oak Forest","Hardwood",188,66,15,11,6,17,77,"I-B",115,115,0,0.45098,0.45098,0
"111102060105",2139,3213.05992818251,289.175393536426,"Ozark-Ouachita Mesic Hardwood Forest","Hardwood",316,110,25,19,6,18,76,"I-C",0,135,74,0,0.529412,0.290196
"111102060105",2140,7282.44983722456,655.42048535021,"Ozark-Ouachita Dry Oak Woodland","Hardwood",38,89,6,5,13,5,82,"I-A",97,69,0,0.380392,0.270588,0
"111102060105",2141,28990.0593520217,2609.10534168195,"Ozark-Ouachita Shortleaf Pine-Oak Forest and Woodland","Conifer",347,92,5,5,1,5,94,"I-A",196,164,100,0.768627,0.643137,0.392157
"111102060105",2153,7761.16982652433,698.50528438719,"Central Interior and Appalachian Floodplain Systems-Large Floodplains","Riparian",142,-9999,100,59,41,-9999,59,"III-A",48,237,56,0.188235,0.929412,0.219608
"111102060105",2160,15476.779654067,1392.91016886603,"Ozark-Ouachita Shortleaf Pine-Bluestem Woodland","Hardwood-Conifer",100,1223,2,2,2,1,97,"I-A",68,137,112,0.266667,0.537255,0.439216
"111102060106",11,527.99998819828,47.5199989378452,"Open Water","Open Water",-9999,-9999,-9999,-9999,-9999,-9999,-9999,"-9999",0,0,255,0,0,1
"111102060106",2132,25108.1494387891,2259.73344949102,"Ozark-Ouachita Dry-Mesic Oak Forest","Hardwood",188,66,15,11,6,17,77,"I-B",115,115,0,0.45098,0.45098,0
"111102060106",2139,4558.99989809841,410.309990828857,"Ozark-Ouachita Mesic Hardwood Forest","Hardwood",316,110,25,19,6,18,76,"I-C",0,135,74,0,0.529412,0.290196
"111102060106",2140,11302.1697473768,1017.19527726391,"Ozark-Ouachita Dry Oak Woodland","Hardwood",38,89,6,5,13,5,82,"I-A",97,69,0,0.380392,0.270588,0
"111102060106",2141,39779.1091108676,3580.11981997808,"Ozark-Ouachita Shortleaf Pine-Oak Forest and Woodland","Conifer",347,92,5,5,1,5,94,"I-A",196,164,100,0.768627,0.643137,0.392157
"111102060106",2153,8949.32979996689,805.43968199702,"Central Interior and Appalachian Floodplain Systems-Large Floodplains","Riparian",142,-9999,100,59,41,-9999,59,"III-A",48,237,56,0.188235,0.929412,0.219608
"111102060106",2155,22.9999994859099,2.06999995373189,"Gulf and Atlantic Coastal Plain Floodplain Systems","Riparian",393,257,49,37,10,15,75,"III-A",102,119,205,0.4,0.466667,0.803922
"111102060106",2160,25097.9794390164,2258.81814951148,"Ozark-Ouachita Shortleaf Pine-Bluestem Woodland","Hardwood-Conifer",100,1223,2,2,2,1,97,"I-A",68,137,112,0.266667,0.537255,0.439216
"111102060107",11,442.249990114942,39.8024991103448,"Open Water","Open Water",-9999,-9999,-9999,-9999,-9999,-9999,-9999,"-9999",0,0,255,0,0,1
"111102060107",31,7.99999982118607,0.719999983906746,"Barren-Rock/Sand/Clay","Barren-Rock/Sand/Clay",-9999,-9999,-9999,-9999,-9999,-9999,-9999,"-9999",191,191,191,0.74902,0.74902,0.74902
"111102060107",2132,15746.4096480403,1417.17686832363,"Ozark-Ouachita Dry-Mesic Oak Forest","Hardwood",188,66,15,11,6,17,77,"I-B",115,115,0,0.45098,0.45098,0
"111102060107",2139,4124.8999078013,371.240991702117,"Ozark-Ouachita Mesic Hardwood Forest","Hardwood",316,110,25,19,6,18,76,"I-C",0,135,74,0,0.529412,0.290196
"111102060107",2140,7676.69982841238,690.902984557115,"Ozark-Ouachita Dry Oak Woodland","Hardwood",38,89,6,5,13,5,82,"I-A",97,69,0,0.380392,0.270588,0
"111102060107",2141,22893.6294882875,2060.42665394587,"Ozark-Ouachita Shortleaf Pine-Oak Forest and Woodland","Conifer",347,92,5,5,1,5,94,"I-A",196,164,100,0.768627,0.643137,0.392157
"111102060107",2153,2162.01995167509,194.581795650758,"Central Interior and Appalachian Floodplain Systems-Large Floodplains","Riparian",142,-9999,100,59,41,-9999,59,"III-A",48,237,56,0.188235,0.929412,0.219608
"111102060107",2160,14401.9796780907,1296.17817102816,"Ozark-Ouachita Shortleaf Pine-Bluestem Woodland","Hardwood-Conifer",100,1223,2,2,2,1,97,"I-A",68,137,112,0.266667,0.537255,0.439216
"111102060201",11,47.3099989425391,4.25789990482852,"Open Water","Open Water",-9999,-9999,-9999,-9999,-9999,-9999,-9999,"-9999",0,0,255,0,0,1
"111102060201",2132,39114.9691257123,3520.34722131411,"Ozark-Ouachita Dry-Mesic Oak Forest","Hardwood",188,66,15,11,6,17,77,"I-B",115,115,0,0.45098,0.45098,0
"111102060201",2139,9388.44979015179,844.960481113661,"Ozark-Ouachita Mesic Hardwood Forest","Hardwood",316,110,25,19,6,18,76,"I-C",0,135,74,0,0.529412,0.290196
"111102060201",2140,14698.0896714721,1322.82807043249,"Ozark-Ouachita Dry Oak Woodland","Hardwood",38,89,6,5,13,5,82,"I-A",97,69,0,0.380392,0.270588,0
"111102060201",2141,32291.0192782395,2906.19173504155,"Ozark-Ouachita Shortleaf Pine-Oak Forest and Woodland","Conifer",347,92,5,5,1,5,94,"I-A",196,164,100,0.768627,0.643137,0.392157
"111102060201",2153,737.449983516708,66.3704985165037,"Central Interior and Appalachian Floodplain Systems-Large Floodplains","Riparian",142,-9999,100,59,41,-9999,59,"III-A",48,237,56,0.188235,0.929412,0.219608
"111102060201",2160,34173.129236171,3075.58163125539,"Ozark-Ouachita Shortleaf Pine-Bluestem Woodland","Hardwood-Conifer",100,1223,2,2,2,1,97,"I-A",68,137,112,0.266667,0.537255,0.439216
"111102060202",11,7.5199998319149,0.676799984872341,"Open Water","Open Water",-9999,-9999,-9999,-9999,-9999,-9999,-9999,"-9999",0,0,255,0,0,1
"111102060202",2132,13230.1897042822,1190.7170733854,"Ozark-Ouachita Dry-Mesic Oak Forest","Hardwood",188,66,15,11,6,17,77,"I-B",115,115,0,0.45098,0.45098,0
"111102060202",2139,3009.09993274137,270.818993946724,"Ozark-Ouachita Mesic Hardwood Forest","Hardwood",316,110,25,19,6,18,76,"I-C",0,135,74,0,0.529412,0.290196
"111102060202",2140,5914.82986779325,532.334688101392,"Ozark-Ouachita Dry Oak Woodland","Hardwood",38,89,6,5,13,5,82,"I-A",97,69,0,0.380392,0.270588,0
"111102060202",2141,14595.2696737703,1313.57427063933,"Ozark-Ouachita Shortleaf Pine-Oak Forest and Woodland","Conifer",347,92,5,5,1,5,94,"I-A",196,164,100,0.768627,0.643137,0.392157
"111102060202",2153,75.7699983064085,6.81929984757677,"Central Interior and Appalachian Floodplain Systems-Large Floodplains","Riparian",142,-9999,100,59,41,-9999,59,"III-A",48,237,56,0.188235,0.929412,0.219608
"111102060202",2160,13192.8297051173,1187.35467346055,"Ozark-Ouachita Shortleaf Pine-Bluestem Woodland","Hardwood-Conifer",100,1223,2,2,2,1,97,"I-A",68,137,112,0.266667,0.537255,0.439216
"111102060203",11,767.789982838556,69.1010984554701,"Open Water","Open Water",-9999,-9999,-9999,-9999,-9999,-9999,-9999,"-9999",0,0,255,0,0,1
"111102060203",2132,24852.7694444973,2236.74925000476,"Ozark-Ouachita Dry-Mesic Oak Forest","Hardwood",188,66,15,11,6,17,77,"I-B",115,115,0,0.45098,0.45098,0
"111102060203",2139,4766.54989345931,428.989490411337,"Ozark-Ouachita Mesic Hardwood Forest","Hardwood",316,110,25,19,6,18,76,"I-C",0,135,74,0,0.529412,0.290196
"111102060203",2140,8834.74980252795,795.127482227515,"Ozark-Ouachita Dry Oak Woodland","Hardwood",38,89,6,5,13,5,82,"I-A",97,69,0,0.380392,0.270588,0
"111102060203",2141,20516.96954141,1846.5272587269,"Ozark-Ouachita Shortleaf Pine-Oak Forest and Woodland","Conifer",347,92,5,5,1,5,94,"I-A",196,164,100,0.768627,0.643137,0.392157
"111102060203",2153,3420.60992354341,307.854893118907,"Central Interior and Appalachian Floodplain Systems-Large Floodplains","Riparian",142,-9999,100,59,41,-9999,59,"III-A",48,237,56,0.188235,0.929412,0.219608
"111102060203",2160,23705.579470139,2133.50215231251,"Ozark-Ouachita Shortleaf Pine-Bluestem Woodland","Hardwood-Conifer",100,1223,2,2,2,1,97,"I-A",68,137,112,0.266667,0.537255,0.439216
"111102060204",11,722.439983852208,65.0195985466987,"Open Water","Open Water",-9999,-9999,-9999,-9999,-9999,-9999,-9999,"-9999",0,0,255,0,0,1
"111102060204",2132,28853.2493550796,2596.79244195716,"Ozark-Ouachita Dry-Mesic Oak Forest","Hardwood",188,66,15,11,6,17,77,"I-B",115,115,0,0.45098,0.45098,0
"111102060204",2139,5645.43987381458,508.089588643312,"Ozark-Ouachita Mesic Hardwood Forest","Hardwood",316,110,25,19,6,18,76,"I-C",0,135,74,0,0.529412,0.290196
"111102060204",2140,11459.5697438587,1031.36127694728,"Ozark-Ouachita Dry Oak Woodland","Hardwood",38,89,6,5,13,5,82,"I-A",97,69,0,0.380392,0.270588,0
"111102060204",2141,37784.6791554466,3400.62112399019,"Ozark-Ouachita Shortleaf Pine-Oak Forest and Woodland","Conifer",347,92,5,5,1,5,94,"I-A",196,164,100,0.768627,0.643137,0.392157
"111102060204",2153,7775.37982620671,699.784184358604,"Central Interior and Appalachian Floodplain Systems-Large Floodplains","Riparian",142,-9999,100,59,41,-9999,59,"III-A",48,237,56,0.188235,0.929412,0.219608
"111102060204",2160,24772.6894462872,2229.54205016585,"Ozark-Ouachita Shortleaf Pine-Bluestem Woodland","Hardwood-Conifer",100,1223,2,2,2,1,97,"I-A",68,137,112,0.266667,0.537255,0.439216
"111102060205",11,9.16999979503453,0.825299981553107,"Open Water","Open Water",-9999,-9999,-9999,-9999,-9999,-9999,-9999,"-9999",0,0,255,0,0,1
"111102060205",31,12.9999997094274,1.16999997384846,"Barren-Rock/Sand/Clay","Barren-Rock/Sand/Clay",-9999,-9999,-9999,-9999,-9999,-9999,-9999,"-9999",191,191,191,0.74902,0.74902,0.74902
"111102060205",2132,36152.9091919195,3253.76182727275,"Ozark-Ouachita Dry-Mesic Oak Forest","Hardwood",188,66,15,11,6,17,77,"I-B",115,115,0,0.45098,0.45098,0
"111102060205",2139,9820.99978048354,883.889980243519,"Ozark-Ouachita Mesic Hardwood Forest","Hardwood",316,110,25,19,6,18,76,"I-C",0,135,74,0,0.529412,0.290196
"111102060205",2140,11684.5997388288,1051.6139764946,"Ozark-Ouachita Dry Oak Woodland","Hardwood",38,89,6,5,13,5,82,"I-A",97,69,0,0.380392,0.270588,0
"111102060205",2141,29866.2693324368,2687.96423991932,"Ozark-Ouachita Shortleaf Pine-Oak Forest and Woodland","Conifer",347,92,5,5,1,5,94,"I-A",196,164,100,0.768627,0.643137,0.392157
"111102060205",2153,1277.33997144923,114.96059743043,"Central Interior and Appalachian Floodplain Systems-Large Floodplains","Riparian",142,-9999,100,59,41,-9999,59,"III-A",48,237,56,0.188235,0.929412,0.219608
"111102060205",2160,32226.0392796919,2900.34353517227,"Ozark-Ouachita Shortleaf Pine-Bluestem Woodland","Hardwood-Conifer",100,1223,2,2,2,1,97,"I-A",68,137,112,0.266667,0.537255,0.439216
"111102060206",11,836.40998130478,75.2768983174302,"Open Water","Open Water",-9999,-9999,-9999,-9999,-9999,-9999,-9999,"-9999",0,0,255,0,0,1
"111102060206",2132,22570.9494955,2031.385454595,"Ozark-Ouachita Dry-Mesic Oak Forest","Hardwood",188,66,15,11,6,17,77,"I-B",115,115,0,0.45098,0.45098,0
"111102060206",2139,5283.55988190323,475.520389371291,"Ozark-Ouachita Mesic Hardwood Forest","Hardwood",316,110,25,19,6,18,76,"I-C",0,135,74,0,0.529412,0.290196
"111102060206",2140,10738.1997599825,966.437978398427,"Ozark-Ouachita Dry Oak Woodland","Hardwood",38,89,6,5,13,5,82,"I-A",97,69,0,0.380392,0.270588,0
"111102060206",2141,51823.9088416453,4664.15179574808,"Ozark-Ouachita Shortleaf Pine-Oak Forest and Woodland","Conifer",347,92,5,5,1,5,94,"I-A",196,164,100,0.768627,0.643137,0.392157
"111102060206",2153,18900.9495775308,1701.08546197778,"Central Interior and Appalachian Floodplain Systems-Large Floodplains","Riparian",142,-9999,100,59,41,-9999,59,"III-A",48,237,56,0.188235,0.929412,0.219608
"111102060206",2160,22583.4394952208,2032.50955456987,"Ozark-Ouachita Shortleaf Pine-Bluestem Woodland","Hardwood-Conifer",100,1223,2,2,2,1,97,"I-A",68,137,112,0.266667,0.537255,0.439216
"111102060301",11,919.539979446679,82.7585981502011,"Open Water","Open Water",-9999,-9999,-9999,-9999,-9999,-9999,-9999,"-9999",0,0,255,0,0,1
"111102060301",2132,24700.8594478928,2223.07735031035,"Ozark-Ouachita Dry-Mesic Oak Forest","Hardwood",188,66,15,11,6,17,77,"I-B",115,115,0,0.45098,0.45098,0
"111102060301",2139,4930.99988978356,443.789990080521,"Ozark-Ouachita Mesic Hardwood Forest","Hardwood",316,110,25,19,6,18,76,"I-C",0,135,74,0,0.529412,0.290196
"111102060301",2140,10515.1797649674,946.366178847067,"Ozark-Ouachita Dry Oak Woodland","Hardwood",38,89,6,5,13,5,82,"I-A",97,69,0,0.380392,0.270588,0
"111102060301",2141,58487.3686927054,5263.86318234349,"Ozark-Ouachita Shortleaf Pine-Oak Forest and Woodland","Conifer",347,92,5,5,1,5,94,"I-A",196,164,100,0.768627,0.643137,0.392157
"111102060301",2153,16695.4796268269,1502.59316641442,"Central Interior and Appalachian Floodplain Systems-Large Floodplains","Riparian",142,-9999,100,59,41,-9999,59,"III-A",48,237,56,0.188235,0.929412,0.219608
"111102060301",2155,23.9999994635582,2.15999995172024,"Gulf and Atlantic Coastal Plain Floodplain Systems","Riparian",393,257,49,37,10,15,75,"III-A",102,119,205,0.4,0.466667,0.803922
"111102060301",2160,28719.8993580602,2584.79094222542,"Ozark-Ouachita Shortleaf Pine-Bluestem Woodland","Hardwood-Conifer",100,1223,2,2,2,1,97,"I-A",68,137,112,0.266667,0.537255,0.439216
"111102060302",11,729.059983704239,65.6153985333815,"Open Water","Open Water",-9999,-9999,-9999,-9999,-9999,-9999,-9999,"-9999",0,0,255,0,0,1
"111102060302",2132,23155.4494824354,2083.99045341918,"Ozark-Ouachita Dry-Mesic Oak Forest","Hardwood",188,66,15,11,6,17,77,"I-B",115,115,0,0.45098,0.45098,0
"111102060302",2139,4581.99989758432,412.379990782589,"Ozark-Ouachita Mesic Hardwood Forest","Hardwood",316,110,25,19,6,18,76,"I-C",0,135,74,0,0.529412,0.290196
"111102060302",2140,7382.91983497888,664.462785148099,"Ozark-Ouachita Dry Oak Woodland","Hardwood",38,89,6,5,13,5,82,"I-A",97,69,0,0.380392,0.270588,0
"111102060302",2141,32992.549262559,2969.32943363031,"Ozark-Ouachita Shortleaf Pine-Oak Forest and Woodland","Conifer",347,92,5,5,1,5,94,"I-A",196,164,100,0.768627,0.643137,0.392157
"111102060302",2153,19384.079566732,1744.56716100588,"Central Interior and Appalachian Floodplain Systems-Large Floodplains","Riparian",142,-9999,100,59,41,-9999,59,"III-A",48,237,56,0.188235,0.929412,0.219608
"111102060302",2160,20036.6595521457,1803.29935969312,"Ozark-Ouachita Shortleaf Pine-Bluestem Woodland","Hardwood-Conifer",100,1223,2,2,2,1,97,"I-A",68,137,112,0.266667,0.537255,0.439216
"111102060303",11,408.409990871325,36.7568991784193,"Open Water","Open Water",-9999,-9999,-9999,-9999,-9999,-9999,-9999,"-9999",0,0,255,0,0,1
"111102060303",2132,18511.1095862444,1665.999862762,"Ozark-Ouachita Dry-Mesic Oak Forest","Hardwood",188,66,15,11,6,17,77,"I-B",115,115,0,0.45098,0.45098,0
"111102060303",2139,2384.9999466911,214.649995202199,"Ozark-Ouachita Mesic Hardwood Forest","Hardwood",316,110,25,19,6,18,76,"I-C",0,135,74,0,0.529412,0.290196
"111102060303",2140,8748.56980445422,787.37128240088,"Ozark-Ouachita Dry Oak Woodland","Hardwood",38,89,6,5,13,5,82,"I-A",97,69,0,0.380392,0.270588,0
"111102060303",2141,46857.0989526622,4217.1389057396,"Ozark-Ouachita Shortleaf Pine-Oak Forest and Woodland","Conifer",347,92,5,5,1,5,94,"I-A",196,164,100,0.768627,0.643137,0.392157
"111102060303",2153,35982.4491957296,3238.42042761566,"Central Interior and Appalachian Floodplain Systems-Large Floodplains","Riparian",142,-9999,100,59,41,-9999,59,"III-A",48,237,56,0.188235,0.929412,0.219608
"111102060303",2160,16936.5496214386,1524.28946592947,"Ozark-Ouachita Shortleaf Pine-Bluestem Woodland","Hardwood-Conifer",100,1223,2,2,2,1,97,"I-A",68,137,112,0.266667,0.537255,0.439216
"111102060304",11,46.9199989512563,4.22279990561306,"Open Water","Open Water",-9999,-9999,-9999,-9999,-9999,-9999,-9999,"-9999",0,0,255,0,0,1
"111102060304",2132,20766.3995358348,1868.97595822513,"Ozark-Ouachita Dry-Mesic Oak Forest","Hardwood",188,66,15,11,6,17,77,"I-B",115,115,0,0.45098,0.45098,0
"111102060304",2139,3279.99992668629,295.199993401766,"Ozark-Ouachita Mesic Hardwood Forest","Hardwood",316,110,25,19,6,18,76,"I-C",0,135,74,0,0.529412,0.290196
"111102060304",2140,4219.6399056837,379.767591511533,"Ozark-Ouachita Dry Oak Woodland","Hardwood",38,89,6,5,13,5,82,"I-A",97,69,0,0.380392,0.270588,0
"111102060304",2141,16400.9796334095,1476.08816700686,"Ozark-Ouachita Shortleaf Pine-Oak Forest and Woodland","Conifer",347,92,5,5,1,5,94,"I-A",196,164,100,0.768627,0.643137,0.392157
"111102060304",2153,204.699995424598,18.4229995882139,"Central Interior and Appalachian Floodplain Systems-Large Floodplains","Riparian",142,-9999,100,59,41,-9999,59,"III-A",48,237,56,0.188235,0.929412,0.219608
"111102060304",2160,13892.9996894673,1250.36997205205,"Ozark-Ouachita Shortleaf Pine-Bluestem Woodland","Hardwood-Conifer",100,1223,2,2,2,1,97,"I-A",68,137,112,0.266667,0.537255,0.439216
"111102060305",11,16196.8796379715,1457.71916741744,"Open Water","Open Water",-9999,-9999,-9999,-9999,-9999,-9999,-9999,"-9999",0,0,255,0,0,1
"111102060305",31,6.99999984353781,0.629999985918403,"Barren-Rock/Sand/Clay","Barren-Rock/Sand/Clay",-9999,-9999,-9999,-9999,-9999,-9999,-9999,"-9999",191,191,191,0.74902,0.74902,0.74902
"111102060305",2132,23043.2994849421,2073.89695364479,"Ozark-Ouachita Dry-Mesic Oak Forest","Hardwood",188,66,15,11,6,17,77,"I-B",115,115,0,0.45098,0.45098,0
"111102060305",2139,3859.0099137444,347.310892236996,"Ozark-Ouachita Mesic Hardwood Forest","Hardwood",316,110,25,19,6,18,76,"I-C",0,135,74,0,0.529412,0.290196
"111102060305",2140,7484.37983271107,673.594184943996,"Ozark-Ouachita Dry Oak Woodland","Hardwood",38,89,6,5,13,5,82,"I-A",97,69,0,0.380392,0.270588,0
"111102060305",2141,31318.139299985,2818.63253699865,"Ozark-Ouachita Shortleaf Pine-Oak Forest and Woodland","Conifer",347,92,5,5,1,5,94,"I-A",196,164,100,0.768627,0.643137,0.392157
"111102060305",2153,41117.7690809462,3700.59921728516,"Central Interior and Appalachian Floodplain Systems-Large Floodplains","Riparian",142,-9999,100,59,41,-9999,59,"III-A",48,237,56,0.188235,0.929412,0.219608
"111102060305",2160,19411.6495661158,1747.04846095042,"Ozark-Ouachita Shortleaf Pine-Bluestem Woodland","Hardwood-Conifer",100,1223,2,2,2,1,97,"I-A",68,137,112,0.266667,0.537255,0.439216
"111102060401",11,90.9999979659915,8.18999981693923,"Open Water","Open Water",-9999,-9999,-9999,-9999,-9999,-9999,-9999,"-9999",0,0,255,0,0,1
"111102060401",2132,29225.4993467592,2630.29494120833,"Ozark-Ouachita Dry-Mesic Oak Forest","Hardwood",188,66,15,11,6,17,77,"I-B",115,115,0,0.45098,0.45098,0
"111102060401",2139,2662.99994047731,239.669994642958,"Ozark-Ouachita Mesic Hardwood Forest","Hardwood",316,110,25,19,6,18,76,"I-C",0,135,74,0,0.529412,0.290196
"111102060401",2140,10739.789759947,966.581078395229,"Ozark-Ouachita Dry Oak Woodland","Hardwood",38,89,6,5,13,5,82,"I-A",97,69,0,0.380392,0.270588,0
"111102060401",2141,36387.8391866684,3274.90552680016,"Ozark-Ouachita Shortleaf Pine-Oak Forest and Woodland","Conifer",347,92,5,5,1,5,94,"I-A",196,164,100,0.768627,0.643137,0.392157
"111102060401",2153,1422.39996820688,128.015997138619,"Central Interior and Appalachian Floodplain Systems-Large Floodplains","Riparian",142,-9999,100,59,41,-9999,59,"III-A",48,237,56,0.188235,0.929412,0.219608
"111102060401",2155,14.9999996647239,1.34999996982515,"Gulf and Atlantic Coastal Plain Floodplain Systems","Riparian",393,257,49,37,10,15,75,"III-A",102,119,205,0.4,0.466667,0.803922
"111102060401",2160,30633.6793152839,2757.03113837555,"Ozark-Ouachita Shortleaf Pine-Bluestem Woodland","Hardwood-Conifer",100,1223,2,2,2,1,97,"I-A",68,137,112,0.266667,0.537255,0.439216
"111102060402",11,787.379982400686,70.8641984160617,"Open Water","Open Water",-9999,-9999,-9999,-9999,-9999,-9999,-9999,"-9999",0,0,255,0,0,1
"111102060402",2132,28612.1693604682,2575.09524244213,"Ozark-Ouachita Dry-Mesic Oak Forest","Hardwood",188,66,15,11,6,17,77,"I-B",115,115,0,0.45098,0.45098,0
"111102060402",2139,2421.99994586408,217.979995127767,"Ozark-Ouachita Mesic Hardwood Forest","Hardwood",316,110,25,19,6,18,76,"I-C",0,135,74,0,0.529412,0.290196
"111102060402",2140,11709.5897382703,1053.86307644432,"Ozark-Ouachita Dry Oak Woodland","Hardwood",38,89,6,5,13,5,82,"I-A",97,69,0,0.380392,0.270588,0
"111102060402",2141,29978.1693299357,2698.03523969421,"Ozark-Ouachita Shortleaf Pine-Oak Forest and Woodland","Conifer",347,92,5,5,1,5,94,"I-A",196,164,100,0.768627,0.643137,0.392157
"111102060402",2153,2678.81994012371,241.093794611134,"Central Interior and Appalachian Floodplain Systems-Large Floodplains","Riparian",142,-9999,100,59,41,-9999,59,"III-A",48,237,56,0.188235,0.929412,0.219608
"111102060402",2160,25054.4394399896,2254.89954959907,"Ozark-Ouachita Shortleaf Pine-Bluestem Woodland","Hardwood-Conifer",100,1223,2,2,2,1,97,"I-A",68,137,112,0.266667,0.537255,0.439216
"111102060403",11,704.529984252527,63.4076985827275,"Open Water","Open Water",-9999,-9999,-9999,-9999,-9999,-9999,-9999,"-9999",0,0,255,0,0,1
"111102060403",2132,25605.6294276696,2304.50664849026,"Ozark-Ouachita Dry-Mesic Oak Forest","Hardwood",188,66,15,11,6,17,77,"I-B",115,115,0,0.45098,0.45098,0
"111102060403",2139,4241.99990518391,381.779991466552,"Ozark-Ouachita Mesic Hardwood Forest","Hardwood",316,110,25,19,6,18,76,"I-C",0,135,74,0,0.529412,0.290196
"111102060403",2140,9694.67978330702,872.521180497631,"Ozark-Ouachita Dry Oak Woodland","Hardwood",38,89,6,5,13,5,82,"I-A",97,69,0,0.380392,0.270588,0
"111102060403",2141,40237.1291006301,3621.34161905671,"Ozark-Ouachita Shortleaf Pine-Oak Forest and Woodland","Conifer",347,92,5,5,1,5,94,"I-A",196,164,100,0.768627,0.643137,0.392157
"111102060403",2153,8387.02981253527,754.832683128174,"Central Interior and Appalachian Floodplain Systems-Large Floodplains","Riparian",142,-9999,100,59,41,-9999,59,"III-A",48,237,56,0.188235,0.929412,0.219608
"111102060403",2155,16.9999996200204,1.52999996580184,"Gulf and Atlantic Coastal Plain Floodplain Systems","Riparian",393,257,49,37,10,15,75,"III-A",102,119,205,0.4,0.466667,0.803922
"111102060403",2160,23326.2094786186,2099.35885307567,"Ozark-Ouachita Shortleaf Pine-Bluestem Woodland","Hardwood-Conifer",100,1223,2,2,2,1,97,"I-A",68,137,112,0.266667,0.537255,0.439216
"111102060404",11,413.869990749285,37.2482991674356,"Open Water","Open Water",-9999,-9999,-9999,-9999,-9999,-9999,-9999,"-9999",0,0,255,0,0,1
"111102060404",2132,36287.819188904,3265.90372700136,"Ozark-Ouachita Dry-Mesic Oak Forest","Hardwood",188,66,15,11,6,17,77,"I-B",115,115,0,0.45098,0.45098,0
"111102060404",2139,7080.45984173939,637.241385756545,"Ozark-Ouachita Mesic Hardwood Forest","Hardwood",316,110,25,19,6,18,76,"I-C",0,135,74,0,0.529412,0.290196
"111102060404",2140,13075.6597077362,1176.80937369626,"Ozark-Ouachita Dry Oak Woodland","Hardwood",38,89,6,5,13,5,82,"I-A",97,69,0,0.380392,0.270588,0
"111102060404",2141,24059.6994622238,2165.37295160014,"Ozark-Ouachita Shortleaf Pine-Oak Forest and Woodland","Conifer",347,92,5,5,1,5,94,"I-A",196,164,100,0.768627,0.643137,0.392157
"111102060404",2153,340.089992398396,30.6080993158557,"Central Interior and Appalachian Floodplain Systems-Large Floodplains","Riparian",142,-9999,100,59,41,-9999,59,"III-A",48,237,56,0.188235,0.929412,0.219608
"111102060404",2160,33786.2192448191,3040.75973203372,"Ozark-Ouachita Shortleaf Pine-Bluestem Woodland","Hardwood-Conifer",100,1223,2,2,2,1,97,"I-A",68,137,112,0.266667,0.537255,0.439216
"111102060405",11,336.549992477521,30.2894993229769,"Open Water","Open Water",-9999,-9999,-9999,-9999,-9999,-9999,-9999,"-9999",0,0,255,0,0,1
"111102060405",2132,22126.5895054322,1991.3930554889,"Ozark-Ouachita Dry-Mesic Oak Forest","Hardwood",188,66,15,11,6,17,77,"I-B",115,115,0,0.45098,0.45098,0
"111102060405",2139,4816.35989234596,433.472390311137,"Ozark-Ouachita Mesic Hardwood Forest","Hardwood",316,110,25,19,6,18,76,"I-C",0,135,74,0,0.529412,0.290196
"111102060405",2140,7539.73983147368,678.576584832631,"Ozark-Ouachita Dry Oak Woodland","Hardwood",38,89,6,5,13,5,82,"I-A",97,69,0,0.380392,0.270588,0
"111102060405",2141,18785.2295801174,1690.67066221057,"Ozark-Ouachita Shortleaf Pine-Oak Forest and Woodland","Conifer",347,92,5,5,1,5,94,"I-A",196,164,100,0.768627,0.643137,0.392157
"111102060405",2153,310.999993048608,27.9899993743747,"Central Interior and Appalachian Floodplain Systems-Large Floodplains","Riparian",142,-9999,100,59,41,-9999,59,"III-A",48,237,56,0.188235,0.929412,0.219608
"111102060405",2160,21348.8595228158,1921.39735705342,"Ozark-Ouachita Shortleaf Pine-Bluestem Woodland","Hardwood-Conifer",100,1223,2,2,2,1,97,"I-A",68,137,112,0.266667,0.537255,0.439216
"111102060406",11,861.059980753809,77.4953982678428,"Open Water","Open Water",-9999,-9999,-9999,-9999,-9999,-9999,-9999,"-9999",0,0,255,0,0,1
"111102060406",2132,16395.7596335262,1475.61836701736,"Ozark-Ouachita Dry-Mesic Oak Forest","Hardwood",188,66,15,11,6,17,77,"I-B",115,115,0,0.45098,0.45098,0
"111102060406",2139,2542.58994316868,228.833094885182,"Ozark-Ouachita Mesic Hardwood Forest","Hardwood",316,110,25,19,6,18,76,"I-C",0,135,74,0,0.529412,0.290196
"111102060406",2140,6294.91985929757,566.542787336782,"Ozark-Ouachita Dry Oak Woodland","Hardwood",38,89,6,5,13,5,82,"I-A",97,69,0,0.380392,0.270588,0
"111102060406",2141,19505.2095640246,1755.46886076221,"Ozark-Ouachita Shortleaf Pine-Oak Forest and Woodland","Conifer",347,92,5,5,1,5,94,"I-A",196,164,100,0.768627,0.643137,0.392157
"111102060406",2153,5940.6598672159,534.659388049431,"Central Interior and Appalachian Floodplain Systems-Large Floodplains","Riparian",142,-9999,100,59,41,-9999,59,"III-A",48,237,56,0.188235,0.929412,0.219608
"111102060406",2155,6.99999984353781,0.629999985918403,"Gulf and Atlantic Coastal Plain Floodplain Systems","Riparian",393,257,49,37,10,15,75,"III-A",102,119,205,0.4,0.466667,0.803922
"111102060406",2160,15683.3796494491,1411.50416845042,"Ozark-Ouachita Shortleaf Pine-Bluestem Woodland","Hardwood-Conifer",100,1223,2,2,2,1,97,"I-A",68,137,112,0.266667,0.537255,0.439216
"111102060407",11,796.429982198402,71.6786983978562,"Open Water","Open Water",-9999,-9999,-9999,-9999,-9999,-9999,-9999,"-9999",0,0,255,0,0,1
"111102060407",2132,33532.4792504907,3017.92313254416,"Ozark-Ouachita Dry-Mesic Oak Forest","Hardwood",188,66,15,11,6,17,77,"I-B",115,115,0,0.45098,0.45098,0
"111102060407",2139,6736.37984943017,606.274186448716,"Ozark-Ouachita Mesic Hardwood Forest","Hardwood",316,110,25,19,6,18,76,"I-C",0,135,74,0,0.529412,0.290196
"111102060407",2140,6305.5398590602,567.498587315418,"Ozark-Ouachita Dry Oak Woodland","Hardwood",38,89,6,5,13,5,82,"I-A",97,69,0,0.380392,0.270588,0
"111102060407",2141,24493.9494525176,2204.45545072658,"Ozark-Ouachita Shortleaf Pine-Oak Forest and Woodland","Conifer",347,92,5,5,1,5,94,"I-A",196,164,100,0.768627,0.643137,0.392157
"111102060407",2153,1278.77997141704,115.090197427534,"Central Interior and Appalachian Floodplain Systems-Large Floodplains","Riparian",142,-9999,100,59,41,-9999,59,"III-A",48,237,56,0.188235,0.929412,0.219608
"111102060407",2160,19430.2795656994,1748.72516091295,"Ozark-Ouachita Shortleaf Pine-Bluestem Woodland","Hardwood-Conifer",100,1223,2,2,2,1,97,"I-A",68,137,112,0.266667,0.537255,0.439216
"111102060501",11,879.64998033829,79.1684982304461,"Open Water","Open Water",-9999,-9999,-9999,-9999,-9999,-9999,-9999,"-9999",0,0,255,0,0,1
"111102060501",2132,14756.9796701558,1328.12817031402,"Ozark-Ouachita Dry-Mesic Oak Forest","Hardwood",188,66,15,11,6,17,77,"I-B",115,115,0,0.45098,0.45098,0
"111102060501",2139,3069.98993138038,276.299093824234,"Ozark-Ouachita Mesic Hardwood Forest","Hardwood",316,110,25,19,6,18,76,"I-C",0,135,74,0,0.529412,0.290196
"111102060501",2140,16070.8596407883,1446.37736767095,"Ozark-Ouachita Dry Oak Woodland","Hardwood",38,89,6,5,13,5,82,"I-A",97,69,0,0.380392,0.270588,0
"111102060501",2141,25362.7094330993,2282.64384897893,"Ozark-Ouachita Shortleaf Pine-Oak Forest and Woodland","Conifer",347,92,5,5,1,5,94,"I-A",196,164,100,0.768627,0.643137,0.392157
"111102060501",2153,7003.17984346673,630.286185912006,"Central Interior and Appalachian Floodplain Systems-Large Floodplains","Riparian",142,-9999,100,59,41,-9999,59,"III-A",48,237,56,0.188235,0.929412,0.219608
"111102060501",2160,10767.4897593278,969.074078339506,"Ozark-Ouachita Shortleaf Pine-Bluestem Woodland","Hardwood-Conifer",100,1223,2,2,2,1,97,"I-A",68,137,112,0.266667,0.537255,0.439216
"111102060502",11,774.759982682765,69.7283984414488,"Open Water","Open Water",-9999,-9999,-9999,-9999,-9999,-9999,-9999,"-9999",0,0,255,0,0,1
"111102060502",2132,9708.57978299633,873.772180469669,"Ozark-Ouachita Dry-Mesic Oak Forest","Hardwood",188,66,15,11,6,17,77,"I-B",115,115,0,0.45098,0.45098,0
"111102060502",2139,2422.66994584911,218.04029512642,"Ozark-Ouachita Mesic Hardwood Forest","Hardwood",316,110,25,19,6,18,76,"I-C",0,135,74,0,0.529412,0.290196
"111102060502",2140,8143.4098179806,732.906883618254,"Ozark-Ouachita Dry Oak Woodland","Hardwood",38,89,6,5,13,5,82,"I-A",97,69,0,0.380392,0.270588,0
"111102060502",2141,24137.6394604817,2172.38755144335,"Ozark-Ouachita Shortleaf Pine-Oak Forest and Woodland","Conifer",347,92,5,5,1,5,94,"I-A",196,164,100,0.768627,0.643137,0.392157
"111102060502",2153,18928.4695769157,1703.56226192242,"Central Interior and Appalachian Floodplain Systems-Large Floodplains","Riparian",142,-9999,100,59,41,-9999,59,"III-A",48,237,56,0.188235,0.929412,0.219608
"111102060502",2160,9123.21979608014,821.089781647213,"Ozark-Ouachita Shortleaf Pine-Bluestem Woodland","Hardwood-Conifer",100,1223,2,2,2,1,97,"I-A",68,137,112,0.266667,0.537255,0.439216
"111102060503",11,2096.90995313041,188.721895781737,"Open Water","Open Water",-9999,-9999,-9999,-9999,-9999,-9999,-9999,"-9999",0,0,255,0,0,1
"111102060503",2132,26468.2494083885,2382.14244675497,"Ozark-Ouachita Dry-Mesic Oak Forest","Hardwood",188,66,15,11,6,17,77,"I-B",115,115,0,0.45098,0.45098,0
"111102060503",2139,4132.99990762025,371.969991685823,"Ozark-Ouachita Mesic Hardwood Forest","Hardwood",316,110,25,19,6,18,76,"I-C",0,135,74,0,0.529412,0.290196
"111102060503",2140,12730.7197154462,1145.76477439016,"Ozark-Ouachita Dry Oak Woodland","Hardwood",38,89,6,5,13,5,82,"I-A",97,69,0,0.380392,0.270588,0
"111102060503",2141,31657.3592924029,2849.16233631626,"Ozark-Ouachita Shortleaf Pine-Oak Forest and Woodland","Conifer",347,92,5,5,1,5,94,"I-A",196,164,100,0.768627,0.643137,0.392157
"111102060503",2153,43214.7690340746,3889.32921306672,"Central Interior and Appalachian Floodplain Systems-Large Floodplains","Riparian",142,-9999,100,59,41,-9999,59,"III-A",48,237,56,0.188235,0.929412,0.219608
"111102060503",2160,19576.1195624396,1761.85076061957,"Ozark-Ouachita Shortleaf Pine-Bluestem Woodland","Hardwood-Conifer",100,1223,2,2,2,1,97,"I-A",68,137,112,0.266667,0.537255,0.439216
"111102060504",11,6536.40985389985,588.276886850987,"Open Water","Open Water",-9999,-9999,-9999,-9999,-9999,-9999,-9999,"-9999",0,0,255,0,0,1
"111102060504",31,1.99999995529652,0.179999995976686,"Barren-Rock/Sand/Clay","Barren-Rock/Sand/Clay",-9999,-9999,-9999,-9999,-9999,-9999,-9999,"-9999",191,191,191,0.74902,0.74902,0.74902
"111102060504",2132,18306.1695908252,1647.55526317427,"Ozark-Ouachita Dry-Mesic Oak Forest","Hardwood",188,66,15,11,6,17,77,"I-B",115,115,0,0.45098,0.45098,0
"111102060504",2139,3241.99992753565,291.779993478209,"Ozark-Ouachita Mesic Hardwood Forest","Hardwood",316,110,25,19,6,18,76,"I-C",0,135,74,0,0.529412,0.290196
"111102060504",2140,8691.68980572559,782.252082515303,"Ozark-Ouachita Dry Oak Woodland","Hardwood",38,89,6,5,13,5,82,"I-A",97,69,0,0.380392,0.270588,0
"111102060504",2141,28474.7293635402,2562.72564271862,"Ozark-Ouachita Shortleaf Pine-Oak Forest and Woodland","Conifer",347,92,5,5,1,5,94,"I-A",196,164,100,0.768627,0.643137,0.392157
"111102060504",2147,6.94999984465539,0.625499986018985,"Arkansas Valley Prairie and Woodland-Woodland","Grassland",96,14,2,2,3,14,83,"I-A",204,138,179,0.8,0.541176,0.701961
"111102060504",2153,28021.2293736767,2521.9106436309,"Central Interior and Appalachian Floodplain Systems-Large Floodplains","Riparian",142,-9999,100,59,41,-9999,59,"III-A",48,237,56,0.188235,0.929412,0.219608
"111102060504",2160,17168.9696162436,1545.20726546193,"Ozark-Ouachita Shortleaf Pine-Bluestem Woodland","Hardwood-Conifer",100,1223,2,2,2,1,97,"I-A",68,137,112,0.266667,0.537255,0.439216
"111102070101",11,152.999996580184,13.7699996922165,"Open Water","Open Water",-9999,-9999,-9999,-9999,-9999,-9999,-9999,"-9999",0,0,255,0,0,1
"111102070101",2132,34166.6192363165,3074.99573126849,"Ozark-Ouachita Dry-Mesic Oak Forest","Hardwood",188,66,15,11,6,17,77,"I-B",115,115,0,0.45098,0.45098,0
"111102070101",2139,3940.99991191179,354.689992072061,"Ozark-Ouachita Mesic Hardwood Forest","Hardwood",316,110,25,19,6,18,76,"I-C",0,135,74,0,0.529412,0.290196
"111102070101",2140,15250.6196591221,1372.55576932099,"Ozark-Ouachita Dry Oak Woodland","Hardwood",38,89,6,5,13,5,82,"I-A",97,69,0,0.380392,0.270588,0
"111102070101",2141,39065.099126827,3515.85892141443,"Ozark-Ouachita Shortleaf Pine-Oak Forest and Woodland","Conifer",347,92,5,5,1,5,94,"I-A",196,164,100,0.768627,0.643137,0.392157
"111102070101",2153,821.36998164095,73.9232983476855,"Central Interior and Appalachian Floodplain Systems-Large Floodplains","Riparian",142,-9999,100,59,41,-9999,59,"III-A",48,237,56,0.188235,0.929412,0.219608
"111102070101",2160,30663.2193146236,2759.68973831613,"Ozark-Ouachita Shortleaf Pine-Bluestem Woodland","Hardwood-Conifer",100,1223,2,2,2,1,97,"I-A",68,137,112,0.266667,0.537255,0.439216
"111102070102",11,783.249982492998,70.4924984243698,"Open Water","Open Water",-9999,-9999,-9999,-9999,-9999,-9999,-9999,"-9999",0,0,255,0,0,1
"111102070102",2132,32551.1692724247,2929.60523451822,"Ozark-Ouachita Dry-Mesic Oak Forest","Hardwood",188,66,15,11,6,17,77,"I-B",115,115,0,0.45098,0.45098,0
"111102070102",2139,5001.99988819659,450.179989937693,"Ozark-Ouachita Mesic Hardwood Forest","Hardwood",316,110,25,19,6,18,76,"I-C",0,135,74,0,0.529412,0.290196
"111102070102",2140,12310.3697248418,1107.93327523576,"Ozark-Ouachita Dry Oak Woodland","Hardwood",38,89,6,5,13,5,82,"I-A",97,69,0,0.380392,0.270588,0
"111102070102",2141,36938.5591743588,3324.4703256923,"Ozark-Ouachita Shortleaf Pine-Oak Forest and Woodland","Conifer",347,92,5,5,1,5,94,"I-A",196,164,100,0.768627,0.643137,0.392157
"111102070102",2153,5911.17986787483,532.006188108735,"Central Interior and Appalachian Floodplain Systems-Large Floodplains","Riparian",142,-9999,100,59,41,-9999,59,"III-A",48,237,56,0.188235,0.929412,0.219608
"111102070102",2160,27764.7393794097,2498.82654414687,"Ozark-Ouachita Shortleaf Pine-Bluestem Woodland","Hardwood-Conifer",100,1223,2,2,2,1,97,"I-A",68,137,112,0.266667,0.537255,0.439216
"111401050101",11,151.999996602535,13.6799996942282,"Open Water","Open Water",-9999,-9999,-9999,-9999,-9999,-9999,-9999,"-9999",0,0,255,0,0,1
"111401050101",2132,32267.2892787699,2904.05603508929,"Ozark-Ouachita Dry-Mesic Oak Forest","Hardwood",188,66,15,11,6,17,77,"I-B",115,115,0,0.45098,0.45098,0
"111401050101",2136,4065.33990913257,365.880591821931,"Ouachita Montane Oak Forest","Hardwood",38,89,6,5,13,6,81,"I-A",0,38,115,0,0.14902,0.45098
"111401050101",2139,6232.57986069098,560.932187462188,"Ozark-Ouachita Mesic Hardwood Forest","Hardwood",316,110,25,19,6,18,76,"I-C",0,135,74,0,0.529412,0.290196
"111401050101",2140,26718.0994028039,2404.62894625235,"Ozark-Ouachita Dry Oak Woodland","Hardwood",38,89,6,5,13,5,82,"I-A",97,69,0,0.380392,0.270588,0
"111401050101",2141,26494.9694077913,2384.54724670121,"Ozark-Ouachita Shortleaf Pine-Oak Forest and Woodland","Conifer",347,92,5,5,1,5,94,"I-A",196,164,100,0.768627,0.643137,0.392157
"111401050101",2153,5024.23988769948,452.181589892954,"Central Interior and Appalachian Floodplain Systems-Large Floodplains","Riparian",142,-9999,100,59,41,-9999,59,"III-A",48,237,56,0.188235,0.929412,0.219608
"111401050101",2158,15.9999996423721,1.43999996781349,"Central Interior and Appalachian Shrub-Herbaceous Wetland Systems","Riparian",17,-9999,-9999,17,100,-9999,-9999,"II-C",240,150,20,0.941176,0.588235,0.078431
"111401050101",2160,40950.3890846875,3685.53501762187,"Ozark-Ouachita Shortleaf Pine-Bluestem Woodland","Hardwood-Conifer",100,1223,2,2,2,1,97,"I-A",68,137,112,0.266667,0.537255,0.439216
"111401050102",11,17.3799996115267,1.56419996503741,"Open Water","Open Water",-9999,-9999,-9999,-9999,-9999,-9999,-9999,"-9999",0,0,255,0,0,1
"111401050102",2132,13943.1096883472,1254.87987195125,"Ozark-Ouachita Dry-Mesic Oak Forest","Hardwood",188,66,15,11,6,17,77,"I-B",115,115,0,0.45098,0.45098,0
"111401050102",2136,152.219996597618,13.6997996937856,"Ouachita Montane Oak Forest","Hardwood",38,89,6,5,13,6,81,"I-A",0,38,115,0,0.14902,0.45098
"111401050102",2139,2611.99994161725,235.079994745553,"Ozark-Ouachita Mesic Hardwood Forest","Hardwood",316,110,25,19,6,18,76,"I-C",0,135,74,0,0.529412,0.290196
"111401050102",2140,17528.0996082164,1577.52896473948,"Ozark-Ouachita Dry Oak Woodland","Hardwood",38,89,6,5,13,5,82,"I-A",97,69,0,0.380392,0.270588,0
"111401050102",2141,15149.2496613879,1363.43246952491,"Ozark-Ouachita Shortleaf Pine-Oak Forest and Woodland","Conifer",347,92,5,5,1,5,94,"I-A",196,164,100,0.768627,0.643137,0.392157
"111401050102",2153,1761.44996062852,158.530496456567,"Central Interior and Appalachian Floodplain Systems-Large Floodplains","Riparian",142,-9999,100,59,41,-9999,59,"III-A",48,237,56,0.188235,0.929412,0.219608
"111401050102",2158,13.9999996870756,1.25999997183681,"Central Interior and Appalachian Shrub-Herbaceous Wetland Systems","Riparian",17,-9999,-9999,17,100,-9999,-9999,"II-C",240,150,20,0.941176,0.588235,0.078431
"111401050102",2160,11251.8697485011,1012.6682773651,"Ozark-Ouachita Shortleaf Pine-Bluestem Woodland","Hardwood-Conifer",100,1223,2,2,2,1,97,"I-A",68,137,112,0.266667,0.537255,0.439216
"111401050103",11,338.209992440417,30.4388993196376,"Open Water","Open Water",-9999,-9999,-9999,-9999,-9999,-9999,-9999,"-9999",0,0,255,0,0,1
"111401050103",2132,28784.8193566091,2590.63374209482,"Ozark-Ouachita Dry-Mesic Oak Forest","Hardwood",188,66,15,11,6,17,77,"I-B",115,115,0,0.45098,0.45098,0
"111401050103",2136,437.809990214184,39.4028991192766,"Ouachita Montane Oak Forest","Hardwood",38,89,6,5,13,6,81,"I-A",0,38,115,0,0.14902,0.45098
"111401050103",2139,4034.74990981631,363.127491883468,"Ozark-Ouachita Mesic Hardwood Forest","Hardwood",316,110,25,19,6,18,76,"I-C",0,135,74,0,0.529412,0.290196
"111401050103",2140,30573.4193166308,2751.60773849677,"Ozark-Ouachita Dry Oak Woodland","Hardwood",38,89,6,5,13,5,82,"I-A",97,69,0,0.380392,0.270588,0
"111401050103",2141,14361.9296789858,1292.57367110873,"Ozark-Ouachita Shortleaf Pine-Oak Forest and Woodland","Conifer",347,92,5,5,1,5,94,"I-A",196,164,100,0.768627,0.643137,0.392157
"111401050103",2153,9055.13979760185,814.962581784166,"Central Interior and Appalachian Floodplain Systems-Large Floodplains","Riparian",142,-9999,100,59,41,-9999,59,"III-A",48,237,56,0.188235,0.929412,0.219608
"111401050103",2158,94.9999978765845,8.54999980889261,"Central Interior and Appalachian Shrub-Herbaceous Wetland Systems","Riparian",17,-9999,-9999,17,100,-9999,-9999,"II-C",240,150,20,0.941176,0.588235,0.078431
"111401050103",2160,37094.3591708764,3338.49232537888,"Ozark-Ouachita Shortleaf Pine-Bluestem Woodland","Hardwood-Conifer",100,1223,2,2,2,1,97,"I-A",68,137,112,0.266667,0.537255,0.439216
"111401050104",11,465.009989606217,41.8508990645595,"Open Water","Open Water",-9999,-9999,-9999,-9999,-9999,-9999,-9999,"-9999",0,0,255,0,0,1
"111401050104",2132,18635.5395834632,1677.19856251169,"Ozark-Ouachita Dry-Mesic Oak Forest","Hardwood",188,66,15,11,6,17,77,"I-B",115,115,0,0.45098,0.45098,0
"111401050104",2139,2409.9999461323,216.899995151907,"Ozark-Ouachita Mesic Hardwood Forest","Hardwood",316,110,25,19,6,18,76,"I-C",0,135,74,0,0.529412,0.290196
"111401050104",2140,29486.649340922,2653.79844068298,"Ozark-Ouachita Dry Oak Woodland","Hardwood",38,89,6,5,13,5,82,"I-A",97,69,0,0.380392,0.270588,0
"111401050104",2141,16474.3796317689,1482.6941668592,"Ozark-Ouachita Shortleaf Pine-Oak Forest and Woodland","Conifer",347,92,5,5,1,5,94,"I-A",196,164,100,0.768627,0.643137,0.392157
"111401050104",2153,7169.9198397398,645.292785576582,"Central Interior and Appalachian Floodplain Systems-Large Floodplains","Riparian",142,-9999,100,59,41,-9999,59,"III-A",48,237,56,0.188235,0.929412,0.219608
"111401050104",2158,152.599996589124,13.7339996930212,"Central Interior and Appalachian Shrub-Herbaceous Wetland Systems","Riparian",17,-9999,-9999,17,100,-9999,-9999,"II-C",240,150,20,0.941176,0.588235,0.078431
"111401050104",2160,17810.199601911,1602.91796417199,"Ozark-Ouachita Shortleaf Pine-Bluestem Woodland","Hardwood-Conifer",100,1223,2,2,2,1,97,"I-A",68,137,112,0.266667,0.537255,0.439216
"111401050105",11,750.099983233958,67.5089984910563,"Open Water","Open Water",-9999,-9999,-9999,-9999,-9999,-9999,-9999,"-9999",0,0,255,0,0,1
"111401050105",2132,25172.489437351,2265.52404936159,"Ozark-Ouachita Dry-Mesic Oak Forest","Hardwood",188,66,15,11,6,17,77,"I-B",115,115,0,0.45098,0.45098,0
"111401050105",2139,2128.99995241314,191.609995717183,"Ozark-Ouachita Mesic Hardwood Forest","Hardwood",316,110,25,19,6,18,76,"I-C",0,135,74,0,0.529412,0.290196
"111401050105",2140,39368.1391200535,3543.13252080482,"Ozark-Ouachita Dry Oak Woodland","Hardwood",38,89,6,5,13,5,82,"I-A",97,69,0,0.380392,0.270588,0
"111401050105",2141,14054.029685868,1264.86267172812,"Ozark-Ouachita Shortleaf Pine-Oak Forest and Woodland","Conifer",347,92,5,5,1,5,94,"I-A",196,164,100,0.768627,0.643137,0.392157
"111401050105",2153,12629.6797177047,1136.67117459342,"Central Interior and Appalachian Floodplain Systems-Large Floodplains","Riparian",142,-9999,100,59,41,-9999,59,"III-A",48,237,56,0.188235,0.929412,0.219608
"111401050105",2158,230.399994850159,20.7359995365143,"Central Interior and Appalachian Shrub-Herbaceous Wetland Systems","Riparian",17,-9999,-9999,17,100,-9999,-9999,"II-C",240,150,20,0.941176,0.588235,0.078431
"111401050105",2160,23771.7394686602,2139.45655217942,"Ozark-Ouachita Shortleaf Pine-Bluestem Woodland","Hardwood-Conifer",100,1223,2,2,2,1,97,"I-A",68,137,112,0.266667,0.537255,0.439216
"111401050106",11,37.5699991602451,3.38129992442206,"Open Water","Open Water",-9999,-9999,-9999,-9999,-9999,-9999,-9999,"-9999",0,0,255,0,0,1
"111401050106",2132,8639.44980689324,777.550482620392,"Ozark-Ouachita Dry-Mesic Oak Forest","Hardwood",188,66,15,11,6,17,77,"I-B",115,115,0,0.45098,0.45098,0
"111401050106",2139,1232.9999724403,110.969997519627,"Ozark-Ouachita Mesic Hardwood Forest","Hardwood",316,110,25,19,6,18,76,"I-C",0,135,74,0,0.529412,0.290196
"111401050106",2140,12014.0297314655,1081.2626758319,"Ozark-Ouachita Dry Oak Woodland","Hardwood",38,89,6,5,13,5,82,"I-A",97,69,0,0.380392,0.270588,0
"111401050106",2141,8732.5498048123,785.929482433107,"Ozark-Ouachita Shortleaf Pine-Oak Forest and Woodland","Conifer",347,92,5,5,1,5,94,"I-A",196,164,100,0.768627,0.643137,0.392157
"111401050106",2153,6537.34985387884,588.361486849096,"Central Interior and Appalachian Floodplain Systems-Large Floodplains","Riparian",142,-9999,100,59,41,-9999,59,"III-A",48,237,56,0.188235,0.929412,0.219608
"111401050106",2158,171.9999961555,15.479999653995,"Central Interior and Appalachian Shrub-Herbaceous Wetland Systems","Riparian",17,-9999,-9999,17,100,-9999,-9999,"II-C",240,150,20,0.941176,0.588235,0.078431
"111401050106",2160,18083.7595957965,1627.53836362168,"Ozark-Ouachita Shortleaf Pine-Bluestem Woodland","Hardwood-Conifer",100,1223,2,2,2,1,97,"I-A",68,137,112,0.266667,0.537255,0.439216
"111401050107",11,221.789995042607,19.9610995538346,"Open Water","Open Water",-9999,-9999,-9999,-9999,-9999,-9999,-9999,"-9999",0,0,255,0,0,1
"111401050107",2132,9791.5097811427,881.235880302843,"Ozark-Ouachita Dry-Mesic Oak Forest","Hardwood",188,66,15,11,6,17,77,"I-B",115,115,0,0.45098,0.45098,0
"111401050107",2139,1197.99997322261,107.819997590035,"Ozark-Ouachita Mesic Hardwood Forest","Hardwood",316,110,25,19,6,18,76,"I-C",0,135,74,0,0.529412,0.290196
"111401050107",2140,14211.2496823538,1279.01247141184,"Ozark-Ouachita Dry Oak Woodland","Hardwood",38,89,6,5,13,5,82,"I-A",97,69,0,0.380392,0.270588,0
"111401050107",2141,7712.41982761398,694.117784485258,"Ozark-Ouachita Shortleaf Pine-Oak Forest and Woodland","Conifer",347,92,5,5,1,5,94,"I-A",196,164,100,0.768627,0.643137,0.392157
"111401050107",2153,7150.34984017722,643.53148561595,"Central Interior and Appalachian Floodplain Systems-Large Floodplains","Riparian",142,-9999,100,59,41,-9999,59,"III-A",48,237,56,0.188235,0.929412,0.219608
"111401050107",2158,70.9999984130263,6.38999985717237,"Central Interior and Appalachian Shrub-Herbaceous Wetland Systems","Riparian",17,-9999,-9999,17,100,-9999,-9999,"II-C",240,150,20,0.941176,0.588235,0.078431
"111401050107",2160,16660.7896276023,1499.47106648421,"Ozark-Ouachita Shortleaf Pine-Bluestem Woodland","Hardwood-Conifer",100,1223,2,2,2,1,97,"I-A",68,137,112,0.266667,0.537255,0.439216
"111401050301",11,1578.26996472292,142.044296825062,"Open Water","Open Water",-9999,-9999,-9999,-9999,-9999,-9999,-9999,"-9999",0,0,255,0,0,1
"111401050301",2132,23473.429475328,2112.60865277952,"Ozark-Ouachita Dry-Mesic Oak Forest","Hardwood",188,66,15,11,6,17,77,"I-B",115,115,0,0.45098,0.45098,0
"111401050301",2139,3016.63993257284,271.497593931556,"Ozark-Ouachita Mesic Hardwood Forest","Hardwood",316,110,25,19,6,18,76,"I-C",0,135,74,0,0.529412,0.290196
"111401050301",2140,17383.5296114478,1564.5176650303,"Ozark-Ouachita Dry Oak Woodland","Hardwood",38,89,6,5,13,5,82,"I-A",97,69,0,0.380392,0.270588,0
"111401050301",2141,18369.7295894045,1653.27566304641,"Ozark-Ouachita Shortleaf Pine-Oak Forest and Woodland","Conifer",347,92,5,5,1,5,94,"I-A",196,164,100,0.768627,0.643137,0.392157
"111401050301",2153,7394.15983472764,665.474385125488,"Central Interior and Appalachian Floodplain Systems-Large Floodplains","Riparian",142,-9999,100,59,41,-9999,59,"III-A",48,237,56,0.188235,0.929412,0.219608
"111401050301",2158,116.559997394681,10.4903997655213,"Central Interior and Appalachian Shrub-Herbaceous Wetland Systems","Riparian",17,-9999,-9999,17,100,-9999,-9999,"II-C",240,150,20,0.941176,0.588235,0.078431
"111401050301",2160,20657.0595382787,1859.13535844509,"Ozark-Ouachita Shortleaf Pine-Bluestem Woodland","Hardwood-Conifer",100,1223,2,2,2,1,97,"I-A",68,137,112,0.266667,0.537255,0.439216
"111401060302",11,706.789984202012,63.6110985781811,"Open Water","Open Water",-9999,-9999,-9999,-9999,-9999,-9999,-9999,"-9999",0,0,255,0,0,1
"111401060302",2138,86.6499980632216,7.79849982568994,"West Gulf Coastal Plain Mesic Hardwood Forest","Hardwood",271,90,23,17,7,19,74,"I-C",181,158,143,0.709804,0.619608,0.560784
"111401060302",2142,28714.2793581858,2584.28514223672,"West Gulf Coastal Plain Pine-Hardwood Forest","Hardwood-Conifer",121,52,5,4,4,9,87,"I-A",100,168,0,0.392157,0.658824,0
"111401060302",2143,7063.26984212361,635.694285791125,"West Gulf Coastal Plain Sandhill Oak and Shortleaf Pine Forest and Woodland","Hardwood-Conifer",159,390,5,5,3,1,96,"I-A",209,217,0,0.819608,0.85098,0
"111401060302",2150,17874.4796004742,1608.70316404268,"West Gulf Coastal Plain Northern Calcareous Prairie","Grassland",1280,7,7,3,1,52,47,"I-A",255,0,110,1,0,0.431373
"111401060302",2151,30.999999307096,2.78999993763864,"West Gulf Coastal Plain Pine-Hardwood Flatwoods","Hardwood-Conifer",179,104,5,5,3,4,93,"I-A",99,235,97,0.388235,0.921569,0.380392
"111401060302",2155,16830.5196238086,1514.74676614277,"Gulf and Atlantic Coastal Plain Floodplain Systems","Riparian",393,257,49,37,10,15,75,"III-A",102,119,205,0.4,0.466667,0.803922
"111401060302",2156,9862.27977956086,887.605180160478,"Gulf and Atlantic Coastal Plain Small Stream Riparian Systems","Riparian",431,129,50,33,8,26,66,"I-C",171,185,235,0.670588,0.72549,0.921569
"111401060302",2157,136.309996953234,12.2678997257911,"Gulf and Atlantic Coastal Plain Swamp Systems","Riparian",1020,-9999,685,410,40,-9999,60,"V-A",102,212,179,0.4,0.831373,0.701961
"111401060305",11,983.999978005886,88.5599980205297,"Open Water","Open Water",-9999,-9999,-9999,-9999,-9999,-9999,-9999,"-9999",0,0,255,0,0,1
"111401060305",2138,86.9999980553985,7.82999982498586,"West Gulf Coastal Plain Mesic Hardwood Forest","Hardwood",271,90,23,17,7,19,74,"I-C",181,158,143,0.709804,0.619608,0.560784
"111401060305",2140,4.99999988824129,0.449999989941716,"Ozark-Ouachita Dry Oak Woodland","Hardwood",38,89,6,5,13,5,82,"I-A",97,69,0,0.380392,0.270588,0
"111401060305",2142,11658.5297394115,1049.26767654704,"West Gulf Coastal Plain Pine-Hardwood Forest","Hardwood-Conifer",121,52,5,4,4,9,87,"I-A",100,168,0,0.392157,0.658824,0
"111401060305",2143,5752.38987142406,517.715088428166,"West Gulf Coastal Plain Sandhill Oak and Shortleaf Pine Forest and Woodland","Hardwood-Conifer",159,390,5,5,3,1,96,"I-A",209,217,0,0.819608,0.85098,0
"111401060305",2150,1611.3599639833,145.022396758497,"West Gulf Coastal Plain Northern Calcareous Prairie","Grassland",1280,7,7,3,1,52,47,"I-A",255,0,110,1,0,0.431373
"111401060305",2155,37416.2691636812,3367.46422473131,"Gulf and Atlantic Coastal Plain Floodplain Systems","Riparian",393,257,49,37,10,15,75,"III-A",102,119,205,0.4,0.466667,0.803922
"111401060305",2156,3494.06992190145,314.46629297113,"Gulf and Atlantic Coastal Plain Small Stream Riparian Systems","Riparian",431,129,50,33,8,26,66,"I-C",171,185,235,0.670588,0.72549,0.921569
"111401060305",2157,1552.28996530361,139.706096877325,"Gulf and Atlantic Coastal Plain Swamp Systems","Riparian",1020,-9999,685,410,40,-9999,60,"V-A",102,212,179,0.4,0.831373,0.701961
"111401060401",11,1020.55997718871,91.8503979469836,"Open Water","Open Water",-9999,-9999,-9999,-9999,-9999,-9999,-9999,"-9999",0,0,255,0,0,1
"111401060401",1446,12.8999997116625,1.16099997404963,"Gulf and Atlantic Coastal Plain Floodplain Systems","Riparian",393,257,49,37,10,15,75,"III-A",102,119,205,0.4,0.466667,0.803922
"111401060401",2138,103.999997675419,9.3599997907877,"West Gulf Coastal Plain Mesic Hardwood Forest","Hardwood",271,90,23,17,7,19,74,"I-C",181,158,143,0.709804,0.619608,0.560784
"111401060401",2140,17.9999995976686,1.61999996379018,"Ozark-Ouachita Dry Oak Woodland","Hardwood",38,89,6,5,13,5,82,"I-A",97,69,0,0.380392,0.270588,0
"111401060401",2142,11691.1297386829,1052.20167648146,"West Gulf Coastal Plain Pine-Hardwood Forest","Hardwood-Conifer",121,52,5,4,4,9,87,"I-A",100,168,0,0.392157,0.658824,0
"111401060401",2143,7961.65982204303,716.549383983873,"West Gulf Coastal Plain Sandhill Oak and Shortleaf Pine Forest and Woodland","Hardwood-Conifer",159,390,5,5,3,1,96,"I-A",209,217,0,0.819608,0.85098,0
"111401060401",2150,382.999991439283,34.4699992295355,"West Gulf Coastal Plain Northern Calcareous Prairie","Grassland",1280,7,7,3,1,52,47,"I-A",255,0,110,1,0,0.431373
"111401060401",2151,8.02999982051551,0.722699983846396,"West Gulf Coastal Plain Pine-Hardwood Flatwoods","Hardwood-Conifer",179,104,5,5,3,4,93,"I-A",99,235,97,0.388235,0.921569,0.380392
"111401060401",2155,25721.3194250837,2314.91874825753,"Gulf and Atlantic Coastal Plain Floodplain Systems","Riparian",393,257,49,37,10,15,75,"III-A",102,119,205,0.4,0.466667,0.803922
"111401060401",2156,3584.1099198889,322.569892790001,"Gulf and Atlantic Coastal Plain Small Stream Riparian Systems","Riparian",431,129,50,33,8,26,66,"I-C",171,185,235,0.670588,0.72549,0.921569
"111401060401",2157,2659.11994056404,239.320794650763,"Gulf and Atlantic Coastal Plain Swamp Systems","Riparian",1020,-9999,685,410,40,-9999,60,"V-A",102,212,179,0.4,0.831373,0.701961
"111401060403",11,1699.98996200226,152.999096580204,"Open Water","Open Water",-9999,-9999,-9999,-9999,-9999,-9999,-9999,"-9999",0,0,255,0,0,1
"111401060403",2138,61.999998614192,5.57999987527728,"West Gulf Coastal Plain Mesic Hardwood Forest","Hardwood",271,90,23,17,7,19,74,"I-C",181,158,143,0.709804,0.619608,0.560784
"111401060403",2140,16.9999996200204,1.52999996580184,"Ozark-Ouachita Dry Oak Woodland","Hardwood",38,89,6,5,13,5,82,"I-A",97,69,0,0.380392,0.270588,0
"111401060403",2142,73199.3083638679,6587.93775274811,"West Gulf Coastal Plain Pine-Hardwood Forest","Hardwood-Conifer",121,52,5,4,4,9,87,"I-A",100,168,0,0.392157,0.658824,0
"111401060403",2143,6349.21985808387,571.429787227549,"West Gulf Coastal Plain Sandhill Oak and Shortleaf Pine Forest and Woodland","Hardwood-Conifer",159,390,5,5,3,1,96,"I-A",209,217,0,0.819608,0.85098,0
"111401060403",2150,1086.66997571103,97.8002978139929,"West Gulf Coastal Plain Northern Calcareous Prairie","Grassland",1280,7,7,3,1,52,47,"I-A",255,0,110,1,0,0.431373
"111401060403",2151,1530.89996578172,137.780996920355,"West Gulf Coastal Plain Pine-Hardwood Flatwoods","Hardwood-Conifer",179,104,5,5,3,4,93,"I-A",99,235,97,0.388235,0.921569,0.380392
"111401060403",2155,31416.5392977856,2827.4885368007,"Gulf and Atlantic Coastal Plain Floodplain Systems","Riparian",393,257,49,37,10,15,75,"III-A",102,119,205,0.4,0.466667,0.803922
"111401060403",2156,11356.4697461631,1022.08227715468,"Gulf and Atlantic Coastal Plain Small Stream Riparian Systems","Riparian",431,129,50,33,8,26,66,"I-C",171,185,235,0.670588,0.72549,0.921569
"111401060403",2157,6587.05985276774,592.835386749096,"Gulf and Atlantic Coastal Plain Swamp Systems","Riparian",1020,-9999,685,410,40,-9999,60,"V-A",102,212,179,0.4,0.831373,0.701961
"111401060403",2159,441.99999012053,39.7799991108477,"West Gulf Coastal Plain Nonriverine Wet Hardwood Flatwoods","Hardwood",308,130,38,27,9,21,70,"I-C",38,115,0,0.14902,0.45098,0
"111401060404",11,1784.55996011198,160.610396410078,"Open Water","Open Water",-9999,-9999,-9999,-9999,-9999,-9999,-9999,"-9999",0,0,255,0,0,1
"111401060404",2138,21.9999995082617,1.97999995574355,"West Gulf Coastal Plain Mesic Hardwood Forest","Hardwood",271,90,23,17,7,19,74,"I-C",181,158,143,0.709804,0.619608,0.560784
"111401060404",2142,10526.5197647139,947.386778824255,"West Gulf Coastal Plain Pine-Hardwood Forest","Hardwood-Conifer",121,52,5,4,4,9,87,"I-A",100,168,0,0.392157,0.658824,0
"111401060404",2143,967.149978382513,87.0434980544262,"West Gulf Coastal Plain Sandhill Oak and Shortleaf Pine Forest and Woodland","Hardwood-Conifer",159,390,5,5,3,1,96,"I-A",209,217,0,0.819608,0.85098,0
"111401060404",2150,346.329992258921,31.1696993033029,"West Gulf Coastal Plain Northern Calcareous Prairie","Grassland",1280,7,7,3,1,52,47,"I-A",255,0,110,1,0,0.431373
"111401060404",2151,303.969993205741,27.3572993885167,"West Gulf Coastal Plain Pine-Hardwood Flatwoods","Hardwood-Conifer",179,104,5,5,3,4,93,"I-A",99,235,97,0.388235,0.921569,0.380392
"111401060404",2155,51742.8288434576,4656.85459591119,"Gulf and Atlantic Coastal Plain Floodplain Systems","Riparian",393,257,49,37,10,15,75,"III-A",102,119,205,0.4,0.466667,0.803922
"111401060404",2156,2384.16994670965,214.575295203868,"Gulf and Atlantic Coastal Plain Small Stream Riparian Systems","Riparian",431,129,50,33,8,26,66,"I-C",171,185,235,0.670588,0.72549,0.921569
"111401060404",2157,8774.44980387576,789.700482348818,"Gulf and Atlantic Coastal Plain Swamp Systems","Riparian",1020,-9999,685,410,40,-9999,60,"V-A",102,212,179,0.4,0.831373,0.701961
"111401060407",11,14441.1896772142,1299.70707094928,"Open Water","Open Water",-9999,-9999,-9999,-9999,-9999,-9999,-9999,"-9999",0,0,255,0,0,1
"111401060407",31,230.729994842783,20.7656995358504,"Barren-Rock/Sand/Clay","Barren-Rock/Sand/Clay",-9999,-9999,-9999,-9999,-9999,-9999,-9999,"-9999",191,191,191,0.74902,0.74902,0.74902
"111401060407",1438,29.9999993294477,2.6999999396503,"West Gulf Coastal Plain Pine-Hardwood Forest","Hardwood-Conifer",121,64,5,4,4,7,89,"I-A",100,168,0,0.392157,0.658824,0
"111401060407",1446,48333.7789196558,4350.04010276902,"Gulf and Atlantic Coastal Plain Floodplain Systems","Riparian",393,257,49,37,10,15,75,"III-A",102,119,205,0.4,0.466667,0.803922
"111401060407",1451,5874.32986869849,528.689688182864,"East-Central Texas Plains Post Oak Savanna and Woodland","Hardwood",57,53,5,4,8,8,84,"I-A",207,148,10,0.811765,0.580392,0.039216
"111401060407",2138,1.99999995529652,0.179999995976686,"West Gulf Coastal Plain Mesic Hardwood Forest","Hardwood",271,90,23,17,7,19,74,"I-C",181,158,143,0.709804,0.619608,0.560784
"111401060407",2142,222.089995035902,19.9880995532312,"West Gulf Coastal Plain Pine-Hardwood Forest","Hardwood-Conifer",121,52,5,4,4,9,87,"I-A",100,168,0,0.392157,0.658824,0
"111401060407",2151,13.9999996870756,1.25999997183681,"West Gulf Coastal Plain Pine-Hardwood Flatwoods","Hardwood-Conifer",179,104,5,5,3,4,93,"I-A",99,235,97,0.388235,0.921569,0.380392
"111401060407",2155,42825.5390427746,3854.29851384971,"Gulf and Atlantic Coastal Plain Floodplain Systems","Riparian",393,257,49,37,10,15,75,"III-A",102,119,205,0.4,0.466667,0.803922
"111401060407",2156,0.999999977648258,0.0899999979883432,"Gulf and Atlantic Coastal Plain Small Stream Riparian Systems","Riparian",431,129,50,33,8,26,66,"I-C",171,185,235,0.670588,0.72549,0.921569
"111401060407",2157,1425.28996814229,128.276097132806,"Gulf and Atlantic Coastal Plain Swamp Systems","Riparian",1020,-9999,685,410,40,-9999,60,"V-A",102,212,179,0.4,0.831373,0.701961
"111401060504",11,13859.0696902256,1247.31627212031,"Open Water","Open Water",-9999,-9999,-9999,-9999,-9999,-9999,-9999,"-9999",0,0,255,0,0,1
"111401060504",31,226.69999493286,20.4029995439574,"Barren-Rock/Sand/Clay","Barren-Rock/Sand/Clay",-9999,-9999,-9999,-9999,-9999,-9999,-9999,"-9999",191,191,191,0.74902,0.74902,0.74902
"111401060504",1435,0.999999977648258,0.0899999979883432,"West Gulf Coastal Plain Mesic Hardwood Forest","Hardwood",271,90,23,17,7,19,74,"I-C",181,158,143,0.709804,0.619608,0.560784
"111401060504",1438,0.999999977648258,0.0899999979883432,"West Gulf Coastal Plain Pine-Hardwood Forest","Hardwood-Conifer",121,64,5,4,4,7,89,"I-A",100,168,0,0.392157,0.658824,0
"111401060504",1446,41735.6590671353,3756.20931604218,"Gulf and Atlantic Coastal Plain Floodplain Systems","Riparian",393,257,49,37,10,15,75,"III-A",102,119,205,0.4,0.466667,0.803922
"111401060504",1448,3.99999991059303,0.359999991953373,"Gulf and Atlantic Coastal Plain Swamp Systems","Riparian",1020,-9999,685,410,40,-9999,60,"V-A",102,212,179,0.4,0.831373,0.701961
"111401060504",1451,3071.65993134305,276.449393820874,"East-Central Texas Plains Post Oak Savanna and Woodland","Hardwood",57,53,5,4,8,8,84,"I-A",207,148,10,0.811765,0.580392,0.039216
"111401060504",2132,0.999999977648258,0.0899999979883432,"Ozark-Ouachita Dry-Mesic Oak Forest","Hardwood",188,66,15,11,6,17,77,"I-B",115,115,0,0.45098,0.45098,0
"111401060504",2142,0.999999977648258,0.0899999979883432,"West Gulf Coastal Plain Pine-Hardwood Forest","Hardwood-Conifer",121,52,5,4,4,9,87,"I-A",100,168,0,0.392157,0.658824,0
"111401060504",2155,67369.2084941808,6063.22876447627,"Gulf and Atlantic Coastal Plain Floodplain Systems","Riparian",393,257,49,37,10,15,75,"III-A",102,119,205,0.4,0.466667,0.803922
"111401060504",2156,0.999999977648258,0.0899999979883432,"Gulf and Atlantic Coastal Plain Small Stream Riparian Systems","Riparian",431,129,50,33,8,26,66,"I-C",171,185,235,0.670588,0.72549,0.921569
"111401060504",2157,5351.72988037951,481.655689234156,"Gulf and Atlantic Coastal Plain Swamp Systems","Riparian",1020,-9999,685,410,40,-9999,60,"V-A",102,212,179,0.4,0.831373,0.701961
"111401060506",11,250.999994389713,22.5899994950742,"Open Water","Open Water",-9999,-9999,-9999,-9999,-9999,-9999,-9999,"-9999",0,0,255,0,0,1
"111401060506",2138,255.309994293377,22.9778994864039,"West Gulf Coastal Plain Mesic Hardwood Forest","Hardwood",271,90,23,17,7,19,74,"I-C",181,158,143,0.709804,0.619608,0.560784
"111401060506",2140,3.99999991059303,0.359999991953373,"Ozark-Ouachita Dry Oak Woodland","Hardwood",38,89,6,5,13,5,82,"I-A",97,69,0,0.380392,0.270588,0
"111401060506",2142,65468.8885366563,5892.19996829906,"West Gulf Coastal Plain Pine-Hardwood Forest","Hardwood-Conifer",121,52,5,4,4,9,87,"I-A",100,168,0,0.392157,0.658824,0
"111401060506",2143,2233.62995007448,201.026695506703,"West Gulf Coastal Plain Sandhill Oak and Shortleaf Pine Forest and Woodland","Hardwood-Conifer",159,390,5,5,3,1,96,"I-A",209,217,0,0.819608,0.85098,0
"111401060506",2150,3991.05991079286,359.195391971357,"West Gulf Coastal Plain Northern Calcareous Prairie","Grassland",1280,7,7,3,1,52,47,"I-A",255,0,110,1,0,0.431373
"111401060506",2151,1313.54997063987,118.219497357588,"West Gulf Coastal Plain Pine-Hardwood Flatwoods","Hardwood-Conifer",179,104,5,5,3,4,93,"I-A",99,235,97,0.388235,0.921569,0.380392
"111401060506",2155,17719.9996039271,1594.79996435344,"Gulf and Atlantic Coastal Plain Floodplain Systems","Riparian",393,257,49,37,10,15,75,"III-A",102,119,205,0.4,0.466667,0.803922
"111401060506",2156,12502.0297205579,1125.18267485021,"Gulf and Atlantic Coastal Plain Small Stream Riparian Systems","Riparian",431,129,50,33,8,26,66,"I-C",171,185,235,0.670588,0.72549,0.921569
"111401060506",2157,1174.36997375078,105.693297637571,"Gulf and Atlantic Coastal Plain Swamp Systems","Riparian",1020,-9999,685,410,40,-9999,60,"V-A",102,212,179,0.4,0.831373,0.701961
"111401060506",2159,92.5699979308993,8.33129981378093,"West Gulf Coastal Plain Nonriverine Wet Hardwood Flatwoods","Hardwood",308,130,38,27,9,21,70,"I-C",38,115,0,0.14902,0.45098,0
"111401060507",11,1552.99996528774,139.769996875897,"Open Water","Open Water",-9999,-9999,-9999,-9999,-9999,-9999,-9999,"-9999",0,0,255,0,0,1
"111401060507",2132,47.9599989280105,4.31639990352094,"Ozark-Ouachita Dry-Mesic Oak Forest","Hardwood",188,66,15,11,6,17,77,"I-B",115,115,0,0.45098,0.45098,0
"111401060507",2138,166.689996274188,15.0020996646769,"West Gulf Coastal Plain Mesic Hardwood Forest","Hardwood",271,90,23,17,7,19,74,"I-C",181,158,143,0.709804,0.619608,0.560784
"111401060507",2140,56.839998729527,5.11559988565743,"Ozark-Ouachita Dry Oak Woodland","Hardwood",38,89,6,5,13,5,82,"I-A",97,69,0,0.380392,0.270588,0
"111401060507",2142,21092.5695285443,1898.33125756899,"West Gulf Coastal Plain Pine-Hardwood Forest","Hardwood-Conifer",121,52,5,4,4,9,87,"I-A",100,168,0,0.392157,0.658824,0
"111401060507",2143,98.3399978019297,8.85059980217367,"West Gulf Coastal Plain Sandhill Oak and Shortleaf Pine Forest and Woodland","Hardwood-Conifer",159,390,5,5,3,1,96,"I-A",209,217,0,0.819608,0.85098,0
"111401060507",2150,24343.6194558777,2190.92575102899,"West Gulf Coastal Plain Northern Calcareous Prairie","Grassland",1280,7,7,3,1,52,47,"I-A",255,0,110,1,0,0.431373
"111401060507",2151,2844.84993641265,256.036494277138,"West Gulf Coastal Plain Pine-Hardwood Flatwoods","Hardwood-Conifer",179,104,5,5,3,4,93,"I-A",99,235,97,0.388235,0.921569,0.380392
"111401060507",2155,50702.2488667164,4563.20239800448,"Gulf and Atlantic Coastal Plain Floodplain Systems","Riparian",393,257,49,37,10,15,75,"III-A",102,119,205,0.4,0.466667,0.803922
"111401060507",2156,9834.14978018962,885.073480217066,"Gulf and Atlantic Coastal Plain Small Stream Riparian Systems","Riparian",431,129,50,33,8,26,66,"I-C",171,185,235,0.670588,0.72549,0.921569
"111401060507",2157,2627.40994127281,236.466894714553,"Gulf and Atlantic Coastal Plain Swamp Systems","Riparian",1020,-9999,685,410,40,-9999,60,"V-A",102,212,179,0.4,0.831373,0.701961
"111401060507",2158,1114.99997507781,100.349997757003,"Central Interior and Appalachian Shrub-Herbaceous Wetland Systems","Riparian",17,-9999,-9999,17,100,-9999,-9999,"II-C",240,150,20,0.941176,0.588235,0.078431
"111401060507",2159,521.429988345131,46.9286989510618,"West Gulf Coastal Plain Nonriverine Wet Hardwood Flatwoods","Hardwood",308,130,38,27,9,21,70,"I-C",38,115,0,0.14902,0.45098,0
"111401070203",11,22.9999994859099,2.06999995373189,"Open Water","Open Water",-9999,-9999,-9999,-9999,-9999,-9999,-9999,"-9999",0,0,255,0,0,1
"111401070203",2132,17276.9496138301,1554.92546524471,"Ozark-Ouachita Dry-Mesic Oak Forest","Hardwood",188,66,15,11,6,17,77,"I-B",115,115,0,0.45098,0.45098,0
"111401070203",2139,4923.99988994002,443.159990094602,"Ozark-Ouachita Mesic Hardwood Forest","Hardwood",316,110,25,19,6,18,76,"I-C",0,135,74,0,0.529412,0.290196
"111401070203",2140,10793.78975874,971.441078286599,"Ozark-Ouachita Dry Oak Woodland","Hardwood",38,89,6,5,13,5,82,"I-A",97,69,0,0.380392,0.270588,0
"111401070203",2141,19015.7395749651,1711.41656174686,"Ozark-Ouachita Shortleaf Pine-Oak Forest and Woodland","Conifer",347,92,5,5,1,5,94,"I-A",196,164,100,0.768627,0.643137,0.392157
"111401070203",2153,1096.86997548304,98.7182977934741,"Central Interior and Appalachian Floodplain Systems-Large Floodplains","Riparian",142,-9999,100,59,41,-9999,59,"III-A",48,237,56,0.188235,0.929412,0.219608
"111401070203",2160,47485.9389386065,4273.73450447459,"Ozark-Ouachita Shortleaf Pine-Bluestem Woodland","Hardwood-Conifer",100,1223,2,2,2,1,97,"I-A",68,137,112,0.266667,0.537255,0.439216
"111401070204",11,152.409996593371,13.7168996934034,"Open Water","Open Water",-9999,-9999,-9999,-9999,-9999,-9999,-9999,"-9999",0,0,255,0,0,1
"111401070204",2132,19534.7395633645,1758.12656070281,"Ozark-Ouachita Dry-Mesic Oak Forest","Hardwood",188,66,15,11,6,17,77,"I-B",115,115,0,0.45098,0.45098,0
"111401070204",2139,1451.99996754527,130.679997079074,"Ozark-Ouachita Mesic Hardwood Forest","Hardwood",316,110,25,19,6,18,76,"I-C",0,135,74,0,0.529412,0.290196
"111401070204",2140,13279.49970318,1195.1549732862,"Ozark-Ouachita Dry Oak Woodland","Hardwood",38,89,6,5,13,5,82,"I-A",97,69,0,0.380392,0.270588,0
"111401070204",2141,19704.8295595627,1773.43466036065,"Ozark-Ouachita Shortleaf Pine-Oak Forest and Woodland","Conifer",347,92,5,5,1,5,94,"I-A",196,164,100,0.768627,0.643137,0.392157
"111401070204",2153,1646.83996319026,148.215596687123,"Central Interior and Appalachian Floodplain Systems-Large Floodplains","Riparian",142,-9999,100,59,41,-9999,59,"III-A",48,237,56,0.188235,0.929412,0.219608
"111401070204",2160,61175.1786326282,5505.76607693654,"Ozark-Ouachita Shortleaf Pine-Bluestem Woodland","Hardwood-Conifer",100,1223,2,2,2,1,97,"I-A",68,137,112,0.266667,0.537255,0.439216
"111401070205",11,16.2199996374547,1.45979996737093,"Open Water","Open Water",-9999,-9999,-9999,-9999,-9999,-9999,-9999,"-9999",0,0,255,0,0,1
"111401070205",2132,6951.96984461136,625.677286015023,"Ozark-Ouachita Dry-Mesic Oak Forest","Hardwood",188,66,15,11,6,17,77,"I-B",115,115,0,0.45098,0.45098,0
"111401070205",2139,974.929978208616,87.7436980387755,"Ozark-Ouachita Mesic Hardwood Forest","Hardwood",316,110,25,19,6,18,76,"I-C",0,135,74,0,0.529412,0.290196
"111401070205",2140,4383.31990202516,394.498791182265,"Ozark-Ouachita Dry Oak Woodland","Hardwood",38,89,6,5,13,5,82,"I-A",97,69,0,0.380392,0.270588,0
"111401070205",2141,7591.18983032368,683.207084729131,"Ozark-Ouachita Shortleaf Pine-Oak Forest and Woodland","Conifer",347,92,5,5,1,5,94,"I-A",196,164,100,0.768627,0.643137,0.392157
"111401070205",2153,338.99999242276,30.5099993180484,"Central Interior and Appalachian Floodplain Systems-Large Floodplains","Riparian",142,-9999,100,59,41,-9999,59,"III-A",48,237,56,0.188235,0.929412,0.219608
"111401070205",2160,36158.8591917865,3254.29732726078,"Ozark-Ouachita Shortleaf Pine-Bluestem Woodland","Hardwood-Conifer",100,1223,2,2,2,1,97,"I-A",68,137,112,0.266667,0.537255,0.439216
"111401070206",11,1032.3399769254,92.9105979232863,"Open Water","Open Water",-9999,-9999,-9999,-9999,-9999,-9999,-9999,"-9999",0,0,255,0,0,1
"111401070206",2132,17187.0096158404,1546.83086542564,"Ozark-Ouachita Dry-Mesic Oak Forest","Hardwood",188,66,15,11,6,17,77,"I-B",115,115,0,0.45098,0.45098,0
"111401070206",2139,1873.26995812915,168.594296231624,"Ozark-Ouachita Mesic Hardwood Forest","Hardwood",316,110,25,19,6,18,76,"I-C",0,135,74,0,0.529412,0.290196
"111401070206",2140,10136.9997734204,912.329979607835,"Ozark-Ouachita Dry Oak Woodland","Hardwood",38,89,6,5,13,5,82,"I-A",97,69,0,0.380392,0.270588,0
"111401070206",2141,18193.389593346,1637.40506340114,"Ozark-Ouachita Shortleaf Pine-Oak Forest and Woodland","Conifer",347,92,5,5,1,5,94,"I-A",196,164,100,0.768627,0.643137,0.392157
"111401070206",2153,786.59998241812,70.7939984176308,"Central Interior and Appalachian Floodplain Systems-Large Floodplains","Riparian",142,-9999,100,59,41,-9999,59,"III-A",48,237,56,0.188235,0.929412,0.219608
"111401070206",2160,32059.2992834188,2885.33693550769,"Ozark-Ouachita Shortleaf Pine-Bluestem Woodland","Hardwood-Conifer",100,1223,2,2,2,1,97,"I-A",68,137,112,0.266667,0.537255,0.439216
"111401070207",11,208.609995337203,18.7748995803483,"Open Water","Open Water",-9999,-9999,-9999,-9999,-9999,-9999,-9999,"-9999",0,0,255,0,0,1
"111401070207",2132,15137.2696616556,1362.35426954901,"Ozark-Ouachita Dry-Mesic Oak Forest","Hardwood",188,66,15,11,6,17,77,"I-B",115,115,0,0.45098,0.45098,0
"111401070207",2139,2937.73993433639,264.396594090275,"Ozark-Ouachita Mesic Hardwood Forest","Hardwood",316,110,25,19,6,18,76,"I-C",0,135,74,0,0.529412,0.290196
"111401070207",2140,10902.549756309,981.229478067812,"Ozark-Ouachita Dry Oak Woodland","Hardwood",38,89,6,5,13,5,82,"I-A",97,69,0,0.380392,0.270588,0
"111401070207",2141,11561.9997415692,1040.57997674122,"Ozark-Ouachita Shortleaf Pine-Oak Forest and Woodland","Conifer",347,92,5,5,1,5,94,"I-A",196,164,100,0.768627,0.643137,0.392157
"111401070207",2153,219.999995082617,19.7999995574355,"Central Interior and Appalachian Floodplain Systems-Large Floodplains","Riparian",142,-9999,100,59,41,-9999,59,"III-A",48,237,56,0.188235,0.929412,0.219608
"111401070207",2160,43896.7690188307,3950.70921169477,"Ozark-Ouachita Shortleaf Pine-Bluestem Woodland","Hardwood-Conifer",100,1223,2,2,2,1,97,"I-A",68,137,112,0.266667,0.537255,0.439216
"111401070208",11,4.2499999050051,0.382499991450459,"Open Water","Open Water",-9999,-9999,-9999,-9999,-9999,-9999,-9999,"-9999",0,0,255,0,0,1
"111401070208",2132,18989.1795755588,1709.02616180029,"Ozark-Ouachita Dry-Mesic Oak Forest","Hardwood",188,66,15,11,6,17,77,"I-B",115,115,0,0.45098,0.45098,0
"111401070208",2139,5958.0098668281,536.220888014529,"Ozark-Ouachita Mesic Hardwood Forest","Hardwood",316,110,25,19,6,18,76,"I-C",0,135,74,0,0.529412,0.290196
"111401070208",2140,12983.2497098017,1168.49247388216,"Ozark-Ouachita Dry Oak Woodland","Hardwood",38,89,6,5,13,5,82,"I-A",97,69,0,0.380392,0.270588,0
"111401070208",2141,8959.50979973935,806.355881976541,"Ozark-Ouachita Shortleaf Pine-Oak Forest and Woodland","Conifer",347,92,5,5,1,5,94,"I-A",196,164,100,0.768627,0.643137,0.392157
"111401070208",2153,6.99999984353781,0.629999985918403,"Central Interior and Appalachian Floodplain Systems-Large Floodplains","Riparian",142,-9999,100,59,41,-9999,59,"III-A",48,237,56,0.188235,0.929412,0.219608
"111401070208",2160,12838.7997130305,1155.49197417274,"Ozark-Ouachita Shortleaf Pine-Bluestem Woodland","Hardwood-Conifer",100,1223,2,2,2,1,97,"I-A",68,137,112,0.266667,0.537255,0.439216
"111401070209",11,912.009979614988,82.0808981653489,"Open Water","Open Water",-9999,-9999,-9999,-9999,-9999,-9999,-9999,"-9999",0,0,255,0,0,1
"111401070209",2132,20983.7995309755,1888.5419577878,"Ozark-Ouachita Dry-Mesic Oak Forest","Hardwood",188,66,15,11,6,17,77,"I-B",115,115,0,0.45098,0.45098,0
"111401070209",2138,220.479995071888,19.8431995564699,"West Gulf Coastal Plain Mesic Hardwood Forest","Hardwood",271,90,23,17,7,19,74,"I-C",181,158,143,0.709804,0.619608,0.560784
"111401070209",2139,7889.41982365772,710.047784129195,"Ozark-Ouachita Mesic Hardwood Forest","Hardwood",316,110,25,19,6,18,76,"I-C",0,135,74,0,0.529412,0.290196
"111401070209",2140,8326.82981388085,749.414683249276,"Ozark-Ouachita Dry Oak Woodland","Hardwood",38,89,6,5,13,5,82,"I-A",97,69,0,0.380392,0.270588,0
"111401070209",2141,28620.0993602909,2575.80894242618,"Ozark-Ouachita Shortleaf Pine-Oak Forest and Woodland","Conifer",347,92,5,5,1,5,94,"I-A",196,164,100,0.768627,0.643137,0.392157
"111401070209",2142,91.1599979624152,8.20439981661737,"West Gulf Coastal Plain Pine-Hardwood Forest","Hardwood-Conifer",121,52,5,4,4,9,87,"I-A",100,168,0,0.392157,0.658824,0
"111401070209",2151,33.6799992471933,3.0311999322474,"West Gulf Coastal Plain Pine-Hardwood Flatwoods","Hardwood-Conifer",179,104,5,5,3,4,93,"I-A",99,235,97,0.388235,0.921569,0.380392
"111401070209",2159,61.999998614192,5.57999987527728,"West Gulf Coastal Plain Nonriverine Wet Hardwood Flatwoods","Hardwood",308,130,38,27,9,21,70,"I-C",38,115,0,0.14902,0.45098,0
"111401070209",2160,37829.0491544548,3404.61442390094,"Ozark-Ouachita Shortleaf Pine-Bluestem Woodland","Hardwood-Conifer",100,1223,2,2,2,1,97,"I-A",68,137,112,0.266667,0.537255,0.439216
"111401070210",11,1723.19996148348,155.087996533513,"Open Water","Open Water",-9999,-9999,-9999,-9999,-9999,-9999,-9999,"-9999",0,0,255,0,0,1
"111401070210",31,13.9999996870756,1.25999997183681,"Barren-Rock/Sand/Clay","Barren-Rock/Sand/Clay",-9999,-9999,-9999,-9999,-9999,-9999,-9999,"-9999",191,191,191,0.74902,0.74902,0.74902
"111401070210",2132,19280.3595690504,1735.23236121453,"Ozark-Ouachita Dry-Mesic Oak Forest","Hardwood",188,66,15,11,6,17,77,"I-B",115,115,0,0.45098,0.45098,0
"111401070210",2138,8143.63981797546,732.927583617792,"West Gulf Coastal Plain Mesic Hardwood Forest","Hardwood",271,90,23,17,7,19,74,"I-C",181,158,143,0.709804,0.619608,0.560784
"111401070210",2139,4488.6298996713,403.976690970417,"Ozark-Ouachita Mesic Hardwood Forest","Hardwood",316,110,25,19,6,18,76,"I-C",0,135,74,0,0.529412,0.290196
"111401070210",2140,17199.7896155547,1547.98106539993,"Ozark-Ouachita Dry Oak Woodland","Hardwood",38,89,6,5,13,5,82,"I-A",97,69,0,0.380392,0.270588,0
"111401070210",2141,7507.199832201,675.64798489809,"Ozark-Ouachita Shortleaf Pine-Oak Forest and Woodland","Conifer",347,92,5,5,1,5,94,"I-A",196,164,100,0.768627,0.643137,0.392157
"111401070210",2142,25937.9894202407,2334.41904782167,"West Gulf Coastal Plain Pine-Hardwood Forest","Hardwood-Conifer",121,52,5,4,4,9,87,"I-A",100,168,0,0.392157,0.658824,0
"111401070210",2143,6357.4998578988,572.174987210892,"West Gulf Coastal Plain Sandhill Oak and Shortleaf Pine Forest and Woodland","Hardwood-Conifer",159,390,5,5,3,1,96,"I-A",209,217,0,0.819608,0.85098,0
"111401070210",2150,60.9999986365438,5.48999987728894,"West Gulf Coastal Plain Northern Calcareous Prairie","Grassland",1280,7,7,3,1,52,47,"I-A",255,0,110,1,0,0.431373
"111401070210",2151,7841.93982471898,705.774584224708,"West Gulf Coastal Plain Pine-Hardwood Flatwoods","Hardwood-Conifer",179,104,5,5,3,4,93,"I-A",99,235,97,0.388235,0.921569,0.380392
"111401070210",2153,2017.99995489419,181.619995940477,"Central Interior and Appalachian Floodplain Systems-Large Floodplains","Riparian",142,-9999,100,59,41,-9999,59,"III-A",48,237,56,0.188235,0.929412,0.219608
"111401070210",2155,9343.20979116298,840.888881204668,"Gulf and Atlantic Coastal Plain Floodplain Systems","Riparian",393,257,49,37,10,15,75,"III-A",102,119,205,0.4,0.466667,0.803922
"111401070210",2156,3048.61993185803,274.375793867223,"Gulf and Atlantic Coastal Plain Small Stream Riparian Systems","Riparian",431,129,50,33,8,26,66,"I-C",171,185,235,0.670588,0.72549,0.921569
"111401070210",2159,20785.269535413,1870.67425818717,"West Gulf Coastal Plain Nonriverine Wet Hardwood Flatwoods","Hardwood",308,130,38,27,9,21,70,"I-C",38,115,0,0.14902,0.45098,0
"111401070210",2160,11848.2397351712,1066.34157616541,"Ozark-Ouachita Shortleaf Pine-Bluestem Woodland","Hardwood-Conifer",100,1223,2,2,2,1,97,"I-A",68,137,112,0.266667,0.537255,0.439216
"111401070304",11,1077.63997591287,96.9875978321582,"Open Water","Open Water",-9999,-9999,-9999,-9999,-9999,-9999,-9999,"-9999",0,0,255,0,0,1
"111401070304",2132,7872.91982402653,708.562784162387,"Ozark-Ouachita Dry-Mesic Oak Forest","Hardwood",188,66,15,11,6,17,77,"I-B",115,115,0,0.45098,0.45098,0
"111401070304",2138,2478.83994459361,223.095595013425,"West Gulf Coastal Plain Mesic Hardwood Forest","Hardwood",271,90,23,17,7,19,74,"I-C",181,158,143,0.709804,0.619608,0.560784
"111401070304",2139,1168.99997387081,105.209997648373,"Ozark-Ouachita Mesic Hardwood Forest","Hardwood",316,110,25,19,6,18,76,"I-C",0,135,74,0,0.529412,0.290196
"111401070304",2140,6727.54984962754,605.479486466479,"Ozark-Ouachita Dry Oak Woodland","Hardwood",38,89,6,5,13,5,82,"I-A",97,69,0,0.380392,0.270588,0
"111401070304",2141,8102.93981888518,729.264583699666,"Ozark-Ouachita Shortleaf Pine-Oak Forest and Woodland","Conifer",347,92,5,5,1,5,94,"I-A",196,164,100,0.768627,0.643137,0.392157
"111401070304",2142,3792.26991523616,341.304292371254,"West Gulf Coastal Plain Pine-Hardwood Forest","Hardwood-Conifer",121,52,5,4,4,9,87,"I-A",100,168,0,0.392157,0.658824,0
"111401070304",2151,896.479979962111,80.6831981965899,"West Gulf Coastal Plain Pine-Hardwood Flatwoods","Hardwood-Conifer",179,104,5,5,3,4,93,"I-A",99,235,97,0.388235,0.921569,0.380392
"111401070304",2153,468.509989527985,42.1658990575187,"Central Interior and Appalachian Floodplain Systems-Large Floodplains","Riparian",142,-9999,100,59,41,-9999,59,"III-A",48,237,56,0.188235,0.929412,0.219608
"111401070304",2159,1756.059960749,158.04539646741,"West Gulf Coastal Plain Nonriverine Wet Hardwood Flatwoods","Hardwood",308,130,38,27,9,21,70,"I-C",38,115,0,0.14902,0.45098,0
"111401070304",2160,26389.8594101407,2375.08734691266,"Ozark-Ouachita Shortleaf Pine-Bluestem Woodland","Hardwood-Conifer",100,1223,2,2,2,1,97,"I-A",68,137,112,0.266667,0.537255,0.439216
"111401070309",11,972.549978261814,87.5294980435632,"Open Water","Open Water",-9999,-9999,-9999,-9999,-9999,-9999,-9999,"-9999",0,0,255,0,0,1
"111401070309",2132,3945.329911815,355.07969206335,"Ozark-Ouachita Dry-Mesic Oak Forest","Hardwood",188,66,15,11,6,17,77,"I-B",115,115,0,0.45098,0.45098,0
"111401070309",2138,2596.01994197443,233.641794777699,"West Gulf Coastal Plain Mesic Hardwood Forest","Hardwood",271,90,23,17,7,19,74,"I-C",181,158,143,0.709804,0.619608,0.560784
"111401070309",2139,470.99998947233,42.3899990525097,"Ozark-Ouachita Mesic Hardwood Forest","Hardwood",316,110,25,19,6,18,76,"I-C",0,135,74,0,0.529412,0.290196
"111401070309",2140,3355.51992499828,301.996793249845,"Ozark-Ouachita Dry Oak Woodland","Hardwood",38,89,6,5,13,5,82,"I-A",97,69,0,0.380392,0.270588,0
"111401070309",2141,2851.46993626468,256.632294263821,"Ozark-Ouachita Shortleaf Pine-Oak Forest and Woodland","Conifer",347,92,5,5,1,5,94,"I-A",196,164,100,0.768627,0.643137,0.392157
"111401070309",2142,30634.5993152633,2757.1139383737,"West Gulf Coastal Plain Pine-Hardwood Forest","Hardwood-Conifer",121,52,5,4,4,9,87,"I-A",100,168,0,0.392157,0.658824,0
"111401070309",2143,8763.9298041109,788.753682369981,"West Gulf Coastal Plain Sandhill Oak and Shortleaf Pine Forest and Woodland","Hardwood-Conifer",159,390,5,5,3,1,96,"I-A",209,217,0,0.819608,0.85098,0
"111401070309",2150,2152.90995187871,193.761895669084,"West Gulf Coastal Plain Northern Calcareous Prairie","Grassland",1280,7,7,3,1,52,47,"I-A",255,0,110,1,0,0.431373
"111401070309",2151,3086.31993101537,277.768793791384,"West Gulf Coastal Plain Pine-Hardwood Flatwoods","Hardwood-Conifer",179,104,5,5,3,4,93,"I-A",99,235,97,0.388235,0.921569,0.380392
"111401070309",2153,386.999991349876,34.8299992214888,"Central Interior and Appalachian Floodplain Systems-Large Floodplains","Riparian",142,-9999,100,59,41,-9999,59,"III-A",48,237,56,0.188235,0.929412,0.219608
"111401070309",2155,18846.0295787584,1696.14266208826,"Gulf and Atlantic Coastal Plain Floodplain Systems","Riparian",393,257,49,37,10,15,75,"III-A",102,119,205,0.4,0.466667,0.803922
"111401070309",2156,8623.58980724774,776.123082652297,"Gulf and Atlantic Coastal Plain Small Stream Riparian Systems","Riparian",431,129,50,33,8,26,66,"I-C",171,185,235,0.670588,0.72549,0.921569
"111401070309",2159,5370.11987996846,483.310789197162,"West Gulf Coastal Plain Nonriverine Wet Hardwood Flatwoods","Hardwood",308,130,38,27,9,21,70,"I-C",38,115,0,0.14902,0.45098,0
"111401070309",2160,9901.88977867551,891.170080080796,"Ozark-Ouachita Shortleaf Pine-Bluestem Woodland","Hardwood-Conifer",100,1223,2,2,2,1,97,"I-A",68,137,112,0.266667,0.537255,0.439216
"111401070403",11,26.999999396503,2.42999994568527,"Open Water","Open Water",-9999,-9999,-9999,-9999,-9999,-9999,-9999,"-9999",0,0,255,0,0,1
"111401070403",2132,16532.7796304636,1487.95016674172,"Ozark-Ouachita Dry-Mesic Oak Forest","Hardwood",188,66,15,11,6,17,77,"I-B",115,115,0,0.45098,0.45098,0
"111401070403",2138,1609.80996401794,144.882896761615,"West Gulf Coastal Plain Mesic Hardwood Forest","Hardwood",271,90,23,17,7,19,74,"I-C",181,158,143,0.709804,0.619608,0.560784
"111401070403",2139,2121.05995259061,190.895395733155,"Ozark-Ouachita Mesic Hardwood Forest","Hardwood",316,110,25,19,6,18,76,"I-C",0,135,74,0,0.529412,0.290196
"111401070403",2140,24942.2894424964,2244.80604982467,"Ozark-Ouachita Dry Oak Woodland","Hardwood",38,89,6,5,13,5,82,"I-A",97,69,0,0.380392,0.270588,0
"111401070403",2141,6893.019845929,620.37178613361,"Ozark-Ouachita Shortleaf Pine-Oak Forest and Woodland","Conifer",347,92,5,5,1,5,94,"I-A",196,164,100,0.768627,0.643137,0.392157
"111401070403",2142,12050.0297306608,1084.50267575948,"West Gulf Coastal Plain Pine-Hardwood Forest","Hardwood-Conifer",121,52,5,4,4,9,87,"I-A",100,168,0,0.392157,0.658824,0
"111401070403",2143,1366.76996945031,123.009297250528,"West Gulf Coastal Plain Sandhill Oak and Shortleaf Pine Forest and Woodland","Hardwood-Conifer",159,390,5,5,3,1,96,"I-A",209,217,0,0.819608,0.85098,0
"111401070403",2150,31.5199992954731,2.83679993659258,"West Gulf Coastal Plain Northern Calcareous Prairie","Grassland",1280,7,7,3,1,52,47,"I-A",255,0,110,1,0,0.431373
"111401070403",2151,4008.50991040282,360.765891936254,"West Gulf Coastal Plain Pine-Hardwood Flatwoods","Hardwood-Conifer",179,104,5,5,3,4,93,"I-A",99,235,97,0.388235,0.921569,0.380392
"111401070403",2153,308.999993093312,27.8099993783981,"Central Interior and Appalachian Floodplain Systems-Large Floodplains","Riparian",142,-9999,100,59,41,-9999,59,"III-A",48,237,56,0.188235,0.929412,0.219608
"111401070403",2155,394.999991171062,35.5499992053956,"Gulf and Atlantic Coastal Plain Floodplain Systems","Riparian",393,257,49,37,10,15,75,"III-A",102,119,205,0.4,0.466667,0.803922
"111401070403",2156,1091.26997560821,98.2142978047393,"Gulf and Atlantic Coastal Plain Small Stream Riparian Systems","Riparian",431,129,50,33,8,26,66,"I-C",171,185,235,0.670588,0.72549,0.921569
"111401070403",2159,9925.95977813751,893.336380032375,"West Gulf Coastal Plain Nonriverine Wet Hardwood Flatwoods","Hardwood",308,130,38,27,9,21,70,"I-C",38,115,0,0.14902,0.45098,0
"111401070403",2160,11845.4597352333,1066.091376171,"Ozark-Ouachita Shortleaf Pine-Bluestem Woodland","Hardwood-Conifer",100,1223,2,2,2,1,97,"I-A",68,137,112,0.266667,0.537255,0.439216
"111401070405",11,296.03999338299,26.6435994044691,"Open Water","Open Water",-9999,-9999,-9999,-9999,-9999,-9999,-9999,"-9999",0,0,255,0,0,1
"111401070405",2132,6260.75986006111,563.4683874055,"Ozark-Ouachita Dry-Mesic Oak Forest","Hardwood",188,66,15,11,6,17,77,"I-B",115,115,0,0.45098,0.45098,0
"111401070405",2138,746.729983309284,67.2056984978355,"West Gulf Coastal Plain Mesic Hardwood Forest","Hardwood",271,90,23,17,7,19,74,"I-C",181,158,143,0.709804,0.619608,0.560784
"111401070405",2139,254.999994300306,22.9499994870275,"Ozark-Ouachita Mesic Hardwood Forest","Hardwood",316,110,25,19,6,18,76,"I-C",0,135,74,0,0.529412,0.290196
"111401070405",2140,11537.5097421166,1038.37587679049,"Ozark-Ouachita Dry Oak Woodland","Hardwood",38,89,6,5,13,5,82,"I-A",97,69,0,0.380392,0.270588,0
"111401070405",2141,2856.50993615203,257.085894253682,"Ozark-Ouachita Shortleaf Pine-Oak Forest and Woodland","Conifer",347,92,5,5,1,5,94,"I-A",196,164,100,0.768627,0.643137,0.392157
"111401070405",2142,22596.8194949217,2033.71375454295,"West Gulf Coastal Plain Pine-Hardwood Forest","Hardwood-Conifer",121,52,5,4,4,9,87,"I-A",100,168,0,0.392157,0.658824,0
"111401070405",2143,11440.26974429,1029.6242769861,"West Gulf Coastal Plain Sandhill Oak and Shortleaf Pine Forest and Woodland","Hardwood-Conifer",159,390,5,5,3,1,96,"I-A",209,217,0,0.819608,0.85098,0
"111401070405",2150,744.37998336181,66.9941985025629,"West Gulf Coastal Plain Northern Calcareous Prairie","Grassland",1280,7,7,3,1,52,47,"I-A",255,0,110,1,0,0.431373
"111401070405",2151,3969.74991126917,357.277492014226,"West Gulf Coastal Plain Pine-Hardwood Flatwoods","Hardwood-Conifer",179,104,5,5,3,4,93,"I-A",99,235,97,0.388235,0.921569,0.380392
"111401070405",2153,1542.99996551126,138.869996896014,"Central Interior and Appalachian Floodplain Systems-Large Floodplains","Riparian",142,-9999,100,59,41,-9999,59,"III-A",48,237,56,0.188235,0.929412,0.219608
"111401070405",2155,6997.25984359905,629.753385923915,"Gulf and Atlantic Coastal Plain Floodplain Systems","Riparian",393,257,49,37,10,15,75,"III-A",102,119,205,0.4,0.466667,0.803922
"111401070405",2156,6038.4198650308,543.457787852772,"Gulf and Atlantic Coastal Plain Small Stream Riparian Systems","Riparian",431,129,50,33,8,26,66,"I-C",171,185,235,0.670588,0.72549,0.921569
"111401070405",2159,8410.98981199972,756.989083079975,"West Gulf Coastal Plain Nonriverine Wet Hardwood Flatwoods","Hardwood",308,130,38,27,9,21,70,"I-C",38,115,0,0.14902,0.45098,0
"111401070405",2160,6854.09984679893,616.868986211903,"Ozark-Ouachita Shortleaf Pine-Bluestem Woodland","Hardwood-Conifer",100,1223,2,2,2,1,97,"I-A",68,137,112,0.266667,0.537255,0.439216
"111401070406",11,469.379989508539,42.2441990557685,"Open Water","Open Water",-9999,-9999,-9999,-9999,-9999,-9999,-9999,"-9999",0,0,255,0,0,1
"111401070406",2138,127.969997139648,11.5172997425683,"West Gulf Coastal Plain Mesic Hardwood Forest","Hardwood",271,90,23,17,7,19,74,"I-C",181,158,143,0.709804,0.619608,0.560784
"111401070406",2140,1.99999995529652,0.179999995976686,"Ozark-Ouachita Dry Oak Woodland","Hardwood",38,89,6,5,13,5,82,"I-A",97,69,0,0.380392,0.270588,0
"111401070406",2142,71297.7284063715,6416.79555657344,"West Gulf Coastal Plain Pine-Hardwood Forest","Hardwood-Conifer",121,52,5,4,4,9,87,"I-A",100,168,0,0.392157,0.658824,0
"111401070406",2143,11425.5597446188,1028.30037701569,"West Gulf Coastal Plain Sandhill Oak and Shortleaf Pine Forest and Woodland","Hardwood-Conifer",159,390,5,5,3,1,96,"I-A",209,217,0,0.819608,0.85098,0
"111401070406",2150,21111.4695281219,1900.03225753097,"West Gulf Coastal Plain Northern Calcareous Prairie","Grassland",1280,7,7,3,1,52,47,"I-A",255,0,110,1,0,0.431373
"111401070406",2155,17378.5796115585,1564.07216504026,"Gulf and Atlantic Coastal Plain Floodplain Systems","Riparian",393,257,49,37,10,15,75,"III-A",102,119,205,0.4,0.466667,0.803922
"111401070406",2156,14885.5896672811,1339.7030700553,"Gulf and Atlantic Coastal Plain Small Stream Riparian Systems","Riparian",431,129,50,33,8,26,66,"I-C",171,185,235,0.670588,0.72549,0.921569
"111401070406",2157,1271.98997156881,114.479097441193,"Gulf and Atlantic Coastal Plain Swamp Systems","Riparian",1020,-9999,685,410,40,-9999,60,"V-A",102,212,179,0.4,0.831373,0.701961
"111401070406",2158,10.7899997588247,0.971099978294224,"Central Interior and Appalachian Shrub-Herbaceous Wetland Systems","Riparian",17,-9999,-9999,17,100,-9999,-9999,"II-C",240,150,20,0.941176,0.588235,0.078431
"111401070407",11,234.959994748235,21.1463995273411,"Open Water","Open Water",-9999,-9999,-9999,-9999,-9999,-9999,-9999,"-9999",0,0,255,0,0,1
"111401070407",2132,5103.11988593638,459.280789734274,"Ozark-Ouachita Dry-Mesic Oak Forest","Hardwood",188,66,15,11,6,17,77,"I-B",115,115,0,0.45098,0.45098,0
"111401070407",2138,2448.50994527154,220.365895074438,"West Gulf Coastal Plain Mesic Hardwood Forest","Hardwood",271,90,23,17,7,19,74,"I-C",181,158,143,0.709804,0.619608,0.560784
"111401070407",2139,78.9999982342124,7.10999984107912,"Ozark-Ouachita Mesic Hardwood Forest","Hardwood",316,110,25,19,6,18,76,"I-C",0,135,74,0,0.529412,0.290196
"111401070407",2140,5323.09988101944,479.07898929175,"Ozark-Ouachita Dry Oak Woodland","Hardwood",38,89,6,5,13,5,82,"I-A",97,69,0,0.380392,0.270588,0
"111401070407",2141,999.979977648705,89.9981979883835,"Ozark-Ouachita Shortleaf Pine-Oak Forest and Woodland","Conifer",347,92,5,5,1,5,94,"I-A",196,164,100,0.768627,0.643137,0.392157
"111401070407",2142,22024.8195077069,1982.23375569362,"West Gulf Coastal Plain Pine-Hardwood Forest","Hardwood-Conifer",121,52,5,4,4,9,87,"I-A",100,168,0,0.392157,0.658824,0
"111401070407",2143,26516.9294073004,2386.52364665704,"West Gulf Coastal Plain Sandhill Oak and Shortleaf Pine Forest and Woodland","Hardwood-Conifer",159,390,5,5,3,1,96,"I-A",209,217,0,0.819608,0.85098,0
"111401070407",2150,785.129982450977,70.6616984205879,"West Gulf Coastal Plain Northern Calcareous Prairie","Grassland",1280,7,7,3,1,52,47,"I-A",255,0,110,1,0,0.431373
"111401070407",2151,5531.61987635866,497.845788872279,"West Gulf Coastal Plain Pine-Hardwood Flatwoods","Hardwood-Conifer",179,104,5,5,3,4,93,"I-A",99,235,97,0.388235,0.921569,0.380392
"111401070407",2153,278.999993763864,25.1099994387478,"Central Interior and Appalachian Floodplain Systems-Large Floodplains","Riparian",142,-9999,100,59,41,-9999,59,"III-A",48,237,56,0.188235,0.929412,0.219608
"111401070407",2155,7189.09983931109,647.018985537998,"Gulf and Atlantic Coastal Plain Floodplain Systems","Riparian",393,257,49,37,10,15,75,"III-A",102,119,205,0.4,0.466667,0.803922
"111401070407",2156,8581.53980818763,772.338582736887,"Gulf and Atlantic Coastal Plain Small Stream Riparian Systems","Riparian",431,129,50,33,8,26,66,"I-C",171,185,235,0.670588,0.72549,0.921569
"111401070407",2159,8996.04979892261,809.644481903035,"West Gulf Coastal Plain Nonriverine Wet Hardwood Flatwoods","Hardwood",308,130,38,27,9,21,70,"I-C",38,115,0,0.14902,0.45098,0
"111401070407",2160,4394.3599017784,395.492391160056,"Ozark-Ouachita Shortleaf Pine-Bluestem Woodland","Hardwood-Conifer",100,1223,2,2,2,1,97,"I-A",68,137,112,0.266667,0.537255,0.439216
"111401070408",11,98.9999977871776,8.90999980084598,"Open Water","Open Water",-9999,-9999,-9999,-9999,-9999,-9999,-9999,"-9999",0,0,255,0,0,1
"111401070408",2138,35.9999991953373,3.23999992758036,"West Gulf Coastal Plain Mesic Hardwood Forest","Hardwood",271,90,23,17,7,19,74,"I-C",181,158,143,0.709804,0.619608,0.560784
"111401070408",2140,5.99999986588955,0.539999987930059,"Ozark-Ouachita Dry Oak Woodland","Hardwood",38,89,6,5,13,5,82,"I-A",97,69,0,0.380392,0.270588,0
"111401070408",2142,42289.6390547529,3806.06751492776,"West Gulf Coastal Plain Pine-Hardwood Forest","Hardwood-Conifer",121,52,5,4,4,9,87,"I-A",100,168,0,0.392157,0.658824,0
"111401070408",2143,4263.04990471341,383.674491424207,"West Gulf Coastal Plain Sandhill Oak and Shortleaf Pine Forest and Woodland","Hardwood-Conifer",159,390,5,5,3,1,96,"I-A",209,217,0,0.819608,0.85098,0
"111401070408",2150,9050.59979770333,814.553981793299,"West Gulf Coastal Plain Northern Calcareous Prairie","Grassland",1280,7,7,3,1,52,47,"I-A",255,0,110,1,0,0.431373
"111401070408",2151,228.969994882122,20.607299539391,"West Gulf Coastal Plain Pine-Hardwood Flatwoods","Hardwood-Conifer",179,104,5,5,3,4,93,"I-A",99,235,97,0.388235,0.921569,0.380392
"111401070408",2155,10708.7697606403,963.78927845763,"Gulf and Atlantic Coastal Plain Floodplain Systems","Riparian",393,257,49,37,10,15,75,"III-A",102,119,205,0.4,0.466667,0.803922
"111401070408",2156,10764.2397594005,968.781578346044,"Gulf and Atlantic Coastal Plain Small Stream Riparian Systems","Riparian",431,129,50,33,8,26,66,"I-C",171,185,235,0.670588,0.72549,0.921569
"111401070408",2157,658.20998528786,59.2388986759074,"Gulf and Atlantic Coastal Plain Swamp Systems","Riparian",1020,-9999,685,410,40,-9999,60,"V-A",102,212,179,0.4,0.831373,0.701961
"111401070408",2159,5.99999986588955,0.539999987930059,"West Gulf Coastal Plain Nonriverine Wet Hardwood Flatwoods","Hardwood",308,130,38,27,9,21,70,"I-C",38,115,0,0.14902,0.45098,0
"111401070409",11,1619.25996380672,145.733396742605,"Open Water","Open Water",-9999,-9999,-9999,-9999,-9999,-9999,-9999,"-9999",0,0,255,0,0,1
"111401070409",2132,0.999999977648258,0.0899999979883432,"Ozark-Ouachita Dry-Mesic Oak Forest","Hardwood",188,66,15,11,6,17,77,"I-B",115,115,0,0.45098,0.45098,0
"111401070409",2138,1801.02995974384,162.092696376946,"West Gulf Coastal Plain Mesic Hardwood Forest","Hardwood",271,90,23,17,7,19,74,"I-C",181,158,143,0.709804,0.619608,0.560784
"111401070409",2140,19.9999995529652,1.79999995976686,"Ozark-Ouachita Dry Oak Woodland","Hardwood",38,89,6,5,13,5,82,"I-A",97,69,0,0.380392,0.270588,0
"111401070409",2142,27753.7993796542,2497.84194416888,"West Gulf Coastal Plain Pine-Hardwood Forest","Hardwood-Conifer",121,52,5,4,4,9,87,"I-A",100,168,0,0.392157,0.658824,0
"111401070409",2143,18893.0595777072,1700.37536199365,"West Gulf Coastal Plain Sandhill Oak and Shortleaf Pine Forest and Woodland","Hardwood-Conifer",159,390,5,5,3,1,96,"I-A",209,217,0,0.819608,0.85098,0
"111401070409",2150,7759.01982657239,698.311784391515,"West Gulf Coastal Plain Northern Calcareous Prairie","Grassland",1280,7,7,3,1,52,47,"I-A",255,0,110,1,0,0.431373
"111401070409",2151,2820.39993695915,253.835994326323,"West Gulf Coastal Plain Pine-Hardwood Flatwoods","Hardwood-Conifer",179,104,5,5,3,4,93,"I-A",99,235,97,0.388235,0.921569,0.380392
"111401070409",2155,25348.0994334258,2281.32894900832,"Gulf and Atlantic Coastal Plain Floodplain Systems","Riparian",393,257,49,37,10,15,75,"III-A",102,119,205,0.4,0.466667,0.803922
"111401070409",2156,10221.9297715221,919.973679436985,"Gulf and Atlantic Coastal Plain Small Stream Riparian Systems","Riparian",431,129,50,33,8,26,66,"I-C",171,185,235,0.670588,0.72549,0.921569
"111401070409",2157,2967.49993367121,267.074994030409,"Gulf and Atlantic Coastal Plain Swamp Systems","Riparian",1020,-9999,685,410,40,-9999,60,"V-A",102,212,179,0.4,0.831373,0.701961
"111401070409",2158,48.1199989244342,4.33079990319908,"Central Interior and Appalachian Shrub-Herbaceous Wetland Systems","Riparian",17,-9999,-9999,17,100,-9999,-9999,"II-C",240,150,20,0.941176,0.588235,0.078431
"111401070409",2159,3641.79991859943,327.761992673948,"West Gulf Coastal Plain Nonriverine Wet Hardwood Flatwoods","Hardwood",308,130,38,27,9,21,70,"I-C",38,115,0,0.14902,0.45098,0
"111401080101",11,99.9999977648258,8.99999979883432,"Open Water","Open Water",-9999,-9999,-9999,-9999,-9999,-9999,-9999,"-9999",0,0,255,0,0,1
"111401080101",2132,24221.37945861,2179.9241512749,"Ozark-Ouachita Dry-Mesic Oak Forest","Hardwood",188,66,15,11,6,17,77,"I-B",115,115,0,0.45098,0.45098,0
"111401080101",2136,3557.16992049105,320.145292844195,"Ouachita Montane Oak Forest","Hardwood",38,89,6,5,13,6,81,"I-A",0,38,115,0,0.14902,0.45098
"111401080101",2139,4265.99990464747,383.939991418272,"Ozark-Ouachita Mesic Hardwood Forest","Hardwood",316,110,25,19,6,18,76,"I-C",0,135,74,0,0.529412,0.290196
"111401080101",2140,14833.0396684557,1334.97357016101,"Ozark-Ouachita Dry Oak Woodland","Hardwood",38,89,6,5,13,5,82,"I-A",97,69,0,0.380392,0.270588,0
"111401080101",2141,43771.5690216292,3939.44121194663,"Ozark-Ouachita Shortleaf Pine-Oak Forest and Woodland","Conifer",347,92,5,5,1,5,94,"I-A",196,164,100,0.768627,0.643137,0.392157
"111401080101",2153,4122.99990784377,371.069991705939,"Central Interior and Appalachian Floodplain Systems-Large Floodplains","Riparian",142,-9999,100,59,41,-9999,59,"III-A",48,237,56,0.188235,0.929412,0.219608
"111401080101",2158,58.9999986812472,5.30999988131225,"Central Interior and Appalachian Shrub-Herbaceous Wetland Systems","Riparian",17,-9999,-9999,17,100,-9999,-9999,"II-C",240,150,20,0.941176,0.588235,0.078431
"111401080101",2160,36601.7291818876,3294.15562636988,"Ozark-Ouachita Shortleaf Pine-Bluestem Woodland","Hardwood-Conifer",100,1223,2,2,2,1,97,"I-A",68,137,112,0.266667,0.537255,0.439216
"111401080102",11,1131.72997470386,101.855697723348,"Open Water","Open Water",-9999,-9999,-9999,-9999,-9999,-9999,-9999,"-9999",0,0,255,0,0,1
"111401080102",2132,16391.0796336308,1475.19716702677,"Ozark-Ouachita Dry-Mesic Oak Forest","Hardwood",188,66,15,11,6,17,77,"I-B",115,115,0,0.45098,0.45098,0
"111401080102",2136,811.229981867597,73.0106983680837,"Ouachita Montane Oak Forest","Hardwood",38,89,6,5,13,6,81,"I-A",0,38,115,0,0.14902,0.45098
"111401080102",2139,1544.99996546656,139.04999689199,"Ozark-Ouachita Mesic Hardwood Forest","Hardwood",316,110,25,19,6,18,76,"I-C",0,135,74,0,0.529412,0.290196
"111401080102",2140,10562.2797639146,950.605178752318,"Ozark-Ouachita Dry Oak Woodland","Hardwood",38,89,6,5,13,5,82,"I-A",97,69,0,0.380392,0.270588,0
"111401080102",2141,40146.0191026665,3613.14171923999,"Ozark-Ouachita Shortleaf Pine-Oak Forest and Woodland","Conifer",347,92,5,5,1,5,94,"I-A",196,164,100,0.768627,0.643137,0.392157
"111401080102",2153,3481.73992217705,313.356592995934,"Central Interior and Appalachian Floodplain Systems-Large Floodplains","Riparian",142,-9999,100,59,41,-9999,59,"III-A",48,237,56,0.188235,0.929412,0.219608
"111401080102",2158,70.9999984130263,6.38999985717237,"Central Interior and Appalachian Shrub-Herbaceous Wetland Systems","Riparian",17,-9999,-9999,17,100,-9999,-9999,"II-C",240,150,20,0.941176,0.588235,0.078431
"111401080102",2160,20917.8395324498,1882.60555792049,"Ozark-Ouachita Shortleaf Pine-Bluestem Woodland","Hardwood-Conifer",100,1223,2,2,2,1,97,"I-A",68,137,112,0.266667,0.537255,0.439216
"111401080103",11,168.999996222556,15.20999966003,"Open Water","Open Water",-9999,-9999,-9999,-9999,-9999,-9999,-9999,"-9999",0,0,255,0,0,1
"111401080103",2132,20516.2395414263,1846.46155872837,"Ozark-Ouachita Dry-Mesic Oak Forest","Hardwood",188,66,15,11,6,17,77,"I-B",115,115,0,0.45098,0.45098,0
"111401080103",2136,210.9499952849,18.985499575641,"Ouachita Montane Oak Forest","Hardwood",38,89,6,5,13,6,81,"I-A",0,38,115,0,0.14902,0.45098
"111401080103",2139,1979.99995574355,178.19999601692,"Ozark-Ouachita Mesic Hardwood Forest","Hardwood",316,110,25,19,6,18,76,"I-C",0,135,74,0,0.529412,0.290196
"111401080103",2140,15830.9696461502,1424.78726815352,"Ozark-Ouachita Dry Oak Woodland","Hardwood",38,89,6,5,13,5,82,"I-A",97,69,0,0.380392,0.270588,0
"111401080103",2141,40184.6591018029,3616.61931916226,"Ozark-Ouachita Shortleaf Pine-Oak Forest and Woodland","Conifer",347,92,5,5,1,5,94,"I-A",196,164,100,0.768627,0.643137,0.392157
"111401080103",2153,4830.05989203975,434.705390283577,"Central Interior and Appalachian Floodplain Systems-Large Floodplains","Riparian",142,-9999,100,59,41,-9999,59,"III-A",48,237,56,0.188235,0.929412,0.219608
"111401080103",2160,22503.4494970087,2025.31045473078,"Ozark-Ouachita Shortleaf Pine-Bluestem Woodland","Hardwood-Conifer",100,1223,2,2,2,1,97,"I-A",68,137,112,0.266667,0.537255,0.439216
"111401080104",11,11.2799997478724,1.01519997730851,"Open Water","Open Water",-9999,-9999,-9999,-9999,-9999,-9999,-9999,"-9999",0,0,255,0,0,1
"111401080104",2132,15745.2996480651,1417.07696832586,"Ozark-Ouachita Dry-Mesic Oak Forest","Hardwood",188,66,15,11,6,17,77,"I-B",115,115,0,0.45098,0.45098,0
"111401080104",2139,2501.99994407594,225.179994966835,"Ozark-Ouachita Mesic Hardwood Forest","Hardwood",316,110,25,19,6,18,76,"I-C",0,135,74,0,0.529412,0.290196
"111401080104",2140,10700.2597608306,963.02337847475,"Ozark-Ouachita Dry Oak Woodland","Hardwood",38,89,6,5,13,5,82,"I-A",97,69,0,0.380392,0.270588,0
"111401080104",2141,11293.7997475639,1016.44197728075,"Ozark-Ouachita Shortleaf Pine-Oak Forest and Woodland","Conifer",347,92,5,5,1,5,94,"I-A",196,164,100,0.768627,0.643137,0.392157
"111401080104",2153,1062.24997625686,95.6024978631176,"Central Interior and Appalachian Floodplain Systems-Large Floodplains","Riparian",142,-9999,100,59,41,-9999,59,"III-A",48,237,56,0.188235,0.929412,0.219608
"111401080104",2158,0.999999977648258,0.0899999979883432,"Central Interior and Appalachian Shrub-Herbaceous Wetland Systems","Riparian",17,-9999,-9999,17,100,-9999,-9999,"II-C",240,150,20,0.941176,0.588235,0.078431
"111401080104",2160,17205.7596154213,1548.51836538792,"Ozark-Ouachita Shortleaf Pine-Bluestem Woodland","Hardwood-Conifer",100,1223,2,2,2,1,97,"I-A",68,137,112,0.266667,0.537255,0.439216
"111401080105",11,842.449981169775,75.8204983052798,"Open Water","Open Water",-9999,-9999,-9999,-9999,-9999,-9999,-9999,"-9999",0,0,255,0,0,1
"111401080105",2132,24125.7794607468,2171.32015146721,"Ozark-Ouachita Dry-Mesic Oak Forest","Hardwood",188,66,15,11,6,17,77,"I-B",115,115,0,0.45098,0.45098,0
"111401080105",2139,895.999979972839,80.6399981975555,"Ozark-Ouachita Mesic Hardwood Forest","Hardwood",316,110,25,19,6,18,76,"I-C",0,135,74,0,0.529412,0.290196
"111401080105",2140,12361.3497237023,1112.52147513321,"Ozark-Ouachita Dry Oak Woodland","Hardwood",38,89,6,5,13,5,82,"I-A",97,69,0,0.380392,0.270588,0
"111401080105",2141,46155.2989683487,4153.97690715138,"Ozark-Ouachita Shortleaf Pine-Oak Forest and Woodland","Conifer",347,92,5,5,1,5,94,"I-A",196,164,100,0.768627,0.643137,0.392157
"111401080105",2153,2726.1499390658,245.353494515922,"Central Interior and Appalachian Floodplain Systems-Large Floodplains","Riparian",142,-9999,100,59,41,-9999,59,"III-A",48,237,56,0.188235,0.929412,0.219608
"111401080105",2158,229.999994859099,20.6999995373189,"Central Interior and Appalachian Shrub-Herbaceous Wetland Systems","Riparian",17,-9999,-9999,17,100,-9999,-9999,"II-C",240,150,20,0.941176,0.588235,0.078431
"111401080105",2160,28689.8293587323,2582.08464228591,"Ozark-Ouachita Shortleaf Pine-Bluestem Woodland","Hardwood-Conifer",100,1223,2,2,2,1,97,"I-A",68,137,112,0.266667,0.537255,0.439216
"111401080201",11,83.7299981284887,7.53569983156398,"Open Water","Open Water",-9999,-9999,-9999,-9999,-9999,-9999,-9999,"-9999",0,0,255,0,0,1
"111401080201",2132,19845.7695564125,1786.11926007712,"Ozark-Ouachita Dry-Mesic Oak Forest","Hardwood",188,66,15,11,6,17,77,"I-B",115,115,0,0.45098,0.45098,0
"111401080201",2139,2153.39995186776,193.805995668098,"Ozark-Ouachita Mesic Hardwood Forest","Hardwood",316,110,25,19,6,18,76,"I-C",0,135,74,0,0.529412,0.290196
"111401080201",2140,9184.92979470082,826.643681523073,"Ozark-Ouachita Dry Oak Woodland","Hardwood",38,89,6,5,13,5,82,"I-A",97,69,0,0.380392,0.270588,0
"111401080201",2141,42564.379048612,3830.79411437508,"Ozark-Ouachita Shortleaf Pine-Oak Forest and Woodland","Conifer",347,92,5,5,1,5,94,"I-A",196,164,100,0.768627,0.643137,0.392157
"111401080201",2153,1035.27997685969,93.175197917372,"Central Interior and Appalachian Floodplain Systems-Large Floodplains","Riparian",142,-9999,100,59,41,-9999,59,"III-A",48,237,56,0.188235,0.929412,0.219608
"111401080201",2160,22207.529503623,1998.67765532607,"Ozark-Ouachita Shortleaf Pine-Bluestem Woodland","Hardwood-Conifer",100,1223,2,2,2,1,97,"I-A",68,137,112,0.266667,0.537255,0.439216
"111401080202",11,422.849990548566,38.0564991493709,"Open Water","Open Water",-9999,-9999,-9999,-9999,-9999,-9999,-9999,"-9999",0,0,255,0,0,1
"111401080202",2132,28579.9593611881,2572.19634250693,"Ozark-Ouachita Dry-Mesic Oak Forest","Hardwood",188,66,15,11,6,17,77,"I-B",115,115,0,0.45098,0.45098,0
"111401080202",2136,59.4699986707419,5.35229988036677,"Ouachita Montane Oak Forest","Hardwood",38,89,6,5,13,6,81,"I-A",0,38,115,0,0.14902,0.45098
"111401080202",2139,5222.10988327675,469.989889494907,"Ozark-Ouachita Mesic Hardwood Forest","Hardwood",316,110,25,19,6,18,76,"I-C",0,135,74,0,0.529412,0.290196
"111401080202",2140,13211.7297046948,1189.05567342253,"Ozark-Ouachita Dry Oak Woodland","Hardwood",38,89,6,5,13,5,82,"I-A",97,69,0,0.380392,0.270588,0
"111401080202",2141,46713.9589558616,4204.25630602755,"Ozark-Ouachita Shortleaf Pine-Oak Forest and Woodland","Conifer",347,92,5,5,1,5,94,"I-A",196,164,100,0.768627,0.643137,0.392157
"111401080202",2153,989.469977883622,89.052298009526,"Central Interior and Appalachian Floodplain Systems-Large Floodplains","Riparian",142,-9999,100,59,41,-9999,59,"III-A",48,237,56,0.188235,0.929412,0.219608
"111401080202",2158,38.9999991282821,3.50999992154539,"Central Interior and Appalachian Shrub-Herbaceous Wetland Systems","Riparian",17,-9999,-9999,17,100,-9999,-9999,"II-C",240,150,20,0.941176,0.588235,0.078431
"111401080202",2160,43353.1090309825,3901.77981278842,"Ozark-Ouachita Shortleaf Pine-Bluestem Woodland","Hardwood-Conifer",100,1223,2,2,2,1,97,"I-A",68,137,112,0.266667,0.537255,0.439216
"111401080204",11,195.56999562867,17.6012996065803,"Open Water","Open Water",-9999,-9999,-9999,-9999,-9999,-9999,-9999,"-9999",0,0,255,0,0,1
"111401080204",2132,18423.7195881978,1658.1347629378,"Ozark-Ouachita Dry-Mesic Oak Forest","Hardwood",188,66,15,11,6,17,77,"I-B",115,115,0,0.45098,0.45098,0
"111401080204",2139,1511.99996620417,136.079996958375,"Ozark-Ouachita Mesic Hardwood Forest","Hardwood",316,110,25,19,6,18,76,"I-C",0,135,74,0,0.529412,0.290196
"111401080204",2140,11603.4497406427,1044.31047665784,"Ozark-Ouachita Dry Oak Woodland","Hardwood",38,89,6,5,13,5,82,"I-A",97,69,0,0.380392,0.270588,0
"111401080204",2141,44393.3790077306,3995.40411069576,"Ozark-Ouachita Shortleaf Pine-Oak Forest and Woodland","Conifer",347,92,5,5,1,5,94,"I-A",196,164,100,0.768627,0.643137,0.392157
"111401080204",2153,1275.38997149281,114.785097434353,"Central Interior and Appalachian Floodplain Systems-Large Floodplains","Riparian",142,-9999,100,59,41,-9999,59,"III-A",48,237,56,0.188235,0.929412,0.219608
"111401080204",2158,15.9999996423721,1.43999996781349,"Central Interior and Appalachian Shrub-Herbaceous Wetland Systems","Riparian",17,-9999,-9999,17,100,-9999,-9999,"II-C",240,150,20,0.941176,0.588235,0.078431
"111401080204",2160,24496.2694524657,2204.66425072191,"Ozark-Ouachita Shortleaf Pine-Bluestem Woodland","Hardwood-Conifer",100,1223,2,2,2,1,97,"I-A",68,137,112,0.266667,0.537255,0.439216
"111401080205",11,32.699999269098,2.94299993421882,"Open Water","Open Water",-9999,-9999,-9999,-9999,-9999,-9999,-9999,"-9999",0,0,255,0,0,1
"111401080205",2132,28391.5993653983,2555.24394288585,"Ozark-Ouachita Dry-Mesic Oak Forest","Hardwood",188,66,15,11,6,17,77,"I-B",115,115,0,0.45098,0.45098,0
"111401080205",2136,519.209988394752,46.7288989555277,"Ouachita Montane Oak Forest","Hardwood",38,89,6,5,13,6,81,"I-A",0,38,115,0,0.14902,0.45098
"111401080205",2139,9083.67979696393,817.531181726754,"Ozark-Ouachita Mesic Hardwood Forest","Hardwood",316,110,25,19,6,18,76,"I-C",0,135,74,0,0.529412,0.290196
"111401080205",2140,13990.809687281,1259.17287185529,"Ozark-Ouachita Dry Oak Woodland","Hardwood",38,89,6,5,13,5,82,"I-A",97,69,0,0.380392,0.270588,0
"111401080205",2141,29052.0593506359,2614.68534155723,"Ozark-Ouachita Shortleaf Pine-Oak Forest and Woodland","Conifer",347,92,5,5,1,5,94,"I-A",196,164,100,0.768627,0.643137,0.392157
"111401080205",2153,2857.99993611872,257.219994250685,"Central Interior and Appalachian Floodplain Systems-Large Floodplains","Riparian",142,-9999,100,59,41,-9999,59,"III-A",48,237,56,0.188235,0.929412,0.219608
"111401080205",2158,11.9999997317791,1.07999997586012,"Central Interior and Appalachian Shrub-Herbaceous Wetland Systems","Riparian",17,-9999,-9999,17,100,-9999,-9999,"II-C",240,150,20,0.941176,0.588235,0.078431
"111401080205",2160,33526.379250627,3017.37413255643,"Ozark-Ouachita Shortleaf Pine-Bluestem Woodland","Hardwood-Conifer",100,1223,2,2,2,1,97,"I-A",68,137,112,0.266667,0.537255,0.439216
"111401080207",11,902.989979816601,81.2690981834941,"Open Water","Open Water",-9999,-9999,-9999,-9999,-9999,-9999,-9999,"-9999",0,0,255,0,0,1
"111401080207",31,2.38999994657934,0.21509999519214,"Barren-Rock/Sand/Clay","Barren-Rock/Sand/Clay",-9999,-9999,-9999,-9999,-9999,-9999,-9999,"-9999",191,191,191,0.74902,0.74902,0.74902
"111401080207",2132,12509.9097203817,1125.89187483435,"Ozark-Ouachita Dry-Mesic Oak Forest","Hardwood",188,66,15,11,6,17,77,"I-B",115,115,0,0.45098,0.45098,0
"111401080207",2139,1781.80996017344,160.36289641561,"Ozark-Ouachita Mesic Hardwood Forest","Hardwood",316,110,25,19,6,18,76,"I-C",0,135,74,0,0.529412,0.290196
"111401080207",2140,10673.4497614298,960.610478528682,"Ozark-Ouachita Dry Oak Woodland","Hardwood",38,89,6,5,13,5,82,"I-A",97,69,0,0.380392,0.270588,0
"111401080207",2141,24649.6294490378,2218.46665041341,"Ozark-Ouachita Shortleaf Pine-Oak Forest and Woodland","Conifer",347,92,5,5,1,5,94,"I-A",196,164,100,0.768627,0.643137,0.392157
"111401080207",2153,3886.139913138,349.75259218242,"Central Interior and Appalachian Floodplain Systems-Large Floodplains","Riparian",142,-9999,100,59,41,-9999,59,"III-A",48,237,56,0.188235,0.929412,0.219608
"111401080207",2158,22.4799994975328,2.02319995477796,"Central Interior and Appalachian Shrub-Herbaceous Wetland Systems","Riparian",17,-9999,-9999,17,100,-9999,-9999,"II-C",240,150,20,0.941176,0.588235,0.078431
"111401080207",2160,18228.1895925682,1640.53706333114,"Ozark-Ouachita Shortleaf Pine-Bluestem Woodland","Hardwood-Conifer",100,1223,2,2,2,1,97,"I-A",68,137,112,0.266667,0.537255,0.439216
"111401080208",11,295.999993383884,26.6399994045496,"Open Water","Open Water",-9999,-9999,-9999,-9999,-9999,-9999,-9999,"-9999",0,0,255,0,0,1
"111401080208",2132,21890.6795107052,1970.16115596347,"Ozark-Ouachita Dry-Mesic Oak Forest","Hardwood",188,66,15,11,6,17,77,"I-B",115,115,0,0.45098,0.45098,0
"111401080208",2139,7598.81983015314,683.893784713782,"Ozark-Ouachita Mesic Hardwood Forest","Hardwood",316,110,25,19,6,18,76,"I-C",0,135,74,0,0.529412,0.290196
"111401080208",2140,10329.8297691103,929.684679219928,"Ozark-Ouachita Dry Oak Woodland","Hardwood",38,89,6,5,13,5,82,"I-A",97,69,0,0.380392,0.270588,0
"111401080208",2141,28620.2193602882,2575.81974242594,"Ozark-Ouachita Shortleaf Pine-Oak Forest and Woodland","Conifer",347,92,5,5,1,5,94,"I-A",196,164,100,0.768627,0.643137,0.392157
"111401080208",2153,96.999997831881,8.72999980486929,"Central Interior and Appalachian Floodplain Systems-Large Floodplains","Riparian",142,-9999,100,59,41,-9999,59,"III-A",48,237,56,0.188235,0.929412,0.219608
"111401080208",2160,32495.4692736696,2924.59223463027,"Ozark-Ouachita Shortleaf Pine-Bluestem Woodland","Hardwood-Conifer",100,1223,2,2,2,1,97,"I-A",68,137,112,0.266667,0.537255,0.439216
"111401080209",11,1816.42995939963,163.478696345966,"Open Water","Open Water",-9999,-9999,-9999,-9999,-9999,-9999,-9999,"-9999",0,0,255,0,0,1
"111401080209",31,5.60999987460673,0.504899988714606,"Barren-Rock/Sand/Clay","Barren-Rock/Sand/Clay",-9999,-9999,-9999,-9999,-9999,-9999,-9999,"-9999",191,191,191,0.74902,0.74902,0.74902
"111401080209",2132,27283.3993901685,2455.50594511516,"Ozark-Ouachita Dry-Mesic Oak Forest","Hardwood",188,66,15,11,6,17,77,"I-B",115,115,0,0.45098,0.45098,0
"111401080209",2139,2503.73994403705,225.336594963335,"Ozark-Ouachita Mesic Hardwood Forest","Hardwood",316,110,25,19,6,18,76,"I-C",0,135,74,0,0.529412,0.290196
"111401080209",2140,17526.0496082623,1577.3444647436,"Ozark-Ouachita Dry Oak Woodland","Hardwood",38,89,6,5,13,5,82,"I-A",97,69,0,0.380392,0.270588,0
"111401080209",2141,47062.458948072,4235.62130532648,"Ozark-Ouachita Shortleaf Pine-Oak Forest and Woodland","Conifer",347,92,5,5,1,5,94,"I-A",196,164,100,0.768627,0.643137,0.392157
"111401080209",2153,959.889978544787,86.3900980690308,"Central Interior and Appalachian Floodplain Systems-Large Floodplains","Riparian",142,-9999,100,59,41,-9999,59,"III-A",48,237,56,0.188235,0.929412,0.219608
"111401080209",2158,4.99999988824129,0.449999989941716,"Central Interior and Appalachian Shrub-Herbaceous Wetland Systems","Riparian",17,-9999,-9999,17,100,-9999,-9999,"II-C",240,150,20,0.941176,0.588235,0.078431
"111401080209",2160,29701.129336128,2673.10164025152,"Ozark-Ouachita Shortleaf Pine-Bluestem Woodland","Hardwood-Conifer",100,1223,2,2,2,1,97,"I-A",68,137,112,0.266667,0.537255,0.439216
"111401080301",11,383.389991430566,34.5050992287509,"Open Water","Open Water",-9999,-9999,-9999,-9999,-9999,-9999,-9999,"-9999",0,0,255,0,0,1
"111401080301",2132,24592.9694503043,2213.36725052739,"Ozark-Ouachita Dry-Mesic Oak Forest","Hardwood",188,66,15,11,6,17,77,"I-B",115,115,0,0.45098,0.45098,0
"111401080301",2139,291.999993473291,26.2799994125962,"Ozark-Ouachita Mesic Hardwood Forest","Hardwood",316,110,25,19,6,18,76,"I-C",0,135,74,0,0.529412,0.290196
"111401080301",2140,13665.8996945433,1229.9309725089,"Ozark-Ouachita Dry Oak Woodland","Hardwood",38,89,6,5,13,5,82,"I-A",97,69,0,0.380392,0.270588,0
"111401080301",2141,72959.9583692178,6566.3962532296,"Ozark-Ouachita Shortleaf Pine-Oak Forest and Woodland","Conifer",347,92,5,5,1,5,94,"I-A",196,164,100,0.768627,0.643137,0.392157
"111401080301",2153,2014.99995496124,181.349995946512,"Central Interior and Appalachian Floodplain Systems-Large Floodplains","Riparian",142,-9999,100,59,41,-9999,59,"III-A",48,237,56,0.188235,0.929412,0.219608
"111401080301",2158,125.939997185022,11.3345997466519,"Central Interior and Appalachian Shrub-Herbaceous Wetland Systems","Riparian",17,-9999,-9999,17,100,-9999,-9999,"II-C",240,150,20,0.941176,0.588235,0.078431
"111401080301",2160,39689.8391128629,3572.08552015767,"Ozark-Ouachita Shortleaf Pine-Bluestem Woodland","Hardwood-Conifer",100,1223,2,2,2,1,97,"I-A",68,137,112,0.266667,0.537255,0.439216
"111401080302",11,604.949986478314,54.4454987830482,"Open Water","Open Water",-9999,-9999,-9999,-9999,-9999,-9999,-9999,"-9999",0,0,255,0,0,1
"111401080302",2132,18398.519588761,1655.86676298849,"Ozark-Ouachita Dry-Mesic Oak Forest","Hardwood",188,66,15,11,6,17,77,"I-B",115,115,0,0.45098,0.45098,0
"111401080302",2139,2033.55995454639,183.020395909175,"Ozark-Ouachita Mesic Hardwood Forest","Hardwood",316,110,25,19,6,18,76,"I-C",0,135,74,0,0.529412,0.290196
"111401080302",2140,9907.16977855749,891.645280070175,"Ozark-Ouachita Dry Oak Woodland","Hardwood",38,89,6,5,13,5,82,"I-A",97,69,0,0.380392,0.270588,0
"111401080302",2141,41709.9190677106,3753.89271609396,"Ozark-Ouachita Shortleaf Pine-Oak Forest and Woodland","Conifer",347,92,5,5,1,5,94,"I-A",196,164,100,0.768627,0.643137,0.392157
"111401080302",2153,58.9999986812472,5.30999988131225,"Central Interior and Appalachian Floodplain Systems-Large Floodplains","Riparian",142,-9999,100,59,41,-9999,59,"III-A",48,237,56,0.188235,0.929412,0.219608
"111401080302",2160,25490.5594302416,2294.15034872174,"Ozark-Ouachita Shortleaf Pine-Bluestem Woodland","Hardwood-Conifer",100,1223,2,2,2,1,97,"I-A",68,137,112,0.266667,0.537255,0.439216
"111401080303",11,1014.93997731432,91.3445979582891,"Open Water","Open Water",-9999,-9999,-9999,-9999,-9999,-9999,-9999,"-9999",0,0,255,0,0,1
"111401080303",2132,23776.089468563,2139.84805217067,"Ozark-Ouachita Dry-Mesic Oak Forest","Hardwood",188,66,15,11,6,17,77,"I-B",115,115,0,0.45098,0.45098,0
"111401080303",2139,5736.43987178057,516.279588460252,"Ozark-Ouachita Mesic Hardwood Forest","Hardwood",316,110,25,19,6,18,76,"I-C",0,135,74,0,0.529412,0.290196
"111401080303",2140,16477.90963169,1483.0118668521,"Ozark-Ouachita Dry Oak Woodland","Hardwood",38,89,6,5,13,5,82,"I-A",97,69,0,0.380392,0.270588,0
"111401080303",2141,21246.8495250959,1912.21645725863,"Ozark-Ouachita Shortleaf Pine-Oak Forest and Woodland","Conifer",347,92,5,5,1,5,94,"I-A",196,164,100,0.768627,0.643137,0.392157
"111401080303",2153,5.99999986588955,0.539999987930059,"Central Interior and Appalachian Floodplain Systems-Large Floodplains","Riparian",142,-9999,100,59,41,-9999,59,"III-A",48,237,56,0.188235,0.929412,0.219608
"111401080303",2160,20908.4195326604,1881.75775793944,"Ozark-Ouachita Shortleaf Pine-Bluestem Woodland","Hardwood-Conifer",100,1223,2,2,2,1,97,"I-A",68,137,112,0.266667,0.537255,0.439216
"111401080304",11,4467.24990014918,402.052491013426,"Open Water","Open Water",-9999,-9999,-9999,-9999,-9999,-9999,-9999,"-9999",0,0,255,0,0,1
"111401080304",2132,41639.6890692804,3747.57201623524,"Ozark-Ouachita Dry-Mesic Oak Forest","Hardwood",188,66,15,11,6,17,77,"I-B",115,115,0,0.45098,0.45098,0
"111401080304",2139,10899.8597563691,980.987378073223,"Ozark-Ouachita Mesic Hardwood Forest","Hardwood",316,110,25,19,6,18,76,"I-C",0,135,74,0,0.529412,0.290196
"111401080304",2140,26166.5794151314,2354.99214736182,"Ozark-Ouachita Dry Oak Woodland","Hardwood",38,89,6,5,13,5,82,"I-A",97,69,0,0.380392,0.270588,0
"111401080304",2141,25193.8794368729,2267.44914931856,"Ozark-Ouachita Shortleaf Pine-Oak Forest and Woodland","Conifer",347,92,5,5,1,5,94,"I-A",196,164,100,0.768627,0.643137,0.392157
"111401080304",2153,438.809990191832,39.4928991172649,"Central Interior and Appalachian Floodplain Systems-Large Floodplains","Riparian",142,-9999,100,59,41,-9999,59,"III-A",48,237,56,0.188235,0.929412,0.219608
"111401080304",2160,51070.7588584796,4596.36829726316,"Ozark-Ouachita Shortleaf Pine-Bluestem Woodland","Hardwood-Conifer",100,1223,2,2,2,1,97,"I-A",68,137,112,0.266667,0.537255,0.439216
"111401080305",11,18318.749590544,1648.68746314896,"Open Water","Open Water",-9999,-9999,-9999,-9999,-9999,-9999,-9999,"-9999",0,0,255,0,0,1
"111401080305",2132,45561.8889816124,4100.57000834512,"Ozark-Ouachita Dry-Mesic Oak Forest","Hardwood",188,66,15,11,6,17,77,"I-B",115,115,0,0.45098,0.45098,0
"111401080305",2138,7.99999982118607,0.719999983906746,"West Gulf Coastal Plain Mesic Hardwood Forest","Hardwood",271,90,23,17,7,19,74,"I-C",181,158,143,0.709804,0.619608,0.560784
"111401080305",2139,9947.3497776594,895.261479989346,"Ozark-Ouachita Mesic Hardwood Forest","Hardwood",316,110,25,19,6,18,76,"I-C",0,135,74,0,0.529412,0.290196
"111401080305",2140,30126.9293266106,2711.42363939496,"Ozark-Ouachita Dry Oak Woodland","Hardwood",38,89,6,5,13,5,82,"I-A",97,69,0,0.380392,0.270588,0
"111401080305",2141,14136.1496840324,1272.25347156292,"Ozark-Ouachita Shortleaf Pine-Oak Forest and Woodland","Conifer",347,92,5,5,1,5,94,"I-A",196,164,100,0.768627,0.643137,0.392157
"111401080305",2142,22.9999994859099,2.06999995373189,"West Gulf Coastal Plain Pine-Hardwood Forest","Hardwood-Conifer",121,52,5,4,4,9,87,"I-A",100,168,0,0.392157,0.658824,0
"111401080305",2153,1087.18997569941,97.8470978129469,"Central Interior and Appalachian Floodplain Systems-Large Floodplains","Riparian",142,-9999,100,59,41,-9999,59,"III-A",48,237,56,0.188235,0.929412,0.219608
"111401080305",2160,25636.6694269758,2307.30024842782,"Ozark-Ouachita Shortleaf Pine-Bluestem Woodland","Hardwood-Conifer",100,1223,2,2,2,1,97,"I-A",68,137,112,0.266667,0.537255,0.439216
"111401080306",11,40740.849089371,3666.67641804339,"Open Water","Open Water",-9999,-9999,-9999,-9999,-9999,-9999,-9999,"-9999",0,0,255,0,0,1
"111401080306",2132,34631.709225921,3116.85383033289,"Ozark-Ouachita Dry-Mesic Oak Forest","Hardwood",188,66,15,11,6,17,77,"I-B",115,115,0,0.45098,0.45098,0
"111401080306",2138,4.99999988824129,0.449999989941716,"West Gulf Coastal Plain Mesic Hardwood Forest","Hardwood",271,90,23,17,7,19,74,"I-C",181,158,143,0.709804,0.619608,0.560784
"111401080306",2139,7507.11983220279,675.640784898251,"Ozark-Ouachita Mesic Hardwood Forest","Hardwood",316,110,25,19,6,18,76,"I-C",0,135,74,0,0.529412,0.290196
"111401080306",2140,29827.4593333043,2684.47133999739,"Ozark-Ouachita Dry Oak Woodland","Hardwood",38,89,6,5,13,5,82,"I-A",97,69,0,0.380392,0.270588,0
"111401080306",2141,8344.96981347539,751.047283212785,"Ozark-Ouachita Shortleaf Pine-Oak Forest and Woodland","Conifer",347,92,5,5,1,5,94,"I-A",196,164,100,0.768627,0.643137,0.392157
"111401080306",2142,12.9999997094274,1.16999997384846,"West Gulf Coastal Plain Pine-Hardwood Forest","Hardwood-Conifer",121,52,5,4,4,9,87,"I-A",100,168,0,0.392157,0.658824,0
"111401080306",2143,3.99999991059303,0.359999991953373,"West Gulf Coastal Plain Sandhill Oak and Shortleaf Pine Forest and Woodland","Hardwood-Conifer",159,390,5,5,3,1,96,"I-A",209,217,0,0.819608,0.85098,0
"111401080306",2151,1.99999995529652,0.179999995976686,"West Gulf Coastal Plain Pine-Hardwood Flatwoods","Hardwood-Conifer",179,104,5,5,3,4,93,"I-A",99,235,97,0.388235,0.921569,0.380392
"111401080306",2153,1896.99995759875,170.729996183887,"Central Interior and Appalachian Floodplain Systems-Large Floodplains","Riparian",142,-9999,100,59,41,-9999,59,"III-A",48,237,56,0.188235,0.929412,0.219608
"111401080306",2160,14722.2396709323,1325.00157038391,"Ozark-Ouachita Shortleaf Pine-Bluestem Woodland","Hardwood-Conifer",100,1223,2,2,2,1,97,"I-A",68,137,112,0.266667,0.537255,0.439216
"111401080307",11,2097.36995312013,188.763295780811,"Open Water","Open Water",-9999,-9999,-9999,-9999,-9999,-9999,-9999,"-9999",0,0,255,0,0,1
"111401080307",2132,19016.4895749483,1711.48406174535,"Ozark-Ouachita Dry-Mesic Oak Forest","Hardwood",188,66,15,11,6,17,77,"I-B",115,115,0,0.45098,0.45098,0
"111401080307",2138,5637.93987398222,507.4145886584,"West Gulf Coastal Plain Mesic Hardwood Forest","Hardwood",271,90,23,17,7,19,74,"I-C",181,158,143,0.709804,0.619608,0.560784
"111401080307",2139,5137.13988517597,462.342589665838,"Ozark-Ouachita Mesic Hardwood Forest","Hardwood",316,110,25,19,6,18,76,"I-C",0,135,74,0,0.529412,0.290196
"111401080307",2140,16557.7896299046,1490.20106669141,"Ozark-Ouachita Dry Oak Woodland","Hardwood",38,89,6,5,13,5,82,"I-A",97,69,0,0.380392,0.270588,0
"111401080307",2141,11640.299739819,1047.62697658371,"Ozark-Ouachita Shortleaf Pine-Oak Forest and Woodland","Conifer",347,92,5,5,1,5,94,"I-A",196,164,100,0.768627,0.643137,0.392157
"111401080307",2142,21658.3295158986,1949.24965643087,"West Gulf Coastal Plain Pine-Hardwood Forest","Hardwood-Conifer",121,52,5,4,4,9,87,"I-A",100,168,0,0.392157,0.658824,0
"111401080307",2143,5800.46987034939,522.042288331445,"West Gulf Coastal Plain Sandhill Oak and Shortleaf Pine Forest and Woodland","Hardwood-Conifer",159,390,5,5,3,1,96,"I-A",209,217,0,0.819608,0.85098,0
"111401080307",2150,163.269996350631,14.6942996715568,"West Gulf Coastal Plain Northern Calcareous Prairie","Grassland",1280,7,7,3,1,52,47,"I-A",255,0,110,1,0,0.431373
"111401080307",2151,5689.89987282082,512.090988553874,"West Gulf Coastal Plain Pine-Hardwood Flatwoods","Hardwood-Conifer",179,104,5,5,3,4,93,"I-A",99,235,97,0.388235,0.921569,0.380392
"111401080307",2153,270.999993942678,24.389999454841,"Central Interior and Appalachian Floodplain Systems-Large Floodplains","Riparian",142,-9999,100,59,41,-9999,59,"III-A",48,237,56,0.188235,0.929412,0.219608
"111401080307",2155,1244.41997218505,111.997797496654,"Gulf and Atlantic Coastal Plain Floodplain Systems","Riparian",393,257,49,37,10,15,75,"III-A",102,119,205,0.4,0.466667,0.803922
"111401080307",2156,1772.10996039025,159.489896435123,"Gulf and Atlantic Coastal Plain Small Stream Riparian Systems","Riparian",431,129,50,33,8,26,66,"I-C",171,185,235,0.670588,0.72549,0.921569
"111401080307",2158,18.9999995753169,1.70999996177852,"Central Interior and Appalachian Shrub-Herbaceous Wetland Systems","Riparian",17,-9999,-9999,17,100,-9999,-9999,"II-C",240,150,20,0.941176,0.588235,0.078431
"111401080307",2159,13136.8597063683,1182.31737357315,"West Gulf Coastal Plain Nonriverine Wet Hardwood Flatwoods","Hardwood",308,130,38,27,9,21,70,"I-C",38,115,0,0.14902,0.45098,0
"111401080307",2160,18177.3795937039,1635.96416343335,"Ozark-Ouachita Shortleaf Pine-Bluestem Woodland","Hardwood-Conifer",100,1223,2,2,2,1,97,"I-A",68,137,112,0.266667,0.537255,0.439216
"111401080308",11,1419.01996828243,127.711797145419,"Open Water","Open Water",-9999,-9999,-9999,-9999,-9999,-9999,-9999,"-9999",0,0,255,0,0,1
"111401080308",2132,5047.86988717131,454.308289845418,"Ozark-Ouachita Dry-Mesic Oak Forest","Hardwood",188,66,15,11,6,17,77,"I-B",115,115,0,0.45098,0.45098,0
"111401080308",2138,1347.81996987388,121.303797288649,"West Gulf Coastal Plain Mesic Hardwood Forest","Hardwood",271,90,23,17,7,19,74,"I-C",181,158,143,0.709804,0.619608,0.560784
"111401080308",2139,799.999982118607,71.9999983906746,"Ozark-Ouachita Mesic Hardwood Forest","Hardwood",316,110,25,19,6,18,76,"I-C",0,135,74,0,0.529412,0.290196
"111401080308",2140,2941.95993424207,264.776394081786,"Ozark-Ouachita Dry Oak Woodland","Hardwood",38,89,6,5,13,5,82,"I-A",97,69,0,0.380392,0.270588,0
"111401080308",2141,11713.3397381864,1054.20057643678,"Ozark-Ouachita Shortleaf Pine-Oak Forest and Woodland","Conifer",347,92,5,5,1,5,94,"I-A",196,164,100,0.768627,0.643137,0.392157
"111401080308",2142,33341.2792547643,3000.71513292879,"West Gulf Coastal Plain Pine-Hardwood Forest","Hardwood-Conifer",121,52,5,4,4,9,87,"I-A",100,168,0,0.392157,0.658824,0
"111401080308",2143,13149.6397060826,1183.46757354744,"West Gulf Coastal Plain Sandhill Oak and Shortleaf Pine Forest and Woodland","Hardwood-Conifer",159,390,5,5,3,1,96,"I-A",209,217,0,0.819608,0.85098,0
"111401080308",2150,431.729990350083,38.8556991315074,"West Gulf Coastal Plain Northern Calcareous Prairie","Grassland",1280,7,7,3,1,52,47,"I-A",255,0,110,1,0,0.431373
"111401080308",2151,3890.36991304345,350.133292173911,"West Gulf Coastal Plain Pine-Hardwood Flatwoods","Hardwood-Conifer",179,104,5,5,3,4,93,"I-A",99,235,97,0.388235,0.921569,0.380392
"111401080308",2153,91.9999979436398,8.27999981492758,"Central Interior and Appalachian Floodplain Systems-Large Floodplains","Riparian",142,-9999,100,59,41,-9999,59,"III-A",48,237,56,0.188235,0.929412,0.219608
"111401080308",2155,29129.5293489043,2621.65764140138,"Gulf and Atlantic Coastal Plain Floodplain Systems","Riparian",393,257,49,37,10,15,75,"III-A",102,119,205,0.4,0.466667,0.803922
"111401080308",2156,6457.32985566743,581.159687010068,"Gulf and Atlantic Coastal Plain Small Stream Riparian Systems","Riparian",431,129,50,33,8,26,66,"I-C",171,185,235,0.670588,0.72549,0.921569
"111401080308",2157,4526.51989882439,407.386790894195,"Gulf and Atlantic Coastal Plain Swamp Systems","Riparian",1020,-9999,685,410,40,-9999,60,"V-A",102,212,179,0.4,0.831373,0.701961
"111401080308",2159,7948.3198223412,715.348784010708,"West Gulf Coastal Plain Nonriverine Wet Hardwood Flatwoods","Hardwood",308,130,38,27,9,21,70,"I-C",38,115,0,0.14902,0.45098,0
"111401080308",2160,7570.87983077765,681.379184769988,"Ozark-Ouachita Shortleaf Pine-Bluestem Woodland","Hardwood-Conifer",100,1223,2,2,2,1,97,"I-A",68,137,112,0.266667,0.537255,0.439216
"111401090101",11,90.5699979756027,8.15129981780425,"Open Water","Open Water",-9999,-9999,-9999,-9999,-9999,-9999,-9999,"-9999",0,0,255,0,0,1
"111401090101",2132,33664.9692475293,3029.84723227764,"Ozark-Ouachita Dry-Mesic Oak Forest","Hardwood",188,66,15,11,6,17,77,"I-B",115,115,0,0.45098,0.45098,0
"111401090101",2139,7024.73984298483,632.226585868634,"Ozark-Ouachita Mesic Hardwood Forest","Hardwood",316,110,25,19,6,18,76,"I-C",0,135,74,0,0.529412,0.290196
"111401090101",2140,19613.6895615999,1765.23206054399,"Ozark-Ouachita Dry Oak Woodland","Hardwood",38,89,6,5,13,5,82,"I-A",97,69,0,0.380392,0.270588,0
"111401090101",2141,41635.0290693846,3747.15261624461,"Ozark-Ouachita Shortleaf Pine-Oak Forest and Woodland","Conifer",347,92,5,5,1,5,94,"I-A",196,164,100,0.768627,0.643137,0.392157
"111401090101",2153,117.999997362494,10.6199997626245,"Central Interior and Appalachian Floodplain Systems-Large Floodplains","Riparian",142,-9999,100,59,41,-9999,59,"III-A",48,237,56,0.188235,0.929412,0.219608
"111401090101",2160,46633.6189576574,4197.02570618916,"Ozark-Ouachita Shortleaf Pine-Bluestem Woodland","Hardwood-Conifer",100,1223,2,2,2,1,97,"I-A",68,137,112,0.266667,0.537255,0.439216
"111401090102",11,941.349978959188,84.7214981063269,"Open Water","Open Water",-9999,-9999,-9999,-9999,-9999,-9999,-9999,"-9999",0,0,255,0,0,1
"111401090102",2132,20185.8295488115,1816.72465939304,"Ozark-Ouachita Dry-Mesic Oak Forest","Hardwood",188,66,15,11,6,17,77,"I-B",115,115,0,0.45098,0.45098,0
"111401090102",2139,4852.46989153884,436.722290238496,"Ozark-Ouachita Mesic Hardwood Forest","Hardwood",316,110,25,19,6,18,76,"I-C",0,135,74,0,0.529412,0.290196
"111401090102",2140,11822.299735751,1064.00697621759,"Ozark-Ouachita Dry Oak Woodland","Hardwood",38,89,6,5,13,5,82,"I-A",97,69,0,0.380392,0.270588,0
"111401090102",2141,32479.2792740315,2923.13513466284,"Ozark-Ouachita Shortleaf Pine-Oak Forest and Woodland","Conifer",347,92,5,5,1,5,94,"I-A",196,164,100,0.768627,0.643137,0.392157
"111401090102",2153,32.9999992623925,2.96999993361533,"Central Interior and Appalachian Floodplain Systems-Large Floodplains","Riparian",142,-9999,100,59,41,-9999,59,"III-A",48,237,56,0.188235,0.929412,0.219608
"111401090102",2160,23850.3894669022,2146.5350520212,"Ozark-Ouachita Shortleaf Pine-Bluestem Woodland","Hardwood-Conifer",100,1223,2,2,2,1,97,"I-A",68,137,112,0.266667,0.537255,0.439216
"111401090201",11,56.9999987259507,5.12999988533556,"Open Water","Open Water",-9999,-9999,-9999,-9999,-9999,-9999,-9999,"-9999",0,0,255,0,0,1
"111401090201",2132,22103.1795059554,1989.28615553599,"Ozark-Ouachita Dry-Mesic Oak Forest","Hardwood",188,66,15,11,6,17,77,"I-B",115,115,0,0.45098,0.45098,0
"111401090201",2138,242.829994572327,21.8546995115094,"West Gulf Coastal Plain Mesic Hardwood Forest","Hardwood",271,90,23,17,7,19,74,"I-C",181,158,143,0.709804,0.619608,0.560784
"111401090201",2139,4437.99990080297,399.419991072267,"Ozark-Ouachita Mesic Hardwood Forest","Hardwood",316,110,25,19,6,18,76,"I-C",0,135,74,0,0.529412,0.290196
"111401090201",2140,24029.0494629089,2162.6144516618,"Ozark-Ouachita Dry Oak Woodland","Hardwood",38,89,6,5,13,5,82,"I-A",97,69,0,0.380392,0.270588,0
"111401090201",2141,36421.1291859243,3277.90162673319,"Ozark-Ouachita Shortleaf Pine-Oak Forest and Woodland","Conifer",347,92,5,5,1,5,94,"I-A",196,164,100,0.768627,0.643137,0.392157
"111401090201",2142,4833.56989196129,435.021290276516,"West Gulf Coastal Plain Pine-Hardwood Forest","Hardwood-Conifer",121,52,5,4,4,9,87,"I-A",100,168,0,0.392157,0.658824,0
"111401090201",2151,2486.73994441703,223.806594997533,"West Gulf Coastal Plain Pine-Hardwood Flatwoods","Hardwood-Conifer",179,104,5,5,3,4,93,"I-A",99,235,97,0.388235,0.921569,0.380392
"111401090201",2153,900.849979864433,81.076498187799,"Central Interior and Appalachian Floodplain Systems-Large Floodplains","Riparian",142,-9999,100,59,41,-9999,59,"III-A",48,237,56,0.188235,0.929412,0.219608
"111401090201",2159,10520.8897648398,946.880078835581,"West Gulf Coastal Plain Nonriverine Wet Hardwood Flatwoods","Hardwood",308,130,38,27,9,21,70,"I-C",38,115,0,0.14902,0.45098,0
"111401090201",2160,22509.1394968815,2025.82255471934,"Ozark-Ouachita Shortleaf Pine-Bluestem Woodland","Hardwood-Conifer",100,1223,2,2,2,1,97,"I-A",68,137,112,0.266667,0.537255,0.439216
"111401090302",11,2904.13993508741,261.372594157867,"Open Water","Open Water",-9999,-9999,-9999,-9999,-9999,-9999,-9999,"-9999",0,0,255,0,0,1
"111401090302",2132,0.999999977648258,0.0899999979883432,"Ozark-Ouachita Dry-Mesic Oak Forest","Hardwood",188,66,15,11,6,17,77,"I-B",115,115,0,0.45098,0.45098,0
"111401090302",2138,1556.61996520683,140.095796868615,"West Gulf Coastal Plain Mesic Hardwood Forest","Hardwood",271,90,23,17,7,19,74,"I-C",181,158,143,0.709804,0.619608,0.560784
"111401090302",2142,53504.7488040756,4815.42739236681,"West Gulf Coastal Plain Pine-Hardwood Forest","Hardwood-Conifer",121,52,5,4,4,9,87,"I-A",100,168,0,0.392157,0.658824,0
"111401090302",2143,15503.6496534664,1395.32846881198,"West Gulf Coastal Plain Sandhill Oak and Shortleaf Pine Forest and Woodland","Hardwood-Conifer",159,390,5,5,3,1,96,"I-A",209,217,0,0.819608,0.85098,0
"111401090302",2150,9001.69979879633,810.152981891669,"West Gulf Coastal Plain Northern Calcareous Prairie","Grassland",1280,7,7,3,1,52,47,"I-A",255,0,110,1,0,0.431373
"111401090302",2151,4413.82990134321,397.244691120889,"West Gulf Coastal Plain Pine-Hardwood Flatwoods","Hardwood-Conifer",179,104,5,5,3,4,93,"I-A",99,235,97,0.388235,0.921569,0.380392
"111401090302",2155,45871.1089747008,4128.39980772307,"Gulf and Atlantic Coastal Plain Floodplain Systems","Riparian",393,257,49,37,10,15,75,"III-A",102,119,205,0.4,0.466667,0.803922
"111401090302",2156,13878.6996897869,1249.08297208082,"Gulf and Atlantic Coastal Plain Small Stream Riparian Systems","Riparian",431,129,50,33,8,26,66,"I-C",171,185,235,0.670588,0.72549,0.921569
"111401090302",2157,6428.76985630579,578.589287067521,"Gulf and Atlantic Coastal Plain Swamp Systems","Riparian",1020,-9999,685,410,40,-9999,60,"V-A",102,212,179,0.4,0.831373,0.701961
"111401090302",2159,3631.6499188263,326.848492694367,"West Gulf Coastal Plain Nonriverine Wet Hardwood Flatwoods","Hardwood",308,130,38,27,9,21,70,"I-C",38,115,0,0.14902,0.45098,0
"111401090303",11,50.9999988600612,4.58999989740551,"Open Water","Open Water",-9999,-9999,-9999,-9999,-9999,-9999,-9999,"-9999",0,0,255,0,0,1
"111401090303",2132,33.9999992400408,3.05999993160367,"Ozark-Ouachita Dry-Mesic Oak Forest","Hardwood",188,66,15,11,6,17,77,"I-B",115,115,0,0.45098,0.45098,0
"111401090303",2138,259.999994188547,23.3999994769692,"West Gulf Coastal Plain Mesic Hardwood Forest","Hardwood",271,90,23,17,7,19,74,"I-C",181,158,143,0.709804,0.619608,0.560784
"111401090303",2140,4.99999988824129,0.449999989941716,"Ozark-Ouachita Dry Oak Woodland","Hardwood",38,89,6,5,13,5,82,"I-A",97,69,0,0.380392,0.270588,0
"111401090303",2142,100225.357759789,9020.28219838098,"West Gulf Coastal Plain Pine-Hardwood Forest","Hardwood-Conifer",121,52,5,4,4,9,87,"I-A",100,168,0,0.392157,0.658824,0
"111401090303",2143,13839.3596906662,1245.54237215996,"West Gulf Coastal Plain Sandhill Oak and Shortleaf Pine Forest and Woodland","Hardwood-Conifer",159,390,5,5,3,1,96,"I-A",209,217,0,0.819608,0.85098,0
"111401090303",2150,760.539983000606,68.4485984700546,"West Gulf Coastal Plain Northern Calcareous Prairie","Grassland",1280,7,7,3,1,52,47,"I-A",255,0,110,1,0,0.431373
"111401090303",2151,3815.75991471112,343.418392324001,"West Gulf Coastal Plain Pine-Hardwood Flatwoods","Hardwood-Conifer",179,104,5,5,3,4,93,"I-A",99,235,97,0.388235,0.921569,0.380392
"111401090303",2155,42770.2090440113,3849.31881396102,"Gulf and Atlantic Coastal Plain Floodplain Systems","Riparian",393,257,49,37,10,15,75,"III-A",102,119,205,0.4,0.466667,0.803922
"111401090303",2156,18320.3195905089,1648.8287631458,"Gulf and Atlantic Coastal Plain Small Stream Riparian Systems","Riparian",431,129,50,33,8,26,66,"I-C",171,185,235,0.670588,0.72549,0.921569
"111401090303",2157,592.189986763522,53.297098808717,"Gulf and Atlantic Coastal Plain Swamp Systems","Riparian",1020,-9999,685,410,40,-9999,60,"V-A",102,212,179,0.4,0.831373,0.701961
"111401090303",2159,3003.75993286073,270.338393957466,"West Gulf Coastal Plain Nonriverine Wet Hardwood Flatwoods","Hardwood",308,130,38,27,9,21,70,"I-C",38,115,0,0.14902,0.45098,0
"111401090401",11,368.759991757572,33.1883992581815,"Open Water","Open Water",-9999,-9999,-9999,-9999,-9999,-9999,-9999,"-9999",0,0,255,0,0,1
"111401090401",2132,28265.7093682121,2543.91384313909,"Ozark-Ouachita Dry-Mesic Oak Forest","Hardwood",188,66,15,11,6,17,77,"I-B",115,115,0,0.45098,0.45098,0
"111401090401",2139,7033.08984279819,632.978085851837,"Ozark-Ouachita Mesic Hardwood Forest","Hardwood",316,110,25,19,6,18,76,"I-C",0,135,74,0,0.529412,0.290196
"111401090401",2140,20747.4295362588,1867.26865826329,"Ozark-Ouachita Dry Oak Woodland","Hardwood",38,89,6,5,13,5,82,"I-A",97,69,0,0.380392,0.270588,0
"111401090401",2141,20785.1695354152,1870.66525818737,"Ozark-Ouachita Shortleaf Pine-Oak Forest and Woodland","Conifer",347,92,5,5,1,5,94,"I-A",196,164,100,0.768627,0.643137,0.392157
"111401090401",2153,0.999999977648258,0.0899999979883432,"Central Interior and Appalachian Floodplain Systems-Large Floodplains","Riparian",142,-9999,100,59,41,-9999,59,"III-A",48,237,56,0.188235,0.929412,0.219608
"111401090401",2160,22963.9394867159,2066.75455380443,"Ozark-Ouachita Shortleaf Pine-Bluestem Woodland","Hardwood-Conifer",100,1223,2,2,2,1,97,"I-A",68,137,112,0.266667,0.537255,0.439216
"111401090402",11,461.599989682436,41.5439990714192,"Open Water","Open Water",-9999,-9999,-9999,-9999,-9999,-9999,-9999,"-9999",0,0,255,0,0,1
"111401090402",2132,50214.0188776292,4519.26169898663,"Ozark-Ouachita Dry-Mesic Oak Forest","Hardwood",188,66,15,11,6,17,77,"I-B",115,115,0,0.45098,0.45098,0
"111401090402",2139,11640.0597398244,1047.60537658419,"Ozark-Ouachita Mesic Hardwood Forest","Hardwood",316,110,25,19,6,18,76,"I-C",0,135,74,0,0.529412,0.290196
"111401090402",2140,34243.9892345872,3081.95903111285,"Ozark-Ouachita Dry Oak Woodland","Hardwood",38,89,6,5,13,5,82,"I-A",97,69,0,0.380392,0.270588,0
"111401090402",2141,17934.6295991298,1614.11666392168,"Ozark-Ouachita Shortleaf Pine-Oak Forest and Woodland","Conifer",347,92,5,5,1,5,94,"I-A",196,164,100,0.768627,0.643137,0.392157
"111401090402",2153,250.999994389713,22.5899994950742,"Central Interior and Appalachian Floodplain Systems-Large Floodplains","Riparian",142,-9999,100,59,41,-9999,59,"III-A",48,237,56,0.188235,0.929412,0.219608
"111401090402",2160,41339.8090759832,3720.58281683849,"Ozark-Ouachita Shortleaf Pine-Bluestem Woodland","Hardwood-Conifer",100,1223,2,2,2,1,97,"I-A",68,137,112,0.266667,0.537255,0.439216
"111401090403",11,993.119977802038,89.3807980021834,"Open Water","Open Water",-9999,-9999,-9999,-9999,-9999,-9999,-9999,"-9999",0,0,255,0,0,1
"111401090403",2132,34742.0092234556,3126.780830111,"Ozark-Ouachita Dry-Mesic Oak Forest","Hardwood",188,66,15,11,6,17,77,"I-B",115,115,0,0.45098,0.45098,0
"111401090403",2139,7892.84982358105,710.356484122295,"Ozark-Ouachita Mesic Hardwood Forest","Hardwood",316,110,25,19,6,18,76,"I-C",0,135,74,0,0.529412,0.290196
"111401090403",2140,15747.4896480162,1417.27406832146,"Ozark-Ouachita Dry Oak Woodland","Hardwood",38,89,6,5,13,5,82,"I-A",97,69,0,0.380392,0.270588,0
"111401090403",2141,61434.538626831,5529.10847641479,"Ozark-Ouachita Shortleaf Pine-Oak Forest and Woodland","Conifer",347,92,5,5,1,5,94,"I-A",196,164,100,0.768627,0.643137,0.392157
"111401090403",2153,98.9999977871776,8.90999980084598,"Central Interior and Appalachian Floodplain Systems-Large Floodplains","Riparian",142,-9999,100,59,41,-9999,59,"III-A",48,237,56,0.188235,0.929412,0.219608
"111401090403",2158,44.2899990100414,3.98609991090372,"Central Interior and Appalachian Shrub-Herbaceous Wetland Systems","Riparian",17,-9999,-9999,17,100,-9999,-9999,"II-C",240,150,20,0.941176,0.588235,0.078431
"111401090403",2160,35427.439208135,3188.46952873215,"Ozark-Ouachita Shortleaf Pine-Bluestem Woodland","Hardwood-Conifer",100,1223,2,2,2,1,97,"I-A",68,137,112,0.266667,0.537255,0.439216
"111401090404",11,100.459997754544,9.04139979790896,"Open Water","Open Water",-9999,-9999,-9999,-9999,-9999,-9999,-9999,"-9999",0,0,255,0,0,1
"111401090404",2132,13588.2096962798,1222.93887266519,"Ozark-Ouachita Dry-Mesic Oak Forest","Hardwood",188,66,15,11,6,17,77,"I-B",115,115,0,0.45098,0.45098,0
"111401090404",2139,3961.34991145693,356.521492031124,"Ozark-Ouachita Mesic Hardwood Forest","Hardwood",316,110,25,19,6,18,76,"I-C",0,135,74,0,0.529412,0.290196
"111401090404",2140,7523.54983183555,677.1194848652,"Ozark-Ouachita Dry Oak Woodland","Hardwood",38,89,6,5,13,5,82,"I-A",97,69,0,0.380392,0.270588,0
"111401090404",2141,31707.0892912913,2853.63803621622,"Ozark-Ouachita Shortleaf Pine-Oak Forest and Woodland","Conifer",347,92,5,5,1,5,94,"I-A",196,164,100,0.768627,0.643137,0.392157
"111401090404",2160,13714.409693459,1234.29687241131,"Ozark-Ouachita Shortleaf Pine-Bluestem Woodland","Hardwood-Conifer",100,1223,2,2,2,1,97,"I-A",68,137,112,0.266667,0.537255,0.439216
"111401090405",11,88.7199980169535,7.98479982152581,"Open Water","Open Water",-9999,-9999,-9999,-9999,-9999,-9999,-9999,"-9999",0,0,255,0,0,1
"111401090405",2132,20937.6595320068,1884.38935788061,"Ozark-Ouachita Dry-Mesic Oak Forest","Hardwood",188,66,15,11,6,17,77,"I-B",115,115,0,0.45098,0.45098,0
"111401090405",2139,3707.11991713941,333.640792542547,"Ozark-Ouachita Mesic Hardwood Forest","Hardwood",316,110,25,19,6,18,76,"I-C",0,135,74,0,0.529412,0.290196
"111401090405",2140,12167.4297280367,1095.06867552331,"Ozark-Ouachita Dry Oak Woodland","Hardwood",38,89,6,5,13,5,82,"I-A",97,69,0,0.380392,0.270588,0
"111401090405",2141,56563.5887357052,5090.72298621347,"Ozark-Ouachita Shortleaf Pine-Oak Forest and Woodland","Conifer",347,92,5,5,1,5,94,"I-A",196,164,100,0.768627,0.643137,0.392157
"111401090405",2153,683.999984711409,61.5599986240268,"Central Interior and Appalachian Floodplain Systems-Large Floodplains","Riparian",142,-9999,100,59,41,-9999,59,"III-A",48,237,56,0.188235,0.929412,0.219608
"111401090405",2160,20524.5895412397,1847.21305871157,"Ozark-Ouachita Shortleaf Pine-Bluestem Woodland","Hardwood-Conifer",100,1223,2,2,2,1,97,"I-A",68,137,112,0.266667,0.537255,0.439216
"111401090701",11,171.9999961555,15.479999653995,"Open Water","Open Water",-9999,-9999,-9999,-9999,-9999,-9999,-9999,"-9999",0,0,255,0,0,1
"111401090701",2132,16191.4096380938,1457.22686742844,"Ozark-Ouachita Dry-Mesic Oak Forest","Hardwood",188,66,15,11,6,17,77,"I-B",115,115,0,0.45098,0.45098,0
"111401090701",2139,1870.11995819956,168.31079623796,"Ozark-Ouachita Mesic Hardwood Forest","Hardwood",316,110,25,19,6,18,76,"I-C",0,135,74,0,0.529412,0.290196
"111401090701",2140,12935.0297108795,1164.15267397916,"Ozark-Ouachita Dry Oak Woodland","Hardwood",38,89,6,5,13,5,82,"I-A",97,69,0,0.380392,0.270588,0
"111401090701",2141,38303.9291438404,3447.35362294564,"Ozark-Ouachita Shortleaf Pine-Oak Forest and Woodland","Conifer",347,92,5,5,1,5,94,"I-A",196,164,100,0.768627,0.643137,0.392157
"111401090701",2153,923.999979346991,83.1599981412292,"Central Interior and Appalachian Floodplain Systems-Large Floodplains","Riparian",142,-9999,100,59,41,-9999,59,"III-A",48,237,56,0.188235,0.929412,0.219608
"111401090701",2160,19556.1795628853,1760.05616065968,"Ozark-Ouachita Shortleaf Pine-Bluestem Woodland","Hardwood-Conifer",100,1223,2,2,2,1,97,"I-A",68,137,112,0.266667,0.537255,0.439216
