"hex_id","VALUE","weighted_pixels","hectares","BPS_NAME","GROUPVEG","FRI_REPLAC","FRI_MIXED","FRI_SURFAC","FRI_ALLFIR","PRC_REPLAC","PRC_MIXED","PRC_SURFAC","FRG_NEW","R","G","B","RED","GREEN","BLUE"
1,11,663.83998516202,59.7455986645818,"Open Water","Open Water",-9999,-9999,-9999,-9999,-9999,-9999,-9999,"-9999",0,0,255,0,0,1
1,2132,8926.21980048344,803.359782043509,"Ozark-Ouachita Dry-Mesic Oak Forest","Hardwood",188,66,15,11,6,17,77,"I-B",115,115,0,0.45098,0.45098,0
1,2138,1297.52997099794,116.777697389815,"West Gulf Coastal Plain Mesic Hardwood Forest","Hardwood",271,90,23,17,7,19,74,"I-C",181,158,143,0.709804,0.619608,0.560784
1,2140,10595.4497631732,953.590478685591,"Ozark-Ouachita Dry Oak Woodland","Hardwood",38,89,6,5,13,5,82,"I-A",97,69,0,0.380392,0.270588,0
1,2141,4352.07990272343,391.687191245109,"Ozark-Ouachita Shortleaf Pine-Oak Forest and Woodland","Conifer",347,92,5,5,1,5,94,"I-A",196,164,100,0.768627,0.643137,0.392157
1,2142,9427.69978927448,848.492981034704,"West Gulf Coastal Plain Pine-Hardwood Forest","Hardwood-Conifer",121,52,5,4,4,9,87,"I-A",100,168,0,0.392157,0.658824,0
1,2150,1410.96996846236,126.987297161613,"West Gulf Coastal Plain Northern Calcareous Prairie","Grassland",1280,7,7,3,1,52,47,"I-A",255,0,110,1,0,0.431373
1,2151,4562.4498980213,410.620490821917,"West Gulf Coastal Plain Pine-Hardwood Flatwoods","Hardwood-Conifer",179,104,5,5,3,4,93,"I-A",99,235,97,0.388235,0.921569,0.380392
1,2153,3626.89991893247,326.420992703922,"Central Interior and Appalachian Floodplain Systems-Large Floodplains","Riparian",142,-9999,100,59,41,-9999,59,"III-A",48,237,56,0.188235,0.929412,0.219608
1,2155,1817.19995938241,163.547996344417,"Gulf and Atlantic Coastal Plain Floodplain Systems","Riparian",393,257,49,37,10,15,75,"III-A",102,119,205,0.4,0.466667,0.803922
1,2156,3750.81991616264,337.573792454638,"Gulf and Atlantic Coastal Plain Small Stream Riparian Systems","Riparian",431,129,50,33,8,26,66,"I-C",171,185,235,0.670588,0.72549,0.921569
1,2159,6629.55985181779,596.660386663601,"West Gulf Coastal Plain Nonriverine Wet Hardwood Flatwoods","Hardwood",308,130,38,27,9,21,70,"I-C",38,115,0,0.14902,0.45098,0
1,2160,35516.5792061426,3196.49212855283,"Ozark-Ouachita Shortleaf Pine-Bluestem Woodland","Hardwood-Conifer",100,1223,2,2,2,1,97,"I-A",68,137,112,0.266667,0.537255,0.439216
2,11,3.99999991059303,0.359999991953373,"Open Water","Open Water",-9999,-9999,-9999,-9999,-9999,-9999,-9999,"-9999",0,0,255,0,0,1
2,2132,33514.3992508948,3016.29593258053,"Ozark-Ouachita Dry-Mesic Oak Forest","Hardwood",188,66,15,11,6,17,77,"I-B",115,115,0,0.45098,0.45098,0
2,2139,5170.62988442741,465.356689598467,"Ozark-Ouachita Mesic Hardwood Forest","Hardwood",316,110,25,19,6,18,76,"I-C",0,135,74,0,0.529412,0.290196
2,2140,14514.7996755689,1306.3319708012,"Ozark-Ouachita Dry Oak Woodland","Hardwood",38,89,6,5,13,5,82,"I-A",97,69,0,0.380392,0.270588,0
2,2141,21325.449523339,1919.29045710051,"Ozark-Ouachita Shortleaf Pine-Oak Forest and Woodland","Conifer",347,92,5,5,1,5,94,"I-A",196,164,100,0.768627,0.643137,0.392157
2,2153,241.899994593114,21.7709995133802,"Central Interior and Appalachian Floodplain Systems-Large Floodplains","Riparian",142,-9999,100,59,41,-9999,59,"III-A",48,237,56,0.188235,0.929412,0.219608
2,2158,2.99999993294477,0.26999999396503,"Central Interior and Appalachian Shrub-Herbaceous Wetland Systems","Riparian",17,-9999,-9999,17,100,-9999,-9999,"II-C",240,150,20,0.941176,0.588235,0.078431
2,2160,17803.0996020697,1602.27896418627,"Ozark-Ouachita Shortleaf Pine-Bluestem Woodland","Hardwood-Conifer",100,1223,2,2,2,1,97,"I-A",68,137,112,0.266667,0.537255,0.439216
3,11,1704.28996190615,153.386096571554,"Open Water","Open Water",-9999,-9999,-9999,-9999,-9999,-9999,-9999,"-9999",0,0,255,0,0,1
3,2132,18654.6395830363,1678.91756247327,"Ozark-Ouachita Dry-Mesic Oak Forest","Hardwood",188,66,15,11,6,17,77,"I-B",115,115,0,0.45098,0.45098,0
3,2138,1853.32995857485,166.799696271736,"West Gulf Coastal Plain Mesic Hardwood Forest","Hardwood",271,90,23,17,7,19,74,"I-C",181,158,143,0.709804,0.619608,0.560784
3,2139,2786.45993771777,250.781394394599,"Ozark-Ouachita Mesic Hardwood Forest","Hardwood",316,110,25,19,6,18,76,"I-C",0,135,74,0,0.529412,0.290196
3,2140,17288.0696135815,1555.92626522234,"Ozark-Ouachita Dry Oak Woodland","Hardwood",38,89,6,5,13,5,82,"I-A",97,69,0,0.380392,0.270588,0
3,2141,20353.66954506,1831.8302590554,"Ozark-Ouachita Shortleaf Pine-Oak Forest and Woodland","Conifer",347,92,5,5,1,5,94,"I-A",196,164,100,0.768627,0.643137,0.392157
3,2142,3510.81992152706,315.973792937435,"West Gulf Coastal Plain Pine-Hardwood Forest","Hardwood-Conifer",121,52,5,4,4,9,87,"I-A",100,168,0,0.392157,0.658824,0
3,2151,699.129984373227,62.9216985935904,"West Gulf Coastal Plain Pine-Hardwood Flatwoods","Hardwood-Conifer",179,104,5,5,3,4,93,"I-A",99,235,97,0.388235,0.921569,0.380392
3,2153,1375.37996925786,123.784197233208,"Central Interior and Appalachian Floodplain Systems-Large Floodplains","Riparian",142,-9999,100,59,41,-9999,59,"III-A",48,237,56,0.188235,0.929412,0.219608
3,2159,1242.34997223131,111.811497500818,"West Gulf Coastal Plain Nonriverine Wet Hardwood Flatwoods","Hardwood",308,130,38,27,9,21,70,"I-C",38,115,0,0.14902,0.45098,0
3,2160,23109.1694834698,2079.82525351228,"Ozark-Ouachita Shortleaf Pine-Bluestem Woodland","Hardwood-Conifer",100,1223,2,2,2,1,97,"I-A",68,137,112,0.266667,0.537255,0.439216
4,11,245.999994501472,22.1399995051324,"Open Water","Open Water",-9999,-9999,-9999,-9999,-9999,-9999,-9999,"-9999",0,0,255,0,0,1
4,2132,23924.6494652424,2153.21845187182,"Ozark-Ouachita Dry-Mesic Oak Forest","Hardwood",188,66,15,11,6,17,77,"I-B",115,115,0,0.45098,0.45098,0
4,2139,2753.49993845448,247.814994460903,"Ozark-Ouachita Mesic Hardwood Forest","Hardwood",316,110,25,19,6,18,76,"I-C",0,135,74,0,0.529412,0.290196
4,2140,25909.3794208802,2331.84414787922,"Ozark-Ouachita Dry Oak Woodland","Hardwood",38,89,6,5,13,5,82,"I-A",97,69,0,0.380392,0.270588,0
4,2141,11560.2897416074,1040.42607674466,"Ozark-Ouachita Shortleaf Pine-Oak Forest and Woodland","Conifer",347,92,5,5,1,5,94,"I-A",196,164,100,0.768627,0.643137,0.392157
4,2153,6418.52985653467,577.667687088121,"Central Interior and Appalachian Floodplain Systems-Large Floodplains","Riparian",142,-9999,100,59,41,-9999,59,"III-A",48,237,56,0.188235,0.929412,0.219608
4,2158,232.809994796291,20.9528995316662,"Central Interior and Appalachian Shrub-Herbaceous Wetland Systems","Riparian",17,-9999,-9999,17,100,-9999,-9999,"II-C",240,150,20,0.941176,0.588235,0.078431
4,2160,21532.1595187187,1937.89435668468,"Ozark-Ouachita Shortleaf Pine-Bluestem Woodland","Hardwood-Conifer",100,1223,2,2,2,1,97,"I-A",68,137,112,0.266667,0.537255,0.439216
5,11,610.639986351132,54.9575987716019,"Open Water","Open Water",-9999,-9999,-9999,-9999,-9999,-9999,-9999,"-9999",0,0,255,0,0,1
5,2138,1259.69997184351,113.372997465916,"West Gulf Coastal Plain Mesic Hardwood Forest","Hardwood",271,90,23,17,7,19,74,"I-C",181,158,143,0.709804,0.619608,0.560784
5,2140,0.999999977648258,0.0899999979883432,"Ozark-Ouachita Dry Oak Woodland","Hardwood",38,89,6,5,13,5,82,"I-A",97,69,0,0.380392,0.270588,0
5,2142,25543.4994290583,2298.91494861525,"West Gulf Coastal Plain Pine-Hardwood Forest","Hardwood-Conifer",121,52,5,4,4,9,87,"I-A",100,168,0,0.392157,0.658824,0
5,2143,24490.0894526038,2204.10805073434,"West Gulf Coastal Plain Sandhill Oak and Shortleaf Pine Forest and Woodland","Hardwood-Conifer",159,390,5,5,3,1,96,"I-A",209,217,0,0.819608,0.85098,0
5,2150,12093.059729699,1088.37537567291,"West Gulf Coastal Plain Northern Calcareous Prairie","Grassland",1280,7,7,3,1,52,47,"I-A",255,0,110,1,0,0.431373
5,2151,2564.05994268879,230.765394841991,"West Gulf Coastal Plain Pine-Hardwood Flatwoods","Hardwood-Conifer",179,104,5,5,3,4,93,"I-A",99,235,97,0.388235,0.921569,0.380392
5,2155,8691.87980572134,782.269182514921,"Gulf and Atlantic Coastal Plain Floodplain Systems","Riparian",393,257,49,37,10,15,75,"III-A",102,119,205,0.4,0.466667,0.803922
5,2156,12337.3597242385,1110.36237518147,"Gulf and Atlantic Coastal Plain Small Stream Riparian Systems","Riparian",431,129,50,33,8,26,66,"I-C",171,185,235,0.670588,0.72549,0.921569
5,2159,5004.88988813199,450.440089931879,"West Gulf Coastal Plain Nonriverine Wet Hardwood Flatwoods","Hardwood",308,130,38,27,9,21,70,"I-C",38,115,0,0.14902,0.45098,0
6,11,8440.8498113323,759.676483019907,"Open Water","Open Water",-9999,-9999,-9999,-9999,-9999,-9999,-9999,"-9999",0,0,255,0,0,1
6,31,0.999999977648258,0.0899999979883432,"Barren-Rock/Sand/Clay","Barren-Rock/Sand/Clay",-9999,-9999,-9999,-9999,-9999,-9999,-9999,"-9999",191,191,191,0.74902,0.74902,0.74902
6,2132,8516.15980964899,766.454382868409,"Ozark-Ouachita Dry-Mesic Oak Forest","Hardwood",188,66,15,11,6,17,77,"I-B",115,115,0,0.45098,0.45098,0
6,2138,4769.51989339292,429.256790405363,"West Gulf Coastal Plain Mesic Hardwood Forest","Hardwood",271,90,23,17,7,19,74,"I-C",181,158,143,0.709804,0.619608,0.560784
6,2139,771.299982760102,69.4169984484091,"Ozark-Ouachita Mesic Hardwood Forest","Hardwood",316,110,25,19,6,18,76,"I-C",0,135,74,0,0.529412,0.290196
6,2140,9409.67978967726,846.871181070954,"Ozark-Ouachita Dry Oak Woodland","Hardwood",38,89,6,5,13,5,82,"I-A",97,69,0,0.380392,0.270588,0
6,2141,2471.03994476795,222.393595029116,"Ozark-Ouachita Shortleaf Pine-Oak Forest and Woodland","Conifer",347,92,5,5,1,5,94,"I-A",196,164,100,0.768627,0.643137,0.392157
6,2142,13957.4296880271,1256.16867192244,"West Gulf Coastal Plain Pine-Hardwood Forest","Hardwood-Conifer",121,52,5,4,4,9,87,"I-A",100,168,0,0.392157,0.658824,0
6,2151,7369.87983527035,663.289185174331,"West Gulf Coastal Plain Pine-Hardwood Flatwoods","Hardwood-Conifer",179,104,5,5,3,4,93,"I-A",99,235,97,0.388235,0.921569,0.380392
6,2153,2191.91995100677,197.272795590609,"Central Interior and Appalachian Floodplain Systems-Large Floodplains","Riparian",142,-9999,100,59,41,-9999,59,"III-A",48,237,56,0.188235,0.929412,0.219608
6,2159,10196.9097720813,917.721879487317,"West Gulf Coastal Plain Nonriverine Wet Hardwood Flatwoods","Hardwood",308,130,38,27,9,21,70,"I-C",38,115,0,0.14902,0.45098,0
6,2160,24500.4894523714,2205.04405071342,"Ozark-Ouachita Shortleaf Pine-Bluestem Woodland","Hardwood-Conifer",100,1223,2,2,2,1,97,"I-A",68,137,112,0.266667,0.537255,0.439216
7,11,1258.2999718748,113.246997468732,"Open Water","Open Water",-9999,-9999,-9999,-9999,-9999,-9999,-9999,"-9999",0,0,255,0,0,1
7,2132,28357.5693661589,2552.1812429543,"Ozark-Ouachita Dry-Mesic Oak Forest","Hardwood",188,66,15,11,6,17,77,"I-B",115,115,0,0.45098,0.45098,0
7,2139,3383.79992436618,304.541993192956,"Ozark-Ouachita Mesic Hardwood Forest","Hardwood",316,110,25,19,6,18,76,"I-C",0,135,74,0,0.529412,0.290196
7,2140,16339.4796347842,1470.55316713057,"Ozark-Ouachita Dry Oak Woodland","Hardwood",38,89,6,5,13,5,82,"I-A",97,69,0,0.380392,0.270588,0
7,2141,18587.7795845307,1672.90016260777,"Ozark-Ouachita Shortleaf Pine-Oak Forest and Woodland","Conifer",347,92,5,5,1,5,94,"I-A",196,164,100,0.768627,0.643137,0.392157
7,2153,3423.43992348015,308.109593113214,"Central Interior and Appalachian Floodplain Systems-Large Floodplains","Riparian",142,-9999,100,59,41,-9999,59,"III-A",48,237,56,0.188235,0.929412,0.219608
7,2158,63.9999985694885,5.75999987125397,"Central Interior and Appalachian Shrub-Herbaceous Wetland Systems","Riparian",17,-9999,-9999,17,100,-9999,-9999,"II-C",240,150,20,0.941176,0.588235,0.078431
7,2160,21181.8195265494,1906.36375738945,"Ozark-Ouachita Shortleaf Pine-Bluestem Woodland","Hardwood-Conifer",100,1223,2,2,2,1,97,"I-A",68,137,112,0.266667,0.537255,0.439216
8,11,308.019993115216,27.7217993803695,"Open Water","Open Water",-9999,-9999,-9999,-9999,-9999,-9999,-9999,"-9999",0,0,255,0,0,1
8,2138,181.969995932654,16.3772996339388,"West Gulf Coastal Plain Mesic Hardwood Forest","Hardwood",271,90,23,17,7,19,74,"I-C",181,158,143,0.709804,0.619608,0.560784
8,2140,0.999999977648258,0.0899999979883432,"Ozark-Ouachita Dry Oak Woodland","Hardwood",38,89,6,5,13,5,82,"I-A",97,69,0,0.380392,0.270588,0
8,2142,23807.4794678614,2142.67315210752,"West Gulf Coastal Plain Pine-Hardwood Forest","Hardwood-Conifer",121,52,5,4,4,9,87,"I-A",100,168,0,0.392157,0.658824,0
8,2143,1985.94995561056,178.73549600495,"West Gulf Coastal Plain Sandhill Oak and Shortleaf Pine Forest and Woodland","Hardwood-Conifer",159,390,5,5,3,1,96,"I-A",209,217,0,0.819608,0.85098,0
8,2150,36722.9791791774,3305.06812612597,"West Gulf Coastal Plain Northern Calcareous Prairie","Grassland",1280,7,7,3,1,52,47,"I-A",255,0,110,1,0,0.431373
8,2155,14964.8096655104,1346.83286989594,"Gulf and Atlantic Coastal Plain Floodplain Systems","Riparian",393,257,49,37,10,15,75,"III-A",102,119,205,0.4,0.466667,0.803922
8,2156,14618.9696732406,1315.70727059165,"Gulf and Atlantic Coastal Plain Small Stream Riparian Systems","Riparian",431,129,50,33,8,26,66,"I-C",171,185,235,0.670588,0.72549,0.921569
8,2159,4.99999988824129,0.449999989941716,"West Gulf Coastal Plain Nonriverine Wet Hardwood Flatwoods","Hardwood",308,130,38,27,9,21,70,"I-C",38,115,0,0.14902,0.45098,0
9,11,1239.60997229256,111.56489750633,"Open Water","Open Water",-9999,-9999,-9999,-9999,-9999,-9999,-9999,"-9999",0,0,255,0,0,1
9,2132,6698.98985026591,602.909086523931,"Ozark-Ouachita Dry-Mesic Oak Forest","Hardwood",188,66,15,11,6,17,77,"I-B",115,115,0,0.45098,0.45098,0
9,2138,3396.60992407985,305.694893167187,"West Gulf Coastal Plain Mesic Hardwood Forest","Hardwood",271,90,23,17,7,19,74,"I-C",181,158,143,0.709804,0.619608,0.560784
9,2139,84.5999981090426,7.61399982981384,"Ozark-Ouachita Mesic Hardwood Forest","Hardwood",316,110,25,19,6,18,76,"I-C",0,135,74,0,0.529412,0.290196
9,2140,5075.81988654658,456.823789789192,"Ozark-Ouachita Dry Oak Woodland","Hardwood",38,89,6,5,13,5,82,"I-A",97,69,0,0.380392,0.270588,0
9,2141,2079.83995351195,187.185595816076,"Ozark-Ouachita Shortleaf Pine-Oak Forest and Woodland","Conifer",347,92,5,5,1,5,94,"I-A",196,164,100,0.768627,0.643137,0.392157
9,2142,28243.2493687142,2541.89244318428,"West Gulf Coastal Plain Pine-Hardwood Forest","Hardwood-Conifer",121,52,5,4,4,9,87,"I-A",100,168,0,0.392157,0.658824,0
9,2143,3378.71992447972,304.084793203175,"West Gulf Coastal Plain Sandhill Oak and Shortleaf Pine Forest and Woodland","Hardwood-Conifer",159,390,5,5,3,1,96,"I-A",209,217,0,0.819608,0.85098,0
9,2150,361.999991908669,32.5799992717803,"West Gulf Coastal Plain Northern Calcareous Prairie","Grassland",1280,7,7,3,1,52,47,"I-A",255,0,110,1,0,0.431373
9,2151,9008.62979864143,810.776681877729,"West Gulf Coastal Plain Pine-Hardwood Flatwoods","Hardwood-Conifer",179,104,5,5,3,4,93,"I-A",99,235,97,0.388235,0.921569,0.380392
9,2153,1015.99997729063,91.4399979561567,"Central Interior and Appalachian Floodplain Systems-Large Floodplains","Riparian",142,-9999,100,59,41,-9999,59,"III-A",48,237,56,0.188235,0.929412,0.219608
9,2155,1357.29996966198,122.156997269578,"Gulf and Atlantic Coastal Plain Floodplain Systems","Riparian",393,257,49,37,10,15,75,"III-A",102,119,205,0.4,0.466667,0.803922
9,2156,2649.52994077839,238.457694670055,"Gulf and Atlantic Coastal Plain Small Stream Riparian Systems","Riparian",431,129,50,33,8,26,66,"I-C",171,185,235,0.670588,0.72549,0.921569
9,2159,14599.2396736816,1313.93157063134,"West Gulf Coastal Plain Nonriverine Wet Hardwood Flatwoods","Hardwood",308,130,38,27,9,21,70,"I-C",38,115,0,0.14902,0.45098,0
9,2160,13406.0497003514,1206.54447303163,"Ozark-Ouachita Shortleaf Pine-Bluestem Woodland","Hardwood-Conifer",100,1223,2,2,2,1,97,"I-A",68,137,112,0.266667,0.537255,0.439216
10,11,11.9999997317791,1.07999997586012,"Open Water","Open Water",-9999,-9999,-9999,-9999,-9999,-9999,-9999,"-9999",0,0,255,0,0,1
10,2132,13516.9896978717,1216.52907280846,"Ozark-Ouachita Dry-Mesic Oak Forest","Hardwood",188,66,15,11,6,17,77,"I-B",115,115,0,0.45098,0.45098,0
10,2138,35.039999216795,3.15359992951155,"West Gulf Coastal Plain Mesic Hardwood Forest","Hardwood",271,90,23,17,7,19,74,"I-C",181,158,143,0.709804,0.619608,0.560784
10,2139,1081.85997581854,97.367397823669,"Ozark-Ouachita Mesic Hardwood Forest","Hardwood",316,110,25,19,6,18,76,"I-C",0,135,74,0,0.529412,0.290196
10,2140,8576.77980829403,771.910182746463,"Ozark-Ouachita Dry Oak Woodland","Hardwood",38,89,6,5,13,5,82,"I-A",97,69,0,0.380392,0.270588,0
10,2141,15739.0996482037,1416.51896833833,"Ozark-Ouachita Shortleaf Pine-Oak Forest and Woodland","Conifer",347,92,5,5,1,5,94,"I-A",196,164,100,0.768627,0.643137,0.392157
10,2142,29.3399993441999,2.64059994097799,"West Gulf Coastal Plain Pine-Hardwood Forest","Hardwood-Conifer",121,52,5,4,4,9,87,"I-A",100,168,0,0.392157,0.658824,0
10,2151,39.9999991059303,3.59999991953373,"West Gulf Coastal Plain Pine-Hardwood Flatwoods","Hardwood-Conifer",179,104,5,5,3,4,93,"I-A",99,235,97,0.388235,0.921569,0.380392
10,2153,1029.74997698329,92.6774979284965,"Central Interior and Appalachian Floodplain Systems-Large Floodplains","Riparian",142,-9999,100,59,41,-9999,59,"III-A",48,237,56,0.188235,0.929412,0.219608
10,2159,129.149997113273,11.6234997401945,"West Gulf Coastal Plain Nonriverine Wet Hardwood Flatwoods","Hardwood",308,130,38,27,9,21,70,"I-C",38,115,0,0.14902,0.45098,0
10,2160,52406.1788286306,4716.55609457675,"Ozark-Ouachita Shortleaf Pine-Bluestem Woodland","Hardwood-Conifer",100,1223,2,2,2,1,97,"I-A",68,137,112,0.266667,0.537255,0.439216
11,11,86.9999980553985,7.82999982498586,"Open Water","Open Water",-9999,-9999,-9999,-9999,-9999,-9999,-9999,"-9999",0,0,255,0,0,1
11,2132,15311.5096577611,1378.0358691985,"Ozark-Ouachita Dry-Mesic Oak Forest","Hardwood",188,66,15,11,6,17,77,"I-B",115,115,0,0.45098,0.45098,0
11,2139,2033.75995454192,183.038395908773,"Ozark-Ouachita Mesic Hardwood Forest","Hardwood",316,110,25,19,6,18,76,"I-C",0,135,74,0,0.529412,0.290196
11,2140,8828.02980267815,794.522682241034,"Ozark-Ouachita Dry Oak Woodland","Hardwood",38,89,6,5,13,5,82,"I-A",97,69,0,0.380392,0.270588,0
11,2141,16138.1296392847,1452.43166753562,"Ozark-Ouachita Shortleaf Pine-Oak Forest and Woodland","Conifer",347,92,5,5,1,5,94,"I-A",196,164,100,0.768627,0.643137,0.392157
11,2153,1320.30997048877,118.827897343989,"Central Interior and Appalachian Floodplain Systems-Large Floodplains","Riparian",142,-9999,100,59,41,-9999,59,"III-A",48,237,56,0.188235,0.929412,0.219608
11,2160,48877.4489075039,4398.97040167535,"Ozark-Ouachita Shortleaf Pine-Bluestem Woodland","Hardwood-Conifer",100,1223,2,2,2,1,97,"I-A",68,137,112,0.266667,0.537255,0.439216
12,11,1126.12997482903,101.351697734613,"Open Water","Open Water",-9999,-9999,-9999,-9999,-9999,-9999,-9999,"-9999",0,0,255,0,0,1
12,2132,11919.7697335724,1072.77927602151,"Ozark-Ouachita Dry-Mesic Oak Forest","Hardwood",188,66,15,11,6,17,77,"I-B",115,115,0,0.45098,0.45098,0
12,2140,26009.1694186497,2340.82524767848,"Ozark-Ouachita Dry Oak Woodland","Hardwood",38,89,6,5,13,5,82,"I-A",97,69,0,0.380392,0.270588,0
12,2141,287.859993565828,25.9073994209245,"Ozark-Ouachita Shortleaf Pine-Oak Forest and Woodland","Conifer",347,92,5,5,1,5,94,"I-A",196,164,100,0.768627,0.643137,0.392157
12,2153,34697.4792244509,3122.77313020058,"Central Interior and Appalachian Floodplain Systems-Large Floodplains","Riparian",142,-9999,100,59,41,-9999,59,"III-A",48,237,56,0.188235,0.929412,0.219608
12,2158,307.519993126392,27.6767993813753,"Central Interior and Appalachian Shrub-Herbaceous Wetland Systems","Riparian",17,-9999,-9999,17,100,-9999,-9999,"II-C",240,150,20,0.941176,0.588235,0.078431
12,2160,18248.2495921198,1642.34246329078,"Ozark-Ouachita Shortleaf Pine-Bluestem Woodland","Hardwood-Conifer",100,1223,2,2,2,1,97,"I-A",68,137,112,0.266667,0.537255,0.439216
13,11,344.999992288649,31.0499993059784,"Open Water","Open Water",-9999,-9999,-9999,-9999,-9999,-9999,-9999,"-9999",0,0,255,0,0,1
13,2132,23762.1894688737,2138.59705219863,"Ozark-Ouachita Dry-Mesic Oak Forest","Hardwood",188,66,15,11,6,17,77,"I-B",115,115,0,0.45098,0.45098,0
13,2139,1845.95995873958,166.136396286562,"Ozark-Ouachita Mesic Hardwood Forest","Hardwood",316,110,25,19,6,18,76,"I-C",0,135,74,0,0.529412,0.290196
13,2140,19346.0795675814,1741.14716108233,"Ozark-Ouachita Dry Oak Woodland","Hardwood",38,89,6,5,13,5,82,"I-A",97,69,0,0.380392,0.270588,0
13,2141,20214.4995481707,1819.30495933536,"Ozark-Ouachita Shortleaf Pine-Oak Forest and Woodland","Conifer",347,92,5,5,1,5,94,"I-A",196,164,100,0.768627,0.643137,0.392157
13,2146,107.539997596294,9.67859978366643,"Arkansas Valley Prairie and Woodland-Prairie","Grassland",2,344,12,2,82,1,17,"II-A",255,120,187,1,0.470588,0.733333
13,2147,286.439993597567,25.779599423781,"Arkansas Valley Prairie and Woodland-Woodland","Grassland",96,14,2,2,3,14,83,"I-A",204,138,179,0.8,0.541176,0.701961
13,2153,10538.0897644553,948.42807880098,"Central Interior and Appalachian Floodplain Systems-Large Floodplains","Riparian",142,-9999,100,59,41,-9999,59,"III-A",48,237,56,0.188235,0.929412,0.219608
13,2158,143.999996781349,12.9599997103214,"Central Interior and Appalachian Shrub-Herbaceous Wetland Systems","Riparian",17,-9999,-9999,17,100,-9999,-9999,"II-C",240,150,20,0.941176,0.588235,0.078431
13,2160,16006.3796422295,1440.57416780066,"Ozark-Ouachita Shortleaf Pine-Bluestem Woodland","Hardwood-Conifer",100,1223,2,2,2,1,97,"I-A",68,137,112,0.266667,0.537255,0.439216
14,11,1693.6399621442,152.427596592978,"Open Water","Open Water",-9999,-9999,-9999,-9999,-9999,-9999,-9999,"-9999",0,0,255,0,0,1
14,2138,1187.02997346781,106.832697612103,"West Gulf Coastal Plain Mesic Hardwood Forest","Hardwood",271,90,23,17,7,19,74,"I-C",181,158,143,0.709804,0.619608,0.560784
14,2142,29557.4193393402,2660.16774054062,"West Gulf Coastal Plain Pine-Hardwood Forest","Hardwood-Conifer",121,52,5,4,4,9,87,"I-A",100,168,0,0.392157,0.658824,0
14,2143,10480.2197657488,943.219778917395,"West Gulf Coastal Plain Sandhill Oak and Shortleaf Pine Forest and Woodland","Hardwood-Conifer",159,390,5,5,3,1,96,"I-A",209,217,0,0.819608,0.85098,0
14,2150,415.949990702793,37.4354991632514,"West Gulf Coastal Plain Northern Calcareous Prairie","Grassland",1280,7,7,3,1,52,47,"I-A",255,0,110,1,0,0.431373
14,2151,2645.70994086377,238.11389467774,"West Gulf Coastal Plain Pine-Hardwood Flatwoods","Hardwood-Conifer",179,104,5,5,3,4,93,"I-A",99,235,97,0.388235,0.921569,0.380392
14,2155,32105.4192823879,2889.48773541491,"Gulf and Atlantic Coastal Plain Floodplain Systems","Riparian",393,257,49,37,10,15,75,"III-A",102,119,205,0.4,0.466667,0.803922
14,2156,10138.2997733913,912.44697960522,"Gulf and Atlantic Coastal Plain Small Stream Riparian Systems","Riparian",431,129,50,33,8,26,66,"I-C",171,185,235,0.670588,0.72549,0.921569
14,2159,4372.49990226701,393.524991204031,"West Gulf Coastal Plain Nonriverine Wet Hardwood Flatwoods","Hardwood",308,130,38,27,9,21,70,"I-C",38,115,0,0.14902,0.45098,0
15,11,476.819989342242,42.9137990408018,"Open Water","Open Water",-9999,-9999,-9999,-9999,-9999,-9999,-9999,"-9999",0,0,255,0,0,1
15,2132,15394.7396559007,1385.52656903107,"Ozark-Ouachita Dry-Mesic Oak Forest","Hardwood",188,66,15,11,6,17,77,"I-B",115,115,0,0.45098,0.45098,0
15,2138,557.549987537786,50.1794988784008,"West Gulf Coastal Plain Mesic Hardwood Forest","Hardwood",271,90,23,17,7,19,74,"I-C",181,158,143,0.709804,0.619608,0.560784
15,2139,3714.9499169644,334.345492526796,"Ozark-Ouachita Mesic Hardwood Forest","Hardwood",316,110,25,19,6,18,76,"I-C",0,135,74,0,0.529412,0.290196
15,2140,6349.31985808164,571.438787227347,"Ozark-Ouachita Dry Oak Woodland","Hardwood",38,89,6,5,13,5,82,"I-A",97,69,0,0.380392,0.270588,0
15,2141,13908.9596891105,1251.80637201995,"Ozark-Ouachita Shortleaf Pine-Oak Forest and Woodland","Conifer",347,92,5,5,1,5,94,"I-A",196,164,100,0.768627,0.643137,0.392157
15,2142,167.749996250495,15.0974996625446,"West Gulf Coastal Plain Pine-Hardwood Forest","Hardwood-Conifer",121,52,5,4,4,9,87,"I-A",100,168,0,0.392157,0.658824,0
15,2151,62.9999985918403,5.66999987326562,"West Gulf Coastal Plain Pine-Hardwood Flatwoods","Hardwood-Conifer",179,104,5,5,3,4,93,"I-A",99,235,97,0.388235,0.921569,0.380392
15,2153,617.399986200035,55.5659987580031,"Central Interior and Appalachian Floodplain Systems-Large Floodplains","Riparian",142,-9999,100,59,41,-9999,59,"III-A",48,237,56,0.188235,0.929412,0.219608
15,2159,132.049997048452,11.8844997343607,"West Gulf Coastal Plain Nonriverine Wet Hardwood Flatwoods","Hardwood",308,130,38,27,9,21,70,"I-C",38,115,0,0.14902,0.45098,0
15,2160,51213.6388552859,4609.22749697573,"Ozark-Ouachita Shortleaf Pine-Bluestem Woodland","Hardwood-Conifer",100,1223,2,2,2,1,97,"I-A",68,137,112,0.266667,0.537255,0.439216
16,11,643.099985625595,57.8789987063035,"Open Water","Open Water",-9999,-9999,-9999,-9999,-9999,-9999,-9999,"-9999",0,0,255,0,0,1
16,2132,19656.5395606421,1769.08856045779,"Ozark-Ouachita Dry-Mesic Oak Forest","Hardwood",188,66,15,11,6,17,77,"I-B",115,115,0,0.45098,0.45098,0
16,2139,2474.83994468302,222.735595021471,"Ozark-Ouachita Mesic Hardwood Forest","Hardwood",316,110,25,19,6,18,76,"I-C",0,135,74,0,0.529412,0.290196
16,2140,7161.67983992398,644.551185593158,"Ozark-Ouachita Dry Oak Woodland","Hardwood",38,89,6,5,13,5,82,"I-A",97,69,0,0.380392,0.270588,0
16,2141,25662.5694263969,2309.63124837572,"Ozark-Ouachita Shortleaf Pine-Oak Forest and Woodland","Conifer",347,92,5,5,1,5,94,"I-A",196,164,100,0.768627,0.643137,0.392157
16,2153,224.489994982257,20.2040995484032,"Central Interior and Appalachian Floodplain Systems-Large Floodplains","Riparian",142,-9999,100,59,41,-9999,59,"III-A",48,237,56,0.188235,0.929412,0.219608
16,2160,36772.9491780605,3309.56542602545,"Ozark-Ouachita Shortleaf Pine-Bluestem Woodland","Hardwood-Conifer",100,1223,2,2,2,1,97,"I-A",68,137,112,0.266667,0.537255,0.439216
17,11,481.439989238977,43.329599031508,"Open Water","Open Water",-9999,-9999,-9999,-9999,-9999,-9999,-9999,"-9999",0,0,255,0,0,1
17,2132,21450.1095205527,1930.50985684974,"Ozark-Ouachita Dry-Mesic Oak Forest","Hardwood",188,66,15,11,6,17,77,"I-B",115,115,0,0.45098,0.45098,0
17,2139,2236.62995000742,201.296695500668,"Ozark-Ouachita Mesic Hardwood Forest","Hardwood",316,110,25,19,6,18,76,"I-C",0,135,74,0,0.529412,0.290196
17,2140,28830.3293555919,2594.72964200327,"Ozark-Ouachita Dry Oak Woodland","Hardwood",38,89,6,5,13,5,82,"I-A",97,69,0,0.380392,0.270588,0
17,2141,9779.5597814098,880.160380326882,"Ozark-Ouachita Shortleaf Pine-Oak Forest and Woodland","Conifer",347,92,5,5,1,5,94,"I-A",196,164,100,0.768627,0.643137,0.392157
17,2153,10408.0697673615,936.726279062536,"Central Interior and Appalachian Floodplain Systems-Large Floodplains","Riparian",142,-9999,100,59,41,-9999,59,"III-A",48,237,56,0.188235,0.929412,0.219608
17,2158,236.999994702637,21.3299995232373,"Central Interior and Appalachian Shrub-Herbaceous Wetland Systems","Riparian",17,-9999,-9999,17,100,-9999,-9999,"II-C",240,150,20,0.941176,0.588235,0.078431
17,2160,19173.0395714492,1725.57356143042,"Ozark-Ouachita Shortleaf Pine-Bluestem Woodland","Hardwood-Conifer",100,1223,2,2,2,1,97,"I-A",68,137,112,0.266667,0.537255,0.439216
18,11,101.999997720122,9.17999979481101,"Open Water","Open Water",-9999,-9999,-9999,-9999,-9999,-9999,-9999,"-9999",0,0,255,0,0,1
18,2132,23736.4094694499,2136.27685225049,"Ozark-Ouachita Dry-Mesic Oak Forest","Hardwood",188,66,15,11,6,17,77,"I-B",115,115,0,0.45098,0.45098,0
18,2139,4182.62990651093,376.436691585984,"Ozark-Ouachita Mesic Hardwood Forest","Hardwood",316,110,25,19,6,18,76,"I-C",0,135,74,0,0.529412,0.290196
18,2140,13903.8296892252,1251.34467203027,"Ozark-Ouachita Dry Oak Woodland","Hardwood",38,89,6,5,13,5,82,"I-A",97,69,0,0.380392,0.270588,0
18,2141,22877.2794886529,2058.95515397876,"Ozark-Ouachita Shortleaf Pine-Oak Forest and Woodland","Conifer",347,92,5,5,1,5,94,"I-A",196,164,100,0.768627,0.643137,0.392157
18,2153,617.389986200258,55.5650987580232,"Central Interior and Appalachian Floodplain Systems-Large Floodplains","Riparian",142,-9999,100,59,41,-9999,59,"III-A",48,237,56,0.188235,0.929412,0.219608
18,2158,40.9999990835786,3.68999991752207,"Central Interior and Appalachian Shrub-Herbaceous Wetland Systems","Riparian",17,-9999,-9999,17,100,-9999,-9999,"II-C",240,150,20,0.941176,0.588235,0.078431
18,2160,27135.649393471,2442.20844541239,"Ozark-Ouachita Shortleaf Pine-Bluestem Woodland","Hardwood-Conifer",100,1223,2,2,2,1,97,"I-A",68,137,112,0.266667,0.537255,0.439216
19,11,700.319984346628,63.0287985911965,"Open Water","Open Water",-9999,-9999,-9999,-9999,-9999,-9999,-9999,"-9999",0,0,255,0,0,1
19,2132,11340.3197465241,1020.62877718717,"Ozark-Ouachita Dry-Mesic Oak Forest","Hardwood",188,66,15,11,6,17,77,"I-B",115,115,0,0.45098,0.45098,0
19,2139,1212.29997290298,109.106997561269,"Ozark-Ouachita Mesic Hardwood Forest","Hardwood",316,110,25,19,6,18,76,"I-C",0,135,74,0,0.529412,0.290196
19,2140,11118.1197514907,1000.63077763416,"Ozark-Ouachita Dry Oak Woodland","Hardwood",38,89,6,5,13,5,82,"I-A",97,69,0,0.380392,0.270588,0
19,2141,16020.6596419103,1441.85936777193,"Ozark-Ouachita Shortleaf Pine-Oak Forest and Woodland","Conifer",347,92,5,5,1,5,94,"I-A",196,164,100,0.768627,0.643137,0.392157
19,2146,1159.46997408383,104.352297667544,"Arkansas Valley Prairie and Woodland-Prairie","Grassland",2,344,12,2,82,1,17,"II-A",255,120,187,1,0.470588,0.733333
19,2147,2186.62995112501,196.796695601251,"Arkansas Valley Prairie and Woodland-Woodland","Grassland",96,14,2,2,3,14,83,"I-A",204,138,179,0.8,0.541176,0.701961
19,2151,6.99999984353781,0.629999985918403,"West Gulf Coastal Plain Pine-Hardwood Flatwoods","Hardwood-Conifer",179,104,5,5,3,4,93,"I-A",99,235,97,0.388235,0.921569,0.380392
19,2153,24091.2594615184,2168.21335153665,"Central Interior and Appalachian Floodplain Systems-Large Floodplains","Riparian",142,-9999,100,59,41,-9999,59,"III-A",48,237,56,0.188235,0.929412,0.219608
19,2158,103.999997675419,9.3599997907877,"Central Interior and Appalachian Shrub-Herbaceous Wetland Systems","Riparian",17,-9999,-9999,17,100,-9999,-9999,"II-C",240,150,20,0.941176,0.588235,0.078431
19,2159,108.99999756366,9.80999978072941,"West Gulf Coastal Plain Nonriverine Wet Hardwood Flatwoods","Hardwood",308,130,38,27,9,21,70,"I-C",38,115,0,0.14902,0.45098,0
19,2160,24547.0894513298,2209.23805061968,"Ozark-Ouachita Shortleaf Pine-Bluestem Woodland","Hardwood-Conifer",100,1223,2,2,2,1,97,"I-A",68,137,112,0.266667,0.537255,0.439216
20,11,7490.4498325754,674.140484931786,"Open Water","Open Water",-9999,-9999,-9999,-9999,-9999,-9999,-9999,"-9999",0,0,255,0,0,1
20,31,77.9999982565641,7.01999984309077,"Barren-Rock/Sand/Clay","Barren-Rock/Sand/Clay",-9999,-9999,-9999,-9999,-9999,-9999,-9999,"-9999",191,191,191,0.74902,0.74902,0.74902
20,1435,232.749994797632,20.9474995317869,"West Gulf Coastal Plain Mesic Hardwood Forest","Hardwood",271,90,23,17,7,19,74,"I-C",181,158,143,0.709804,0.619608,0.560784
20,1438,3455.11992277205,310.960793049484,"West Gulf Coastal Plain Pine-Hardwood Forest","Hardwood-Conifer",121,64,5,4,4,7,89,"I-A",100,168,0,0.392157,0.658824,0
20,1445,6732.93984950706,605.964586455636,"West Gulf Coastal Plain Pine-Hardwood Flatwoods","Hardwood-Conifer",179,104,5,5,3,4,93,"I-A",99,235,97,0.388235,0.921569,0.380392
20,1446,17732.5196036473,1595.92676432826,"Gulf and Atlantic Coastal Plain Floodplain Systems","Riparian",393,257,49,37,10,15,75,"III-A",102,119,205,0.4,0.466667,0.803922
20,1447,2282.8599489741,205.457395407669,"Gulf and Atlantic Coastal Plain Small Stream Riparian Systems","Riparian",431,129,50,33,8,26,66,"I-C",171,185,235,0.670588,0.72549,0.921569
20,1450,6209.51986120641,558.856787508577,"West Gulf Coastal Plain Nonriverine Wet Hardwood Flatwoods","Hardwood",308,130,38,27,9,21,70,"I-C",38,115,0,0.14902,0.45098,0
20,1451,4705.50989482366,423.495890534129,"East-Central Texas Plains Post Oak Savanna and Woodland","Hardwood",57,53,5,4,8,8,84,"I-A",207,148,10,0.811765,0.580392,0.039216
20,2142,822.64998161234,74.0384983451106,"West Gulf Coastal Plain Pine-Hardwood Forest","Hardwood-Conifer",121,52,5,4,4,9,87,"I-A",100,168,0,0.392157,0.658824,0
20,2143,20.9999995306134,1.88999995775521,"West Gulf Coastal Plain Sandhill Oak and Shortleaf Pine Forest and Woodland","Hardwood-Conifer",159,390,5,5,3,1,96,"I-A",209,217,0,0.819608,0.85098,0
20,2150,23.9999994635582,2.15999995172024,"West Gulf Coastal Plain Northern Calcareous Prairie","Grassland",1280,7,7,3,1,52,47,"I-A",255,0,110,1,0,0.431373
20,2151,30.999999307096,2.78999993763864,"West Gulf Coastal Plain Pine-Hardwood Flatwoods","Hardwood-Conifer",179,104,5,5,3,4,93,"I-A",99,235,97,0.388235,0.921569,0.380392
20,2155,42599.5790478252,3833.96211430427,"Gulf and Atlantic Coastal Plain Floodplain Systems","Riparian",393,257,49,37,10,15,75,"III-A",102,119,205,0.4,0.466667,0.803922
20,2156,94.2899978924543,8.48609981032088,"Gulf and Atlantic Coastal Plain Small Stream Riparian Systems","Riparian",431,129,50,33,8,26,66,"I-C",171,185,235,0.670588,0.72549,0.921569
20,2157,83.9999981224537,7.55999983102083,"Gulf and Atlantic Coastal Plain Swamp Systems","Riparian",1020,-9999,685,410,40,-9999,60,"V-A",102,212,179,0.4,0.831373,0.701961
21,11,1062.79997624457,95.6519978620112,"Open Water","Open Water",-9999,-9999,-9999,-9999,-9999,-9999,-9999,"-9999",0,0,255,0,0,1
21,2138,3505.68992164172,315.512092947755,"West Gulf Coastal Plain Mesic Hardwood Forest","Hardwood",271,90,23,17,7,19,74,"I-C",181,158,143,0.709804,0.619608,0.560784
21,2142,38648.7291361336,3478.38562225202,"West Gulf Coastal Plain Pine-Hardwood Forest","Hardwood-Conifer",121,52,5,4,4,9,87,"I-A",100,168,0,0.392157,0.658824,0
21,2143,2554.91994289309,229.942794860378,"West Gulf Coastal Plain Sandhill Oak and Shortleaf Pine Forest and Woodland","Hardwood-Conifer",159,390,5,5,3,1,96,"I-A",209,217,0,0.819608,0.85098,0
21,2150,22205.2595036738,1998.47335533064,"West Gulf Coastal Plain Northern Calcareous Prairie","Grassland",1280,7,7,3,1,52,47,"I-A",255,0,110,1,0,0.431373
21,2151,2534.74994334392,228.127494900953,"West Gulf Coastal Plain Pine-Hardwood Flatwoods","Hardwood-Conifer",179,104,5,5,3,4,93,"I-A",99,235,97,0.388235,0.921569,0.380392
21,2155,7609.44982991554,684.850484692398,"Gulf and Atlantic Coastal Plain Floodplain Systems","Riparian",393,257,49,37,10,15,75,"III-A",102,119,205,0.4,0.466667,0.803922
21,2156,12090.3797297589,1088.13417567831,"Gulf and Atlantic Coastal Plain Small Stream Riparian Systems","Riparian",431,129,50,33,8,26,66,"I-C",171,185,235,0.670588,0.72549,0.921569
21,2158,24.1999994590878,2.17799995131791,"Central Interior and Appalachian Shrub-Herbaceous Wetland Systems","Riparian",17,-9999,-9999,17,100,-9999,-9999,"II-C",240,150,20,0.941176,0.588235,0.078431
21,2159,2359.98994725011,212.39909525251,"West Gulf Coastal Plain Nonriverine Wet Hardwood Flatwoods","Hardwood",308,130,38,27,9,21,70,"I-C",38,115,0,0.14902,0.45098,0
22,11,1154.69997419044,103.92299767714,"Open Water","Open Water",-9999,-9999,-9999,-9999,-9999,-9999,-9999,"-9999",0,0,255,0,0,1
22,31,12.9999997094274,1.16999997384846,"Barren-Rock/Sand/Clay","Barren-Rock/Sand/Clay",-9999,-9999,-9999,-9999,-9999,-9999,-9999,"-9999",191,191,191,0.74902,0.74902,0.74902
22,2132,9873.24977931567,888.59248013841,"Ozark-Ouachita Dry-Mesic Oak Forest","Hardwood",188,66,15,11,6,17,77,"I-B",115,115,0,0.45098,0.45098,0
22,2138,8218.23981630802,739.641583467722,"West Gulf Coastal Plain Mesic Hardwood Forest","Hardwood",271,90,23,17,7,19,74,"I-C",181,158,143,0.709804,0.619608,0.560784
22,2139,1915.18995719217,172.367096147295,"Ozark-Ouachita Mesic Hardwood Forest","Hardwood",316,110,25,19,6,18,76,"I-C",0,135,74,0,0.529412,0.290196
22,2140,9276.77979264781,834.910181338303,"Ozark-Ouachita Dry Oak Woodland","Hardwood",38,89,6,5,13,5,82,"I-A",97,69,0,0.380392,0.270588,0
22,2141,2287.51994886994,205.876795398295,"Ozark-Ouachita Shortleaf Pine-Oak Forest and Woodland","Conifer",347,92,5,5,1,5,94,"I-A",196,164,100,0.768627,0.643137,0.392157
22,2142,20909.2295326423,1881.83065793781,"West Gulf Coastal Plain Pine-Hardwood Forest","Hardwood-Conifer",121,52,5,4,4,9,87,"I-A",100,168,0,0.392157,0.658824,0
22,2143,1808.36995957978,162.75329636218,"West Gulf Coastal Plain Sandhill Oak and Shortleaf Pine Forest and Woodland","Hardwood-Conifer",159,390,5,5,3,1,96,"I-A",209,217,0,0.819608,0.85098,0
22,2150,39.9999991059303,3.59999991953373,"West Gulf Coastal Plain Northern Calcareous Prairie","Grassland",1280,7,7,3,1,52,47,"I-A",255,0,110,1,0,0.431373
22,2151,7630.61982944235,686.755784649812,"West Gulf Coastal Plain Pine-Hardwood Flatwoods","Hardwood-Conifer",179,104,5,5,3,4,93,"I-A",99,235,97,0.388235,0.921569,0.380392
22,2153,2160.99995169789,194.48999565281,"Central Interior and Appalachian Floodplain Systems-Large Floodplains","Riparian",142,-9999,100,59,41,-9999,59,"III-A",48,237,56,0.188235,0.929412,0.219608
22,2155,2387.40994663723,214.866895197351,"Gulf and Atlantic Coastal Plain Floodplain Systems","Riparian",393,257,49,37,10,15,75,"III-A",102,119,205,0.4,0.466667,0.803922
22,2156,760.1599830091,68.414398470819,"Gulf and Atlantic Coastal Plain Small Stream Riparian Systems","Riparian",431,129,50,33,8,26,66,"I-C",171,185,235,0.670588,0.72549,0.921569
22,2159,18093.9295955691,1628.45366360122,"West Gulf Coastal Plain Nonriverine Wet Hardwood Flatwoods","Hardwood",308,130,38,27,9,21,70,"I-C",38,115,0,0.14902,0.45098,0
22,2160,6066.78986439668,546.011087795701,"Ozark-Ouachita Shortleaf Pine-Bluestem Woodland","Hardwood-Conifer",100,1223,2,2,2,1,97,"I-A",68,137,112,0.266667,0.537255,0.439216
23,11,896.229979967698,80.6606981970929,"Open Water","Open Water",-9999,-9999,-9999,-9999,-9999,-9999,-9999,"-9999",0,0,255,0,0,1
23,2132,18130.2995947562,1631.72696352806,"Ozark-Ouachita Dry-Mesic Oak Forest","Hardwood",188,66,15,11,6,17,77,"I-B",115,115,0,0.45098,0.45098,0
23,2139,6266.23985993862,563.961587394476,"Ozark-Ouachita Mesic Hardwood Forest","Hardwood",316,110,25,19,6,18,76,"I-C",0,135,74,0,0.529412,0.290196
23,2140,8980.63979926705,808.257581934035,"Ozark-Ouachita Dry Oak Woodland","Hardwood",38,89,6,5,13,5,82,"I-A",97,69,0,0.380392,0.270588,0
23,2141,23231.9394807257,2090.87455326531,"Ozark-Ouachita Shortleaf Pine-Oak Forest and Woodland","Conifer",347,92,5,5,1,5,94,"I-A",196,164,100,0.768627,0.643137,0.392157
23,2153,162.999996356666,14.6699996720999,"Central Interior and Appalachian Floodplain Systems-Large Floodplains","Riparian",142,-9999,100,59,41,-9999,59,"III-A",48,237,56,0.188235,0.929412,0.219608
23,2160,34927.8192193024,3143.50372973721,"Ozark-Ouachita Shortleaf Pine-Bluestem Woodland","Hardwood-Conifer",100,1223,2,2,2,1,97,"I-A",68,137,112,0.266667,0.537255,0.439216
24,11,262.00999414362,23.5808994729258,"Open Water","Open Water",-9999,-9999,-9999,-9999,-9999,-9999,-9999,"-9999",0,0,255,0,0,1
24,2132,16249.4096367974,1462.44686731176,"Ozark-Ouachita Dry-Mesic Oak Forest","Hardwood",188,66,15,11,6,17,77,"I-B",115,115,0,0.45098,0.45098,0
24,2139,2051.21995415166,184.609795873649,"Ozark-Ouachita Mesic Hardwood Forest","Hardwood",316,110,25,19,6,18,76,"I-C",0,135,74,0,0.529412,0.290196
24,2140,8276.25981501117,744.863383351006,"Ozark-Ouachita Dry Oak Woodland","Hardwood",38,89,6,5,13,5,82,"I-A",97,69,0,0.380392,0.270588,0
24,2141,15121.7396620028,1360.95656958025,"Ozark-Ouachita Shortleaf Pine-Oak Forest and Woodland","Conifer",347,92,5,5,1,5,94,"I-A",196,164,100,0.768627,0.643137,0.392157
24,2153,1690.22996222042,152.120696599837,"Central Interior and Appalachian Floodplain Systems-Large Floodplains","Riparian",142,-9999,100,59,41,-9999,59,"III-A",48,237,56,0.188235,0.929412,0.219608
24,2160,48945.3089059871,4405.07780153884,"Ozark-Ouachita Shortleaf Pine-Bluestem Woodland","Hardwood-Conifer",100,1223,2,2,2,1,97,"I-A",68,137,112,0.266667,0.537255,0.439216
25,11,616.889986211434,55.5200987590291,"Open Water","Open Water",-9999,-9999,-9999,-9999,-9999,-9999,-9999,"-9999",0,0,255,0,0,1
25,2132,17284.9296136517,1555.64366522865,"Ozark-Ouachita Dry-Mesic Oak Forest","Hardwood",188,66,15,11,6,17,77,"I-B",115,115,0,0.45098,0.45098,0
25,2139,1521.8099659849,136.962896938641,"Ozark-Ouachita Mesic Hardwood Forest","Hardwood",316,110,25,19,6,18,76,"I-C",0,135,74,0,0.529412,0.290196
25,2140,27420.8393870965,2467.87554483868,"Ozark-Ouachita Dry Oak Woodland","Hardwood",38,89,6,5,13,5,82,"I-A",97,69,0,0.380392,0.270588,0
25,2141,13313.6997024156,1198.23297321741,"Ozark-Ouachita Shortleaf Pine-Oak Forest and Woodland","Conifer",347,92,5,5,1,5,94,"I-A",196,164,100,0.768627,0.643137,0.392157
25,2153,11490.0897431765,1034.10807688588,"Central Interior and Appalachian Floodplain Systems-Large Floodplains","Riparian",142,-9999,100,59,41,-9999,59,"III-A",48,237,56,0.188235,0.929412,0.219608
25,2158,241.999994590878,21.7799995131791,"Central Interior and Appalachian Shrub-Herbaceous Wetland Systems","Riparian",17,-9999,-9999,17,100,-9999,-9999,"II-C",240,150,20,0.941176,0.588235,0.078431
25,2160,20705.9195371866,1863.5327583468,"Ozark-Ouachita Shortleaf Pine-Bluestem Woodland","Hardwood-Conifer",100,1223,2,2,2,1,97,"I-A",68,137,112,0.266667,0.537255,0.439216
26,11,48.8799989074469,4.39919990167022,"Open Water","Open Water",-9999,-9999,-9999,-9999,-9999,-9999,-9999,"-9999",0,0,255,0,0,1
26,2132,25333.1594337597,2279.98434903838,"Ozark-Ouachita Dry-Mesic Oak Forest","Hardwood",188,66,15,11,6,17,77,"I-B",115,115,0,0.45098,0.45098,0
26,2139,2960.64993382432,266.458494044188,"Ozark-Ouachita Mesic Hardwood Forest","Hardwood",316,110,25,19,6,18,76,"I-C",0,135,74,0,0.529412,0.290196
26,2140,16248.1696368251,1462.33526731426,"Ozark-Ouachita Dry Oak Woodland","Hardwood",38,89,6,5,13,5,82,"I-A",97,69,0,0.380392,0.270588,0
26,2141,22037.1595074311,1983.3443556688,"Ozark-Ouachita Shortleaf Pine-Oak Forest and Woodland","Conifer",347,92,5,5,1,5,94,"I-A",196,164,100,0.768627,0.643137,0.392157
26,2147,4.8799998909235,0.439199990183115,"Arkansas Valley Prairie and Woodland-Woodland","Grassland",96,14,2,2,3,14,83,"I-A",204,138,179,0.8,0.541176,0.701961
26,2153,6255.32986018248,562.979687416423,"Central Interior and Appalachian Floodplain Systems-Large Floodplains","Riparian",142,-9999,100,59,41,-9999,59,"III-A",48,237,56,0.188235,0.929412,0.219608
26,2158,133.229997022077,11.990699731987,"Central Interior and Appalachian Shrub-Herbaceous Wetland Systems","Riparian",17,-9999,-9999,17,100,-9999,-9999,"II-C",240,150,20,0.941176,0.588235,0.078431
26,2160,19574.7295624707,1761.72566062236,"Ozark-Ouachita Shortleaf Pine-Bluestem Woodland","Hardwood-Conifer",100,1223,2,2,2,1,97,"I-A",68,137,112,0.266667,0.537255,0.439216
27,11,550.669987691566,49.560298892241,"Open Water","Open Water",-9999,-9999,-9999,-9999,-9999,-9999,-9999,"-9999",0,0,255,0,0,1
27,2138,128.149997135624,11.5334997422062,"West Gulf Coastal Plain Mesic Hardwood Forest","Hardwood",271,90,23,17,7,19,74,"I-C",181,158,143,0.709804,0.619608,0.560784
27,2140,0.999999977648258,0.0899999979883432,"Ozark-Ouachita Dry Oak Woodland","Hardwood",38,89,6,5,13,5,82,"I-A",97,69,0,0.380392,0.270588,0
27,2142,40263.3991000429,3623.70591900386,"West Gulf Coastal Plain Pine-Hardwood Forest","Hardwood-Conifer",121,52,5,4,4,9,87,"I-A",100,168,0,0.392157,0.658824,0
27,2143,12971.1197100729,1167.40077390656,"West Gulf Coastal Plain Sandhill Oak and Shortleaf Pine Forest and Woodland","Hardwood-Conifer",159,390,5,5,3,1,96,"I-A",209,217,0,0.819608,0.85098,0
27,2150,18617.1395838745,1675.5425625487,"West Gulf Coastal Plain Northern Calcareous Prairie","Grassland",1280,7,7,3,1,52,47,"I-A",255,0,110,1,0,0.431373
27,2151,39.9999991059303,3.59999991953373,"West Gulf Coastal Plain Pine-Hardwood Flatwoods","Hardwood-Conifer",179,104,5,5,3,4,93,"I-A",99,235,97,0.388235,0.921569,0.380392
27,2155,7661.66982874833,689.55028458735,"Gulf and Atlantic Coastal Plain Floodplain Systems","Riparian",393,257,49,37,10,15,75,"III-A",102,119,205,0.4,0.466667,0.803922
27,2156,11893.0397341698,1070.37357607529,"Gulf and Atlantic Coastal Plain Small Stream Riparian Systems","Riparian",431,129,50,33,8,26,66,"I-C",171,185,235,0.670588,0.72549,0.921569
27,2157,466.999989561737,42.0299990605563,"Gulf and Atlantic Coastal Plain Swamp Systems","Riparian",1020,-9999,685,410,40,-9999,60,"V-A",102,212,179,0.4,0.831373,0.701961
27,2159,2.99999993294477,0.26999999396503,"West Gulf Coastal Plain Nonriverine Wet Hardwood Flatwoods","Hardwood",308,130,38,27,9,21,70,"I-C",38,115,0,0.14902,0.45098,0
28,11,178.999995999038,16.1099996399134,"Open Water","Open Water",-9999,-9999,-9999,-9999,-9999,-9999,-9999,"-9999",0,0,255,0,0,1
28,2132,346.399992257357,31.1759993031621,"Ozark-Ouachita Dry-Mesic Oak Forest","Hardwood",188,66,15,11,6,17,77,"I-B",115,115,0,0.45098,0.45098,0
28,2138,529.089988173917,47.6180989356525,"West Gulf Coastal Plain Mesic Hardwood Forest","Hardwood",271,90,23,17,7,19,74,"I-C",181,158,143,0.709804,0.619608,0.560784
28,2140,342.489992344752,30.8240993110277,"Ozark-Ouachita Dry Oak Woodland","Hardwood",38,89,6,5,13,5,82,"I-A",97,69,0,0.380392,0.270588,0
28,2142,34746.9792233445,3127.228130101,"West Gulf Coastal Plain Pine-Hardwood Forest","Hardwood-Conifer",121,52,5,4,4,9,87,"I-A",100,168,0,0.392157,0.658824,0
28,2143,24284.729457194,2185.62565114746,"West Gulf Coastal Plain Sandhill Oak and Shortleaf Pine Forest and Woodland","Hardwood-Conifer",159,390,5,5,3,1,96,"I-A",209,217,0,0.819608,0.85098,0
28,2150,1224.63997262716,110.217597536445,"West Gulf Coastal Plain Northern Calcareous Prairie","Grassland",1280,7,7,3,1,52,47,"I-A",255,0,110,1,0,0.431373
28,2151,2584.86994222365,232.638294800129,"West Gulf Coastal Plain Pine-Hardwood Flatwoods","Hardwood-Conifer",179,104,5,5,3,4,93,"I-A",99,235,97,0.388235,0.921569,0.380392
28,2153,69.9999984353781,6.29999985918403,"Central Interior and Appalachian Floodplain Systems-Large Floodplains","Riparian",142,-9999,100,59,41,-9999,59,"III-A",48,237,56,0.188235,0.929412,0.219608
28,2155,16617.629628567,1495.58666657103,"Gulf and Atlantic Coastal Plain Floodplain Systems","Riparian",393,257,49,37,10,15,75,"III-A",102,119,205,0.4,0.466667,0.803922
28,2156,10772.9497592058,969.565478328522,"Gulf and Atlantic Coastal Plain Small Stream Riparian Systems","Riparian",431,129,50,33,8,26,66,"I-C",171,185,235,0.670588,0.72549,0.921569
28,2159,897.399979941547,80.7659981947392,"West Gulf Coastal Plain Nonriverine Wet Hardwood Flatwoods","Hardwood",308,130,38,27,9,21,70,"I-C",38,115,0,0.14902,0.45098,0
29,11,35.1999992132187,3.16799992918968,"Open Water","Open Water",-9999,-9999,-9999,-9999,-9999,-9999,-9999,"-9999",0,0,255,0,0,1
29,31,0.999999977648258,0.0899999979883432,"Barren-Rock/Sand/Clay","Barren-Rock/Sand/Clay",-9999,-9999,-9999,-9999,-9999,-9999,-9999,"-9999",191,191,191,0.74902,0.74902,0.74902
29,2132,25863.8394218981,2327.74554797083,"Ozark-Ouachita Dry-Mesic Oak Forest","Hardwood",188,66,15,11,6,17,77,"I-B",115,115,0,0.45098,0.45098,0
29,2138,74.7999983280897,6.73199984952807,"West Gulf Coastal Plain Mesic Hardwood Forest","Hardwood",271,90,23,17,7,19,74,"I-C",181,158,143,0.709804,0.619608,0.560784
29,2139,7295.3998369351,656.585985324159,"Ozark-Ouachita Mesic Hardwood Forest","Hardwood",316,110,25,19,6,18,76,"I-C",0,135,74,0,0.529412,0.290196
29,2140,19797.1095575001,1781.73986017501,"Ozark-Ouachita Dry Oak Woodland","Hardwood",38,89,6,5,13,5,82,"I-A",97,69,0,0.380392,0.270588,0
29,2141,17056.4496187586,1535.08046568828,"Ozark-Ouachita Shortleaf Pine-Oak Forest and Woodland","Conifer",347,92,5,5,1,5,94,"I-A",196,164,100,0.768627,0.643137,0.392157
29,2142,23.249999480322,2.09249995322898,"West Gulf Coastal Plain Pine-Hardwood Forest","Hardwood-Conifer",121,52,5,4,4,9,87,"I-A",100,168,0,0.392157,0.658824,0
29,2151,7.99999982118607,0.719999983906746,"West Gulf Coastal Plain Pine-Hardwood Flatwoods","Hardwood-Conifer",179,104,5,5,3,4,93,"I-A",99,235,97,0.388235,0.921569,0.380392
29,2153,6.99999984353781,0.629999985918403,"Central Interior and Appalachian Floodplain Systems-Large Floodplains","Riparian",142,-9999,100,59,41,-9999,59,"III-A",48,237,56,0.188235,0.929412,0.219608
29,2159,1580.3599646762,142.232396820858,"West Gulf Coastal Plain Nonriverine Wet Hardwood Flatwoods","Hardwood",308,130,38,27,9,21,70,"I-C",38,115,0,0.14902,0.45098,0
29,2160,20853.7595338821,1876.83835804939,"Ozark-Ouachita Shortleaf Pine-Bluestem Woodland","Hardwood-Conifer",100,1223,2,2,2,1,97,"I-A",68,137,112,0.266667,0.537255,0.439216
30,11,130.319997087121,11.7287997378409,"Open Water","Open Water",-9999,-9999,-9999,-9999,-9999,-9999,-9999,"-9999",0,0,255,0,0,1
30,2132,12631.3897176664,1136.82507458998,"Ozark-Ouachita Dry-Mesic Oak Forest","Hardwood",188,66,15,11,6,17,77,"I-B",115,115,0,0.45098,0.45098,0
30,2139,802.989982051775,72.2690983846597,"Ozark-Ouachita Mesic Hardwood Forest","Hardwood",316,110,25,19,6,18,76,"I-C",0,135,74,0,0.529412,0.290196
30,2140,10495.3297654111,944.579678886998,"Ozark-Ouachita Dry Oak Woodland","Hardwood",38,89,6,5,13,5,82,"I-A",97,69,0,0.380392,0.270588,0
30,2141,14520.0396754518,1306.80357079066,"Ozark-Ouachita Shortleaf Pine-Oak Forest and Woodland","Conifer",347,92,5,5,1,5,94,"I-A",196,164,100,0.768627,0.643137,0.392157
30,2153,1877.12995804287,168.941696223859,"Central Interior and Appalachian Floodplain Systems-Large Floodplains","Riparian",142,-9999,100,59,41,-9999,59,"III-A",48,237,56,0.188235,0.929412,0.219608
30,2160,52138.9988346025,4692.50989511423,"Ozark-Ouachita Shortleaf Pine-Bluestem Woodland","Hardwood-Conifer",100,1223,2,2,2,1,97,"I-A",68,137,112,0.266667,0.537255,0.439216
31,11,0.999999977648258,0.0899999979883432,"Open Water","Open Water",-9999,-9999,-9999,-9999,-9999,-9999,-9999,"-9999",0,0,255,0,0,1
31,2132,20935.3795320578,1884.1841578852,"Ozark-Ouachita Dry-Mesic Oak Forest","Hardwood",188,66,15,11,6,17,77,"I-B",115,115,0,0.45098,0.45098,0
31,2139,4863.53989129141,437.718590216227,"Ozark-Ouachita Mesic Hardwood Forest","Hardwood",316,110,25,19,6,18,76,"I-C",0,135,74,0,0.529412,0.290196
31,2140,10392.9797676988,935.368179092892,"Ozark-Ouachita Dry Oak Woodland","Hardwood",38,89,6,5,13,5,82,"I-A",97,69,0,0.380392,0.270588,0
31,2141,21838.5995118693,1965.47395606823,"Ozark-Ouachita Shortleaf Pine-Oak Forest and Woodland","Conifer",347,92,5,5,1,5,94,"I-A",196,164,100,0.768627,0.643137,0.392157
31,2158,0.999999977648258,0.0899999979883432,"Central Interior and Appalachian Shrub-Herbaceous Wetland Systems","Riparian",17,-9999,-9999,17,100,-9999,-9999,"II-C",240,150,20,0.941176,0.588235,0.078431
31,2160,34563.6892274413,3110.73203046972,"Ozark-Ouachita Shortleaf Pine-Bluestem Woodland","Hardwood-Conifer",100,1223,2,2,2,1,97,"I-A",68,137,112,0.266667,0.537255,0.439216
32,11,342.909992335364,30.8618993101828,"Open Water","Open Water",-9999,-9999,-9999,-9999,-9999,-9999,-9999,"-9999",0,0,255,0,0,1
32,2132,21773.8495133165,1959.64645619849,"Ozark-Ouachita Dry-Mesic Oak Forest","Hardwood",188,66,15,11,6,17,77,"I-B",115,115,0,0.45098,0.45098,0
32,2136,139.999996870756,12.5999997183681,"Ouachita Montane Oak Forest","Hardwood",38,89,6,5,13,6,81,"I-A",0,38,115,0,0.14902,0.45098
32,2139,3223.99992793798,290.159993514419,"Ozark-Ouachita Mesic Hardwood Forest","Hardwood",316,110,25,19,6,18,76,"I-C",0,135,74,0,0.529412,0.290196
32,2140,22978.209486397,2068.03885377573,"Ozark-Ouachita Dry Oak Woodland","Hardwood",38,89,6,5,13,5,82,"I-A",97,69,0,0.380392,0.270588,0
32,2141,12021.4497312997,1081.93047581697,"Ozark-Ouachita Shortleaf Pine-Oak Forest and Woodland","Conifer",347,92,5,5,1,5,94,"I-A",196,164,100,0.768627,0.643137,0.392157
32,2153,5444.92987829633,490.04368904667,"Central Interior and Appalachian Floodplain Systems-Large Floodplains","Riparian",142,-9999,100,59,41,-9999,59,"III-A",48,237,56,0.188235,0.929412,0.219608
32,2158,126.999997161329,11.4299997445196,"Central Interior and Appalachian Shrub-Herbaceous Wetland Systems","Riparian",17,-9999,-9999,17,100,-9999,-9999,"II-C",240,150,20,0.941176,0.588235,0.078431
32,2160,26543.8294066992,2388.94464660292,"Ozark-Ouachita Shortleaf Pine-Bluestem Woodland","Hardwood-Conifer",100,1223,2,2,2,1,97,"I-A",68,137,112,0.266667,0.537255,0.439216
33,11,8.99999979883432,0.809999981895089,"Open Water","Open Water",-9999,-9999,-9999,-9999,-9999,-9999,-9999,"-9999",0,0,255,0,0,1
33,2132,23002.6594858505,2070.23935372654,"Ozark-Ouachita Dry-Mesic Oak Forest","Hardwood",188,66,15,11,6,17,77,"I-B",115,115,0,0.45098,0.45098,0
33,2139,2802.12993736751,252.191694363076,"Ozark-Ouachita Mesic Hardwood Forest","Hardwood",316,110,25,19,6,18,76,"I-C",0,135,74,0,0.529412,0.290196
33,2140,13430.6596998014,1208.75937298212,"Ozark-Ouachita Dry Oak Woodland","Hardwood",38,89,6,5,13,5,82,"I-A",97,69,0,0.380392,0.270588,0
33,2141,20988.9095308613,1889.00185777752,"Ozark-Ouachita Shortleaf Pine-Oak Forest and Woodland","Conifer",347,92,5,5,1,5,94,"I-A",196,164,100,0.768627,0.643137,0.392157
33,2153,2972.67993355542,267.541194019988,"Central Interior and Appalachian Floodplain Systems-Large Floodplains","Riparian",142,-9999,100,59,41,-9999,59,"III-A",48,237,56,0.188235,0.929412,0.219608
33,2158,70.9699984136969,6.38729985723272,"Central Interior and Appalachian Shrub-Herbaceous Wetland Systems","Riparian",17,-9999,-9999,17,100,-9999,-9999,"II-C",240,150,20,0.941176,0.588235,0.078431
33,2160,29319.1793446653,2638.72614101987,"Ozark-Ouachita Shortleaf Pine-Bluestem Woodland","Hardwood-Conifer",100,1223,2,2,2,1,97,"I-A",68,137,112,0.266667,0.537255,0.439216
34,11,7276.86983734928,654.918285361435,"Open Water","Open Water",-9999,-9999,-9999,-9999,-9999,-9999,-9999,"-9999",0,0,255,0,0,1
34,2132,9473.28978825547,852.596080942992,"Ozark-Ouachita Dry-Mesic Oak Forest","Hardwood",188,66,15,11,6,17,77,"I-B",115,115,0,0.45098,0.45098,0
34,2139,1501.7399664335,135.156596979015,"Ozark-Ouachita Mesic Hardwood Forest","Hardwood",316,110,25,19,6,18,76,"I-C",0,135,74,0,0.529412,0.290196
34,2140,10415.5297671948,937.397679047529,"Ozark-Ouachita Dry Oak Woodland","Hardwood",38,89,6,5,13,5,82,"I-A",97,69,0,0.380392,0.270588,0
34,2141,9401.85978985205,846.167381086685,"Ozark-Ouachita Shortleaf Pine-Oak Forest and Woodland","Conifer",347,92,5,5,1,5,94,"I-A",196,164,100,0.768627,0.643137,0.392157
34,2146,2115.43995271623,190.389595744461,"Arkansas Valley Prairie and Woodland-Prairie","Grassland",2,344,12,2,82,1,17,"II-A",255,120,187,1,0.470588,0.733333
34,2147,5868.54986882769,528.169488194492,"Arkansas Valley Prairie and Woodland-Woodland","Grassland",96,14,2,2,3,14,83,"I-A",204,138,179,0.8,0.541176,0.701961
34,2153,31466.7092966642,2832.00383669978,"Central Interior and Appalachian Floodplain Systems-Large Floodplains","Riparian",142,-9999,100,59,41,-9999,59,"III-A",48,237,56,0.188235,0.929412,0.219608
34,2158,179.999995976686,16.1999996379018,"Central Interior and Appalachian Shrub-Herbaceous Wetland Systems","Riparian",17,-9999,-9999,17,100,-9999,-9999,"II-C",240,150,20,0.941176,0.588235,0.078431
34,2160,14896.1896670442,1340.65707003398,"Ozark-Ouachita Shortleaf Pine-Bluestem Woodland","Hardwood-Conifer",100,1223,2,2,2,1,97,"I-A",68,137,112,0.266667,0.537255,0.439216
35,11,292.329993465915,26.3096994119324,"Open Water","Open Water",-9999,-9999,-9999,-9999,-9999,-9999,-9999,"-9999",0,0,255,0,0,1
35,1435,577.889987083152,52.0100988374837,"West Gulf Coastal Plain Mesic Hardwood Forest","Hardwood",271,90,23,17,7,19,74,"I-C",181,158,143,0.709804,0.619608,0.560784
35,1438,16143.9896391537,1452.95906752383,"West Gulf Coastal Plain Pine-Hardwood Forest","Hardwood-Conifer",121,64,5,4,4,7,89,"I-A",100,168,0,0.392157,0.658824,0
35,1445,15370.2296564486,1383.32066908037,"West Gulf Coastal Plain Pine-Hardwood Flatwoods","Hardwood-Conifer",179,104,5,5,3,4,93,"I-A",99,235,97,0.388235,0.921569,0.380392
35,1446,14485.8796762154,1303.72917085938,"Gulf and Atlantic Coastal Plain Floodplain Systems","Riparian",393,257,49,37,10,15,75,"III-A",102,119,205,0.4,0.466667,0.803922
35,1447,8986.57979913428,808.792181922086,"Gulf and Atlantic Coastal Plain Small Stream Riparian Systems","Riparian",431,129,50,33,8,26,66,"I-C",171,185,235,0.670588,0.72549,0.921569
35,1448,0.999999977648258,0.0899999979883432,"Gulf and Atlantic Coastal Plain Swamp Systems","Riparian",1020,-9999,685,410,40,-9999,60,"V-A",102,212,179,0.4,0.831373,0.701961
35,1450,26174.9294149447,2355.74364734503,"West Gulf Coastal Plain Nonriverine Wet Hardwood Flatwoods","Hardwood",308,130,38,27,9,21,70,"I-C",38,115,0,0.14902,0.45098,0
35,1451,10563.3497638907,950.701478750166,"East-Central Texas Plains Post Oak Savanna and Woodland","Hardwood",57,53,5,4,8,8,84,"I-A",207,148,10,0.811765,0.580392,0.039216
36,11,1440.53996780142,129.648597102128,"Open Water","Open Water",-9999,-9999,-9999,-9999,-9999,-9999,-9999,"-9999",0,0,255,0,0,1
36,2138,106.199997626245,9.55799978636205,"West Gulf Coastal Plain Mesic Hardwood Forest","Hardwood",271,90,23,17,7,19,74,"I-C",181,158,143,0.709804,0.619608,0.560784
36,2140,5.99999986588955,0.539999987930059,"Ozark-Ouachita Dry Oak Woodland","Hardwood",38,89,6,5,13,5,82,"I-A",97,69,0,0.380392,0.270588,0
36,2142,6638.7398516126,597.486586645134,"West Gulf Coastal Plain Pine-Hardwood Forest","Hardwood-Conifer",121,52,5,4,4,9,87,"I-A",100,168,0,0.392157,0.658824,0
36,2143,3435.03992322087,309.153593089879,"West Gulf Coastal Plain Sandhill Oak and Shortleaf Pine Forest and Woodland","Hardwood-Conifer",159,390,5,5,3,1,96,"I-A",209,217,0,0.819608,0.85098,0
36,2150,339.379992414266,30.5441993172839,"West Gulf Coastal Plain Northern Calcareous Prairie","Grassland",1280,7,7,3,1,52,47,"I-A",255,0,110,1,0,0.431373
36,2155,75869.3683041874,6828.24314737687,"Gulf and Atlantic Coastal Plain Floodplain Systems","Riparian",393,257,49,37,10,15,75,"III-A",102,119,205,0.4,0.466667,0.803922
36,2156,1656.99996296316,149.129996666685,"Gulf and Atlantic Coastal Plain Small Stream Riparian Systems","Riparian",431,129,50,33,8,26,66,"I-C",171,185,235,0.670588,0.72549,0.921569
36,2157,3103.90993062221,279.351893755998,"Gulf and Atlantic Coastal Plain Swamp Systems","Riparian",1020,-9999,685,410,40,-9999,60,"V-A",102,212,179,0.4,0.831373,0.701961
37,11,1280.79997137189,115.27199742347,"Open Water","Open Water",-9999,-9999,-9999,-9999,-9999,-9999,-9999,"-9999",0,0,255,0,0,1
37,2138,2800.32993740775,252.029694366697,"West Gulf Coastal Plain Mesic Hardwood Forest","Hardwood",271,90,23,17,7,19,74,"I-C",181,158,143,0.709804,0.619608,0.560784
37,2142,33869.8292429503,3048.28463186553,"West Gulf Coastal Plain Pine-Hardwood Forest","Hardwood-Conifer",121,52,5,4,4,9,87,"I-A",100,168,0,0.392157,0.658824,0
37,2143,2611.83994162083,235.065594745874,"West Gulf Coastal Plain Sandhill Oak and Shortleaf Pine Forest and Woodland","Hardwood-Conifer",159,390,5,5,3,1,96,"I-A",209,217,0,0.819608,0.85098,0
37,2150,15464.3596543446,1391.79236889102,"West Gulf Coastal Plain Northern Calcareous Prairie","Grassland",1280,7,7,3,1,52,47,"I-A",255,0,110,1,0,0.431373
37,2151,3664.39991809428,329.795992628485,"West Gulf Coastal Plain Pine-Hardwood Flatwoods","Hardwood-Conifer",179,104,5,5,3,4,93,"I-A",99,235,97,0.388235,0.921569,0.380392
37,2155,20793.0395352393,1871.37355817154,"Gulf and Atlantic Coastal Plain Floodplain Systems","Riparian",393,257,49,37,10,15,75,"III-A",102,119,205,0.4,0.466667,0.803922
37,2156,10478.9797657765,943.108178919889,"Gulf and Atlantic Coastal Plain Small Stream Riparian Systems","Riparian",431,129,50,33,8,26,66,"I-C",171,185,235,0.670588,0.72549,0.921569
37,2158,392.799991220236,35.3519992098212,"Central Interior and Appalachian Shrub-Herbaceous Wetland Systems","Riparian",17,-9999,-9999,17,100,-9999,-9999,"II-C",240,150,20,0.941176,0.588235,0.078431
37,2159,1239.79997228831,111.581997505948,"West Gulf Coastal Plain Nonriverine Wet Hardwood Flatwoods","Hardwood",308,130,38,27,9,21,70,"I-C",38,115,0,0.14902,0.45098,0
38,11,25.9999994188547,2.33999994769692,"Open Water","Open Water",-9999,-9999,-9999,-9999,-9999,-9999,-9999,"-9999",0,0,255,0,0,1
38,2132,12238.8497264404,1101.49647537963,"Ozark-Ouachita Dry-Mesic Oak Forest","Hardwood",188,66,15,11,6,17,77,"I-B",115,115,0,0.45098,0.45098,0
38,2138,2572.65994249657,231.539394824691,"West Gulf Coastal Plain Mesic Hardwood Forest","Hardwood",271,90,23,17,7,19,74,"I-C",181,158,143,0.709804,0.619608,0.560784
38,2139,1030.79997695982,92.7719979263842,"Ozark-Ouachita Mesic Hardwood Forest","Hardwood",316,110,25,19,6,18,76,"I-C",0,135,74,0,0.529412,0.290196
38,2140,14543.0296749379,1308.87267074442,"Ozark-Ouachita Dry Oak Woodland","Hardwood",38,89,6,5,13,5,82,"I-A",97,69,0,0.380392,0.270588,0
38,2141,5804.61987025663,522.415788323097,"Ozark-Ouachita Shortleaf Pine-Oak Forest and Woodland","Conifer",347,92,5,5,1,5,94,"I-A",196,164,100,0.768627,0.643137,0.392157
38,2142,19622.6895613987,1766.04206052588,"West Gulf Coastal Plain Pine-Hardwood Forest","Hardwood-Conifer",121,52,5,4,4,9,87,"I-A",100,168,0,0.392157,0.658824,0
38,2143,387.729991333559,34.8956992200203,"West Gulf Coastal Plain Sandhill Oak and Shortleaf Pine Forest and Woodland","Hardwood-Conifer",159,390,5,5,3,1,96,"I-A",209,217,0,0.819608,0.85098,0
38,2150,5.97999986633658,0.538199987970293,"West Gulf Coastal Plain Northern Calcareous Prairie","Grassland",1280,7,7,3,1,52,47,"I-A",255,0,110,1,0,0.431373
38,2151,7098.85984132811,638.89738571953,"West Gulf Coastal Plain Pine-Hardwood Flatwoods","Hardwood-Conifer",179,104,5,5,3,4,93,"I-A",99,235,97,0.388235,0.921569,0.380392
38,2153,479.599989280105,43.1639990352094,"Central Interior and Appalachian Floodplain Systems-Large Floodplains","Riparian",142,-9999,100,59,41,-9999,59,"III-A",48,237,56,0.188235,0.929412,0.219608
38,2155,140.389996862039,12.6350997175835,"Gulf and Atlantic Coastal Plain Floodplain Systems","Riparian",393,257,49,37,10,15,75,"III-A",102,119,205,0.4,0.466667,0.803922
38,2156,713.739984046668,64.2365985642001,"Gulf and Atlantic Coastal Plain Small Stream Riparian Systems","Riparian",431,129,50,33,8,26,66,"I-C",171,185,235,0.670588,0.72549,0.921569
38,2159,21157.859527085,1904.20735743765,"West Gulf Coastal Plain Nonriverine Wet Hardwood Flatwoods","Hardwood",308,130,38,27,9,21,70,"I-C",38,115,0,0.14902,0.45098,0
38,2160,6773.39984860271,609.605986374244,"Ozark-Ouachita Shortleaf Pine-Bluestem Woodland","Hardwood-Conifer",100,1223,2,2,2,1,97,"I-A",68,137,112,0.266667,0.537255,0.439216
39,11,2.99999993294477,0.26999999396503,"Open Water","Open Water",-9999,-9999,-9999,-9999,-9999,-9999,-9999,"-9999",0,0,255,0,0,1
39,2132,21218.0595257394,1909.62535731655,"Ozark-Ouachita Dry-Mesic Oak Forest","Hardwood",188,66,15,11,6,17,77,"I-B",115,115,0,0.45098,0.45098,0
39,2139,4132.8499076236,371.956491686124,"Ozark-Ouachita Mesic Hardwood Forest","Hardwood",316,110,25,19,6,18,76,"I-C",0,135,74,0,0.529412,0.290196
39,2140,16611.7296286989,1495.0556665829,"Ozark-Ouachita Dry Oak Woodland","Hardwood",38,89,6,5,13,5,82,"I-A",97,69,0,0.380392,0.270588,0
39,2141,9298.92979215272,836.903681293745,"Ozark-Ouachita Shortleaf Pine-Oak Forest and Woodland","Conifer",347,92,5,5,1,5,94,"I-A",196,164,100,0.768627,0.643137,0.392157
39,2153,217.809995131567,19.602899561841,"Central Interior and Appalachian Floodplain Systems-Large Floodplains","Riparian",142,-9999,100,59,41,-9999,59,"III-A",48,237,56,0.188235,0.929412,0.219608
39,2160,41113.8090810347,3700.24281729313,"Ozark-Ouachita Shortleaf Pine-Bluestem Woodland","Hardwood-Conifer",100,1223,2,2,2,1,97,"I-A",68,137,112,0.266667,0.537255,0.439216
40,11,22.9999994859099,2.06999995373189,"Open Water","Open Water",-9999,-9999,-9999,-9999,-9999,-9999,-9999,"-9999",0,0,255,0,0,1
40,2132,17474.5596094131,1572.71036484718,"Ozark-Ouachita Dry-Mesic Oak Forest","Hardwood",188,66,15,11,6,17,77,"I-B",115,115,0,0.45098,0.45098,0
40,2139,3713.7999169901,334.241992529109,"Ozark-Ouachita Mesic Hardwood Forest","Hardwood",316,110,25,19,6,18,76,"I-C",0,135,74,0,0.529412,0.290196
40,2140,8459.90981090628,761.391882981565,"Ozark-Ouachita Dry Oak Woodland","Hardwood",38,89,6,5,13,5,82,"I-A",97,69,0,0.380392,0.270588,0
40,2141,18088.6695956867,1627.9802636118,"Ozark-Ouachita Shortleaf Pine-Oak Forest and Woodland","Conifer",347,92,5,5,1,5,94,"I-A",196,164,100,0.768627,0.643137,0.392157
40,2153,597.789986638352,53.8010987974517,"Central Interior and Appalachian Floodplain Systems-Large Floodplains","Riparian",142,-9999,100,59,41,-9999,59,"III-A",48,237,56,0.188235,0.929412,0.219608
40,2160,44238.4390111938,3981.45951100744,"Ozark-Ouachita Shortleaf Pine-Bluestem Woodland","Hardwood-Conifer",100,1223,2,2,2,1,97,"I-A",68,137,112,0.266667,0.537255,0.439216
41,2132,18815.9595794305,1693.43636214875,"Ozark-Ouachita Dry-Mesic Oak Forest","Hardwood",188,66,15,11,6,17,77,"I-B",115,115,0,0.45098,0.45098,0
41,2139,4984.29988859221,448.586989973299,"Ozark-Ouachita Mesic Hardwood Forest","Hardwood",316,110,25,19,6,18,76,"I-C",0,135,74,0,0.529412,0.290196
41,2140,10212.6497717295,919.138479455654,"Ozark-Ouachita Dry Oak Woodland","Hardwood",38,89,6,5,13,5,82,"I-A",97,69,0,0.380392,0.270588,0
41,2141,27847.7093775552,2506.29384397997,"Ozark-Ouachita Shortleaf Pine-Oak Forest and Woodland","Conifer",347,92,5,5,1,5,94,"I-A",196,164,100,0.768627,0.643137,0.392157
41,2153,1667.59996272624,150.083996645361,"Central Interior and Appalachian Floodplain Systems-Large Floodplains","Riparian",142,-9999,100,59,41,-9999,59,"III-A",48,237,56,0.188235,0.929412,0.219608
41,2158,25.9999994188547,2.33999994769692,"Central Interior and Appalachian Shrub-Herbaceous Wetland Systems","Riparian",17,-9999,-9999,17,100,-9999,-9999,"II-C",240,150,20,0.941176,0.588235,0.078431
41,2160,29041.9493508618,2613.77544157756,"Ozark-Ouachita Shortleaf Pine-Bluestem Woodland","Hardwood-Conifer",100,1223,2,2,2,1,97,"I-A",68,137,112,0.266667,0.537255,0.439216
42,11,402.019991014153,36.1817991912737,"Open Water","Open Water",-9999,-9999,-9999,-9999,-9999,-9999,-9999,"-9999",0,0,255,0,0,1
42,2132,22218.4395033792,1999.65955530412,"Ozark-Ouachita Dry-Mesic Oak Forest","Hardwood",188,66,15,11,6,17,77,"I-B",115,115,0,0.45098,0.45098,0
42,2139,2727.9799390249,245.518194512241,"Ozark-Ouachita Mesic Hardwood Forest","Hardwood",316,110,25,19,6,18,76,"I-C",0,135,74,0,0.529412,0.290196
42,2140,26747.849402139,2407.30644619251,"Ozark-Ouachita Dry Oak Woodland","Hardwood",38,89,6,5,13,5,82,"I-A",97,69,0,0.380392,0.270588,0
42,2141,20420.2295435723,1837.82065892151,"Ozark-Ouachita Shortleaf Pine-Oak Forest and Woodland","Conifer",347,92,5,5,1,5,94,"I-A",196,164,100,0.768627,0.643137,0.392157
42,2153,6447.45985588804,580.271387029924,"Central Interior and Appalachian Floodplain Systems-Large Floodplains","Riparian",142,-9999,100,59,41,-9999,59,"III-A",48,237,56,0.188235,0.929412,0.219608
42,2158,130.999997071922,11.789999736473,"Central Interior and Appalachian Shrub-Herbaceous Wetland Systems","Riparian",17,-9999,-9999,17,100,-9999,-9999,"II-C",240,150,20,0.941176,0.588235,0.078431
42,2160,13501.1896982249,1215.10707284024,"Ozark-Ouachita Shortleaf Pine-Bluestem Woodland","Hardwood-Conifer",100,1223,2,2,2,1,97,"I-A",68,137,112,0.266667,0.537255,0.439216
43,11,1703.42996192537,153.308696573284,"Open Water","Open Water",-9999,-9999,-9999,-9999,-9999,-9999,-9999,"-9999",0,0,255,0,0,1
43,2132,17858.3896008339,1607.25506407505,"Ozark-Ouachita Dry-Mesic Oak Forest","Hardwood",188,66,15,11,6,17,77,"I-B",115,115,0,0.45098,0.45098,0
43,2139,1278.76997141726,115.089297427554,"Ozark-Ouachita Mesic Hardwood Forest","Hardwood",316,110,25,19,6,18,76,"I-C",0,135,74,0,0.529412,0.290196
43,2140,12992.7397095896,1169.34657386307,"Ozark-Ouachita Dry Oak Woodland","Hardwood",38,89,6,5,13,5,82,"I-A",97,69,0,0.380392,0.270588,0
43,2141,13966.1796878316,1256.95617190484,"Ozark-Ouachita Shortleaf Pine-Oak Forest and Woodland","Conifer",347,92,5,5,1,5,94,"I-A",196,164,100,0.768627,0.643137,0.392157
43,2146,40.9999990835786,3.68999991752207,"Arkansas Valley Prairie and Woodland-Prairie","Grassland",2,344,12,2,82,1,17,"II-A",255,120,187,1,0.470588,0.733333
43,2147,7.99999982118607,0.719999983906746,"Arkansas Valley Prairie and Woodland-Woodland","Grassland",96,14,2,2,3,14,83,"I-A",204,138,179,0.8,0.541176,0.701961
43,2153,14387.8796784058,1294.90917105652,"Central Interior and Appalachian Floodplain Systems-Large Floodplains","Riparian",142,-9999,100,59,41,-9999,59,"III-A",48,237,56,0.188235,0.929412,0.219608
43,2158,92.7999979257584,8.35199981331825,"Central Interior and Appalachian Shrub-Herbaceous Wetland Systems","Riparian",17,-9999,-9999,17,100,-9999,-9999,"II-C",240,150,20,0.941176,0.588235,0.078431
43,2160,30266.9893234801,2724.0290391132,"Ozark-Ouachita Shortleaf Pine-Bluestem Woodland","Hardwood-Conifer",100,1223,2,2,2,1,97,"I-A",68,137,112,0.266667,0.537255,0.439216
44,11,7979.23982165009,718.131583948508,"Open Water","Open Water",-9999,-9999,-9999,-9999,-9999,-9999,-9999,"-9999",0,0,255,0,0,1
44,31,263.99999409914,23.7599994689226,"Barren-Rock/Sand/Clay","Barren-Rock/Sand/Clay",-9999,-9999,-9999,-9999,-9999,-9999,-9999,"-9999",191,191,191,0.74902,0.74902,0.74902
44,1435,5.99999986588955,0.539999987930059,"West Gulf Coastal Plain Mesic Hardwood Forest","Hardwood",271,90,23,17,7,19,74,"I-C",181,158,143,0.709804,0.619608,0.560784
44,1438,413.999990746379,37.2599991671741,"West Gulf Coastal Plain Pine-Hardwood Forest","Hardwood-Conifer",121,64,5,4,4,7,89,"I-A",100,168,0,0.392157,0.658824,0
44,1445,16.1999996379018,1.45799996741116,"West Gulf Coastal Plain Pine-Hardwood Flatwoods","Hardwood-Conifer",179,104,5,5,3,4,93,"I-A",99,235,97,0.388235,0.921569,0.380392
44,1446,38228.3191455305,3440.54872309774,"Gulf and Atlantic Coastal Plain Floodplain Systems","Riparian",393,257,49,37,10,15,75,"III-A",102,119,205,0.4,0.466667,0.803922
44,1450,25.8999994210899,2.33099994789809,"West Gulf Coastal Plain Nonriverine Wet Hardwood Flatwoods","Hardwood",308,130,38,27,9,21,70,"I-C",38,115,0,0.14902,0.45098,0
44,1451,9080.60979703255,817.254881732929,"East-Central Texas Plains Post Oak Savanna and Woodland","Hardwood",57,53,5,4,8,8,84,"I-A",207,148,10,0.811765,0.580392,0.039216
44,2142,291.859993476421,26.2673994128779,"West Gulf Coastal Plain Pine-Hardwood Forest","Hardwood-Conifer",121,52,5,4,4,9,87,"I-A",100,168,0,0.392157,0.658824,0
44,2155,35319.2492105532,3178.73242894979,"Gulf and Atlantic Coastal Plain Floodplain Systems","Riparian",393,257,49,37,10,15,75,"III-A",102,119,205,0.4,0.466667,0.803922
44,2157,970.789978301153,87.3710980471037,"Gulf and Atlantic Coastal Plain Swamp Systems","Riparian",1020,-9999,685,410,40,-9999,60,"V-A",102,212,179,0.4,0.831373,0.701961
45,11,356.029992042109,32.0426992837898,"Open Water","Open Water",-9999,-9999,-9999,-9999,-9999,-9999,-9999,"-9999",0,0,255,0,0,1
45,2138,58.4699986930937,5.26229988237843,"West Gulf Coastal Plain Mesic Hardwood Forest","Hardwood",271,90,23,17,7,19,74,"I-C",181,158,143,0.709804,0.619608,0.560784
45,2140,1.99999995529652,0.179999995976686,"Ozark-Ouachita Dry Oak Woodland","Hardwood",38,89,6,5,13,5,82,"I-A",97,69,0,0.380392,0.270588,0
45,2142,44676.3190014064,4020.86871012658,"West Gulf Coastal Plain Pine-Hardwood Forest","Hardwood-Conifer",121,52,5,4,4,9,87,"I-A",100,168,0,0.392157,0.658824,0
45,2143,9043.31979786605,813.898781807944,"West Gulf Coastal Plain Sandhill Oak and Shortleaf Pine Forest and Woodland","Hardwood-Conifer",159,390,5,5,3,1,96,"I-A",209,217,0,0.819608,0.85098,0
45,2150,13978.1296875644,1258.0316718808,"West Gulf Coastal Plain Northern Calcareous Prairie","Grassland",1280,7,7,3,1,52,47,"I-A",255,0,110,1,0,0.431373
45,2155,12306.5397249274,1107.58857524347,"Gulf and Atlantic Coastal Plain Floodplain Systems","Riparian",393,257,49,37,10,15,75,"III-A",102,119,205,0.4,0.466667,0.803922
45,2156,10967.3497548606,987.061477937456,"Gulf and Atlantic Coastal Plain Small Stream Riparian Systems","Riparian",431,129,50,33,8,26,66,"I-C",171,185,235,0.670588,0.72549,0.921569
45,2157,1207.9999729991,108.719997569919,"Gulf and Atlantic Coastal Plain Swamp Systems","Riparian",1020,-9999,685,410,40,-9999,60,"V-A",102,212,179,0.4,0.831373,0.701961
46,11,447.99998998642,40.3199990987778,"Open Water","Open Water",-9999,-9999,-9999,-9999,-9999,-9999,-9999,"-9999",0,0,255,0,0,1
46,2132,759.519983023405,68.3567984721065,"Ozark-Ouachita Dry-Mesic Oak Forest","Hardwood",188,66,15,11,6,17,77,"I-B",115,115,0,0.45098,0.45098,0
46,2138,1652.1799630709,148.696196676381,"West Gulf Coastal Plain Mesic Hardwood Forest","Hardwood",271,90,23,17,7,19,74,"I-C",181,158,143,0.709804,0.619608,0.560784
46,2139,21.6799995154142,1.95119995638728,"Ozark-Ouachita Mesic Hardwood Forest","Hardwood",316,110,25,19,6,18,76,"I-C",0,135,74,0,0.529412,0.290196
46,2140,748.159983277321,67.3343984949589,"Ozark-Ouachita Dry Oak Woodland","Hardwood",38,89,6,5,13,5,82,"I-A",97,69,0,0.380392,0.270588,0
46,2141,7.99999982118607,0.719999983906746,"Ozark-Ouachita Shortleaf Pine-Oak Forest and Woodland","Conifer",347,92,5,5,1,5,94,"I-A",196,164,100,0.768627,0.643137,0.392157
46,2142,30074.119327791,2706.67073950119,"West Gulf Coastal Plain Pine-Hardwood Forest","Hardwood-Conifer",121,52,5,4,4,9,87,"I-A",100,168,0,0.392157,0.658824,0
46,2143,29177.9193478227,2626.01274130404,"West Gulf Coastal Plain Sandhill Oak and Shortleaf Pine Forest and Woodland","Hardwood-Conifer",159,390,5,5,3,1,96,"I-A",209,217,0,0.819608,0.85098,0
46,2150,1916.18995716982,172.457096145283,"West Gulf Coastal Plain Northern Calcareous Prairie","Grassland",1280,7,7,3,1,52,47,"I-A",255,0,110,1,0,0.431373
46,2151,1902.79995746911,171.25199617222,"West Gulf Coastal Plain Pine-Hardwood Flatwoods","Hardwood-Conifer",179,104,5,5,3,4,93,"I-A",99,235,97,0.388235,0.921569,0.380392
46,2153,176.999996043742,15.9299996439368,"Central Interior and Appalachian Floodplain Systems-Large Floodplains","Riparian",142,-9999,100,59,41,-9999,59,"III-A",48,237,56,0.188235,0.929412,0.219608
46,2155,11535.4097421635,1038.18687679471,"Gulf and Atlantic Coastal Plain Floodplain Systems","Riparian",393,257,49,37,10,15,75,"III-A",102,119,205,0.4,0.466667,0.803922
46,2156,11728.7897378411,1055.5910764057,"Gulf and Atlantic Coastal Plain Small Stream Riparian Systems","Riparian",431,129,50,33,8,26,66,"I-C",171,185,235,0.670588,0.72549,0.921569
46,2159,2367.18994708918,213.047095238026,"West Gulf Coastal Plain Nonriverine Wet Hardwood Flatwoods","Hardwood",308,130,38,27,9,21,70,"I-C",38,115,0,0.14902,0.45098,0
46,2160,79.219998229295,7.12979984063655,"Ozark-Ouachita Shortleaf Pine-Bluestem Woodland","Hardwood-Conifer",100,1223,2,2,2,1,97,"I-A",68,137,112,0.266667,0.537255,0.439216
47,11,12667.7297168542,1140.09567451688,"Open Water","Open Water",-9999,-9999,-9999,-9999,-9999,-9999,-9999,"-9999",0,0,255,0,0,1
47,2132,22824.9194898233,2054.2427540841,"Ozark-Ouachita Dry-Mesic Oak Forest","Hardwood",188,66,15,11,6,17,77,"I-B",115,115,0,0.45098,0.45098,0
47,2139,3486.72992206551,313.805692985896,"Ozark-Ouachita Mesic Hardwood Forest","Hardwood",316,110,25,19,6,18,76,"I-C",0,135,74,0,0.529412,0.290196
47,2140,31506.3892957773,2835.57503661996,"Ozark-Ouachita Dry Oak Woodland","Hardwood",38,89,6,5,13,5,82,"I-A",97,69,0,0.380392,0.270588,0
47,2141,6383.74985731207,574.537487158086,"Ozark-Ouachita Shortleaf Pine-Oak Forest and Woodland","Conifer",347,92,5,5,1,5,94,"I-A",196,164,100,0.768627,0.643137,0.392157
47,2142,1.99999995529652,0.179999995976686,"West Gulf Coastal Plain Pine-Hardwood Forest","Hardwood-Conifer",121,52,5,4,4,9,87,"I-A",100,168,0,0.392157,0.658824,0
47,2143,3.99999991059303,0.359999991953373,"West Gulf Coastal Plain Sandhill Oak and Shortleaf Pine Forest and Woodland","Hardwood-Conifer",159,390,5,5,3,1,96,"I-A",209,217,0,0.819608,0.85098,0
47,2153,1496.48996655084,134.684096989576,"Central Interior and Appalachian Floodplain Systems-Large Floodplains","Riparian",142,-9999,100,59,41,-9999,59,"III-A",48,237,56,0.188235,0.929412,0.219608
47,2160,14224.169682065,1280.17527138585,"Ozark-Ouachita Shortleaf Pine-Bluestem Woodland","Hardwood-Conifer",100,1223,2,2,2,1,97,"I-A",68,137,112,0.266667,0.537255,0.439216
48,11,98.9599977880716,8.90639980092645,"Open Water","Open Water",-9999,-9999,-9999,-9999,-9999,-9999,-9999,"-9999",0,0,255,0,0,1
48,2132,16600.6696289461,1494.06026660515,"Ozark-Ouachita Dry-Mesic Oak Forest","Hardwood",188,66,15,11,6,17,77,"I-B",115,115,0,0.45098,0.45098,0
48,2139,3394.19992413372,305.477993172035,"Ozark-Ouachita Mesic Hardwood Forest","Hardwood",316,110,25,19,6,18,76,"I-C",0,135,74,0,0.529412,0.290196
48,2140,8719.11980511248,784.720782460123,"Ozark-Ouachita Dry Oak Woodland","Hardwood",38,89,6,5,13,5,82,"I-A",97,69,0,0.380392,0.270588,0
48,2141,12474.3897211757,1122.69507490581,"Ozark-Ouachita Shortleaf Pine-Oak Forest and Woodland","Conifer",347,92,5,5,1,5,94,"I-A",196,164,100,0.768627,0.643137,0.392157
48,2153,277.999993786216,25.0199994407594,"Central Interior and Appalachian Floodplain Systems-Large Floodplains","Riparian",142,-9999,100,59,41,-9999,59,"III-A",48,237,56,0.188235,0.929412,0.219608
48,2160,51030.8488593716,4592.77639734345,"Ozark-Ouachita Shortleaf Pine-Bluestem Woodland","Hardwood-Conifer",100,1223,2,2,2,1,97,"I-A",68,137,112,0.266667,0.537255,0.439216
49,11,231.299994830042,20.8169995347038,"Open Water","Open Water",-9999,-9999,-9999,-9999,-9999,-9999,-9999,"-9999",0,0,255,0,0,1
49,2132,21248.0595250688,1912.3253572562,"Ozark-Ouachita Dry-Mesic Oak Forest","Hardwood",188,66,15,11,6,17,77,"I-B",115,115,0,0.45098,0.45098,0
49,2139,5197.5498838257,467.779489544313,"Ozark-Ouachita Mesic Hardwood Forest","Hardwood",316,110,25,19,6,18,76,"I-C",0,135,74,0,0.529412,0.290196
49,2140,9236.81979354098,831.313781418689,"Ozark-Ouachita Dry Oak Woodland","Hardwood",38,89,6,5,13,5,82,"I-A",97,69,0,0.380392,0.270588,0
49,2141,25497.1494300943,2294.74344870849,"Ozark-Ouachita Shortleaf Pine-Oak Forest and Woodland","Conifer",347,92,5,5,1,5,94,"I-A",196,164,100,0.768627,0.643137,0.392157
49,2153,2042.31995435059,183.808795891553,"Central Interior and Appalachian Floodplain Systems-Large Floodplains","Riparian",142,-9999,100,59,41,-9999,59,"III-A",48,237,56,0.188235,0.929412,0.219608
49,2158,16.9999996200204,1.52999996580184,"Central Interior and Appalachian Shrub-Herbaceous Wetland Systems","Riparian",17,-9999,-9999,17,100,-9999,-9999,"II-C",240,150,20,0.941176,0.588235,0.078431
49,2160,29125.9893489834,2621.33904140851,"Ozark-Ouachita Shortleaf Pine-Bluestem Woodland","Hardwood-Conifer",100,1223,2,2,2,1,97,"I-A",68,137,112,0.266667,0.537255,0.439216
50,11,264.009994098917,23.7608994689025,"Open Water","Open Water",-9999,-9999,-9999,-9999,-9999,-9999,-9999,"-9999",0,0,255,0,0,1
50,2132,18693.0595821775,1682.37536239598,"Ozark-Ouachita Dry-Mesic Oak Forest","Hardwood",188,66,15,11,6,17,77,"I-B",115,115,0,0.45098,0.45098,0
50,2139,2639.07994101197,237.517194691077,"Ozark-Ouachita Mesic Hardwood Forest","Hardwood",316,110,25,19,6,18,76,"I-C",0,135,74,0,0.529412,0.290196
50,2140,25068.2594396807,2256.14334957127,"Ozark-Ouachita Dry Oak Woodland","Hardwood",38,89,6,5,13,5,82,"I-A",97,69,0,0.380392,0.270588,0
50,2141,10150.529773118,913.547679580618,"Ozark-Ouachita Shortleaf Pine-Oak Forest and Woodland","Conifer",347,92,5,5,1,5,94,"I-A",196,164,100,0.768627,0.643137,0.392157
50,2153,8289.51981471479,746.056783324331,"Central Interior and Appalachian Floodplain Systems-Large Floodplains","Riparian",142,-9999,100,59,41,-9999,59,"III-A",48,237,56,0.188235,0.929412,0.219608
50,2158,80.9999981895089,7.2899998370558,"Central Interior and Appalachian Shrub-Herbaceous Wetland Systems","Riparian",17,-9999,-9999,17,100,-9999,-9999,"II-C",240,150,20,0.941176,0.588235,0.078431
50,2160,27410.7193873227,2466.96474485904,"Ozark-Ouachita Shortleaf Pine-Bluestem Woodland","Hardwood-Conifer",100,1223,2,2,2,1,97,"I-A",68,137,112,0.266667,0.537255,0.439216
51,11,345.999992266297,31.1399993039668,"Open Water","Open Water",-9999,-9999,-9999,-9999,-9999,-9999,-9999,"-9999",0,0,255,0,0,1
51,2132,25221.3694362585,2269.92324926326,"Ozark-Ouachita Dry-Mesic Oak Forest","Hardwood",188,66,15,11,6,17,77,"I-B",115,115,0,0.45098,0.45098,0
51,2139,3709.06991709583,333.816292538624,"Ozark-Ouachita Mesic Hardwood Forest","Hardwood",316,110,25,19,6,18,76,"I-C",0,135,74,0,0.529412,0.290196
51,2140,10142.2797733024,912.805179597214,"Ozark-Ouachita Dry Oak Woodland","Hardwood",38,89,6,5,13,5,82,"I-A",97,69,0,0.380392,0.270588,0
51,2141,28026.6893735547,2522.40204361992,"Ozark-Ouachita Shortleaf Pine-Oak Forest and Woodland","Conifer",347,92,5,5,1,5,94,"I-A",196,164,100,0.768627,0.643137,0.392157
51,2153,363.399991877377,32.7059992689639,"Central Interior and Appalachian Floodplain Systems-Large Floodplains","Riparian",142,-9999,100,59,41,-9999,59,"III-A",48,237,56,0.188235,0.929412,0.219608
51,2158,7.99999982118607,0.719999983906746,"Central Interior and Appalachian Shrub-Herbaceous Wetland Systems","Riparian",17,-9999,-9999,17,100,-9999,-9999,"II-C",240,150,20,0.941176,0.588235,0.078431
51,2160,24779.3894461375,2230.14505015237,"Ozark-Ouachita Shortleaf Pine-Bluestem Woodland","Hardwood-Conifer",100,1223,2,2,2,1,97,"I-A",68,137,112,0.266667,0.537255,0.439216
52,11,22146.3095049914,1993.16785544923,"Open Water","Open Water",-9999,-9999,-9999,-9999,-9999,-9999,-9999,"-9999",0,0,255,0,0,1
52,31,3.99999991059303,0.359999991953373,"Barren-Rock/Sand/Clay","Barren-Rock/Sand/Clay",-9999,-9999,-9999,-9999,-9999,-9999,-9999,"-9999",191,191,191,0.74902,0.74902,0.74902
52,2132,9264.67979291826,833.821181362644,"Ozark-Ouachita Dry-Mesic Oak Forest","Hardwood",188,66,15,11,6,17,77,"I-B",115,115,0,0.45098,0.45098,0
52,2139,644.379985596985,57.9941987037286,"Ozark-Ouachita Mesic Hardwood Forest","Hardwood",316,110,25,19,6,18,76,"I-C",0,135,74,0,0.529412,0.290196
52,2140,12930.9297109712,1163.78367398741,"Ozark-Ouachita Dry Oak Woodland","Hardwood",38,89,6,5,13,5,82,"I-A",97,69,0,0.380392,0.270588,0
52,2141,4618.4498967696,415.660490709264,"Ozark-Ouachita Shortleaf Pine-Oak Forest and Woodland","Conifer",347,92,5,5,1,5,94,"I-A",196,164,100,0.768627,0.643137,0.392157
52,2146,3602.16991948523,324.19529275367,"Arkansas Valley Prairie and Woodland-Prairie","Grassland",2,344,12,2,82,1,17,"II-A",255,120,187,1,0.470588,0.733333
52,2147,7386.32983490266,664.769685141239,"Arkansas Valley Prairie and Woodland-Woodland","Grassland",96,14,2,2,3,14,83,"I-A",204,138,179,0.8,0.541176,0.701961
52,2153,18558.7195851803,1670.28476266623,"Central Interior and Appalachian Floodplain Systems-Large Floodplains","Riparian",142,-9999,100,59,41,-9999,59,"III-A",48,237,56,0.188235,0.929412,0.219608
52,2158,187.089995818213,16.8380996236391,"Central Interior and Appalachian Shrub-Herbaceous Wetland Systems","Riparian",17,-9999,-9999,17,100,-9999,-9999,"II-C",240,150,20,0.941176,0.588235,0.078431
52,2160,13253.1297037695,1192.78167333925,"Ozark-Ouachita Shortleaf Pine-Bluestem Woodland","Hardwood-Conifer",100,1223,2,2,2,1,97,"I-A",68,137,112,0.266667,0.537255,0.439216
53,11,2974.5599335134,267.710394016206,"Open Water","Open Water",-9999,-9999,-9999,-9999,-9999,-9999,-9999,"-9999",0,0,255,0,0,1
53,1435,348.049992220476,31.3244992998429,"West Gulf Coastal Plain Mesic Hardwood Forest","Hardwood",271,90,23,17,7,19,74,"I-C",181,158,143,0.709804,0.619608,0.560784
53,1438,2739.4599387683,246.551394489147,"West Gulf Coastal Plain Pine-Hardwood Forest","Hardwood-Conifer",121,64,5,4,4,7,89,"I-A",100,168,0,0.392157,0.658824,0
53,1445,4751.54989379458,427.639490441512,"West Gulf Coastal Plain Pine-Hardwood Flatwoods","Hardwood-Conifer",179,104,5,5,3,4,93,"I-A",99,235,97,0.388235,0.921569,0.380392
53,1446,56635.3787341006,5097.18408606905,"Gulf and Atlantic Coastal Plain Floodplain Systems","Riparian",393,257,49,37,10,15,75,"III-A",102,119,205,0.4,0.466667,0.803922
53,1447,3082.9499310907,277.465493798163,"Gulf and Atlantic Coastal Plain Small Stream Riparian Systems","Riparian",431,129,50,33,8,26,66,"I-C",171,185,235,0.670588,0.72549,0.921569
53,1448,148.99999666959,13.4099997002631,"Gulf and Atlantic Coastal Plain Swamp Systems","Riparian",1020,-9999,685,410,40,-9999,60,"V-A",102,212,179,0.4,0.831373,0.701961
53,1450,6404.30985685252,576.387887116726,"West Gulf Coastal Plain Nonriverine Wet Hardwood Flatwoods","Hardwood",308,130,38,27,9,21,70,"I-C",38,115,0,0.14902,0.45098,0
53,1451,13184.7797052972,1186.63017347675,"East-Central Texas Plains Post Oak Savanna and Woodland","Hardwood",57,53,5,4,8,8,84,"I-A",207,148,10,0.811765,0.580392,0.039216
53,2155,2249.80994971283,202.482895474155,"Gulf and Atlantic Coastal Plain Floodplain Systems","Riparian",393,257,49,37,10,15,75,"III-A",102,119,205,0.4,0.466667,0.803922
53,2157,76.339998293668,6.87059984643012,"Gulf and Atlantic Coastal Plain Swamp Systems","Riparian",1020,-9999,685,410,40,-9999,60,"V-A",102,212,179,0.4,0.831373,0.701961
54,11,196.399995610118,17.6759996049106,"Open Water","Open Water",-9999,-9999,-9999,-9999,-9999,-9999,-9999,"-9999",0,0,255,0,0,1
54,2138,96.7999978363514,8.71199980527163,"West Gulf Coastal Plain Mesic Hardwood Forest","Hardwood",271,90,23,17,7,19,74,"I-C",181,158,143,0.709804,0.619608,0.560784
54,2140,16.9999996200204,1.52999996580184,"Ozark-Ouachita Dry Oak Woodland","Hardwood",38,89,6,5,13,5,82,"I-A",97,69,0,0.380392,0.270588,0
54,2142,46512.0989603736,4186.08890643362,"West Gulf Coastal Plain Pine-Hardwood Forest","Hardwood-Conifer",121,52,5,4,4,9,87,"I-A",100,168,0,0.392157,0.658824,0
54,2143,9738.88978231885,876.500080408696,"West Gulf Coastal Plain Sandhill Oak and Shortleaf Pine Forest and Woodland","Hardwood-Conifer",159,390,5,5,3,1,96,"I-A",209,217,0,0.819608,0.85098,0
54,2150,799.149982137606,71.9234983923845,"West Gulf Coastal Plain Northern Calcareous Prairie","Grassland",1280,7,7,3,1,52,47,"I-A",255,0,110,1,0,0.431373
54,2151,95.9999978542328,8.63999980688095,"West Gulf Coastal Plain Pine-Hardwood Flatwoods","Hardwood-Conifer",179,104,5,5,3,4,93,"I-A",99,235,97,0.388235,0.921569,0.380392
54,2155,21880.5395109318,1969.24855598386,"Gulf and Atlantic Coastal Plain Floodplain Systems","Riparian",393,257,49,37,10,15,75,"III-A",102,119,205,0.4,0.466667,0.803922
54,2156,9610.79978518188,864.971980666369,"Gulf and Atlantic Coastal Plain Small Stream Riparian Systems","Riparian",431,129,50,33,8,26,66,"I-C",171,185,235,0.670588,0.72549,0.921569
54,2157,3648.51991844922,328.36679266043,"Gulf and Atlantic Coastal Plain Swamp Systems","Riparian",1020,-9999,685,410,40,-9999,60,"V-A",102,212,179,0.4,0.831373,0.701961
55,11,1082.19997581095,97.397997822985,"Open Water","Open Water",-9999,-9999,-9999,-9999,-9999,-9999,-9999,"-9999",0,0,255,0,0,1
55,2138,1355.65996969864,122.009397272877,"West Gulf Coastal Plain Mesic Hardwood Forest","Hardwood",271,90,23,17,7,19,74,"I-C",181,158,143,0.709804,0.619608,0.560784
55,2142,34582.2092270274,3112.39883043246,"West Gulf Coastal Plain Pine-Hardwood Forest","Hardwood-Conifer",121,52,5,4,4,9,87,"I-A",100,168,0,0.392157,0.658824,0
55,2143,8472.77981061861,762.550182955675,"West Gulf Coastal Plain Sandhill Oak and Shortleaf Pine Forest and Woodland","Hardwood-Conifer",159,390,5,5,3,1,96,"I-A",209,217,0,0.819608,0.85098,0
55,2150,10393.6797676831,935.431179091483,"West Gulf Coastal Plain Northern Calcareous Prairie","Grassland",1280,7,7,3,1,52,47,"I-A",255,0,110,1,0,0.431373
55,2151,3077.99993120134,277.01999380812,"West Gulf Coastal Plain Pine-Hardwood Flatwoods","Hardwood-Conifer",179,104,5,5,3,4,93,"I-A",99,235,97,0.388235,0.921569,0.380392
55,2155,20830.8295343947,1874.77465809552,"Gulf and Atlantic Coastal Plain Floodplain Systems","Riparian",393,257,49,37,10,15,75,"III-A",102,119,205,0.4,0.466667,0.803922
55,2156,10339.6297688913,930.566679200213,"Gulf and Atlantic Coastal Plain Small Stream Riparian Systems","Riparian",431,129,50,33,8,26,66,"I-C",171,185,235,0.670588,0.72549,0.921569
55,2159,2461.19994498789,221.50799504891,"West Gulf Coastal Plain Nonriverine Wet Hardwood Flatwoods","Hardwood",308,130,38,27,9,21,70,"I-C",38,115,0,0.14902,0.45098,0
56,11,1191.76997336186,107.259297602568,"Open Water","Open Water",-9999,-9999,-9999,-9999,-9999,-9999,-9999,"-9999",0,0,255,0,0,1
56,2132,17428.6896104384,1568.58206493946,"Ozark-Ouachita Dry-Mesic Oak Forest","Hardwood",188,66,15,11,6,17,77,"I-B",115,115,0,0.45098,0.45098,0
56,2138,2964.34993374161,266.791494036745,"West Gulf Coastal Plain Mesic Hardwood Forest","Hardwood",271,90,23,17,7,19,74,"I-C",181,158,143,0.709804,0.619608,0.560784
56,2139,3651.70991837792,328.653892654013,"Ozark-Ouachita Mesic Hardwood Forest","Hardwood",316,110,25,19,6,18,76,"I-C",0,135,74,0,0.529412,0.290196
56,2140,17098.8996178098,1538.90096560288,"Ozark-Ouachita Dry Oak Woodland","Hardwood",38,89,6,5,13,5,82,"I-A",97,69,0,0.380392,0.270588,0
56,2141,5215.82988341711,469.42468950754,"Ozark-Ouachita Shortleaf Pine-Oak Forest and Woodland","Conifer",347,92,5,5,1,5,94,"I-A",196,164,100,0.768627,0.643137,0.392157
56,2142,12407.7897226643,1116.70107503979,"West Gulf Coastal Plain Pine-Hardwood Forest","Hardwood-Conifer",121,52,5,4,4,9,87,"I-A",100,168,0,0.392157,0.658824,0
56,2151,6287.74985945784,565.897487351205,"West Gulf Coastal Plain Pine-Hardwood Flatwoods","Hardwood-Conifer",179,104,5,5,3,4,93,"I-A",99,235,97,0.388235,0.921569,0.380392
56,2153,980.159978091717,88.2143980282545,"Central Interior and Appalachian Floodplain Systems-Large Floodplains","Riparian",142,-9999,100,59,41,-9999,59,"III-A",48,237,56,0.188235,0.929412,0.219608
56,2155,4.99999988824129,0.449999989941716,"Gulf and Atlantic Coastal Plain Floodplain Systems","Riparian",393,257,49,37,10,15,75,"III-A",102,119,205,0.4,0.466667,0.803922
56,2156,254.059994321316,22.8653994889185,"Gulf and Atlantic Coastal Plain Small Stream Riparian Systems","Riparian",431,129,50,33,8,26,66,"I-C",171,185,235,0.670588,0.72549,0.921569
56,2159,11880.8997344412,1069.28097609971,"West Gulf Coastal Plain Nonriverine Wet Hardwood Flatwoods","Hardwood",308,130,38,27,9,21,70,"I-C",38,115,0,0.14902,0.45098,0
56,2160,13229.259704303,1190.63337338727,"Ozark-Ouachita Shortleaf Pine-Bluestem Woodland","Hardwood-Conifer",100,1223,2,2,2,1,97,"I-A",68,137,112,0.266667,0.537255,0.439216
57,11,19643.9195609242,1767.95276048318,"Open Water","Open Water",-9999,-9999,-9999,-9999,-9999,-9999,-9999,"-9999",0,0,255,0,0,1
57,2132,28708.5193583146,2583.76674224831,"Ozark-Ouachita Dry-Mesic Oak Forest","Hardwood",188,66,15,11,6,17,77,"I-B",115,115,0,0.45098,0.45098,0
57,2138,7.99999982118607,0.719999983906746,"West Gulf Coastal Plain Mesic Hardwood Forest","Hardwood",271,90,23,17,7,19,74,"I-C",181,158,143,0.709804,0.619608,0.560784
57,2139,5939.27986724675,534.535188052207,"Ozark-Ouachita Mesic Hardwood Forest","Hardwood",316,110,25,19,6,18,76,"I-C",0,135,74,0,0.529412,0.290196
57,2140,16234.4496371318,1461.10046734186,"Ozark-Ouachita Dry Oak Woodland","Hardwood",38,89,6,5,13,5,82,"I-A",97,69,0,0.380392,0.270588,0
57,2141,8456.41981098428,761.077782988586,"Ozark-Ouachita Shortleaf Pine-Oak Forest and Woodland","Conifer",347,92,5,5,1,5,94,"I-A",196,164,100,0.768627,0.643137,0.392157
57,2142,22.9999994859099,2.06999995373189,"West Gulf Coastal Plain Pine-Hardwood Forest","Hardwood-Conifer",121,52,5,4,4,9,87,"I-A",100,168,0,0.392157,0.658824,0
57,2153,1173.58997376822,105.62309763914,"Central Interior and Appalachian Floodplain Systems-Large Floodplains","Riparian",142,-9999,100,59,41,-9999,59,"III-A",48,237,56,0.188235,0.929412,0.219608
57,2160,12408.9997226372,1116.80997503735,"Ozark-Ouachita Shortleaf Pine-Bluestem Woodland","Hardwood-Conifer",100,1223,2,2,2,1,97,"I-A",68,137,112,0.266667,0.537255,0.439216
58,11,1357.09996966645,122.138997269981,"Open Water","Open Water",-9999,-9999,-9999,-9999,-9999,-9999,-9999,"-9999",0,0,255,0,0,1
58,31,7.99999982118607,0.719999983906746,"Barren-Rock/Sand/Clay","Barren-Rock/Sand/Clay",-9999,-9999,-9999,-9999,-9999,-9999,-9999,"-9999",191,191,191,0.74902,0.74902,0.74902
58,2132,20704.3195372224,1863.38875835001,"Ozark-Ouachita Dry-Mesic Oak Forest","Hardwood",188,66,15,11,6,17,77,"I-B",115,115,0,0.45098,0.45098,0
58,2139,4352.98990270309,391.769091243278,"Ozark-Ouachita Mesic Hardwood Forest","Hardwood",316,110,25,19,6,18,76,"I-C",0,135,74,0,0.529412,0.290196
58,2140,13461.1796991192,1211.50617292073,"Ozark-Ouachita Dry Oak Woodland","Hardwood",38,89,6,5,13,5,82,"I-A",97,69,0,0.380392,0.270588,0
58,2141,23676.5494707879,2130.88945237091,"Ozark-Ouachita Shortleaf Pine-Oak Forest and Woodland","Conifer",347,92,5,5,1,5,94,"I-A",196,164,100,0.768627,0.643137,0.392157
58,2153,527.99998819828,47.5199989378452,"Central Interior and Appalachian Floodplain Systems-Large Floodplains","Riparian",142,-9999,100,59,41,-9999,59,"III-A",48,237,56,0.188235,0.929412,0.219608
58,2160,28508.0393627957,2565.72354265161,"Ozark-Ouachita Shortleaf Pine-Bluestem Woodland","Hardwood-Conifer",100,1223,2,2,2,1,97,"I-A",68,137,112,0.266667,0.537255,0.439216
59,11,307.29999313131,27.6569993818179,"Open Water","Open Water",-9999,-9999,-9999,-9999,-9999,-9999,-9999,"-9999",0,0,255,0,0,1
59,2132,18958.4495762456,1706.26046186211,"Ozark-Ouachita Dry-Mesic Oak Forest","Hardwood",188,66,15,11,6,17,77,"I-B",115,115,0,0.45098,0.45098,0
59,2139,5579.68987528421,502.172088775579,"Ozark-Ouachita Mesic Hardwood Forest","Hardwood",316,110,25,19,6,18,76,"I-C",0,135,74,0,0.529412,0.290196
59,2140,11127.2897512857,1001.45607761571,"Ozark-Ouachita Dry Oak Woodland","Hardwood",38,89,6,5,13,5,82,"I-A",97,69,0,0.380392,0.270588,0
59,2141,26904.4193986394,2421.39774587754,"Ozark-Ouachita Shortleaf Pine-Oak Forest and Woodland","Conifer",347,92,5,5,1,5,94,"I-A",196,164,100,0.768627,0.643137,0.392157
59,2153,3509.18992156349,315.827092940714,"Central Interior and Appalachian Floodplain Systems-Large Floodplains","Riparian",142,-9999,100,59,41,-9999,59,"III-A",48,237,56,0.188235,0.929412,0.219608
59,2158,24.9999994412065,2.24999994970858,"Central Interior and Appalachian Shrub-Herbaceous Wetland Systems","Riparian",17,-9999,-9999,17,100,-9999,-9999,"II-C",240,150,20,0.941176,0.588235,0.078431
59,2160,26184.8294147234,2356.63464732511,"Ozark-Ouachita Shortleaf Pine-Bluestem Woodland","Hardwood-Conifer",100,1223,2,2,2,1,97,"I-A",68,137,112,0.266667,0.537255,0.439216
60,2132,27235.7893912327,2451.22104521094,"Ozark-Ouachita Dry-Mesic Oak Forest","Hardwood",188,66,15,11,6,17,77,"I-B",115,115,0,0.45098,0.45098,0
60,2136,181.999995931983,16.3799996338785,"Ouachita Montane Oak Forest","Hardwood",38,89,6,5,13,6,81,"I-A",0,38,115,0,0.14902,0.45098
60,2139,5454.28987808712,490.886089027841,"Ozark-Ouachita Mesic Hardwood Forest","Hardwood",316,110,25,19,6,18,76,"I-C",0,135,74,0,0.529412,0.290196
60,2140,15663.7196498886,1409.73476848997,"Ozark-Ouachita Dry Oak Woodland","Hardwood",38,89,6,5,13,5,82,"I-A",97,69,0,0.380392,0.270588,0
60,2141,20422.2795435265,1838.00515891738,"Ozark-Ouachita Shortleaf Pine-Oak Forest and Woodland","Conifer",347,92,5,5,1,5,94,"I-A",196,164,100,0.768627,0.643137,0.392157
60,2153,41.3799990750849,3.72419991675764,"Central Interior and Appalachian Floodplain Systems-Large Floodplains","Riparian",142,-9999,100,59,41,-9999,59,"III-A",48,237,56,0.188235,0.929412,0.219608
60,2158,4.99999988824129,0.449999989941716,"Central Interior and Appalachian Shrub-Herbaceous Wetland Systems","Riparian",17,-9999,-9999,17,100,-9999,-9999,"II-C",240,150,20,0.941176,0.588235,0.078431
60,2160,23591.7094726842,2123.25385254158,"Ozark-Ouachita Shortleaf Pine-Bluestem Woodland","Hardwood-Conifer",100,1223,2,2,2,1,97,"I-A",68,137,112,0.266667,0.537255,0.439216
61,11,1669.7399626784,150.276596641056,"Open Water","Open Water",-9999,-9999,-9999,-9999,-9999,-9999,-9999,"-9999",0,0,255,0,0,1
61,2132,14933.3696662132,1344.00326995919,"Ozark-Ouachita Dry-Mesic Oak Forest","Hardwood",188,66,15,11,6,17,77,"I-B",115,115,0,0.45098,0.45098,0
61,2139,914.659979555756,82.319398160018,"Ozark-Ouachita Mesic Hardwood Forest","Hardwood",316,110,25,19,6,18,76,"I-C",0,135,74,0,0.529412,0.290196
61,2140,13690.6896939892,1232.16207245903,"Ozark-Ouachita Dry Oak Woodland","Hardwood",38,89,6,5,13,5,82,"I-A",97,69,0,0.380392,0.270588,0
61,2141,9472.3397882767,852.510580944903,"Ozark-Ouachita Shortleaf Pine-Oak Forest and Woodland","Conifer",347,92,5,5,1,5,94,"I-A",196,164,100,0.768627,0.643137,0.392157
61,2146,2135.61995226517,192.205795703866,"Arkansas Valley Prairie and Woodland-Prairie","Grassland",2,344,12,2,82,1,17,"II-A",255,120,187,1,0.470588,0.733333
61,2147,5175.76988431253,465.819289588127,"Arkansas Valley Prairie and Woodland-Woodland","Grassland",96,14,2,2,3,14,83,"I-A",204,138,179,0.8,0.541176,0.701961
61,2153,26462.5494085159,2381.62944676643,"Central Interior and Appalachian Floodplain Systems-Large Floodplains","Riparian",142,-9999,100,59,41,-9999,59,"III-A",48,237,56,0.188235,0.929412,0.219608
61,2158,66.8099985066801,6.01289986560121,"Central Interior and Appalachian Shrub-Herbaceous Wetland Systems","Riparian",17,-9999,-9999,17,100,-9999,-9999,"II-C",240,150,20,0.941176,0.588235,0.078431
61,2160,18074.6295960005,1626.71666364005,"Ozark-Ouachita Shortleaf Pine-Bluestem Woodland","Hardwood-Conifer",100,1223,2,2,2,1,97,"I-A",68,137,112,0.266667,0.537255,0.439216
62,11,5827.89986973628,524.510988276266,"Open Water","Open Water",-9999,-9999,-9999,-9999,-9999,-9999,-9999,"-9999",0,0,255,0,0,1
62,31,4.99999988824129,0.449999989941716,"Barren-Rock/Sand/Clay","Barren-Rock/Sand/Clay",-9999,-9999,-9999,-9999,-9999,-9999,-9999,"-9999",191,191,191,0.74902,0.74902,0.74902
62,1446,4367.13990238681,393.042591214813,"Gulf and Atlantic Coastal Plain Floodplain Systems","Riparian",393,257,49,37,10,15,75,"III-A",102,119,205,0.4,0.466667,0.803922
62,2138,1.99999995529652,0.179999995976686,"West Gulf Coastal Plain Mesic Hardwood Forest","Hardwood",271,90,23,17,7,19,74,"I-C",181,158,143,0.709804,0.619608,0.560784
62,2142,3489.88992199488,314.090092979539,"West Gulf Coastal Plain Pine-Hardwood Forest","Hardwood-Conifer",121,52,5,4,4,9,87,"I-A",100,168,0,0.392157,0.658824,0
62,2143,81.9899981673807,7.37909983506426,"West Gulf Coastal Plain Sandhill Oak and Shortleaf Pine Forest and Woodland","Hardwood-Conifer",159,390,5,5,3,1,96,"I-A",209,217,0,0.819608,0.85098,0
62,2150,355.299992058426,31.9769992852584,"West Gulf Coastal Plain Northern Calcareous Prairie","Grassland",1280,7,7,3,1,52,47,"I-A",255,0,110,1,0,0.431373
62,2151,619.789986146614,55.7810987531953,"West Gulf Coastal Plain Pine-Hardwood Flatwoods","Hardwood-Conifer",179,104,5,5,3,4,93,"I-A",99,235,97,0.388235,0.921569,0.380392
62,2155,63954.9485704955,5755.94537134459,"Gulf and Atlantic Coastal Plain Floodplain Systems","Riparian",393,257,49,37,10,15,75,"III-A",102,119,205,0.4,0.466667,0.803922
62,2156,710.759984113276,63.9683985701948,"Gulf and Atlantic Coastal Plain Small Stream Riparian Systems","Riparian",431,129,50,33,8,26,66,"I-C",171,185,235,0.670588,0.72549,0.921569
62,2157,13177.449705461,1185.97047349149,"Gulf and Atlantic Coastal Plain Swamp Systems","Riparian",1020,-9999,685,410,40,-9999,60,"V-A",102,212,179,0.4,0.831373,0.701961
62,2159,4.00999991036952,0.360899991933256,"West Gulf Coastal Plain Nonriverine Wet Hardwood Flatwoods","Hardwood",308,130,38,27,9,21,70,"I-C",38,115,0,0.14902,0.45098,0
63,11,218.999995104969,19.7099995594472,"Open Water","Open Water",-9999,-9999,-9999,-9999,-9999,-9999,-9999,"-9999",0,0,255,0,0,1
63,2138,21.9999995082617,1.97999995574355,"West Gulf Coastal Plain Mesic Hardwood Forest","Hardwood",271,90,23,17,7,19,74,"I-C",181,158,143,0.709804,0.619608,0.560784
63,2140,0.999999977648258,0.0899999979883432,"Ozark-Ouachita Dry Oak Woodland","Hardwood",38,89,6,5,13,5,82,"I-A",97,69,0,0.380392,0.270588,0
63,2142,56432.4987386353,5078.92488647718,"West Gulf Coastal Plain Pine-Hardwood Forest","Hardwood-Conifer",121,52,5,4,4,9,87,"I-A",100,168,0,0.392157,0.658824,0
63,2143,5763.98987116478,518.759088404831,"West Gulf Coastal Plain Sandhill Oak and Shortleaf Pine Forest and Woodland","Hardwood-Conifer",159,390,5,5,3,1,96,"I-A",209,217,0,0.819608,0.85098,0
63,2150,3809.53991485015,342.858592336513,"West Gulf Coastal Plain Northern Calcareous Prairie","Grassland",1280,7,7,3,1,52,47,"I-A",255,0,110,1,0,0.431373
63,2155,15721.3396486007,1414.92056837406,"Gulf and Atlantic Coastal Plain Floodplain Systems","Riparian",393,257,49,37,10,15,75,"III-A",102,119,205,0.4,0.466667,0.803922
63,2156,9282.06979252957,835.386281327661,"Gulf and Atlantic Coastal Plain Small Stream Riparian Systems","Riparian",431,129,50,33,8,26,66,"I-C",171,185,235,0.670588,0.72549,0.921569
63,2157,1344.73996994272,121.026597294845,"Gulf and Atlantic Coastal Plain Swamp Systems","Riparian",1020,-9999,685,410,40,-9999,60,"V-A",102,212,179,0.4,0.831373,0.701961
64,11,1283.78997130506,115.541097417455,"Open Water","Open Water",-9999,-9999,-9999,-9999,-9999,-9999,-9999,"-9999",0,0,255,0,0,1
64,2132,651.12998544611,58.6016986901499,"Ozark-Ouachita Dry-Mesic Oak Forest","Hardwood",188,66,15,11,6,17,77,"I-B",115,115,0,0.45098,0.45098,0
64,2138,1671.16996264644,150.40529663818,"West Gulf Coastal Plain Mesic Hardwood Forest","Hardwood",271,90,23,17,7,19,74,"I-C",181,158,143,0.709804,0.619608,0.560784
64,2140,452.369989888743,40.7132990899868,"Ozark-Ouachita Dry Oak Woodland","Hardwood",38,89,6,5,13,5,82,"I-A",97,69,0,0.380392,0.270588,0
64,2141,47.9999989271164,4.31999990344048,"Ozark-Ouachita Shortleaf Pine-Oak Forest and Woodland","Conifer",347,92,5,5,1,5,94,"I-A",196,164,100,0.768627,0.643137,0.392157
64,2142,26325.2994115837,2369.27694704253,"West Gulf Coastal Plain Pine-Hardwood Forest","Hardwood-Conifer",121,52,5,4,4,9,87,"I-A",100,168,0,0.392157,0.658824,0
64,2143,36668.1191804036,3300.13072623633,"West Gulf Coastal Plain Sandhill Oak and Shortleaf Pine Forest and Woodland","Hardwood-Conifer",159,390,5,5,3,1,96,"I-A",209,217,0,0.819608,0.85098,0
64,2150,1143.09997444972,102.878997700475,"West Gulf Coastal Plain Northern Calcareous Prairie","Grassland",1280,7,7,3,1,52,47,"I-A",255,0,110,1,0,0.431373
64,2151,1279.72997139581,115.175697425622,"West Gulf Coastal Plain Pine-Hardwood Flatwoods","Hardwood-Conifer",179,104,5,5,3,4,93,"I-A",99,235,97,0.388235,0.921569,0.380392
64,2153,162.999996356666,14.6699996720999,"Central Interior and Appalachian Floodplain Systems-Large Floodplains","Riparian",142,-9999,100,59,41,-9999,59,"III-A",48,237,56,0.188235,0.929412,0.219608
64,2155,6891.83984595537,620.265586135983,"Gulf and Atlantic Coastal Plain Floodplain Systems","Riparian",393,257,49,37,10,15,75,"III-A",102,119,205,0.4,0.466667,0.803922
64,2156,11331.5697467197,1019.84127720477,"Gulf and Atlantic Coastal Plain Small Stream Riparian Systems","Riparian",431,129,50,33,8,26,66,"I-C",171,185,235,0.670588,0.72549,0.921569
64,2157,131.039997071028,11.7935997363925,"Gulf and Atlantic Coastal Plain Swamp Systems","Riparian",1020,-9999,685,410,40,-9999,60,"V-A",102,212,179,0.4,0.831373,0.701961
64,2158,18.9999995753169,1.70999996177852,"Central Interior and Appalachian Shrub-Herbaceous Wetland Systems","Riparian",17,-9999,-9999,17,100,-9999,-9999,"II-C",240,150,20,0.941176,0.588235,0.078431
64,2159,3902.64991276897,351.238492149208,"West Gulf Coastal Plain Nonriverine Wet Hardwood Flatwoods","Hardwood",308,130,38,27,9,21,70,"I-C",38,115,0,0.14902,0.45098,0
64,2160,634.359985820949,57.0923987238854,"Ozark-Ouachita Shortleaf Pine-Bluestem Woodland","Hardwood-Conifer",100,1223,2,2,2,1,97,"I-A",68,137,112,0.266667,0.537255,0.439216
65,11,27437.3393867277,2469.36054480549,"Open Water","Open Water",-9999,-9999,-9999,-9999,-9999,-9999,-9999,"-9999",0,0,255,0,0,1
65,2132,21765.3795135058,1958.88415621553,"Ozark-Ouachita Dry-Mesic Oak Forest","Hardwood",188,66,15,11,6,17,77,"I-B",115,115,0,0.45098,0.45098,0
65,2138,4.99999988824129,0.449999989941716,"West Gulf Coastal Plain Mesic Hardwood Forest","Hardwood",271,90,23,17,7,19,74,"I-C",181,158,143,0.709804,0.619608,0.560784
65,2139,5011.42988798581,451.028689918723,"Ozark-Ouachita Mesic Hardwood Forest","Hardwood",316,110,25,19,6,18,76,"I-C",0,135,74,0,0.529412,0.290196
65,2140,19195.7695709411,1727.6192613847,"Ozark-Ouachita Dry Oak Woodland","Hardwood",38,89,6,5,13,5,82,"I-A",97,69,0,0.380392,0.270588,0
65,2141,6618.27985206991,595.645186686292,"Ozark-Ouachita Shortleaf Pine-Oak Forest and Woodland","Conifer",347,92,5,5,1,5,94,"I-A",196,164,100,0.768627,0.643137,0.392157
65,2142,10.9999997541308,0.989999977871776,"West Gulf Coastal Plain Pine-Hardwood Forest","Hardwood-Conifer",121,52,5,4,4,9,87,"I-A",100,168,0,0.392157,0.658824,0
65,2151,1.99999995529652,0.179999995976686,"West Gulf Coastal Plain Pine-Hardwood Flatwoods","Hardwood-Conifer",179,104,5,5,3,4,93,"I-A",99,235,97,0.388235,0.921569,0.380392
65,2153,960.979978520423,86.4881980668381,"Central Interior and Appalachian Floodplain Systems-Large Floodplains","Riparian",142,-9999,100,59,41,-9999,59,"III-A",48,237,56,0.188235,0.929412,0.219608
65,2160,11589.0097409654,1043.01087668689,"Ozark-Ouachita Shortleaf Pine-Bluestem Woodland","Hardwood-Conifer",100,1223,2,2,2,1,97,"I-A",68,137,112,0.266667,0.537255,0.439216
66,11,2718.75993923098,244.688394530788,"Open Water","Open Water",-9999,-9999,-9999,-9999,-9999,-9999,-9999,"-9999",0,0,255,0,0,1
66,2132,26508.6894074846,2385.78204667361,"Ozark-Ouachita Dry-Mesic Oak Forest","Hardwood",188,66,15,11,6,17,77,"I-B",115,115,0,0.45098,0.45098,0
66,2139,7688.69982814416,691.982984532975,"Ozark-Ouachita Mesic Hardwood Forest","Hardwood",316,110,25,19,6,18,76,"I-C",0,135,74,0,0.529412,0.290196
66,2140,18375.569589274,1653.80126303466,"Ozark-Ouachita Dry Oak Woodland","Hardwood",38,89,6,5,13,5,82,"I-A",97,69,0,0.380392,0.270588,0
66,2141,15310.8096577767,1377.97286919991,"Ozark-Ouachita Shortleaf Pine-Oak Forest and Woodland","Conifer",347,92,5,5,1,5,94,"I-A",196,164,100,0.768627,0.643137,0.392157
66,2153,233.179994788021,20.9861995309219,"Central Interior and Appalachian Floodplain Systems-Large Floodplains","Riparian",142,-9999,100,59,41,-9999,59,"III-A",48,237,56,0.188235,0.929412,0.219608
66,2160,21760.4695136156,1958.4422562254,"Ozark-Ouachita Shortleaf Pine-Bluestem Woodland","Hardwood-Conifer",100,1223,2,2,2,1,97,"I-A",68,137,112,0.266667,0.537255,0.439216
67,11,1182.28997357376,106.406097621638,"Open Water","Open Water",-9999,-9999,-9999,-9999,-9999,-9999,-9999,"-9999",0,0,255,0,0,1
67,2132,17652.0296054464,1588.68266449017,"Ozark-Ouachita Dry-Mesic Oak Forest","Hardwood",188,66,15,11,6,17,77,"I-B",115,115,0,0.45098,0.45098,0
67,2139,216.909995151684,19.5218995636515,"Ozark-Ouachita Mesic Hardwood Forest","Hardwood",316,110,25,19,6,18,76,"I-C",0,135,74,0,0.529412,0.290196
67,2140,15148.9096613955,1363.40186952559,"Ozark-Ouachita Dry Oak Woodland","Hardwood",38,89,6,5,13,5,82,"I-A",97,69,0,0.380392,0.270588,0
67,2141,39001.8591282405,3510.16732154164,"Ozark-Ouachita Shortleaf Pine-Oak Forest and Woodland","Conifer",347,92,5,5,1,5,94,"I-A",196,164,100,0.768627,0.643137,0.392157
67,2153,2975.48993349262,267.794094014335,"Central Interior and Appalachian Floodplain Systems-Large Floodplains","Riparian",142,-9999,100,59,41,-9999,59,"III-A",48,237,56,0.188235,0.929412,0.219608
67,2158,5.70999987237155,0.51389998851344,"Central Interior and Appalachian Shrub-Herbaceous Wetland Systems","Riparian",17,-9999,-9999,17,100,-9999,-9999,"II-C",240,150,20,0.941176,0.588235,0.078431
67,2160,16412.9796331413,1477.16816698272,"Ozark-Ouachita Shortleaf Pine-Bluestem Woodland","Hardwood-Conifer",100,1223,2,2,2,1,97,"I-A",68,137,112,0.266667,0.537255,0.439216
68,11,151.999996602535,13.6799996942282,"Open Water","Open Water",-9999,-9999,-9999,-9999,-9999,-9999,-9999,"-9999",0,0,255,0,0,1
68,2132,19504.2695640456,1755.3842607641,"Ozark-Ouachita Dry-Mesic Oak Forest","Hardwood",188,66,15,11,6,17,77,"I-B",115,115,0,0.45098,0.45098,0
68,2136,306.769993143156,27.6092993828841,"Ouachita Montane Oak Forest","Hardwood",38,89,6,5,13,6,81,"I-A",0,38,115,0,0.14902,0.45098
68,2139,3917.55991243571,352.580392119214,"Ozark-Ouachita Mesic Hardwood Forest","Hardwood",316,110,25,19,6,18,76,"I-C",0,135,74,0,0.529412,0.290196
68,2140,21517.3195190504,1936.55875671454,"Ozark-Ouachita Dry Oak Woodland","Hardwood",38,89,6,5,13,5,82,"I-A",97,69,0,0.380392,0.270588,0
68,2141,17343.3196123466,1560.89876511119,"Ozark-Ouachita Shortleaf Pine-Oak Forest and Woodland","Conifer",347,92,5,5,1,5,94,"I-A",196,164,100,0.768627,0.643137,0.392157
68,2153,3918.19991242141,352.637992117927,"Central Interior and Appalachian Floodplain Systems-Large Floodplains","Riparian",142,-9999,100,59,41,-9999,59,"III-A",48,237,56,0.188235,0.929412,0.219608
68,2158,29.9999993294477,2.6999999396503,"Central Interior and Appalachian Shrub-Herbaceous Wetland Systems","Riparian",17,-9999,-9999,17,100,-9999,-9999,"II-C",240,150,20,0.941176,0.588235,0.078431
68,2160,25906.7394209392,2331.60654788453,"Ozark-Ouachita Shortleaf Pine-Bluestem Woodland","Hardwood-Conifer",100,1223,2,2,2,1,97,"I-A",68,137,112,0.266667,0.537255,0.439216
69,11,1097.08997547813,98.7380977930315,"Open Water","Open Water",-9999,-9999,-9999,-9999,-9999,-9999,-9999,"-9999",0,0,255,0,0,1
69,2132,24615.2094498072,2215.36885048265,"Ozark-Ouachita Dry-Mesic Oak Forest","Hardwood",188,66,15,11,6,17,77,"I-B",115,115,0,0.45098,0.45098,0
69,2139,5052.83988706023,454.75558983542,"Ozark-Ouachita Mesic Hardwood Forest","Hardwood",316,110,25,19,6,18,76,"I-C",0,135,74,0,0.529412,0.290196
69,2140,19328.3295679782,1739.54966111803,"Ozark-Ouachita Dry Oak Woodland","Hardwood",38,89,6,5,13,5,82,"I-A",97,69,0,0.380392,0.270588,0
69,2141,18180.4095936362,1636.23686342726,"Ozark-Ouachita Shortleaf Pine-Oak Forest and Woodland","Conifer",347,92,5,5,1,5,94,"I-A",196,164,100,0.768627,0.643137,0.392157
69,2153,7680.90982831828,691.281884548646,"Central Interior and Appalachian Floodplain Systems-Large Floodplains","Riparian",142,-9999,100,59,41,-9999,59,"III-A",48,237,56,0.188235,0.929412,0.219608
69,2158,46.0899989698082,4.14809990728274,"Central Interior and Appalachian Shrub-Herbaceous Wetland Systems","Riparian",17,-9999,-9999,17,100,-9999,-9999,"II-C",240,150,20,0.941176,0.588235,0.078431
69,2160,16595.2896290664,1493.57606661597,"Ozark-Ouachita Shortleaf Pine-Bluestem Woodland","Hardwood-Conifer",100,1223,2,2,2,1,97,"I-A",68,137,112,0.266667,0.537255,0.439216
70,11,914.81997955218,82.3337981596962,"Open Water","Open Water",-9999,-9999,-9999,-9999,-9999,-9999,-9999,"-9999",0,0,255,0,0,1
70,31,17.9999995976686,1.61999996379018,"Barren-Rock/Sand/Clay","Barren-Rock/Sand/Clay",-9999,-9999,-9999,-9999,-9999,-9999,-9999,"-9999",191,191,191,0.74902,0.74902,0.74902
70,2132,9412.51978961378,847.12678106524,"Ozark-Ouachita Dry-Mesic Oak Forest","Hardwood",188,66,15,11,6,17,77,"I-B",115,115,0,0.45098,0.45098,0
70,2139,423.599990531802,38.1239991478622,"Ozark-Ouachita Mesic Hardwood Forest","Hardwood",316,110,25,19,6,18,76,"I-C",0,135,74,0,0.529412,0.290196
70,2140,7276.26983736269,654.864285362642,"Ozark-Ouachita Dry Oak Woodland","Hardwood",38,89,6,5,13,5,82,"I-A",97,69,0,0.380392,0.270588,0
70,2141,3685.50991762243,331.695892586019,"Ozark-Ouachita Shortleaf Pine-Oak Forest and Woodland","Conifer",347,92,5,5,1,5,94,"I-A",196,164,100,0.768627,0.643137,0.392157
70,2146,9744.23978219926,876.981580397934,"Arkansas Valley Prairie and Woodland-Prairie","Grassland",2,344,12,2,82,1,17,"II-A",255,120,187,1,0.470588,0.733333
70,2147,11540.7697420437,1038.66927678393,"Arkansas Valley Prairie and Woodland-Woodland","Grassland",96,14,2,2,3,14,83,"I-A",204,138,179,0.8,0.541176,0.701961
70,2153,27092.6693944316,2438.34024549885,"Central Interior and Appalachian Floodplain Systems-Large Floodplains","Riparian",142,-9999,100,59,41,-9999,59,"III-A",48,237,56,0.188235,0.929412,0.219608
70,2158,320.199992842972,28.8179993558675,"Central Interior and Appalachian Shrub-Herbaceous Wetland Systems","Riparian",17,-9999,-9999,17,100,-9999,-9999,"II-C",240,150,20,0.941176,0.588235,0.078431
70,2160,22167.5995045155,1995.0839554064,"Ozark-Ouachita Shortleaf Pine-Bluestem Woodland","Hardwood-Conifer",100,1223,2,2,2,1,97,"I-A",68,137,112,0.266667,0.537255,0.439216
71,11,10080.3297746871,907.229679721836,"Open Water","Open Water",-9999,-9999,-9999,-9999,-9999,-9999,-9999,"-9999",0,0,255,0,0,1
71,31,218.099995125085,19.6289995612577,"Barren-Rock/Sand/Clay","Barren-Rock/Sand/Clay",-9999,-9999,-9999,-9999,-9999,-9999,-9999,"-9999",191,191,191,0.74902,0.74902,0.74902
71,1435,384.719991400838,34.6247992260754,"West Gulf Coastal Plain Mesic Hardwood Forest","Hardwood",271,90,23,17,7,19,74,"I-C",181,158,143,0.709804,0.619608,0.560784
71,1438,1476.06996700726,132.846297030654,"West Gulf Coastal Plain Pine-Hardwood Forest","Hardwood-Conifer",121,64,5,4,4,7,89,"I-A",100,168,0,0.392157,0.658824,0
71,1445,5192.02988394909,467.282689555418,"West Gulf Coastal Plain Pine-Hardwood Flatwoods","Hardwood-Conifer",179,104,5,5,3,4,93,"I-A",99,235,97,0.388235,0.921569,0.380392
71,1446,38795.0691328626,3491.55622195763,"Gulf and Atlantic Coastal Plain Floodplain Systems","Riparian",393,257,49,37,10,15,75,"III-A",102,119,205,0.4,0.466667,0.803922
71,1447,2467.20994485356,222.04889503682,"Gulf and Atlantic Coastal Plain Small Stream Riparian Systems","Riparian",431,129,50,33,8,26,66,"I-C",171,185,235,0.670588,0.72549,0.921569
71,1448,5.99999986588955,0.539999987930059,"Gulf and Atlantic Coastal Plain Swamp Systems","Riparian",1020,-9999,685,410,40,-9999,60,"V-A",102,212,179,0.4,0.831373,0.701961
71,1450,5664.23987339437,509.781588605493,"West Gulf Coastal Plain Nonriverine Wet Hardwood Flatwoods","Hardwood",308,130,38,27,9,21,70,"I-C",38,115,0,0.14902,0.45098,0
71,1451,6738.86984937452,606.498286443707,"East-Central Texas Plains Post Oak Savanna and Woodland","Hardwood",57,53,5,4,8,8,84,"I-A",207,148,10,0.811765,0.580392,0.039216
71,2132,0.999999977648258,0.0899999979883432,"Ozark-Ouachita Dry-Mesic Oak Forest","Hardwood",188,66,15,11,6,17,77,"I-B",115,115,0,0.45098,0.45098,0
71,2155,21098.6595284082,1898.87935755674,"Gulf and Atlantic Coastal Plain Floodplain Systems","Riparian",393,257,49,37,10,15,75,"III-A",102,119,205,0.4,0.466667,0.803922
71,2157,454.999989829957,40.9499990846962,"Gulf and Atlantic Coastal Plain Swamp Systems","Riparian",1020,-9999,685,410,40,-9999,60,"V-A",102,212,179,0.4,0.831373,0.701961
72,11,34.999999217689,3.14999992959201,"Open Water","Open Water",-9999,-9999,-9999,-9999,-9999,-9999,-9999,"-9999",0,0,255,0,0,1
72,2138,130.469997083768,11.7422997375391,"West Gulf Coastal Plain Mesic Hardwood Forest","Hardwood",271,90,23,17,7,19,74,"I-C",181,158,143,0.709804,0.619608,0.560784
72,2140,15.9999996423721,1.43999996781349,"Ozark-Ouachita Dry Oak Woodland","Hardwood",38,89,6,5,13,5,82,"I-A",97,69,0,0.380392,0.270588,0
72,2142,65193.8185428046,5867.44366885241,"West Gulf Coastal Plain Pine-Hardwood Forest","Hardwood-Conifer",121,52,5,4,4,9,87,"I-A",100,168,0,0.392157,0.658824,0
72,2143,5001.20988821425,450.108889939282,"West Gulf Coastal Plain Sandhill Oak and Shortleaf Pine Forest and Woodland","Hardwood-Conifer",159,390,5,5,3,1,96,"I-A",209,217,0,0.819608,0.85098,0
72,2150,590.219986807555,53.1197988126799,"West Gulf Coastal Plain Northern Calcareous Prairie","Grassland",1280,7,7,3,1,52,47,"I-A",255,0,110,1,0,0.431373
72,2151,1088.8099756632,97.992897809688,"West Gulf Coastal Plain Pine-Hardwood Flatwoods","Hardwood-Conifer",179,104,5,5,3,4,93,"I-A",99,235,97,0.388235,0.921569,0.380392
72,2155,10283.7997701392,925.541979312524,"Gulf and Atlantic Coastal Plain Floodplain Systems","Riparian",393,257,49,37,10,15,75,"III-A",102,119,205,0.4,0.466667,0.803922
72,2156,9130.30979592167,821.72788163295,"Gulf and Atlantic Coastal Plain Small Stream Riparian Systems","Riparian",431,129,50,33,8,26,66,"I-C",171,185,235,0.670588,0.72549,0.921569
72,2157,662.589985189959,59.6330986670963,"Gulf and Atlantic Coastal Plain Swamp Systems","Riparian",1020,-9999,685,410,40,-9999,60,"V-A",102,212,179,0.4,0.831373,0.701961
72,2159,445.06999005191,40.0562991046719,"West Gulf Coastal Plain Nonriverine Wet Hardwood Flatwoods","Hardwood",308,130,38,27,9,21,70,"I-C",38,115,0,0.14902,0.45098,0
73,11,1680.21996244416,151.219796619974,"Open Water","Open Water",-9999,-9999,-9999,-9999,-9999,-9999,-9999,"-9999",0,0,255,0,0,1
73,2132,0.999999977648258,0.0899999979883432,"Ozark-Ouachita Dry-Mesic Oak Forest","Hardwood",188,66,15,11,6,17,77,"I-B",115,115,0,0.45098,0.45098,0
73,2138,997.699977699667,89.79299799297,"West Gulf Coastal Plain Mesic Hardwood Forest","Hardwood",271,90,23,17,7,19,74,"I-C",181,158,143,0.709804,0.619608,0.560784
73,2140,24.9999994412065,2.24999994970858,"Ozark-Ouachita Dry Oak Woodland","Hardwood",38,89,6,5,13,5,82,"I-A",97,69,0,0.380392,0.270588,0
73,2142,28096.0893720035,2528.64804348031,"West Gulf Coastal Plain Pine-Hardwood Forest","Hardwood-Conifer",121,52,5,4,4,9,87,"I-A",100,168,0,0.392157,0.658824,0
73,2143,1269.70997161977,114.273897445779,"West Gulf Coastal Plain Sandhill Oak and Shortleaf Pine Forest and Woodland","Hardwood-Conifer",159,390,5,5,3,1,96,"I-A",209,217,0,0.819608,0.85098,0
73,2150,9346.39979109168,841.175981198251,"West Gulf Coastal Plain Northern Calcareous Prairie","Grassland",1280,7,7,3,1,52,47,"I-A",255,0,110,1,0,0.431373
73,2151,2145.99995203316,193.139995682985,"West Gulf Coastal Plain Pine-Hardwood Flatwoods","Hardwood-Conifer",179,104,5,5,3,4,93,"I-A",99,235,97,0.388235,0.921569,0.380392
73,2155,30437.9593196586,2739.41633876927,"Gulf and Atlantic Coastal Plain Floodplain Systems","Riparian",393,257,49,37,10,15,75,"III-A",102,119,205,0.4,0.466667,0.803922
73,2156,7630.54982944392,686.749484649952,"Gulf and Atlantic Coastal Plain Small Stream Riparian Systems","Riparian",431,129,50,33,8,26,66,"I-C",171,185,235,0.670588,0.72549,0.921569
73,2157,8311.6698142197,748.050283279773,"Gulf and Atlantic Coastal Plain Swamp Systems","Riparian",1020,-9999,685,410,40,-9999,60,"V-A",102,212,179,0.4,0.831373,0.701961
73,2159,2634.99994110316,237.149994699284,"West Gulf Coastal Plain Nonriverine Wet Hardwood Flatwoods","Hardwood",308,130,38,27,9,21,70,"I-C",38,115,0,0.14902,0.45098,0
74,11,599.489986600354,53.9540987940319,"Open Water","Open Water",-9999,-9999,-9999,-9999,-9999,-9999,-9999,"-9999",0,0,255,0,0,1
74,2132,8933.85980031267,804.04738202814,"Ozark-Ouachita Dry-Mesic Oak Forest","Hardwood",188,66,15,11,6,17,77,"I-B",115,115,0,0.45098,0.45098,0
74,2138,3339.6099253539,300.564893281851,"West Gulf Coastal Plain Mesic Hardwood Forest","Hardwood",271,90,23,17,7,19,74,"I-C",181,158,143,0.709804,0.619608,0.560784
74,2139,1798.29995980486,161.846996382438,"Ozark-Ouachita Mesic Hardwood Forest","Hardwood",316,110,25,19,6,18,76,"I-C",0,135,74,0,0.529412,0.290196
74,2140,5589.79987505823,503.081988755241,"Ozark-Ouachita Dry Oak Woodland","Hardwood",38,89,6,5,13,5,82,"I-A",97,69,0,0.380392,0.270588,0
74,2141,17661.039605245,1589.49356447205,"Ozark-Ouachita Shortleaf Pine-Oak Forest and Woodland","Conifer",347,92,5,5,1,5,94,"I-A",196,164,100,0.768627,0.643137,0.392157
74,2142,17641.0996056907,1587.69896451216,"West Gulf Coastal Plain Pine-Hardwood Forest","Hardwood-Conifer",121,52,5,4,4,9,87,"I-A",100,168,0,0.392157,0.658824,0
74,2143,1362.85996953771,122.657397258393,"West Gulf Coastal Plain Sandhill Oak and Shortleaf Pine Forest and Woodland","Hardwood-Conifer",159,390,5,5,3,1,96,"I-A",209,217,0,0.819608,0.85098,0
74,2151,5667.6298733186,510.086688598674,"West Gulf Coastal Plain Pine-Hardwood Flatwoods","Hardwood-Conifer",179,104,5,5,3,4,93,"I-A",99,235,97,0.388235,0.921569,0.380392
74,2153,101.999997720122,9.17999979481101,"Central Interior and Appalachian Floodplain Systems-Large Floodplains","Riparian",142,-9999,100,59,41,-9999,59,"III-A",48,237,56,0.188235,0.929412,0.219608
74,2155,260.319994181395,23.4287994763255,"Gulf and Atlantic Coastal Plain Floodplain Systems","Riparian",393,257,49,37,10,15,75,"III-A",102,119,205,0.4,0.466667,0.803922
74,2156,514.019988510758,46.2617989659682,"Gulf and Atlantic Coastal Plain Small Stream Riparian Systems","Riparian",431,129,50,33,8,26,66,"I-C",171,185,235,0.670588,0.72549,0.921569
74,2159,13212.8297046702,1189.15467342032,"West Gulf Coastal Plain Nonriverine Wet Hardwood Flatwoods","Hardwood",308,130,38,27,9,21,70,"I-C",38,115,0,0.14902,0.45098,0
74,2160,15894.4496447314,1430.50046802582,"Ozark-Ouachita Shortleaf Pine-Bluestem Woodland","Hardwood-Conifer",100,1223,2,2,2,1,97,"I-A",68,137,112,0.266667,0.537255,0.439216
75,11,1361.19996957481,122.507997261733,"Open Water","Open Water",-9999,-9999,-9999,-9999,-9999,-9999,-9999,"-9999",0,0,255,0,0,1
75,2132,30518.3693178613,2746.65323860751,"Ozark-Ouachita Dry-Mesic Oak Forest","Hardwood",188,66,15,11,6,17,77,"I-B",115,115,0,0.45098,0.45098,0
75,2139,7236.80983824469,651.312885442022,"Ozark-Ouachita Mesic Hardwood Forest","Hardwood",316,110,25,19,6,18,76,"I-C",0,135,74,0,0.529412,0.290196
75,2140,22755.9494913649,2048.03545422284,"Ozark-Ouachita Dry Oak Woodland","Hardwood",38,89,6,5,13,5,82,"I-A",97,69,0,0.380392,0.270588,0
75,2141,10913.1397560723,982.182578046508,"Ozark-Ouachita Shortleaf Pine-Oak Forest and Woodland","Conifer",347,92,5,5,1,5,94,"I-A",196,164,100,0.768627,0.643137,0.392157
75,2153,150.999996624887,13.5899996962398,"Central Interior and Appalachian Floodplain Systems-Large Floodplains","Riparian",142,-9999,100,59,41,-9999,59,"III-A",48,237,56,0.188235,0.929412,0.219608
75,2160,19640.8495609928,1767.67646048935,"Ozark-Ouachita Shortleaf Pine-Bluestem Woodland","Hardwood-Conifer",100,1223,2,2,2,1,97,"I-A",68,137,112,0.266667,0.537255,0.439216
76,11,579.289987051859,52.1360988346674,"Open Water","Open Water",-9999,-9999,-9999,-9999,-9999,-9999,-9999,"-9999",0,0,255,0,0,1
76,2132,16829.8996238224,1514.69096614402,"Ozark-Ouachita Dry-Mesic Oak Forest","Hardwood",188,66,15,11,6,17,77,"I-B",115,115,0,0.45098,0.45098,0
76,2139,1800.36995975859,162.033296378274,"Ozark-Ouachita Mesic Hardwood Forest","Hardwood",316,110,25,19,6,18,76,"I-C",0,135,74,0,0.529412,0.290196
76,2140,12035.1497309934,1083.16347578941,"Ozark-Ouachita Dry Oak Woodland","Hardwood",38,89,6,5,13,5,82,"I-A",97,69,0,0.380392,0.270588,0
76,2141,41239.8790782169,3711.58911703952,"Ozark-Ouachita Shortleaf Pine-Oak Forest and Woodland","Conifer",347,92,5,5,1,5,94,"I-A",196,164,100,0.768627,0.643137,0.392157
76,2153,124.219997223467,11.179799750112,"Central Interior and Appalachian Floodplain Systems-Large Floodplains","Riparian",142,-9999,100,59,41,-9999,59,"III-A",48,237,56,0.188235,0.929412,0.219608
76,2160,19968.4995536692,1797.16495983023,"Ozark-Ouachita Shortleaf Pine-Bluestem Woodland","Hardwood-Conifer",100,1223,2,2,2,1,97,"I-A",68,137,112,0.266667,0.537255,0.439216
77,2132,21467.2595201693,1932.05335681524,"Ozark-Ouachita Dry-Mesic Oak Forest","Hardwood",188,66,15,11,6,17,77,"I-B",115,115,0,0.45098,0.45098,0
77,2136,702.879984289408,63.2591985860467,"Ouachita Montane Oak Forest","Hardwood",38,89,6,5,13,6,81,"I-A",0,38,115,0,0.14902,0.45098
77,2139,5533.74987631105,498.037488867994,"Ozark-Ouachita Mesic Hardwood Forest","Hardwood",316,110,25,19,6,18,76,"I-C",0,135,74,0,0.529412,0.290196
77,2140,8618.5898073595,775.673082662355,"Ozark-Ouachita Dry Oak Woodland","Hardwood",38,89,6,5,13,5,82,"I-A",97,69,0,0.380392,0.270588,0
77,2141,27178.9793925025,2446.10814532522,"Ozark-Ouachita Shortleaf Pine-Oak Forest and Woodland","Conifer",347,92,5,5,1,5,94,"I-A",196,164,100,0.768627,0.643137,0.392157
77,2153,597.999986633658,53.8199987970293,"Central Interior and Appalachian Floodplain Systems-Large Floodplains","Riparian",142,-9999,100,59,41,-9999,59,"III-A",48,237,56,0.188235,0.929412,0.219608
77,2158,4.28999990411103,0.386099991369993,"Central Interior and Appalachian Shrub-Herbaceous Wetland Systems","Riparian",17,-9999,-9999,17,100,-9999,-9999,"II-C",240,150,20,0.941176,0.588235,0.078431
77,2160,28473.5493635666,2562.61944272099,"Ozark-Ouachita Shortleaf Pine-Bluestem Woodland","Hardwood-Conifer",100,1223,2,2,2,1,97,"I-A",68,137,112,0.266667,0.537255,0.439216
78,11,222.17999503389,19.9961995530501,"Open Water","Open Water",-9999,-9999,-9999,-9999,-9999,-9999,-9999,"-9999",0,0,255,0,0,1
78,2132,27103.0593941994,2439.27534547795,"Ozark-Ouachita Dry-Mesic Oak Forest","Hardwood",188,66,15,11,6,17,77,"I-B",115,115,0,0.45098,0.45098,0
78,2136,4402.82990158908,396.254691143017,"Ouachita Montane Oak Forest","Hardwood",38,89,6,5,13,6,81,"I-A",0,38,115,0,0.14902,0.45098
78,2139,6746.83984919637,607.215586427674,"Ozark-Ouachita Mesic Hardwood Forest","Hardwood",316,110,25,19,6,18,76,"I-C",0,135,74,0,0.529412,0.290196
78,2140,13717.7896933835,1234.60107240451,"Ozark-Ouachita Dry Oak Woodland","Hardwood",38,89,6,5,13,5,82,"I-A",97,69,0,0.380392,0.270588,0
78,2141,14014.2396867573,1261.28157180816,"Ozark-Ouachita Shortleaf Pine-Oak Forest and Woodland","Conifer",347,92,5,5,1,5,94,"I-A",196,164,100,0.768627,0.643137,0.392157
78,2153,737.679983511567,66.391198516041,"Central Interior and Appalachian Floodplain Systems-Large Floodplains","Riparian",142,-9999,100,59,41,-9999,59,"III-A",48,237,56,0.188235,0.929412,0.219608
78,2158,22.9999994859099,2.06999995373189,"Central Interior and Appalachian Shrub-Herbaceous Wetland Systems","Riparian",17,-9999,-9999,17,100,-9999,-9999,"II-C",240,150,20,0.941176,0.588235,0.078431
78,2160,25609.6894275788,2304.87204848209,"Ozark-Ouachita Shortleaf Pine-Bluestem Woodland","Hardwood-Conifer",100,1223,2,2,2,1,97,"I-A",68,137,112,0.266667,0.537255,0.439216
79,11,1100.9699753914,99.0872977852263,"Open Water","Open Water",-9999,-9999,-9999,-9999,-9999,-9999,-9999,"-9999",0,0,255,0,0,1
79,2132,14574.0096742455,1311.66087068209,"Ozark-Ouachita Dry-Mesic Oak Forest","Hardwood",188,66,15,11,6,17,77,"I-B",115,115,0,0.45098,0.45098,0
79,2139,1373.05996930972,123.575397237875,"Ozark-Ouachita Mesic Hardwood Forest","Hardwood",316,110,25,19,6,18,76,"I-C",0,135,74,0,0.529412,0.290196
79,2140,9481.37978807464,853.324180926718,"Ozark-Ouachita Dry Oak Woodland","Hardwood",38,89,6,5,13,5,82,"I-A",97,69,0,0.380392,0.270588,0
79,2141,7663.26982871257,689.694284584131,"Ozark-Ouachita Shortleaf Pine-Oak Forest and Woodland","Conifer",347,92,5,5,1,5,94,"I-A",196,164,100,0.768627,0.643137,0.392157
79,2146,10536.6497644875,948.298478803877,"Arkansas Valley Prairie and Woodland-Prairie","Grassland",2,344,12,2,82,1,17,"II-A",255,120,187,1,0.470588,0.733333
79,2147,11575.2997412719,1041.77697671447,"Arkansas Valley Prairie and Woodland-Woodland","Grassland",96,14,2,2,3,14,83,"I-A",204,138,179,0.8,0.541176,0.701961
79,2153,22646.9194938019,2038.22275444217,"Central Interior and Appalachian Floodplain Systems-Large Floodplains","Riparian",142,-9999,100,59,41,-9999,59,"III-A",48,237,56,0.188235,0.929412,0.219608
79,2158,223.119995012879,20.0807995511591,"Central Interior and Appalachian Shrub-Herbaceous Wetland Systems","Riparian",17,-9999,-9999,17,100,-9999,-9999,"II-C",240,150,20,0.941176,0.588235,0.078431
79,2160,13402.6197004281,1206.23577303853,"Ozark-Ouachita Shortleaf Pine-Bluestem Woodland","Hardwood-Conifer",100,1223,2,2,2,1,97,"I-A",68,137,112,0.266667,0.537255,0.439216
80,11,1498.50996650569,134.865896985512,"Open Water","Open Water",-9999,-9999,-9999,-9999,-9999,-9999,-9999,"-9999",0,0,255,0,0,1
80,2132,5998.17986593023,539.836187933721,"Ozark-Ouachita Dry-Mesic Oak Forest","Hardwood",188,66,15,11,6,17,77,"I-B",115,115,0,0.45098,0.45098,0
80,2140,14700.0896714274,1323.00807042846,"Ozark-Ouachita Dry Oak Woodland","Hardwood",38,89,6,5,13,5,82,"I-A",97,69,0,0.380392,0.270588,0
80,2141,213.289995232597,19.1960995709337,"Ozark-Ouachita Shortleaf Pine-Oak Forest and Woodland","Conifer",347,92,5,5,1,5,94,"I-A",196,164,100,0.768627,0.643137,0.392157
80,2146,12276.3697256017,1104.87327530416,"Arkansas Valley Prairie and Woodland-Prairie","Grassland",2,344,12,2,82,1,17,"II-A",255,120,187,1,0.470588,0.733333
80,2147,10356.2897685189,932.066079166699,"Arkansas Valley Prairie and Woodland-Woodland","Grassland",96,14,2,2,3,14,83,"I-A",204,138,179,0.8,0.541176,0.701961
80,2153,40459.219095666,3641.32971860994,"Central Interior and Appalachian Floodplain Systems-Large Floodplains","Riparian",142,-9999,100,59,41,-9999,59,"III-A",48,237,56,0.188235,0.929412,0.219608
80,2158,172.699996139854,15.5429996525869,"Central Interior and Appalachian Shrub-Herbaceous Wetland Systems","Riparian",17,-9999,-9999,17,100,-9999,-9999,"II-C",240,150,20,0.941176,0.588235,0.078431
80,2160,6902.65984571353,621.239386114217,"Ozark-Ouachita Shortleaf Pine-Bluestem Woodland","Hardwood-Conifer",100,1223,2,2,2,1,97,"I-A",68,137,112,0.266667,0.537255,0.439216
82,11,451.849989900365,40.6664990910329,"Open Water","Open Water",-9999,-9999,-9999,-9999,-9999,-9999,-9999,"-9999",0,0,255,0,0,1
82,2138,132.729997033253,11.9456997329928,"West Gulf Coastal Plain Mesic Hardwood Forest","Hardwood",271,90,23,17,7,19,74,"I-C",181,158,143,0.709804,0.619608,0.560784
82,2140,2.99999993294477,0.26999999396503,"Ozark-Ouachita Dry Oak Woodland","Hardwood",38,89,6,5,13,5,82,"I-A",97,69,0,0.380392,0.270588,0
82,2142,28653.8793595359,2578.84914235823,"West Gulf Coastal Plain Pine-Hardwood Forest","Hardwood-Conifer",121,52,5,4,4,9,87,"I-A",100,168,0,0.392157,0.658824,0
82,2143,963.999978452921,86.7599980607629,"West Gulf Coastal Plain Sandhill Oak and Shortleaf Pine Forest and Woodland","Hardwood-Conifer",159,390,5,5,3,1,96,"I-A",209,217,0,0.819608,0.85098,0
82,2150,2693.11993980408,242.380794582367,"West Gulf Coastal Plain Northern Calcareous Prairie","Grassland",1280,7,7,3,1,52,47,"I-A",255,0,110,1,0,0.431373
82,2151,4209.39990591258,378.845991532132,"West Gulf Coastal Plain Pine-Hardwood Flatwoods","Hardwood-Conifer",179,104,5,5,3,4,93,"I-A",99,235,97,0.388235,0.921569,0.380392
82,2155,43077.1090371516,3876.93981334364,"Gulf and Atlantic Coastal Plain Floodplain Systems","Riparian",393,257,49,37,10,15,75,"III-A",102,119,205,0.4,0.466667,0.803922
82,2156,9015.03979849815,811.353581864834,"Gulf and Atlantic Coastal Plain Small Stream Riparian Systems","Riparian",431,129,50,33,8,26,66,"I-C",171,185,235,0.670588,0.72549,0.921569
82,2157,2781.24993783422,250.31249440508,"Gulf and Atlantic Coastal Plain Swamp Systems","Riparian",1020,-9999,685,410,40,-9999,60,"V-A",102,212,179,0.4,0.831373,0.701961
82,2159,595.91998668015,53.6327988012135,"West Gulf Coastal Plain Nonriverine Wet Hardwood Flatwoods","Hardwood",308,130,38,27,9,21,70,"I-C",38,115,0,0.14902,0.45098,0
83,11,17.9999995976686,1.61999996379018,"Open Water","Open Water",-9999,-9999,-9999,-9999,-9999,-9999,-9999,"-9999",0,0,255,0,0,1
83,2138,51.9999988377094,4.67999989539385,"West Gulf Coastal Plain Mesic Hardwood Forest","Hardwood",271,90,23,17,7,19,74,"I-C",181,158,143,0.709804,0.619608,0.560784
83,2142,57126.4787231237,5141.38308508113,"West Gulf Coastal Plain Pine-Hardwood Forest","Hardwood-Conifer",121,52,5,4,4,9,87,"I-A",100,168,0,0.392157,0.658824,0
83,2143,6478.53985519335,583.068586967401,"West Gulf Coastal Plain Sandhill Oak and Shortleaf Pine Forest and Woodland","Hardwood-Conifer",159,390,5,5,3,1,96,"I-A",209,217,0,0.819608,0.85098,0
83,2150,1530.49996579066,137.744996921159,"West Gulf Coastal Plain Northern Calcareous Prairie","Grassland",1280,7,7,3,1,52,47,"I-A",255,0,110,1,0,0.431373
83,2155,16588.0796292275,1492.92716663048,"Gulf and Atlantic Coastal Plain Floodplain Systems","Riparian",393,257,49,37,10,15,75,"III-A",102,119,205,0.4,0.466667,0.803922
83,2156,9018.94979841076,811.705481856968,"Gulf and Atlantic Coastal Plain Small Stream Riparian Systems","Riparian",431,129,50,33,8,26,66,"I-C",171,185,235,0.670588,0.72549,0.921569
83,2157,1764.74996055476,158.827496449929,"Gulf and Atlantic Coastal Plain Swamp Systems","Riparian",1020,-9999,685,410,40,-9999,60,"V-A",102,212,179,0.4,0.831373,0.701961
84,11,239.899994637817,21.5909995174035,"Open Water","Open Water",-9999,-9999,-9999,-9999,-9999,-9999,-9999,"-9999",0,0,255,0,0,1
84,2132,208.349995343015,18.7514995808713,"Ozark-Ouachita Dry-Mesic Oak Forest","Hardwood",188,66,15,11,6,17,77,"I-B",115,115,0,0.45098,0.45098,0
84,2138,949.629978774115,85.4666980896704,"West Gulf Coastal Plain Mesic Hardwood Forest","Hardwood",271,90,23,17,7,19,74,"I-C",181,158,143,0.709804,0.619608,0.560784
84,2140,25.3299994338304,2.27969994904473,"Ozark-Ouachita Dry Oak Woodland","Hardwood",38,89,6,5,13,5,82,"I-A",97,69,0,0.380392,0.270588,0
84,2142,27977.2093746606,2517.94884371946,"West Gulf Coastal Plain Pine-Hardwood Forest","Hardwood-Conifer",121,52,5,4,4,9,87,"I-A",100,168,0,0.392157,0.658824,0
84,2143,28902.0993539877,2601.1889418589,"West Gulf Coastal Plain Sandhill Oak and Shortleaf Pine Forest and Woodland","Hardwood-Conifer",159,390,5,5,3,1,96,"I-A",209,217,0,0.819608,0.85098,0
84,2150,836.999981291592,75.3299983162433,"West Gulf Coastal Plain Northern Calcareous Prairie","Grassland",1280,7,7,3,1,52,47,"I-A",255,0,110,1,0,0.431373
84,2151,1925.70995695703,173.313896126132,"West Gulf Coastal Plain Pine-Hardwood Flatwoods","Hardwood-Conifer",179,104,5,5,3,4,93,"I-A",99,235,97,0.388235,0.921569,0.380392
84,2155,20374.7395445891,1833.72655901302,"Gulf and Atlantic Coastal Plain Floodplain Systems","Riparian",393,257,49,37,10,15,75,"III-A",102,119,205,0.4,0.466667,0.803922
84,2156,8880.70980150066,799.26388213506,"Gulf and Atlantic Coastal Plain Small Stream Riparian Systems","Riparian",431,129,50,33,8,26,66,"I-C",171,185,235,0.670588,0.72549,0.921569
84,2157,1031.37997694686,92.8241979252174,"Gulf and Atlantic Coastal Plain Swamp Systems","Riparian",1020,-9999,685,410,40,-9999,60,"V-A",102,212,179,0.4,0.831373,0.701961
84,2159,1225.23997261375,110.271597535238,"West Gulf Coastal Plain Nonriverine Wet Hardwood Flatwoods","Hardwood",308,130,38,27,9,21,70,"I-C",38,115,0,0.14902,0.45098,0
85,11,67.9999984800816,6.11999986320734,"Open Water","Open Water",-9999,-9999,-9999,-9999,-9999,-9999,-9999,"-9999",0,0,255,0,0,1
85,2132,16031.4896416683,1442.83406775014,"Ozark-Ouachita Dry-Mesic Oak Forest","Hardwood",188,66,15,11,6,17,77,"I-B",115,115,0,0.45098,0.45098,0
85,2139,2064.45995385572,185.801395847015,"Ozark-Ouachita Mesic Hardwood Forest","Hardwood",316,110,25,19,6,18,76,"I-C",0,135,74,0,0.529412,0.290196
85,2140,21251.6195249893,1912.64575724903,"Ozark-Ouachita Dry Oak Woodland","Hardwood",38,89,6,5,13,5,82,"I-A",97,69,0,0.380392,0.270588,0
85,2141,32346.4292770009,2911.17863493009,"Ozark-Ouachita Shortleaf Pine-Oak Forest and Woodland","Conifer",347,92,5,5,1,5,94,"I-A",196,164,100,0.768627,0.643137,0.392157
85,2153,244.999994523823,22.0499995071441,"Central Interior and Appalachian Floodplain Systems-Large Floodplains","Riparian",142,-9999,100,59,41,-9999,59,"III-A",48,237,56,0.188235,0.929412,0.219608
85,2160,20570.3095402177,1851.3278586196,"Ozark-Ouachita Shortleaf Pine-Bluestem Woodland","Hardwood-Conifer",100,1223,2,2,2,1,97,"I-A",68,137,112,0.266667,0.537255,0.439216
86,11,14.7799996696413,1.33019997026771,"Open Water","Open Water",-9999,-9999,-9999,-9999,-9999,-9999,-9999,"-9999",0,0,255,0,0,1
86,2132,22966.4394866601,2066.97955379941,"Ozark-Ouachita Dry-Mesic Oak Forest","Hardwood",188,66,15,11,6,17,77,"I-B",115,115,0,0.45098,0.45098,0
86,2139,5046.21988720819,454.159789848737,"Ozark-Ouachita Mesic Hardwood Forest","Hardwood",316,110,25,19,6,18,76,"I-C",0,135,74,0,0.529412,0.290196
86,2140,14498.6296759304,1304.87667083373,"Ozark-Ouachita Dry Oak Woodland","Hardwood",38,89,6,5,13,5,82,"I-A",97,69,0,0.380392,0.270588,0
86,2141,22213.0595034994,1999.17535531495,"Ozark-Ouachita Shortleaf Pine-Oak Forest and Woodland","Conifer",347,92,5,5,1,5,94,"I-A",196,164,100,0.768627,0.643137,0.392157
86,2160,27838.1793777682,2505.43614399914,"Ozark-Ouachita Shortleaf Pine-Bluestem Woodland","Hardwood-Conifer",100,1223,2,2,2,1,97,"I-A",68,137,112,0.266667,0.537255,0.439216
87,11,862.039980731905,77.5835982658714,"Open Water","Open Water",-9999,-9999,-9999,-9999,-9999,-9999,-9999,"-9999",0,0,255,0,0,1
87,2132,18314.6995906346,1648.32296315711,"Ozark-Ouachita Dry-Mesic Oak Forest","Hardwood",188,66,15,11,6,17,77,"I-B",115,115,0,0.45098,0.45098,0
87,2139,1337.16997011192,120.345297310073,"Ozark-Ouachita Mesic Hardwood Forest","Hardwood",316,110,25,19,6,18,76,"I-C",0,135,74,0,0.529412,0.290196
87,2140,12551.8297194447,1129.66467475003,"Ozark-Ouachita Dry Oak Woodland","Hardwood",38,89,6,5,13,5,82,"I-A",97,69,0,0.380392,0.270588,0
87,2141,41907.5390632935,3771.67851569641,"Ozark-Ouachita Shortleaf Pine-Oak Forest and Woodland","Conifer",347,92,5,5,1,5,94,"I-A",196,164,100,0.768627,0.643137,0.392157
87,2153,1154.77997418866,103.930197676979,"Central Interior and Appalachian Floodplain Systems-Large Floodplains","Riparian",142,-9999,100,59,41,-9999,59,"III-A",48,237,56,0.188235,0.929412,0.219608
87,2158,28.9999993517995,2.60999994166195,"Central Interior and Appalachian Shrub-Herbaceous Wetland Systems","Riparian",17,-9999,-9999,17,100,-9999,-9999,"II-C",240,150,20,0.941176,0.588235,0.078431
87,2160,16420.239632979,1477.82156696811,"Ozark-Ouachita Shortleaf Pine-Bluestem Woodland","Hardwood-Conifer",100,1223,2,2,2,1,97,"I-A",68,137,112,0.266667,0.537255,0.439216
88,2132,21968.8295089584,1977.19465580625,"Ozark-Ouachita Dry-Mesic Oak Forest","Hardwood",188,66,15,11,6,17,77,"I-B",115,115,0,0.45098,0.45098,0
88,2136,464.11998962611,41.7707990663499,"Ouachita Montane Oak Forest","Hardwood",38,89,6,5,13,6,81,"I-A",0,38,115,0,0.14902,0.45098
88,2139,4073.33990895376,366.600591805838,"Ozark-Ouachita Mesic Hardwood Forest","Hardwood",316,110,25,19,6,18,76,"I-C",0,135,74,0,0.529412,0.290196
88,2140,13707.5196936131,1233.67677242517,"Ozark-Ouachita Dry Oak Woodland","Hardwood",38,89,6,5,13,5,82,"I-A",97,69,0,0.380392,0.270588,0
88,2141,19859.9095560964,1787.39186004868,"Ozark-Ouachita Shortleaf Pine-Oak Forest and Woodland","Conifer",347,92,5,5,1,5,94,"I-A",196,164,100,0.768627,0.643137,0.392157
88,2153,2456.99994508177,221.129995057359,"Central Interior and Appalachian Floodplain Systems-Large Floodplains","Riparian",142,-9999,100,59,41,-9999,59,"III-A",48,237,56,0.188235,0.929412,0.219608
88,2158,6.99999984353781,0.629999985918403,"Central Interior and Appalachian Shrub-Herbaceous Wetland Systems","Riparian",17,-9999,-9999,17,100,-9999,-9999,"II-C",240,150,20,0.941176,0.588235,0.078431
88,2160,30039.5693285633,2703.5612395707,"Ozark-Ouachita Shortleaf Pine-Bluestem Woodland","Hardwood-Conifer",100,1223,2,2,2,1,97,"I-A",68,137,112,0.266667,0.537255,0.439216
89,11,981.519978061318,88.3367980255187,"Open Water","Open Water",-9999,-9999,-9999,-9999,-9999,-9999,-9999,"-9999",0,0,255,0,0,1
89,2132,22956.4894868825,2066.08405381942,"Ozark-Ouachita Dry-Mesic Oak Forest","Hardwood",188,66,15,11,6,17,77,"I-B",115,115,0,0.45098,0.45098,0
89,2139,3036.57993212715,273.292193891443,"Ozark-Ouachita Mesic Hardwood Forest","Hardwood",316,110,25,19,6,18,76,"I-C",0,135,74,0,0.529412,0.290196
89,2140,22848.4594892971,2056.36135403674,"Ozark-Ouachita Dry Oak Woodland","Hardwood",38,89,6,5,13,5,82,"I-A",97,69,0,0.380392,0.270588,0
89,2141,21742.5695140157,1956.83125626141,"Ozark-Ouachita Shortleaf Pine-Oak Forest and Woodland","Conifer",347,92,5,5,1,5,94,"I-A",196,164,100,0.768627,0.643137,0.392157
89,2153,6551.70985355787,589.653886820208,"Central Interior and Appalachian Floodplain Systems-Large Floodplains","Riparian",142,-9999,100,59,41,-9999,59,"III-A",48,237,56,0.188235,0.929412,0.219608
89,2158,50.9999988600612,4.58999989740551,"Central Interior and Appalachian Shrub-Herbaceous Wetland Systems","Riparian",17,-9999,-9999,17,100,-9999,-9999,"II-C",240,150,20,0.941176,0.588235,0.078431
89,2160,14408.9796779342,1296.80817101408,"Ozark-Ouachita Shortleaf Pine-Bluestem Woodland","Hardwood-Conifer",100,1223,2,2,2,1,97,"I-A",68,137,112,0.266667,0.537255,0.439216
90,11,39.9999991059303,3.59999991953373,"Open Water","Open Water",-9999,-9999,-9999,-9999,-9999,-9999,-9999,"-9999",0,0,255,0,0,1
90,2132,22183.05950417,1996.4753553753,"Ozark-Ouachita Dry-Mesic Oak Forest","Hardwood",188,66,15,11,6,17,77,"I-B",115,115,0,0.45098,0.45098,0
90,2136,20.9999995306134,1.88999995775521,"Ouachita Montane Oak Forest","Hardwood",38,89,6,5,13,6,81,"I-A",0,38,115,0,0.14902,0.45098
90,2139,4710.7198947072,423.964790523648,"Ozark-Ouachita Mesic Hardwood Forest","Hardwood",316,110,25,19,6,18,76,"I-C",0,135,74,0,0.529412,0.290196
90,2140,8636.73980695382,777.306582625844,"Ozark-Ouachita Dry Oak Woodland","Hardwood",38,89,6,5,13,5,82,"I-A",97,69,0,0.380392,0.270588,0
90,2141,20056.8995516934,1805.1209596524,"Ozark-Ouachita Shortleaf Pine-Oak Forest and Woodland","Conifer",347,92,5,5,1,5,94,"I-A",196,164,100,0.768627,0.643137,0.392157
90,2146,5168.42988447659,465.158689602893,"Arkansas Valley Prairie and Woodland-Prairie","Grassland",2,344,12,2,82,1,17,"II-A",255,120,187,1,0.470588,0.733333
90,2147,6450.69985581562,580.562987023406,"Arkansas Valley Prairie and Woodland-Woodland","Grassland",96,14,2,2,3,14,83,"I-A",204,138,179,0.8,0.541176,0.701961
90,2153,1692.23996217549,152.301596595794,"Central Interior and Appalachian Floodplain Systems-Large Floodplains","Riparian",142,-9999,100,59,41,-9999,59,"III-A",48,237,56,0.188235,0.929412,0.219608
90,2158,67.0299985017627,6.03269986515865,"Central Interior and Appalachian Shrub-Herbaceous Wetland Systems","Riparian",17,-9999,-9999,17,100,-9999,-9999,"II-C",240,150,20,0.941176,0.588235,0.078431
90,2160,23550.4994736053,2119.54495262448,"Ozark-Ouachita Shortleaf Pine-Bluestem Woodland","Hardwood-Conifer",100,1223,2,2,2,1,97,"I-A",68,137,112,0.266667,0.537255,0.439216
91,11,7735.37982710078,696.184184439071,"Open Water","Open Water",-9999,-9999,-9999,-9999,-9999,-9999,-9999,"-9999",0,0,255,0,0,1
91,31,102.899997700006,9.26099979300052,"Barren-Rock/Sand/Clay","Barren-Rock/Sand/Clay",-9999,-9999,-9999,-9999,-9999,-9999,-9999,"-9999",191,191,191,0.74902,0.74902,0.74902
91,1435,153.659996565431,13.8293996908888,"West Gulf Coastal Plain Mesic Hardwood Forest","Hardwood",271,90,23,17,7,19,74,"I-C",181,158,143,0.709804,0.619608,0.560784
91,1438,612.829986302182,55.1546987671964,"West Gulf Coastal Plain Pine-Hardwood Forest","Hardwood-Conifer",121,64,5,4,4,7,89,"I-A",100,168,0,0.392157,0.658824,0
91,1445,831.299981418997,74.8169983277097,"West Gulf Coastal Plain Pine-Hardwood Flatwoods","Hardwood-Conifer",179,104,5,5,3,4,93,"I-A",99,235,97,0.388235,0.921569,0.380392
91,1446,29201.659347292,2628.14934125628,"Gulf and Atlantic Coastal Plain Floodplain Systems","Riparian",393,257,49,37,10,15,75,"III-A",102,119,205,0.4,0.466667,0.803922
91,1447,202.009995484725,18.1808995936252,"Gulf and Atlantic Coastal Plain Small Stream Riparian Systems","Riparian",431,129,50,33,8,26,66,"I-C",171,185,235,0.670588,0.72549,0.921569
91,1448,0.999999977648258,0.0899999979883432,"Gulf and Atlantic Coastal Plain Swamp Systems","Riparian",1020,-9999,685,410,40,-9999,60,"V-A",102,212,179,0.4,0.831373,0.701961
91,1450,316.479992926121,28.4831993633509,"West Gulf Coastal Plain Nonriverine Wet Hardwood Flatwoods","Hardwood",308,130,38,27,9,21,70,"I-C",38,115,0,0.14902,0.45098,0
91,1451,1392.01996888593,125.281797199734,"East-Central Texas Plains Post Oak Savanna and Woodland","Hardwood",57,53,5,4,8,8,84,"I-A",207,148,10,0.811765,0.580392,0.039216
91,2155,48031.5089264121,4322.83580337709,"Gulf and Atlantic Coastal Plain Floodplain Systems","Riparian",393,257,49,37,10,15,75,"III-A",102,119,205,0.4,0.466667,0.803922
91,2156,0.999999977648258,0.0899999979883432,"Gulf and Atlantic Coastal Plain Small Stream Riparian Systems","Riparian",431,129,50,33,8,26,66,"I-C",171,185,235,0.670588,0.72549,0.921569
91,2157,4014.4299102705,361.298691924345,"Gulf and Atlantic Coastal Plain Swamp Systems","Riparian",1020,-9999,685,410,40,-9999,60,"V-A",102,212,179,0.4,0.831373,0.701961
92,11,23.9999994635582,2.15999995172024,"Open Water","Open Water",-9999,-9999,-9999,-9999,-9999,-9999,-9999,"-9999",0,0,255,0,0,1
92,2138,126.999997161329,11.4299997445196,"West Gulf Coastal Plain Mesic Hardwood Forest","Hardwood",271,90,23,17,7,19,74,"I-C",181,158,143,0.709804,0.619608,0.560784
92,2142,61593.4186232798,5543.40767609518,"West Gulf Coastal Plain Pine-Hardwood Forest","Hardwood-Conifer",121,52,5,4,4,9,87,"I-A",100,168,0,0.392157,0.658824,0
92,2143,3184.60992881842,286.614893593658,"West Gulf Coastal Plain Sandhill Oak and Shortleaf Pine Forest and Woodland","Hardwood-Conifer",159,390,5,5,3,1,96,"I-A",209,217,0,0.819608,0.85098,0
92,2150,2396.76994642802,215.709295178521,"West Gulf Coastal Plain Northern Calcareous Prairie","Grassland",1280,7,7,3,1,52,47,"I-A",255,0,110,1,0,0.431373
92,2151,2634.04994112439,237.064494701196,"West Gulf Coastal Plain Pine-Hardwood Flatwoods","Hardwood-Conifer",179,104,5,5,3,4,93,"I-A",99,235,97,0.388235,0.921569,0.380392
92,2155,9916.82977834158,892.514680050742,"Gulf and Atlantic Coastal Plain Floodplain Systems","Riparian",393,257,49,37,10,15,75,"III-A",102,119,205,0.4,0.466667,0.803922
92,2156,12188.849727558,1096.99647548022,"Gulf and Atlantic Coastal Plain Small Stream Riparian Systems","Riparian",431,129,50,33,8,26,66,"I-C",171,185,235,0.670588,0.72549,0.921569
92,2157,249.35999442637,22.4423994983733,"Gulf and Atlantic Coastal Plain Swamp Systems","Riparian",1020,-9999,685,410,40,-9999,60,"V-A",102,212,179,0.4,0.831373,0.701961
92,2159,281.289993712679,25.3160994341411,"West Gulf Coastal Plain Nonriverine Wet Hardwood Flatwoods","Hardwood",308,130,38,27,9,21,70,"I-C",38,115,0,0.14902,0.45098,0
93,11,1430.09996803477,128.70899712313,"Open Water","Open Water",-9999,-9999,-9999,-9999,-9999,-9999,-9999,"-9999",0,0,255,0,0,1
93,2132,0.999999977648258,0.0899999979883432,"Ozark-Ouachita Dry-Mesic Oak Forest","Hardwood",188,66,15,11,6,17,77,"I-B",115,115,0,0.45098,0.45098,0
93,2138,1036.7199768275,93.3047979144752,"West Gulf Coastal Plain Mesic Hardwood Forest","Hardwood",271,90,23,17,7,19,74,"I-C",181,158,143,0.709804,0.619608,0.560784
93,2142,34648.799225539,3118.39193029851,"West Gulf Coastal Plain Pine-Hardwood Forest","Hardwood-Conifer",121,52,5,4,4,9,87,"I-A",100,168,0,0.392157,0.658824,0
93,2143,4684.89989528432,421.640990575589,"West Gulf Coastal Plain Sandhill Oak and Shortleaf Pine Forest and Woodland","Hardwood-Conifer",159,390,5,5,3,1,96,"I-A",209,217,0,0.819608,0.85098,0
93,2150,4847.57989164814,436.282190248333,"West Gulf Coastal Plain Northern Calcareous Prairie","Grassland",1280,7,7,3,1,52,47,"I-A",255,0,110,1,0,0.431373
93,2151,3872.07991345227,348.487192210704,"West Gulf Coastal Plain Pine-Hardwood Flatwoods","Hardwood-Conifer",179,104,5,5,3,4,93,"I-A",99,235,97,0.388235,0.921569,0.380392
93,2155,29962.5293302853,2696.62763972567,"Gulf and Atlantic Coastal Plain Floodplain Systems","Riparian",393,257,49,37,10,15,75,"III-A",102,119,205,0.4,0.466667,0.803922
93,2156,6767.35984873772,609.062386386394,"Gulf and Atlantic Coastal Plain Small Stream Riparian Systems","Riparian",431,129,50,33,8,26,66,"I-C",171,185,235,0.670588,0.72549,0.921569
93,2157,2994.4199330695,269.497793976255,"Gulf and Atlantic Coastal Plain Swamp Systems","Riparian",1020,-9999,685,410,40,-9999,60,"V-A",102,212,179,0.4,0.831373,0.701961
93,2159,2350.67994745821,211.561195271239,"West Gulf Coastal Plain Nonriverine Wet Hardwood Flatwoods","Hardwood",308,130,38,27,9,21,70,"I-C",38,115,0,0.14902,0.45098,0
94,11,31.9999992847443,2.87999993562698,"Open Water","Open Water",-9999,-9999,-9999,-9999,-9999,-9999,-9999,"-9999",0,0,255,0,0,1
94,2132,10014.7997761518,901.33197985366,"Ozark-Ouachita Dry-Mesic Oak Forest","Hardwood",188,66,15,11,6,17,77,"I-B",115,115,0,0.45098,0.45098,0
94,2138,1571.20996488072,141.408896839265,"West Gulf Coastal Plain Mesic Hardwood Forest","Hardwood",271,90,23,17,7,19,74,"I-C",181,158,143,0.709804,0.619608,0.560784
94,2139,1657.54996295087,149.179496665578,"Ozark-Ouachita Mesic Hardwood Forest","Hardwood",316,110,25,19,6,18,76,"I-C",0,135,74,0,0.529412,0.290196
94,2140,8005.84982105531,720.526483894978,"Ozark-Ouachita Dry Oak Woodland","Hardwood",38,89,6,5,13,5,82,"I-A",97,69,0,0.380392,0.270588,0
94,2141,14624.899673108,1316.24097057972,"Ozark-Ouachita Shortleaf Pine-Oak Forest and Woodland","Conifer",347,92,5,5,1,5,94,"I-A",196,164,100,0.768627,0.643137,0.392157
94,2142,18563.3595850766,1670.70236265689,"West Gulf Coastal Plain Pine-Hardwood Forest","Hardwood-Conifer",121,52,5,4,4,9,87,"I-A",100,168,0,0.392157,0.658824,0
94,2143,2042.03995435685,183.783595892116,"West Gulf Coastal Plain Sandhill Oak and Shortleaf Pine Forest and Woodland","Hardwood-Conifer",159,390,5,5,3,1,96,"I-A",209,217,0,0.819608,0.85098,0
94,2151,5755.9898713436,518.039088420924,"West Gulf Coastal Plain Pine-Hardwood Flatwoods","Hardwood-Conifer",179,104,5,5,3,4,93,"I-A",99,235,97,0.388235,0.921569,0.380392
94,2153,1116.9999750331,100.529997752979,"Central Interior and Appalachian Floodplain Systems-Large Floodplains","Riparian",142,-9999,100,59,41,-9999,59,"III-A",48,237,56,0.188235,0.929412,0.219608
94,2155,184.579995874316,16.6121996286884,"Gulf and Atlantic Coastal Plain Floodplain Systems","Riparian",393,257,49,37,10,15,75,"III-A",102,119,205,0.4,0.466667,0.803922
94,2156,900.069979881868,81.0062981893681,"Gulf and Atlantic Coastal Plain Small Stream Riparian Systems","Riparian",431,129,50,33,8,26,66,"I-C",171,185,235,0.670588,0.72549,0.921569
94,2159,20379.2195444889,1834.129759004,"West Gulf Coastal Plain Nonriverine Wet Hardwood Flatwoods","Hardwood",308,130,38,27,9,21,70,"I-C",38,115,0,0.14902,0.45098,0
94,2160,7747.6198268272,697.285784414448,"Ozark-Ouachita Shortleaf Pine-Bluestem Woodland","Hardwood-Conifer",100,1223,2,2,2,1,97,"I-A",68,137,112,0.266667,0.537255,0.439216
95,11,195.39999563247,17.5859996069223,"Open Water","Open Water",-9999,-9999,-9999,-9999,-9999,-9999,-9999,"-9999",0,0,255,0,0,1
95,2132,20920.0695324,1882.806257916,"Ozark-Ouachita Dry-Mesic Oak Forest","Hardwood",188,66,15,11,6,17,77,"I-B",115,115,0,0.45098,0.45098,0
95,2139,3851.06991392188,346.596292252969,"Ozark-Ouachita Mesic Hardwood Forest","Hardwood",316,110,25,19,6,18,76,"I-C",0,135,74,0,0.529412,0.290196
95,2140,12342.7197241187,1110.84477517068,"Ozark-Ouachita Dry Oak Woodland","Hardwood",38,89,6,5,13,5,82,"I-A",97,69,0,0.380392,0.270588,0
95,2141,27166.6593927778,2444.99934535,"Ozark-Ouachita Shortleaf Pine-Oak Forest and Woodland","Conifer",347,92,5,5,1,5,94,"I-A",196,164,100,0.768627,0.643137,0.392157
95,2153,116.999997384846,10.5299997646362,"Central Interior and Appalachian Floodplain Systems-Large Floodplains","Riparian",142,-9999,100,59,41,-9999,59,"III-A",48,237,56,0.188235,0.929412,0.219608
95,2160,28003.2593740784,2520.29334366705,"Ozark-Ouachita Shortleaf Pine-Bluestem Woodland","Hardwood-Conifer",100,1223,2,2,2,1,97,"I-A",68,137,112,0.266667,0.537255,0.439216
96,11,562.819987419993,50.6537988677993,"Open Water","Open Water",-9999,-9999,-9999,-9999,-9999,-9999,-9999,"-9999",0,0,255,0,0,1
96,2132,15601.4896512795,1404.13406861516,"Ozark-Ouachita Dry-Mesic Oak Forest","Hardwood",188,66,15,11,6,17,77,"I-B",115,115,0,0.45098,0.45098,0
96,2139,697.12998441793,62.7416985976137,"Ozark-Ouachita Mesic Hardwood Forest","Hardwood",316,110,25,19,6,18,76,"I-C",0,135,74,0,0.529412,0.290196
96,2140,9083.17979697511,817.48618172776,"Ozark-Ouachita Dry Oak Woodland","Hardwood",38,89,6,5,13,5,82,"I-A",97,69,0,0.380392,0.270588,0
96,2141,42394.8890524004,3815.54001471603,"Ozark-Ouachita Shortleaf Pine-Oak Forest and Woodland","Conifer",347,92,5,5,1,5,94,"I-A",196,164,100,0.768627,0.643137,0.392157
96,2153,85.9999980777502,7.73999982699752,"Central Interior and Appalachian Floodplain Systems-Large Floodplains","Riparian",142,-9999,100,59,41,-9999,59,"III-A",48,237,56,0.188235,0.929412,0.219608
96,2160,24170.6794597432,2175.36115137689,"Ozark-Ouachita Shortleaf Pine-Bluestem Woodland","Hardwood-Conifer",100,1223,2,2,2,1,97,"I-A",68,137,112,0.266667,0.537255,0.439216
97,2132,19764.859558221,1778.83736023989,"Ozark-Ouachita Dry-Mesic Oak Forest","Hardwood",188,66,15,11,6,17,77,"I-B",115,115,0,0.45098,0.45098,0
97,2136,12.9999997094274,1.16999997384846,"Ouachita Montane Oak Forest","Hardwood",38,89,6,5,13,6,81,"I-A",0,38,115,0,0.14902,0.45098
97,2139,3551.85992060974,319.667392854877,"Ozark-Ouachita Mesic Hardwood Forest","Hardwood",316,110,25,19,6,18,76,"I-C",0,135,74,0,0.529412,0.290196
97,2140,6017.43986549973,541.569587894976,"Ozark-Ouachita Dry Oak Woodland","Hardwood",38,89,6,5,13,5,82,"I-A",97,69,0,0.380392,0.270588,0
97,2141,28643.3693597708,2577.90324237937,"Ozark-Ouachita Shortleaf Pine-Oak Forest and Woodland","Conifer",347,92,5,5,1,5,94,"I-A",196,164,100,0.768627,0.643137,0.392157
97,2158,13.9999996870756,1.25999997183681,"Central Interior and Appalachian Shrub-Herbaceous Wetland Systems","Riparian",17,-9999,-9999,17,100,-9999,-9999,"II-C",240,150,20,0.941176,0.588235,0.078431
97,2160,34591.6492268164,3113.24843041347,"Ozark-Ouachita Shortleaf Pine-Bluestem Woodland","Hardwood-Conifer",100,1223,2,2,2,1,97,"I-A",68,137,112,0.266667,0.537255,0.439216
98,2132,21975.1595088169,1977.76435579352,"Ozark-Ouachita Dry-Mesic Oak Forest","Hardwood",188,66,15,11,6,17,77,"I-B",115,115,0,0.45098,0.45098,0
98,2136,4962.39988908172,446.615990017354,"Ouachita Montane Oak Forest","Hardwood",38,89,6,5,13,6,81,"I-A",0,38,115,0,0.14902,0.45098
98,2139,5394.1698794309,485.475289148781,"Ozark-Ouachita Mesic Hardwood Forest","Hardwood",316,110,25,19,6,18,76,"I-C",0,135,74,0,0.529412,0.290196
98,2140,11114.8797515631,1000.33917764068,"Ozark-Ouachita Dry Oak Woodland","Hardwood",38,89,6,5,13,5,82,"I-A",97,69,0,0.380392,0.270588,0
98,2141,17263.9496141206,1553.75546527086,"Ozark-Ouachita Shortleaf Pine-Oak Forest and Woodland","Conifer",347,92,5,5,1,5,94,"I-A",196,164,100,0.768627,0.643137,0.392157
98,2153,324.779992740601,29.2301993466541,"Central Interior and Appalachian Floodplain Systems-Large Floodplains","Riparian",142,-9999,100,59,41,-9999,59,"III-A",48,237,56,0.188235,0.929412,0.219608
98,2160,31560.8392945603,2840.47553651042,"Ozark-Ouachita Shortleaf Pine-Bluestem Woodland","Hardwood-Conifer",100,1223,2,2,2,1,97,"I-A",68,137,112,0.266667,0.537255,0.439216
99,11,629.699985925108,56.6729987332597,"Open Water","Open Water",-9999,-9999,-9999,-9999,-9999,-9999,-9999,"-9999",0,0,255,0,0,1
99,2132,17235.7096147519,1551.21386532767,"Ozark-Ouachita Dry-Mesic Oak Forest","Hardwood",188,66,15,11,6,17,77,"I-B",115,115,0,0.45098,0.45098,0
99,2139,2865.87993594259,257.929194234833,"Ozark-Ouachita Mesic Hardwood Forest","Hardwood",316,110,25,19,6,18,76,"I-C",0,135,74,0,0.529412,0.290196
99,2140,7175.42983961664,645.788685565498,"Ozark-Ouachita Dry Oak Woodland","Hardwood",38,89,6,5,13,5,82,"I-A",97,69,0,0.380392,0.270588,0
99,2141,11586.9597410113,1042.82637669101,"Ozark-Ouachita Shortleaf Pine-Oak Forest and Woodland","Conifer",347,92,5,5,1,5,94,"I-A",196,164,100,0.768627,0.643137,0.392157
99,2146,9852.98977976851,886.769080179166,"Arkansas Valley Prairie and Woodland-Prairie","Grassland",2,344,12,2,82,1,17,"II-A",255,120,187,1,0.470588,0.733333
99,2147,11958.3097327109,1076.24787594398,"Arkansas Valley Prairie and Woodland-Woodland","Grassland",96,14,2,2,3,14,83,"I-A",204,138,179,0.8,0.541176,0.701961
99,2153,11209.2597494535,1008.83337745082,"Central Interior and Appalachian Floodplain Systems-Large Floodplains","Riparian",142,-9999,100,59,41,-9999,59,"III-A",48,237,56,0.188235,0.929412,0.219608
99,2158,244.999994523823,22.0499995071441,"Central Interior and Appalachian Shrub-Herbaceous Wetland Systems","Riparian",17,-9999,-9999,17,100,-9999,-9999,"II-C",240,150,20,0.941176,0.588235,0.078431
99,2160,19836.9495566096,1785.32546009487,"Ozark-Ouachita Shortleaf Pine-Bluestem Woodland","Hardwood-Conifer",100,1223,2,2,2,1,97,"I-A",68,137,112,0.266667,0.537255,0.439216
100,11,85.9299980793148,7.73369982713833,"Open Water","Open Water",-9999,-9999,-9999,-9999,-9999,-9999,-9999,"-9999",0,0,255,0,0,1
100,2132,14606.3296735231,1314.56967061708,"Ozark-Ouachita Dry-Mesic Oak Forest","Hardwood",188,66,15,11,6,17,77,"I-B",115,115,0,0.45098,0.45098,0
100,2136,206.999995373189,18.6299995835871,"Ouachita Montane Oak Forest","Hardwood",38,89,6,5,13,6,81,"I-A",0,38,115,0,0.14902,0.45098
100,2139,1965.72995606251,176.915696045626,"Ozark-Ouachita Mesic Hardwood Forest","Hardwood",316,110,25,19,6,18,76,"I-C",0,135,74,0,0.529412,0.290196
100,2140,7483.37983273342,673.504184946008,"Ozark-Ouachita Dry Oak Woodland","Hardwood",38,89,6,5,13,5,82,"I-A",97,69,0,0.380392,0.270588,0
100,2141,6536.97985388711,588.32818684984,"Ozark-Ouachita Shortleaf Pine-Oak Forest and Woodland","Conifer",347,92,5,5,1,5,94,"I-A",196,164,100,0.768627,0.643137,0.392157
100,2146,23014.9994855747,2071.34995370172,"Arkansas Valley Prairie and Woodland-Prairie","Grassland",2,344,12,2,82,1,17,"II-A",255,120,187,1,0.470588,0.733333
100,2147,15133.629661737,1362.02666955633,"Arkansas Valley Prairie and Woodland-Woodland","Grassland",96,14,2,2,3,14,83,"I-A",204,138,179,0.8,0.541176,0.701961
100,2153,6294.2698593121,566.484287338089,"Central Interior and Appalachian Floodplain Systems-Large Floodplains","Riparian",142,-9999,100,59,41,-9999,59,"III-A",48,237,56,0.188235,0.929412,0.219608
100,2158,123.649997236207,11.1284997512586,"Central Interior and Appalachian Shrub-Herbaceous Wetland Systems","Riparian",17,-9999,-9999,17,100,-9999,-9999,"II-C",240,150,20,0.941176,0.588235,0.078431
100,2160,17144.2796167955,1542.98516551159,"Ozark-Ouachita Shortleaf Pine-Bluestem Woodland","Hardwood-Conifer",100,1223,2,2,2,1,97,"I-A",68,137,112,0.266667,0.537255,0.439216
102,11,1320.17997049168,118.816197344251,"Open Water","Open Water",-9999,-9999,-9999,-9999,-9999,-9999,-9999,"-9999",0,0,255,0,0,1
102,2132,25.9999994188547,2.33999994769692,"Ozark-Ouachita Dry-Mesic Oak Forest","Hardwood",188,66,15,11,6,17,77,"I-B",115,115,0,0.45098,0.45098,0
102,2138,200.919995509088,18.0827995958179,"West Gulf Coastal Plain Mesic Hardwood Forest","Hardwood",271,90,23,17,7,19,74,"I-C",181,158,143,0.709804,0.619608,0.560784
102,2140,10.9999997541308,0.989999977871776,"Ozark-Ouachita Dry Oak Woodland","Hardwood",38,89,6,5,13,5,82,"I-A",97,69,0,0.380392,0.270588,0
102,2142,23862.0294666421,2147.58265199779,"West Gulf Coastal Plain Pine-Hardwood Forest","Hardwood-Conifer",121,52,5,4,4,9,87,"I-A",100,168,0,0.392157,0.658824,0
102,2143,2.99999993294477,0.26999999396503,"West Gulf Coastal Plain Sandhill Oak and Shortleaf Pine Forest and Woodland","Hardwood-Conifer",159,390,5,5,3,1,96,"I-A",209,217,0,0.819608,0.85098,0
102,2150,22255.1095025595,2002.95985523036,"West Gulf Coastal Plain Northern Calcareous Prairie","Grassland",1280,7,7,3,1,52,47,"I-A",255,0,110,1,0,0.431373
102,2151,4894.89989059046,440.540990153141,"West Gulf Coastal Plain Pine-Hardwood Flatwoods","Hardwood-Conifer",179,104,5,5,3,4,93,"I-A",99,235,97,0.388235,0.921569,0.380392
102,2155,24406.4394544736,2196.57955090262,"Gulf and Atlantic Coastal Plain Floodplain Systems","Riparian",393,257,49,37,10,15,75,"III-A",102,119,205,0.4,0.466667,0.803922
102,2156,9870.05977938697,888.305380144827,"Gulf and Atlantic Coastal Plain Small Stream Riparian Systems","Riparian",431,129,50,33,8,26,66,"I-C",171,185,235,0.670588,0.72549,0.921569
102,2157,1137.08997458406,102.338097712565,"Gulf and Atlantic Coastal Plain Swamp Systems","Riparian",1020,-9999,685,410,40,-9999,60,"V-A",102,212,179,0.4,0.831373,0.701961
102,2158,1077.01997592673,96.9317978334054,"Central Interior and Appalachian Shrub-Herbaceous Wetland Systems","Riparian",17,-9999,-9999,17,100,-9999,-9999,"II-C",240,150,20,0.941176,0.588235,0.078431
102,2159,3532.44992104359,317.920492893923,"West Gulf Coastal Plain Nonriverine Wet Hardwood Flatwoods","Hardwood",308,130,38,27,9,21,70,"I-C",38,115,0,0.14902,0.45098,0
103,11,154.889996537939,13.9400996884145,"Open Water","Open Water",-9999,-9999,-9999,-9999,-9999,-9999,-9999,"-9999",0,0,255,0,0,1
103,2132,33.9999992400408,3.05999993160367,"Ozark-Ouachita Dry-Mesic Oak Forest","Hardwood",188,66,15,11,6,17,77,"I-B",115,115,0,0.45098,0.45098,0
103,2138,186.659995827824,16.7993996245041,"West Gulf Coastal Plain Mesic Hardwood Forest","Hardwood",271,90,23,17,7,19,74,"I-C",181,158,143,0.709804,0.619608,0.560784
103,2140,4.99999988824129,0.449999989941716,"Ozark-Ouachita Dry Oak Woodland","Hardwood",38,89,6,5,13,5,82,"I-A",97,69,0,0.380392,0.270588,0
103,2142,35405.4592086263,3186.49132877637,"West Gulf Coastal Plain Pine-Hardwood Forest","Hardwood-Conifer",121,52,5,4,4,9,87,"I-A",100,168,0,0.392157,0.658824,0
103,2143,8166.37981746718,734.974183572047,"West Gulf Coastal Plain Sandhill Oak and Shortleaf Pine Forest and Woodland","Hardwood-Conifer",159,390,5,5,3,1,96,"I-A",209,217,0,0.819608,0.85098,0
103,2150,1.99999995529652,0.179999995976686,"West Gulf Coastal Plain Northern Calcareous Prairie","Grassland",1280,7,7,3,1,52,47,"I-A",255,0,110,1,0,0.431373
103,2151,5053.58988704346,454.823089833912,"West Gulf Coastal Plain Pine-Hardwood Flatwoods","Hardwood-Conifer",179,104,5,5,3,4,93,"I-A",99,235,97,0.388235,0.921569,0.380392
103,2155,29255.8693460803,2633.02824114723,"Gulf and Atlantic Coastal Plain Floodplain Systems","Riparian",393,257,49,37,10,15,75,"III-A",102,119,205,0.4,0.466667,0.803922
103,2156,10288.1097700428,925.929879303854,"Gulf and Atlantic Coastal Plain Small Stream Riparian Systems","Riparian",431,129,50,33,8,26,66,"I-C",171,185,235,0.670588,0.72549,0.921569
103,2157,415.679990708828,37.4111991637945,"Gulf and Atlantic Coastal Plain Swamp Systems","Riparian",1020,-9999,685,410,40,-9999,60,"V-A",102,212,179,0.4,0.831373,0.701961
103,2159,3628.53991889581,326.568592700623,"West Gulf Coastal Plain Nonriverine Wet Hardwood Flatwoods","Hardwood",308,130,38,27,9,21,70,"I-C",38,115,0,0.14902,0.45098,0
104,11,1496.35996655375,134.672396989837,"Open Water","Open Water",-9999,-9999,-9999,-9999,-9999,-9999,-9999,"-9999",0,0,255,0,0,1
104,2132,21662.8795157969,1949.65915642172,"Ozark-Ouachita Dry-Mesic Oak Forest","Hardwood",188,66,15,11,6,17,77,"I-B",115,115,0,0.45098,0.45098,0
104,2139,6572.32985309698,591.509686778728,"Ozark-Ouachita Mesic Hardwood Forest","Hardwood",316,110,25,19,6,18,76,"I-C",0,135,74,0,0.529412,0.290196
104,2140,10480.3097657468,943.227878917214,"Ozark-Ouachita Dry Oak Woodland","Hardwood",38,89,6,5,13,5,82,"I-A",97,69,0,0.380392,0.270588,0
104,2141,31987.619285021,2878.88573565189,"Ozark-Ouachita Shortleaf Pine-Oak Forest and Woodland","Conifer",347,92,5,5,1,5,94,"I-A",196,164,100,0.768627,0.643137,0.392157
104,2160,20396.6795440987,1835.70115896888,"Ozark-Ouachita Shortleaf Pine-Bluestem Woodland","Hardwood-Conifer",100,1223,2,2,2,1,97,"I-A",68,137,112,0.266667,0.537255,0.439216
105,11,33.9999992400408,3.05999993160367,"Open Water","Open Water",-9999,-9999,-9999,-9999,-9999,-9999,-9999,"-9999",0,0,255,0,0,1
105,2132,20229.9695478249,1820.69725930424,"Ozark-Ouachita Dry-Mesic Oak Forest","Hardwood",188,66,15,11,6,17,77,"I-B",115,115,0,0.45098,0.45098,0
105,2139,2939.34993430041,264.541494087037,"Ozark-Ouachita Mesic Hardwood Forest","Hardwood",316,110,25,19,6,18,76,"I-C",0,135,74,0,0.529412,0.290196
105,2140,11809.36973604,1062.8432762436,"Ozark-Ouachita Dry Oak Woodland","Hardwood",38,89,6,5,13,5,82,"I-A",97,69,0,0.380392,0.270588,0
105,2141,28513.0893626828,2566.17804264145,"Ozark-Ouachita Shortleaf Pine-Oak Forest and Woodland","Conifer",347,92,5,5,1,5,94,"I-A",196,164,100,0.768627,0.643137,0.392157
105,2153,310.599993057549,27.9539993751794,"Central Interior and Appalachian Floodplain Systems-Large Floodplains","Riparian",142,-9999,100,59,41,-9999,59,"III-A",48,237,56,0.188235,0.929412,0.219608
105,2160,28759.7993571684,2588.38194214515,"Ozark-Ouachita Shortleaf Pine-Bluestem Woodland","Hardwood-Conifer",100,1223,2,2,2,1,97,"I-A",68,137,112,0.266667,0.537255,0.439216
106,11,600.599986575544,54.0539987917989,"Open Water","Open Water",-9999,-9999,-9999,-9999,-9999,-9999,-9999,"-9999",0,0,255,0,0,1
106,2132,18087.4395957142,1627.86956361428,"Ozark-Ouachita Dry-Mesic Oak Forest","Hardwood",188,66,15,11,6,17,77,"I-B",115,115,0,0.45098,0.45098,0
106,2139,1048.39997656643,94.3559978909791,"Ozark-Ouachita Mesic Hardwood Forest","Hardwood",316,110,25,19,6,18,76,"I-C",0,135,74,0,0.529412,0.290196
106,2140,8783.73980366811,790.53658233013,"Ozark-Ouachita Dry Oak Woodland","Hardwood",38,89,6,5,13,5,82,"I-A",97,69,0,0.380392,0.270588,0
106,2141,39715.649112286,3574.40842010574,"Ozark-Ouachita Shortleaf Pine-Oak Forest and Woodland","Conifer",347,92,5,5,1,5,94,"I-A",196,164,100,0.768627,0.643137,0.392157
106,2153,2335.77994779125,210.220195301212,"Central Interior and Appalachian Floodplain Systems-Large Floodplains","Riparian",142,-9999,100,59,41,-9999,59,"III-A",48,237,56,0.188235,0.929412,0.219608
106,2158,87.9999980330467,7.91999982297421,"Central Interior and Appalachian Shrub-Herbaceous Wetland Systems","Riparian",17,-9999,-9999,17,100,-9999,-9999,"II-C",240,150,20,0.941176,0.588235,0.078431
106,2160,21936.5695096795,1974.29125587115,"Ozark-Ouachita Shortleaf Pine-Bluestem Woodland","Hardwood-Conifer",100,1223,2,2,2,1,97,"I-A",68,137,112,0.266667,0.537255,0.439216
107,11,113.999997451901,10.2599997706711,"Open Water","Open Water",-9999,-9999,-9999,-9999,-9999,-9999,-9999,"-9999",0,0,255,0,0,1
107,2132,19107.5095729139,1719.67586156225,"Ozark-Ouachita Dry-Mesic Oak Forest","Hardwood",188,66,15,11,6,17,77,"I-B",115,115,0,0.45098,0.45098,0
107,2139,2298.87994861603,206.899195375443,"Ozark-Ouachita Mesic Hardwood Forest","Hardwood",316,110,25,19,6,18,76,"I-C",0,135,74,0,0.529412,0.290196
107,2140,10288.1797700413,925.936179303713,"Ozark-Ouachita Dry Oak Woodland","Hardwood",38,89,6,5,13,5,82,"I-A",97,69,0,0.380392,0.270588,0
107,2141,29886.2393319905,2689.76153987914,"Ozark-Ouachita Shortleaf Pine-Oak Forest and Woodland","Conifer",347,92,5,5,1,5,94,"I-A",196,164,100,0.768627,0.643137,0.392157
107,2153,4253.3999049291,382.805991443619,"Central Interior and Appalachian Floodplain Systems-Large Floodplains","Riparian",142,-9999,100,59,41,-9999,59,"III-A",48,237,56,0.188235,0.929412,0.219608
107,2158,69.9999984353781,6.29999985918403,"Central Interior and Appalachian Shrub-Herbaceous Wetland Systems","Riparian",17,-9999,-9999,17,100,-9999,-9999,"II-C",240,150,20,0.941176,0.588235,0.078431
107,2160,26577.9594059363,2392.01634653427,"Ozark-Ouachita Shortleaf Pine-Bluestem Woodland","Hardwood-Conifer",100,1223,2,2,2,1,97,"I-A",68,137,112,0.266667,0.537255,0.439216
108,11,13.9999996870756,1.25999997183681,"Open Water","Open Water",-9999,-9999,-9999,-9999,-9999,-9999,-9999,"-9999",0,0,255,0,0,1
108,2132,19155.1795718484,1723.96616146635,"Ozark-Ouachita Dry-Mesic Oak Forest","Hardwood",188,66,15,11,6,17,77,"I-B",115,115,0,0.45098,0.45098,0
108,2139,2487.56994439848,223.881294995863,"Ozark-Ouachita Mesic Hardwood Forest","Hardwood",316,110,25,19,6,18,76,"I-C",0,135,74,0,0.529412,0.290196
108,2140,11614.979740385,1045.34817663465,"Ozark-Ouachita Dry Oak Woodland","Hardwood",38,89,6,5,13,5,82,"I-A",97,69,0,0.380392,0.270588,0
108,2141,38578.2391377091,3472.04152239382,"Ozark-Ouachita Shortleaf Pine-Oak Forest and Woodland","Conifer",347,92,5,5,1,5,94,"I-A",196,164,100,0.768627,0.643137,0.392157
108,2153,5502.73987700418,495.246588930376,"Central Interior and Appalachian Floodplain Systems-Large Floodplains","Riparian",142,-9999,100,59,41,-9999,59,"III-A",48,237,56,0.188235,0.929412,0.219608
108,2158,79.9999982118607,7.19999983906746,"Central Interior and Appalachian Shrub-Herbaceous Wetland Systems","Riparian",17,-9999,-9999,17,100,-9999,-9999,"II-C",240,150,20,0.941176,0.588235,0.078431
108,2160,15163.46966107,1364.7122694963,"Ozark-Ouachita Shortleaf Pine-Bluestem Woodland","Hardwood-Conifer",100,1223,2,2,2,1,97,"I-A",68,137,112,0.266667,0.537255,0.439216
109,11,121.119997292757,10.9007997563481,"Open Water","Open Water",-9999,-9999,-9999,-9999,-9999,-9999,-9999,"-9999",0,0,255,0,0,1
109,2132,17973.0595982708,1617.57536384437,"Ozark-Ouachita Dry-Mesic Oak Forest","Hardwood",188,66,15,11,6,17,77,"I-B",115,115,0,0.45098,0.45098,0
109,2136,1287.75997121632,115.898397409469,"Ouachita Montane Oak Forest","Hardwood",38,89,6,5,13,6,81,"I-A",0,38,115,0,0.14902,0.45098
109,2139,1565.60996500589,140.90489685053,"Ozark-Ouachita Mesic Hardwood Forest","Hardwood",316,110,25,19,6,18,76,"I-C",0,135,74,0,0.529412,0.290196
109,2140,9269.6397928074,834.267581352666,"Ozark-Ouachita Dry Oak Woodland","Hardwood",38,89,6,5,13,5,82,"I-A",97,69,0,0.380392,0.270588,0
109,2141,11145.3697508816,1003.08327757934,"Ozark-Ouachita Shortleaf Pine-Oak Forest and Woodland","Conifer",347,92,5,5,1,5,94,"I-A",196,164,100,0.768627,0.643137,0.392157
109,2146,9126.78979600035,821.411081640031,"Arkansas Valley Prairie and Woodland-Prairie","Grassland",2,344,12,2,82,1,17,"II-A",255,120,187,1,0.470588,0.733333
109,2147,13780.089691991,1240.20807227919,"Arkansas Valley Prairie and Woodland-Woodland","Grassland",96,14,2,2,3,14,83,"I-A",204,138,179,0.8,0.541176,0.701961
109,2153,3095.53993080929,278.598593772836,"Central Interior and Appalachian Floodplain Systems-Large Floodplains","Riparian",142,-9999,100,59,41,-9999,59,"III-A",48,237,56,0.188235,0.929412,0.219608
109,2158,87.9299980346113,7.91369982311502,"Central Interior and Appalachian Shrub-Herbaceous Wetland Systems","Riparian",17,-9999,-9999,17,100,-9999,-9999,"II-C",240,150,20,0.941176,0.588235,0.078431
109,2160,25143.2594380043,2262.89334942039,"Ozark-Ouachita Shortleaf Pine-Bluestem Woodland","Hardwood-Conifer",100,1223,2,2,2,1,97,"I-A",68,137,112,0.266667,0.537255,0.439216
110,11,1408.59996851534,126.77399716638,"Open Water","Open Water",-9999,-9999,-9999,-9999,-9999,-9999,-9999,"-9999",0,0,255,0,0,1
110,2132,15246.5496592131,1372.18946932917,"Ozark-Ouachita Dry-Mesic Oak Forest","Hardwood",188,66,15,11,6,17,77,"I-B",115,115,0,0.45098,0.45098,0
110,2139,1898.61995756254,170.875796180628,"Ozark-Ouachita Mesic Hardwood Forest","Hardwood",316,110,25,19,6,18,76,"I-C",0,135,74,0,0.529412,0.290196
110,2140,5754.42987137847,517.898688424062,"Ozark-Ouachita Dry Oak Woodland","Hardwood",38,89,6,5,13,5,82,"I-A",97,69,0,0.380392,0.270588,0
110,2141,6757.56984895654,608.181286406089,"Ozark-Ouachita Shortleaf Pine-Oak Forest and Woodland","Conifer",347,92,5,5,1,5,94,"I-A",196,164,100,0.768627,0.643137,0.392157
110,2146,20259.4995471649,1823.35495924484,"Arkansas Valley Prairie and Woodland-Prairie","Grassland",2,344,12,2,82,1,17,"II-A",255,120,187,1,0.470588,0.733333
110,2147,25775.4694238734,2319.7922481486,"Arkansas Valley Prairie and Woodland-Woodland","Grassland",96,14,2,2,3,14,83,"I-A",204,138,179,0.8,0.541176,0.701961
110,2153,4210.51990588754,378.946791529879,"Central Interior and Appalachian Floodplain Systems-Large Floodplains","Riparian",142,-9999,100,59,41,-9999,59,"III-A",48,237,56,0.188235,0.929412,0.219608
110,2158,110.399997532368,9.93599977791309,"Central Interior and Appalachian Shrub-Herbaceous Wetland Systems","Riparian",17,-9999,-9999,17,100,-9999,-9999,"II-C",240,150,20,0.941176,0.588235,0.078431
110,2160,11174.5297502298,1005.70767752068,"Ozark-Ouachita Shortleaf Pine-Bluestem Woodland","Hardwood-Conifer",100,1223,2,2,2,1,97,"I-A",68,137,112,0.266667,0.537255,0.439216
111,11,1053.81997644529,94.8437978800759,"Open Water","Open Water",-9999,-9999,-9999,-9999,-9999,-9999,-9999,"-9999",0,0,255,0,0,1
111,2132,25.9999994188547,2.33999994769692,"Ozark-Ouachita Dry-Mesic Oak Forest","Hardwood",188,66,15,11,6,17,77,"I-B",115,115,0,0.45098,0.45098,0
111,2138,503.999988734722,45.359998986125,"West Gulf Coastal Plain Mesic Hardwood Forest","Hardwood",271,90,23,17,7,19,74,"I-C",181,158,143,0.709804,0.619608,0.560784
111,2140,49.9999988824129,4.49999989941716,"Ozark-Ouachita Dry Oak Woodland","Hardwood",38,89,6,5,13,5,82,"I-A",97,69,0,0.380392,0.270588,0
111,2142,6317.02985880338,568.532687292304,"West Gulf Coastal Plain Pine-Hardwood Forest","Hardwood-Conifer",121,52,5,4,4,9,87,"I-A",100,168,0,0.392157,0.658824,0
111,2150,9585.62978574447,862.706680717003,"West Gulf Coastal Plain Northern Calcareous Prairie","Grassland",1280,7,7,3,1,52,47,"I-A",255,0,110,1,0,0.431373
111,2151,77.8299982603639,7.00469984343275,"West Gulf Coastal Plain Pine-Hardwood Flatwoods","Hardwood-Conifer",179,104,5,5,3,4,93,"I-A",99,235,97,0.388235,0.921569,0.380392
111,2155,71078.7384112664,6397.08645701397,"Gulf and Atlantic Coastal Plain Floodplain Systems","Riparian",393,257,49,37,10,15,75,"III-A",102,119,205,0.4,0.466667,0.803922
111,2156,2620.95994141698,235.886394727528,"Gulf and Atlantic Coastal Plain Small Stream Riparian Systems","Riparian",431,129,50,33,8,26,66,"I-C",171,185,235,0.670588,0.72549,0.921569
111,2157,1222.18997268192,109.997097541373,"Gulf and Atlantic Coastal Plain Swamp Systems","Riparian",1020,-9999,685,410,40,-9999,60,"V-A",102,212,179,0.4,0.831373,0.701961
111,2158,37.9799991510808,3.41819992359728,"Central Interior and Appalachian Shrub-Herbaceous Wetland Systems","Riparian",17,-9999,-9999,17,100,-9999,-9999,"II-C",240,150,20,0.941176,0.588235,0.078431
111,2159,21.9999995082617,1.97999995574355,"West Gulf Coastal Plain Nonriverine Wet Hardwood Flatwoods","Hardwood",308,130,38,27,9,21,70,"I-C",38,115,0,0.14902,0.45098,0
112,11,1275.00997150131,114.750897435118,"Open Water","Open Water",-9999,-9999,-9999,-9999,-9999,-9999,-9999,"-9999",0,0,255,0,0,1
112,2138,2338.28994773515,210.446095296163,"West Gulf Coastal Plain Mesic Hardwood Forest","Hardwood",271,90,23,17,7,19,74,"I-C",181,158,143,0.709804,0.619608,0.560784
112,2140,1.99999995529652,0.179999995976686,"Ozark-Ouachita Dry Oak Woodland","Hardwood",38,89,6,5,13,5,82,"I-A",97,69,0,0.380392,0.270588,0
112,2142,22560.2394957393,2030.42155461654,"West Gulf Coastal Plain Pine-Hardwood Forest","Hardwood-Conifer",121,52,5,4,4,9,87,"I-A",100,168,0,0.392157,0.658824,0
112,2143,16275.0896362234,1464.75806726011,"West Gulf Coastal Plain Sandhill Oak and Shortleaf Pine Forest and Woodland","Hardwood-Conifer",159,390,5,5,3,1,96,"I-A",209,217,0,0.819608,0.85098,0
112,2150,11.9999997317791,1.07999997586012,"West Gulf Coastal Plain Northern Calcareous Prairie","Grassland",1280,7,7,3,1,52,47,"I-A",255,0,110,1,0,0.431373
112,2151,3959.42991149984,356.348692034986,"West Gulf Coastal Plain Pine-Hardwood Flatwoods","Hardwood-Conifer",179,104,5,5,3,4,93,"I-A",99,235,97,0.388235,0.921569,0.380392
112,2155,36720.3491792362,3304.83142613126,"Gulf and Atlantic Coastal Plain Floodplain Systems","Riparian",393,257,49,37,10,15,75,"III-A",102,119,205,0.4,0.466667,0.803922
112,2156,7154.81984007731,643.933785606958,"Gulf and Atlantic Coastal Plain Small Stream Riparian Systems","Riparian",431,129,50,33,8,26,66,"I-C",171,185,235,0.670588,0.72549,0.921569
112,2157,120.869997298345,10.878299756851,"Gulf and Atlantic Coastal Plain Swamp Systems","Riparian",1020,-9999,685,410,40,-9999,60,"V-A",102,212,179,0.4,0.831373,0.701961
112,2159,2178.06995131634,196.026295618471,"West Gulf Coastal Plain Nonriverine Wet Hardwood Flatwoods","Hardwood",308,130,38,27,9,21,70,"I-C",38,115,0,0.14902,0.45098,0
113,11,489.749989053234,44.0774990147911,"Open Water","Open Water",-9999,-9999,-9999,-9999,-9999,-9999,-9999,"-9999",0,0,255,0,0,1
113,2132,16021.9396418817,1441.97456776936,"Ozark-Ouachita Dry-Mesic Oak Forest","Hardwood",188,66,15,11,6,17,77,"I-B",115,115,0,0.45098,0.45098,0
113,2139,1623.27996371686,146.095196734518,"Ozark-Ouachita Mesic Hardwood Forest","Hardwood",316,110,25,19,6,18,76,"I-C",0,135,74,0,0.529412,0.290196
113,2140,8297.00981454737,746.730883309264,"Ozark-Ouachita Dry Oak Woodland","Hardwood",38,89,6,5,13,5,82,"I-A",97,69,0,0.380392,0.270588,0
113,2141,45136.7289911155,4062.30560920039,"Ozark-Ouachita Shortleaf Pine-Oak Forest and Woodland","Conifer",347,92,5,5,1,5,94,"I-A",196,164,100,0.768627,0.643137,0.392157
113,2153,557.999987527728,50.2199988774955,"Central Interior and Appalachian Floodplain Systems-Large Floodplains","Riparian",142,-9999,100,59,41,-9999,59,"III-A",48,237,56,0.188235,0.929412,0.219608
113,2160,20469.4595424719,1842.25135882247,"Ozark-Ouachita Shortleaf Pine-Bluestem Woodland","Hardwood-Conifer",100,1223,2,2,2,1,97,"I-A",68,137,112,0.266667,0.537255,0.439216
114,11,179.389995990321,16.1450996391289,"Open Water","Open Water",-9999,-9999,-9999,-9999,-9999,-9999,-9999,"-9999",0,0,255,0,0,1
114,2132,14827.9196685702,1334.51277017131,"Ozark-Ouachita Dry-Mesic Oak Forest","Hardwood",188,66,15,11,6,17,77,"I-B",115,115,0,0.45098,0.45098,0
114,2139,147.499996703118,13.2749997032806,"Ozark-Ouachita Mesic Hardwood Forest","Hardwood",316,110,25,19,6,18,76,"I-C",0,135,74,0,0.529412,0.290196
114,2140,7807.73982548341,702.696584293507,"Ozark-Ouachita Dry Oak Woodland","Hardwood",38,89,6,5,13,5,82,"I-A",97,69,0,0.380392,0.270588,0
114,2141,44953.8289952036,4045.84460956832,"Ozark-Ouachita Shortleaf Pine-Oak Forest and Woodland","Conifer",347,92,5,5,1,5,94,"I-A",196,164,100,0.768627,0.643137,0.392157
114,2153,1602.99996417016,144.269996775314,"Central Interior and Appalachian Floodplain Systems-Large Floodplains","Riparian",142,-9999,100,59,41,-9999,59,"III-A",48,237,56,0.188235,0.929412,0.219608
114,2160,23076.8094841931,2076.91285357738,"Ozark-Ouachita Shortleaf Pine-Bluestem Woodland","Hardwood-Conifer",100,1223,2,2,2,1,97,"I-A",68,137,112,0.266667,0.537255,0.439216
115,11,720.249983901158,64.8224985511042,"Open Water","Open Water",-9999,-9999,-9999,-9999,-9999,-9999,-9999,"-9999",0,0,255,0,0,1
115,2132,15445.7196547613,1390.11476892851,"Ozark-Ouachita Dry-Mesic Oak Forest","Hardwood",188,66,15,11,6,17,77,"I-B",115,115,0,0.45098,0.45098,0
115,2139,148.199996687472,13.3379997018725,"Ozark-Ouachita Mesic Hardwood Forest","Hardwood",316,110,25,19,6,18,76,"I-C",0,135,74,0,0.529412,0.290196
115,2140,8275.52981502749,744.797683352474,"Ozark-Ouachita Dry Oak Woodland","Hardwood",38,89,6,5,13,5,82,"I-A",97,69,0,0.380392,0.270588,0
115,2141,41290.4490770865,3716.14041693779,"Ozark-Ouachita Shortleaf Pine-Oak Forest and Woodland","Conifer",347,92,5,5,1,5,94,"I-A",196,164,100,0.768627,0.643137,0.392157
115,2153,7838.79982478917,705.491984231025,"Central Interior and Appalachian Floodplain Systems-Large Floodplains","Riparian",142,-9999,100,59,41,-9999,59,"III-A",48,237,56,0.188235,0.929412,0.219608
115,2158,205.999995395541,18.5399995855987,"Central Interior and Appalachian Shrub-Herbaceous Wetland Systems","Riparian",17,-9999,-9999,17,100,-9999,-9999,"II-C",240,150,20,0.941176,0.588235,0.078431
115,2160,18671.2395826653,1680.41156243987,"Ozark-Ouachita Shortleaf Pine-Bluestem Woodland","Hardwood-Conifer",100,1223,2,2,2,1,97,"I-A",68,137,112,0.266667,0.537255,0.439216
116,11,14.9999996647239,1.34999996982515,"Open Water","Open Water",-9999,-9999,-9999,-9999,-9999,-9999,-9999,"-9999",0,0,255,0,0,1
116,2132,19435.0695655923,1749.15626090331,"Ozark-Ouachita Dry-Mesic Oak Forest","Hardwood",188,66,15,11,6,17,77,"I-B",115,115,0,0.45098,0.45098,0
116,2136,7428.35983396322,668.552385056689,"Ouachita Montane Oak Forest","Hardwood",38,89,6,5,13,6,81,"I-A",0,38,115,0,0.14902,0.45098
116,2139,5365.22988007776,482.870689206999,"Ozark-Ouachita Mesic Hardwood Forest","Hardwood",316,110,25,19,6,18,76,"I-C",0,135,74,0,0.529412,0.290196
116,2140,9458.1797885932,851.236180973388,"Ozark-Ouachita Dry Oak Woodland","Hardwood",38,89,6,5,13,5,82,"I-A",97,69,0,0.380392,0.270588,0
116,2141,18972.8895759229,1707.56006183306,"Ozark-Ouachita Shortleaf Pine-Oak Forest and Woodland","Conifer",347,92,5,5,1,5,94,"I-A",196,164,100,0.768627,0.643137,0.392157
116,2153,159.129996443167,14.3216996798851,"Central Interior and Appalachian Floodplain Systems-Large Floodplains","Riparian",142,-9999,100,59,41,-9999,59,"III-A",48,237,56,0.188235,0.929412,0.219608
116,2158,0.999999977648258,0.0899999979883432,"Central Interior and Appalachian Shrub-Herbaceous Wetland Systems","Riparian",17,-9999,-9999,17,100,-9999,-9999,"II-C",240,150,20,0.941176,0.588235,0.078431
116,2160,31761.3192900792,2858.51873610713,"Ozark-Ouachita Shortleaf Pine-Bluestem Woodland","Hardwood-Conifer",100,1223,2,2,2,1,97,"I-A",68,137,112,0.266667,0.537255,0.439216
117,11,510.65998858586,45.9593989727274,"Open Water","Open Water",-9999,-9999,-9999,-9999,-9999,-9999,-9999,"-9999",0,0,255,0,0,1
117,2132,24065.7994620875,2165.92195158787,"Ozark-Ouachita Dry-Mesic Oak Forest","Hardwood",188,66,15,11,6,17,77,"I-B",115,115,0,0.45098,0.45098,0
117,2139,3825.71991448849,344.314792303965,"Ozark-Ouachita Mesic Hardwood Forest","Hardwood",316,110,25,19,6,18,76,"I-C",0,135,74,0,0.529412,0.290196
117,2140,9313.68979182281,838.232081264053,"Ozark-Ouachita Dry Oak Woodland","Hardwood",38,89,6,5,13,5,82,"I-A",97,69,0,0.380392,0.270588,0
117,2141,20643.0195385925,1857.87175847333,"Ozark-Ouachita Shortleaf Pine-Oak Forest and Woodland","Conifer",347,92,5,5,1,5,94,"I-A",196,164,100,0.768627,0.643137,0.392157
117,2146,3832.84991432913,344.956492289621,"Arkansas Valley Prairie and Woodland-Prairie","Grassland",2,344,12,2,82,1,17,"II-A",255,120,187,1,0.470588,0.733333
117,2147,2555.70994287543,230.013894858789,"Arkansas Valley Prairie and Woodland-Woodland","Grassland",96,14,2,2,3,14,83,"I-A",204,138,179,0.8,0.541176,0.701961
117,2153,10528.2497646753,947.542478820775,"Central Interior and Appalachian Floodplain Systems-Large Floodplains","Riparian",142,-9999,100,59,41,-9999,59,"III-A",48,237,56,0.188235,0.929412,0.219608
117,2158,50.0699988808483,4.50629989927635,"Central Interior and Appalachian Shrub-Herbaceous Wetland Systems","Riparian",17,-9999,-9999,17,100,-9999,-9999,"II-C",240,150,20,0.941176,0.588235,0.078431
117,2160,17270.419613976,1554.33776525784,"Ozark-Ouachita Shortleaf Pine-Bluestem Woodland","Hardwood-Conifer",100,1223,2,2,2,1,97,"I-A",68,137,112,0.266667,0.537255,0.439216
118,11,1487.66996674798,133.890297007319,"Open Water","Open Water",-9999,-9999,-9999,-9999,-9999,-9999,-9999,"-9999",0,0,255,0,0,1
118,31,14.9999996647239,1.34999996982515,"Barren-Rock/Sand/Clay","Barren-Rock/Sand/Clay",-9999,-9999,-9999,-9999,-9999,-9999,-9999,"-9999",191,191,191,0.74902,0.74902,0.74902
118,2132,12032.4197310545,1082.9177757949,"Ozark-Ouachita Dry-Mesic Oak Forest","Hardwood",188,66,15,11,6,17,77,"I-B",115,115,0,0.45098,0.45098,0
118,2136,6.70999985001981,0.603899986501783,"Ouachita Montane Oak Forest","Hardwood",38,89,6,5,13,6,81,"I-A",0,38,115,0,0.14902,0.45098
118,2139,570.469987249002,51.3422988524102,"Ozark-Ouachita Mesic Hardwood Forest","Hardwood",316,110,25,19,6,18,76,"I-C",0,135,74,0,0.529412,0.290196
118,2140,5552.11987590045,499.69078883104,"Ozark-Ouachita Dry Oak Woodland","Hardwood",38,89,6,5,13,5,82,"I-A",97,69,0,0.380392,0.270588,0
118,2141,2291.73994877562,206.256595389806,"Ozark-Ouachita Shortleaf Pine-Oak Forest and Woodland","Conifer",347,92,5,5,1,5,94,"I-A",196,164,100,0.768627,0.643137,0.392157
118,2146,25740.6294246521,2316.65664821869,"Arkansas Valley Prairie and Woodland-Prairie","Grassland",2,344,12,2,82,1,17,"II-A",255,120,187,1,0.470588,0.733333
118,2147,24307.009456696,2187.63085110264,"Arkansas Valley Prairie and Woodland-Woodland","Grassland",96,14,2,2,3,14,83,"I-A",204,138,179,0.8,0.541176,0.701961
118,2153,6339.4298583027,570.548687247243,"Central Interior and Appalachian Floodplain Systems-Large Floodplains","Riparian",142,-9999,100,59,41,-9999,59,"III-A",48,237,56,0.188235,0.929412,0.219608
118,2158,48.2999989204109,4.34699990283698,"Central Interior and Appalachian Shrub-Herbaceous Wetland Systems","Riparian",17,-9999,-9999,17,100,-9999,-9999,"II-C",240,150,20,0.941176,0.588235,0.078431
118,2160,14204.6796825007,1278.42117142506,"Ozark-Ouachita Shortleaf Pine-Bluestem Woodland","Hardwood-Conifer",100,1223,2,2,2,1,97,"I-A",68,137,112,0.266667,0.537255,0.439216
119,11,430.999990366399,38.7899991329759,"Open Water","Open Water",-9999,-9999,-9999,-9999,-9999,-9999,-9999,"-9999",0,0,255,0,0,1
119,2132,20931.5095321443,1883.83585789299,"Ozark-Ouachita Dry-Mesic Oak Forest","Hardwood",188,66,15,11,6,17,77,"I-B",115,115,0,0.45098,0.45098,0
119,2139,2256.56994956173,203.091295460556,"Ozark-Ouachita Mesic Hardwood Forest","Hardwood",316,110,25,19,6,18,76,"I-C",0,135,74,0,0.529412,0.290196
119,2140,10351.31976863,931.618779176697,"Ozark-Ouachita Dry Oak Woodland","Hardwood",38,89,6,5,13,5,82,"I-A",97,69,0,0.380392,0.270588,0
119,2141,35952.229196405,3235.70062767645,"Ozark-Ouachita Shortleaf Pine-Oak Forest and Woodland","Conifer",347,92,5,5,1,5,94,"I-A",196,164,100,0.768627,0.643137,0.392157
119,2145,0.999999977648258,0.0899999979883432,"Central Interior Highlands Calcareous Glade and Barrens","Grassland",19,16,5,3,18,21,61,"I-A",255,235,20,1,0.921569,0.078431
119,2153,439.26999018155,39.5342991163395,"Central Interior and Appalachian Floodplain Systems-Large Floodplains","Riparian",142,-9999,100,59,41,-9999,59,"III-A",48,237,56,0.188235,0.929412,0.219608
119,2158,779.999982565641,70.1999984309077,"Central Interior and Appalachian Shrub-Herbaceous Wetland Systems","Riparian",17,-9999,-9999,17,100,-9999,-9999,"II-C",240,150,20,0.941176,0.588235,0.078431
119,2160,21453.2795204818,1930.79515684336,"Ozark-Ouachita Shortleaf Pine-Bluestem Woodland","Hardwood-Conifer",100,1223,2,2,2,1,97,"I-A",68,137,112,0.266667,0.537255,0.439216
120,11,41.609999069944,3.74489991629496,"Open Water","Open Water",-9999,-9999,-9999,-9999,-9999,-9999,-9999,"-9999",0,0,255,0,0,1
120,2132,20302.7895461973,1827.25105915776,"Ozark-Ouachita Dry-Mesic Oak Forest","Hardwood",188,66,15,11,6,17,77,"I-B",115,115,0,0.45098,0.45098,0
120,2139,1892.70995769463,170.343896192517,"Ozark-Ouachita Mesic Hardwood Forest","Hardwood",316,110,25,19,6,18,76,"I-C",0,135,74,0,0.529412,0.290196
120,2140,9598.78978545032,863.891080690529,"Ozark-Ouachita Dry Oak Woodland","Hardwood",38,89,6,5,13,5,82,"I-A",97,69,0,0.380392,0.270588,0
120,2141,38856.1591314971,3497.05432183474,"Ozark-Ouachita Shortleaf Pine-Oak Forest and Woodland","Conifer",347,92,5,5,1,5,94,"I-A",196,164,100,0.768627,0.643137,0.392157
120,2153,936.379979070276,84.2741981163248,"Central Interior and Appalachian Floodplain Systems-Large Floodplains","Riparian",142,-9999,100,59,41,-9999,59,"III-A",48,237,56,0.188235,0.929412,0.219608
120,2160,20967.7395313345,1887.0965578201,"Ozark-Ouachita Shortleaf Pine-Bluestem Woodland","Hardwood-Conifer",100,1223,2,2,2,1,97,"I-A",68,137,112,0.266667,0.537255,0.439216
121,11,709.149984149262,63.8234985734336,"Open Water","Open Water",-9999,-9999,-9999,-9999,-9999,-9999,-9999,"-9999",0,0,255,0,0,1
121,2132,19164.94957163,1724.8454614467,"Ozark-Ouachita Dry-Mesic Oak Forest","Hardwood",188,66,15,11,6,17,77,"I-B",115,115,0,0.45098,0.45098,0
121,2136,1750.63996087015,157.557596478313,"Ouachita Montane Oak Forest","Hardwood",38,89,6,5,13,6,81,"I-A",0,38,115,0,0.14902,0.45098
121,2139,3125.78993013315,281.321093711983,"Ozark-Ouachita Mesic Hardwood Forest","Hardwood",316,110,25,19,6,18,76,"I-C",0,135,74,0,0.529412,0.290196
121,2140,12439.3297219593,1119.53967497634,"Ozark-Ouachita Dry Oak Woodland","Hardwood",38,89,6,5,13,5,82,"I-A",97,69,0,0.380392,0.270588,0
121,2141,35105.6392153278,3159.5075293795,"Ozark-Ouachita Shortleaf Pine-Oak Forest and Woodland","Conifer",347,92,5,5,1,5,94,"I-A",196,164,100,0.768627,0.643137,0.392157
121,2153,533.25998808071,47.9933989272639,"Central Interior and Appalachian Floodplain Systems-Large Floodplains","Riparian",142,-9999,100,59,41,-9999,59,"III-A",48,237,56,0.188235,0.929412,0.219608
121,2160,19767.4195581637,1779.06776023474,"Ozark-Ouachita Shortleaf Pine-Bluestem Woodland","Hardwood-Conifer",100,1223,2,2,2,1,97,"I-A",68,137,112,0.266667,0.537255,0.439216
122,11,13.9999996870756,1.25999997183681,"Open Water","Open Water",-9999,-9999,-9999,-9999,-9999,-9999,-9999,"-9999",0,0,255,0,0,1
122,2132,21896.1095105838,1970.64985595254,"Ozark-Ouachita Dry-Mesic Oak Forest","Hardwood",188,66,15,11,6,17,77,"I-B",115,115,0,0.45098,0.45098,0
122,2139,1629.3899635803,146.645096722227,"Ozark-Ouachita Mesic Hardwood Forest","Hardwood",316,110,25,19,6,18,76,"I-C",0,135,74,0,0.529412,0.290196
122,2140,9892.56977888383,890.331280099545,"Ozark-Ouachita Dry Oak Woodland","Hardwood",38,89,6,5,13,5,82,"I-A",97,69,0,0.380392,0.270588,0
122,2141,33872.9792428799,3048.56813185919,"Ozark-Ouachita Shortleaf Pine-Oak Forest and Woodland","Conifer",347,92,5,5,1,5,94,"I-A",196,164,100,0.768627,0.643137,0.392157
122,2153,2420.46994589828,217.842295130845,"Central Interior and Appalachian Floodplain Systems-Large Floodplains","Riparian",142,-9999,100,59,41,-9999,59,"III-A",48,237,56,0.188235,0.929412,0.219608
122,2160,22870.6594888009,2058.35935399208,"Ozark-Ouachita Shortleaf Pine-Bluestem Woodland","Hardwood-Conifer",100,1223,2,2,2,1,97,"I-A",68,137,112,0.266667,0.537255,0.439216
123,11,371.889991687611,33.470099251885,"Open Water","Open Water",-9999,-9999,-9999,-9999,-9999,-9999,-9999,"-9999",0,0,255,0,0,1
123,2132,15344.0596570335,1380.96536913302,"Ozark-Ouachita Dry-Mesic Oak Forest","Hardwood",188,66,15,11,6,17,77,"I-B",115,115,0,0.45098,0.45098,0
123,2136,66.5299985129386,5.98769986616448,"Ouachita Montane Oak Forest","Hardwood",38,89,6,5,13,6,81,"I-A",0,38,115,0,0.14902,0.45098
123,2139,1865.61995830014,167.905796247013,"Ozark-Ouachita Mesic Hardwood Forest","Hardwood",316,110,25,19,6,18,76,"I-C",0,135,74,0,0.529412,0.290196
123,2140,7032.75984280556,632.948385852501,"Ozark-Ouachita Dry Oak Woodland","Hardwood",38,89,6,5,13,5,82,"I-A",97,69,0,0.380392,0.270588,0
123,2141,13195.3797050603,1187.58417345542,"Ozark-Ouachita Shortleaf Pine-Oak Forest and Woodland","Conifer",347,92,5,5,1,5,94,"I-A",196,164,100,0.768627,0.643137,0.392157
123,2146,7301.35983680189,657.12238531217,"Arkansas Valley Prairie and Woodland-Prairie","Grassland",2,344,12,2,82,1,17,"II-A",255,120,187,1,0.470588,0.733333
123,2147,12615.6297180187,1135.40667462168,"Arkansas Valley Prairie and Woodland-Woodland","Grassland",96,14,2,2,3,14,83,"I-A",204,138,179,0.8,0.541176,0.701961
123,2153,7384.58983494155,664.61308514474,"Central Interior and Appalachian Floodplain Systems-Large Floodplains","Riparian",142,-9999,100,59,41,-9999,59,"III-A",48,237,56,0.188235,0.929412,0.219608
123,2160,27418.3693871517,2467.65324484365,"Ozark-Ouachita Shortleaf Pine-Bluestem Woodland","Hardwood-Conifer",100,1223,2,2,2,1,97,"I-A",68,137,112,0.266667,0.537255,0.439216
124,11,827.999981492758,74.5199983343482,"Open Water","Open Water",-9999,-9999,-9999,-9999,-9999,-9999,-9999,"-9999",0,0,255,0,0,1
124,2132,5904.45986802503,531.401388122253,"Ozark-Ouachita Dry-Mesic Oak Forest","Hardwood",188,66,15,11,6,17,77,"I-B",115,115,0,0.45098,0.45098,0
124,2139,154.28999655135,13.8860996896215,"Ozark-Ouachita Mesic Hardwood Forest","Hardwood",316,110,25,19,6,18,76,"I-C",0,135,74,0,0.529412,0.290196
124,2140,4211.26990587078,379.01429152837,"Ozark-Ouachita Dry Oak Woodland","Hardwood",38,89,6,5,13,5,82,"I-A",97,69,0,0.380392,0.270588,0
124,2141,950.449978755787,85.5404980880208,"Ozark-Ouachita Shortleaf Pine-Oak Forest and Woodland","Conifer",347,92,5,5,1,5,94,"I-A",196,164,100,0.768627,0.643137,0.392157
124,2146,39429.6491186786,3548.66842068108,"Arkansas Valley Prairie and Woodland-Prairie","Grassland",2,344,12,2,82,1,17,"II-A",255,120,187,1,0.470588,0.733333
124,2147,36523.0391836464,3287.07352652818,"Arkansas Valley Prairie and Woodland-Woodland","Grassland",96,14,2,2,3,14,83,"I-A",204,138,179,0.8,0.541176,0.701961
124,2153,4386.09990196303,394.748991176672,"Central Interior and Appalachian Floodplain Systems-Large Floodplains","Riparian",142,-9999,100,59,41,-9999,59,"III-A",48,237,56,0.188235,0.929412,0.219608
124,2160,208.929995330051,18.8036995797046,"Ozark-Ouachita Shortleaf Pine-Bluestem Woodland","Hardwood-Conifer",100,1223,2,2,2,1,97,"I-A",68,137,112,0.266667,0.537255,0.439216
125,11,3688.74991755001,331.987492579501,"Open Water","Open Water",-9999,-9999,-9999,-9999,-9999,-9999,-9999,"-9999",0,0,255,0,0,1
125,2132,18032.8395969346,1622.95556372412,"Ozark-Ouachita Dry-Mesic Oak Forest","Hardwood",188,66,15,11,6,17,77,"I-B",115,115,0,0.45098,0.45098,0
125,2139,2523.6599435918,227.129394923262,"Ozark-Ouachita Mesic Hardwood Forest","Hardwood",316,110,25,19,6,18,76,"I-C",0,135,74,0,0.529412,0.290196
125,2140,9153.31979540735,823.798781586662,"Ozark-Ouachita Dry Oak Woodland","Hardwood",38,89,6,5,13,5,82,"I-A",97,69,0,0.380392,0.270588,0
125,2141,37520.2191613577,3376.8197245222,"Ozark-Ouachita Shortleaf Pine-Oak Forest and Woodland","Conifer",347,92,5,5,1,5,94,"I-A",196,164,100,0.768627,0.643137,0.392157
125,2153,1406.54996856116,126.589497170504,"Central Interior and Appalachian Floodplain Systems-Large Floodplains","Riparian",142,-9999,100,59,41,-9999,59,"III-A",48,237,56,0.188235,0.929412,0.219608
125,2160,20270.8495469112,1824.37645922201,"Ozark-Ouachita Shortleaf Pine-Bluestem Woodland","Hardwood-Conifer",100,1223,2,2,2,1,97,"I-A",68,137,112,0.266667,0.537255,0.439216
126,11,596.99998665601,53.7299987990409,"Open Water","Open Water",-9999,-9999,-9999,-9999,-9999,-9999,-9999,"-9999",0,0,255,0,0,1
126,2132,19087.9895733502,1717.91906160152,"Ozark-Ouachita Dry-Mesic Oak Forest","Hardwood",188,66,15,11,6,17,77,"I-B",115,115,0,0.45098,0.45098,0
126,2139,4892.61989064142,440.335790157728,"Ozark-Ouachita Mesic Hardwood Forest","Hardwood",316,110,25,19,6,18,76,"I-C",0,135,74,0,0.529412,0.290196
126,2140,9004.13979874179,810.372581886761,"Ozark-Ouachita Dry Oak Woodland","Hardwood",38,89,6,5,13,5,82,"I-A",97,69,0,0.380392,0.270588,0
126,2141,37529.7091611456,3377.67382450311,"Ozark-Ouachita Shortleaf Pine-Oak Forest and Woodland","Conifer",347,92,5,5,1,5,94,"I-A",196,164,100,0.768627,0.643137,0.392157
126,2153,111.999997496605,10.0799997746944,"Central Interior and Appalachian Floodplain Systems-Large Floodplains","Riparian",142,-9999,100,59,41,-9999,59,"III-A",48,237,56,0.188235,0.929412,0.219608
126,2160,21372.7295222823,1923.5456570054,"Ozark-Ouachita Shortleaf Pine-Bluestem Woodland","Hardwood-Conifer",100,1223,2,2,2,1,97,"I-A",68,137,112,0.266667,0.537255,0.439216
127,11,257.299994248897,23.1569994824007,"Open Water","Open Water",-9999,-9999,-9999,-9999,-9999,-9999,-9999,"-9999",0,0,255,0,0,1
127,2132,16165.3696386758,1454.88326748082,"Ozark-Ouachita Dry-Mesic Oak Forest","Hardwood",188,66,15,11,6,17,77,"I-B",115,115,0,0.45098,0.45098,0
127,2139,1503.62996639125,135.326696975213,"Ozark-Ouachita Mesic Hardwood Forest","Hardwood",316,110,25,19,6,18,76,"I-C",0,135,74,0,0.529412,0.290196
127,2140,14412.2796778604,1297.10517100744,"Ozark-Ouachita Dry Oak Woodland","Hardwood",38,89,6,5,13,5,82,"I-A",97,69,0,0.380392,0.270588,0
127,2141,27307.8693896215,2457.70824506594,"Ozark-Ouachita Shortleaf Pine-Oak Forest and Woodland","Conifer",347,92,5,5,1,5,94,"I-A",196,164,100,0.768627,0.643137,0.392157
127,2153,2188.38995108567,196.95509559771,"Central Interior and Appalachian Floodplain Systems-Large Floodplains","Riparian",142,-9999,100,59,41,-9999,59,"III-A",48,237,56,0.188235,0.929412,0.219608
127,2160,30761.3293124307,2768.51963811876,"Ozark-Ouachita Shortleaf Pine-Bluestem Woodland","Hardwood-Conifer",100,1223,2,2,2,1,97,"I-A",68,137,112,0.266667,0.537255,0.439216
128,11,12.2999997250736,1.10699997525662,"Open Water","Open Water",-9999,-9999,-9999,-9999,-9999,-9999,-9999,"-9999",0,0,255,0,0,1
128,2132,22869.3494888302,2058.24145399472,"Ozark-Ouachita Dry-Mesic Oak Forest","Hardwood",188,66,15,11,6,17,77,"I-B",115,115,0,0.45098,0.45098,0
128,2136,884.999980218709,79.6499982196838,"Ouachita Montane Oak Forest","Hardwood",38,89,6,5,13,6,81,"I-A",0,38,115,0,0.14902,0.45098
128,2139,4038.03990974277,363.42359187685,"Ozark-Ouachita Mesic Hardwood Forest","Hardwood",316,110,25,19,6,18,76,"I-C",0,135,74,0,0.529412,0.290196
128,2140,10098.7397742756,908.886579684801,"Ozark-Ouachita Dry Oak Woodland","Hardwood",38,89,6,5,13,5,82,"I-A",97,69,0,0.380392,0.270588,0
128,2141,21682.2895153631,1951.40605638267,"Ozark-Ouachita Shortleaf Pine-Oak Forest and Woodland","Conifer",347,92,5,5,1,5,94,"I-A",196,164,100,0.768627,0.643137,0.392157
128,2153,728.069983726367,65.5262985353731,"Central Interior and Appalachian Floodplain Systems-Large Floodplains","Riparian",142,-9999,100,59,41,-9999,59,"III-A",48,237,56,0.188235,0.929412,0.219608
128,2160,32282.3992784321,2905.41593505889,"Ozark-Ouachita Shortleaf Pine-Bluestem Woodland","Hardwood-Conifer",100,1223,2,2,2,1,97,"I-A",68,137,112,0.266667,0.537255,0.439216
129,11,4304.73990378156,387.426591340341,"Open Water","Open Water",-9999,-9999,-9999,-9999,-9999,-9999,-9999,"-9999",0,0,255,0,0,1
129,2132,25546.3994289935,2299.17594860941,"Ozark-Ouachita Dry-Mesic Oak Forest","Hardwood",188,66,15,11,6,17,77,"I-B",115,115,0,0.45098,0.45098,0
129,2139,4728.579894308,425.57219048772,"Ozark-Ouachita Mesic Hardwood Forest","Hardwood",316,110,25,19,6,18,76,"I-C",0,135,74,0,0.529412,0.290196
129,2140,9872.42977933399,888.518680140059,"Ozark-Ouachita Dry Oak Woodland","Hardwood",38,89,6,5,13,5,82,"I-A",97,69,0,0.380392,0.270588,0
129,2141,23594.2294726279,2123.48065253651,"Ozark-Ouachita Shortleaf Pine-Oak Forest and Woodland","Conifer",347,92,5,5,1,5,94,"I-A",196,164,100,0.768627,0.643137,0.392157
129,2153,5450.02987818234,490.50268903641,"Central Interior and Appalachian Floodplain Systems-Large Floodplains","Riparian",142,-9999,100,59,41,-9999,59,"III-A",48,237,56,0.188235,0.929412,0.219608
129,2158,2.99999993294477,0.26999999396503,"Central Interior and Appalachian Shrub-Herbaceous Wetland Systems","Riparian",17,-9999,-9999,17,100,-9999,-9999,"II-C",240,150,20,0.941176,0.588235,0.078431
129,2160,19096.7795731537,1718.71016158383,"Ozark-Ouachita Shortleaf Pine-Bluestem Woodland","Hardwood-Conifer",100,1223,2,2,2,1,97,"I-A",68,137,112,0.266667,0.537255,0.439216
130,11,841.43998119235,75.7295983073115,"Open Water","Open Water",-9999,-9999,-9999,-9999,-9999,-9999,-9999,"-9999",0,0,255,0,0,1
130,2132,17770.5496027973,1599.34946425175,"Ozark-Ouachita Dry-Mesic Oak Forest","Hardwood",188,66,15,11,6,17,77,"I-B",115,115,0,0.45098,0.45098,0
130,2139,1768.83996046335,159.195596441701,"Ozark-Ouachita Mesic Hardwood Forest","Hardwood",316,110,25,19,6,18,76,"I-C",0,135,74,0,0.529412,0.290196
130,2140,5707.11987243593,513.640788519233,"Ozark-Ouachita Dry Oak Woodland","Hardwood",38,89,6,5,13,5,82,"I-A",97,69,0,0.380392,0.270588,0
130,2141,7812.70982537232,703.143884283509,"Ozark-Ouachita Shortleaf Pine-Oak Forest and Woodland","Conifer",347,92,5,5,1,5,94,"I-A",196,164,100,0.768627,0.643137,0.392157
130,2146,19173.3695714418,1725.60326142976,"Arkansas Valley Prairie and Woodland-Prairie","Grassland",2,344,12,2,82,1,17,"II-A",255,120,187,1,0.470588,0.733333
130,2147,18508.0695863124,1665.72626276812,"Arkansas Valley Prairie and Woodland-Woodland","Grassland",96,14,2,2,3,14,83,"I-A",204,138,179,0.8,0.541176,0.701961
130,2153,3822.2299145665,344.000692310985,"Central Interior and Appalachian Floodplain Systems-Large Floodplains","Riparian",142,-9999,100,59,41,-9999,59,"III-A",48,237,56,0.188235,0.929412,0.219608
130,2160,17191.8496157322,1547.2664654159,"Ozark-Ouachita Shortleaf Pine-Bluestem Woodland","Hardwood-Conifer",100,1223,2,2,2,1,97,"I-A",68,137,112,0.266667,0.537255,0.439216
131,11,662.779985185713,59.6501986667141,"Open Water","Open Water",-9999,-9999,-9999,-9999,-9999,-9999,-9999,"-9999",0,0,255,0,0,1
131,2132,19530.0695634689,1757.7062607122,"Ozark-Ouachita Dry-Mesic Oak Forest","Hardwood",188,66,15,11,6,17,77,"I-B",115,115,0,0.45098,0.45098,0
131,2139,7622.74982961826,686.047484665643,"Ozark-Ouachita Mesic Hardwood Forest","Hardwood",316,110,25,19,6,18,76,"I-C",0,135,74,0,0.529412,0.290196
131,2140,9073.8697971832,816.648281746488,"Ozark-Ouachita Dry Oak Woodland","Hardwood",38,89,6,5,13,5,82,"I-A",97,69,0,0.380392,0.270588,0
131,2141,37188.5291687716,3346.96762518944,"Ozark-Ouachita Shortleaf Pine-Oak Forest and Woodland","Conifer",347,92,5,5,1,5,94,"I-A",196,164,100,0.768627,0.643137,0.392157
131,2153,1.99999995529652,0.179999995976686,"Central Interior and Appalachian Floodplain Systems-Large Floodplains","Riparian",142,-9999,100,59,41,-9999,59,"III-A",48,237,56,0.188235,0.929412,0.219608
131,2160,18516.1795861311,1666.4561627518,"Ozark-Ouachita Shortleaf Pine-Bluestem Woodland","Hardwood-Conifer",100,1223,2,2,2,1,97,"I-A",68,137,112,0.266667,0.537255,0.439216
132,11,6.95999984443188,0.626399985998869,"Open Water","Open Water",-9999,-9999,-9999,-9999,-9999,-9999,-9999,"-9999",0,0,255,0,0,1
132,2132,31420.3492977004,2827.83143679304,"Ozark-Ouachita Dry-Mesic Oak Forest","Hardwood",188,66,15,11,6,17,77,"I-B",115,115,0,0.45098,0.45098,0
132,2139,5469.15987775475,492.224388997927,"Ozark-Ouachita Mesic Hardwood Forest","Hardwood",316,110,25,19,6,18,76,"I-C",0,135,74,0,0.529412,0.290196
132,2140,21685.3095152956,1951.6778563766,"Ozark-Ouachita Dry Oak Woodland","Hardwood",38,89,6,5,13,5,82,"I-A",97,69,0,0.380392,0.270588,0
132,2141,9138.33979574218,822.450581616797,"Ozark-Ouachita Shortleaf Pine-Oak Forest and Woodland","Conifer",347,92,5,5,1,5,94,"I-A",196,164,100,0.768627,0.643137,0.392157
132,2153,72.1099983882159,6.48989985493943,"Central Interior and Appalachian Floodplain Systems-Large Floodplains","Riparian",142,-9999,100,59,41,-9999,59,"III-A",48,237,56,0.188235,0.929412,0.219608
132,2160,24803.9594455883,2232.35635010295,"Ozark-Ouachita Shortleaf Pine-Bluestem Woodland","Hardwood-Conifer",100,1223,2,2,2,1,97,"I-A",68,137,112,0.266667,0.537255,0.439216
133,11,192.739995691925,17.3465996122733,"Open Water","Open Water",-9999,-9999,-9999,-9999,-9999,-9999,-9999,"-9999",0,0,255,0,0,1
133,2132,15487.0596538372,1393.83536884535,"Ozark-Ouachita Dry-Mesic Oak Forest","Hardwood",188,66,15,11,6,17,77,"I-B",115,115,0,0.45098,0.45098,0
133,2136,89.9999979883432,8.09999981895089,"Ouachita Montane Oak Forest","Hardwood",38,89,6,5,13,6,81,"I-A",0,38,115,0,0.14902,0.45098
133,2139,1564.17996503785,140.776196853407,"Ozark-Ouachita Mesic Hardwood Forest","Hardwood",316,110,25,19,6,18,76,"I-C",0,135,74,0,0.529412,0.290196
133,2140,8235.65981591865,741.209383432679,"Ozark-Ouachita Dry Oak Woodland","Hardwood",38,89,6,5,13,5,82,"I-A",97,69,0,0.380392,0.270588,0
133,2141,8767.89980402216,789.110982361995,"Ozark-Ouachita Shortleaf Pine-Oak Forest and Woodland","Conifer",347,92,5,5,1,5,94,"I-A",196,164,100,0.768627,0.643137,0.392157
133,2153,5310.51988130063,477.946789317057,"Central Interior and Appalachian Floodplain Systems-Large Floodplains","Riparian",142,-9999,100,59,41,-9999,59,"III-A",48,237,56,0.188235,0.929412,0.219608
133,2160,52948.1188165173,4765.33069348656,"Ozark-Ouachita Shortleaf Pine-Bluestem Woodland","Hardwood-Conifer",100,1223,2,2,2,1,97,"I-A",68,137,112,0.266667,0.537255,0.439216
134,11,333.659992542118,30.0293993287906,"Open Water","Open Water",-9999,-9999,-9999,-9999,-9999,-9999,-9999,"-9999",0,0,255,0,0,1
134,2132,17103.499617707,1539.31496559363,"Ozark-Ouachita Dry-Mesic Oak Forest","Hardwood",188,66,15,11,6,17,77,"I-B",115,115,0,0.45098,0.45098,0
134,2139,1930.55995684862,173.750396116376,"Ozark-Ouachita Mesic Hardwood Forest","Hardwood",316,110,25,19,6,18,76,"I-C",0,135,74,0,0.529412,0.290196
134,2140,10226.899771411,920.420979426988,"Ozark-Ouachita Dry Oak Woodland","Hardwood",38,89,6,5,13,5,82,"I-A",97,69,0,0.380392,0.270588,0
134,2141,38757.1391337104,3488.14252203394,"Ozark-Ouachita Shortleaf Pine-Oak Forest and Woodland","Conifer",347,92,5,5,1,5,94,"I-A",196,164,100,0.768627,0.643137,0.392157
134,2153,5486.06987737678,493.74628896391,"Central Interior and Appalachian Floodplain Systems-Large Floodplains","Riparian",142,-9999,100,59,41,-9999,59,"III-A",48,237,56,0.188235,0.929412,0.219608
134,2160,18758.3495807182,1688.25146226464,"Ozark-Ouachita Shortleaf Pine-Bluestem Woodland","Hardwood-Conifer",100,1223,2,2,2,1,97,"I-A",68,137,112,0.266667,0.537255,0.439216
135,11,577.499987091869,51.9749988382682,"Open Water","Open Water",-9999,-9999,-9999,-9999,-9999,-9999,-9999,"-9999",0,0,255,0,0,1
135,2132,16575.4696295094,1491.79226665584,"Ozark-Ouachita Dry-Mesic Oak Forest","Hardwood",188,66,15,11,6,17,77,"I-B",115,115,0,0.45098,0.45098,0
135,2139,2190.72995103337,197.165695593003,"Ozark-Ouachita Mesic Hardwood Forest","Hardwood",316,110,25,19,6,18,76,"I-C",0,135,74,0,0.529412,0.290196
135,2140,6716.47984987497,604.483186488748,"Ozark-Ouachita Dry Oak Woodland","Hardwood",38,89,6,5,13,5,82,"I-A",97,69,0,0.380392,0.270588,0
135,2141,13356.6597014554,1202.09937313098,"Ozark-Ouachita Shortleaf Pine-Oak Forest and Woodland","Conifer",347,92,5,5,1,5,94,"I-A",196,164,100,0.768627,0.643137,0.392157
135,2146,4313.99990357459,388.259991321713,"Arkansas Valley Prairie and Woodland-Prairie","Grassland",2,344,12,2,82,1,17,"II-A",255,120,187,1,0.470588,0.733333
135,2147,5412.1998790279,487.097989112511,"Arkansas Valley Prairie and Woodland-Woodland","Grassland",96,14,2,2,3,14,83,"I-A",204,138,179,0.8,0.541176,0.701961
135,2153,18641.5795833282,1677.74216249954,"Central Interior and Appalachian Floodplain Systems-Large Floodplains","Riparian",142,-9999,100,59,41,-9999,59,"III-A",48,237,56,0.188235,0.929412,0.219608
135,2158,22.1999995037913,1.99799995534122,"Central Interior and Appalachian Shrub-Herbaceous Wetland Systems","Riparian",17,-9999,-9999,17,100,-9999,-9999,"II-C",240,150,20,0.941176,0.588235,0.078431
135,2160,24789.3594459146,2231.04235013232,"Ozark-Ouachita Shortleaf Pine-Bluestem Woodland","Hardwood-Conifer",100,1223,2,2,2,1,97,"I-A",68,137,112,0.266667,0.537255,0.439216
136,11,307.559993125498,27.6803993812948,"Open Water","Open Water",-9999,-9999,-9999,-9999,-9999,-9999,-9999,"-9999",0,0,255,0,0,1
136,2132,10760.7297594789,968.465678353105,"Ozark-Ouachita Dry-Mesic Oak Forest","Hardwood",188,66,15,11,6,17,77,"I-B",115,115,0,0.45098,0.45098,0
136,2139,233.339994784445,21.0005995306,"Ozark-Ouachita Mesic Hardwood Forest","Hardwood",316,110,25,19,6,18,76,"I-C",0,135,74,0,0.529412,0.290196
136,2140,5321.30988105945,478.917889295351,"Ozark-Ouachita Dry Oak Woodland","Hardwood",38,89,6,5,13,5,82,"I-A",97,69,0,0.380392,0.270588,0
136,2141,4043.40990962274,363.906891866047,"Ozark-Ouachita Shortleaf Pine-Oak Forest and Woodland","Conifer",347,92,5,5,1,5,94,"I-A",196,164,100,0.768627,0.643137,0.392157
136,2146,32689.0492693428,2942.01443424085,"Arkansas Valley Prairie and Woodland-Prairie","Grassland",2,344,12,2,82,1,17,"II-A",255,120,187,1,0.470588,0.733333
136,2147,32977.0292629059,2967.93263366153,"Arkansas Valley Prairie and Woodland-Woodland","Grassland",96,14,2,2,3,14,83,"I-A",204,138,179,0.8,0.541176,0.701961
136,2153,5259.21988244727,473.329789420255,"Central Interior and Appalachian Floodplain Systems-Large Floodplains","Riparian",142,-9999,100,59,41,-9999,59,"III-A",48,237,56,0.188235,0.929412,0.219608
136,2160,1004.529977547,90.4076979792304,"Ozark-Ouachita Shortleaf Pine-Bluestem Woodland","Hardwood-Conifer",100,1223,2,2,2,1,97,"I-A",68,137,112,0.266667,0.537255,0.439216
137,11,1068.21997612342,96.139797851108,"Open Water","Open Water",-9999,-9999,-9999,-9999,-9999,-9999,-9999,"-9999",0,0,255,0,0,1
137,2132,18023.0095971543,1622.07086374389,"Ozark-Ouachita Dry-Mesic Oak Forest","Hardwood",188,66,15,11,6,17,77,"I-B",115,115,0,0.45098,0.45098,0
137,2139,3854.87991383672,346.939192245305,"Ozark-Ouachita Mesic Hardwood Forest","Hardwood",316,110,25,19,6,18,76,"I-C",0,135,74,0,0.529412,0.290196
137,2140,9659.28978409804,869.336080568824,"Ozark-Ouachita Dry Oak Woodland","Hardwood",38,89,6,5,13,5,82,"I-A",97,69,0,0.380392,0.270588,0
137,2141,37868.0691535827,3408.12622382244,"Ozark-Ouachita Shortleaf Pine-Oak Forest and Woodland","Conifer",347,92,5,5,1,5,94,"I-A",196,164,100,0.768627,0.643137,0.392157
137,2153,1840.44995886274,165.640496297646,"Central Interior and Appalachian Floodplain Systems-Large Floodplains","Riparian",142,-9999,100,59,41,-9999,59,"III-A",48,237,56,0.188235,0.929412,0.219608
137,2158,1.99999995529652,0.179999995976686,"Central Interior and Appalachian Shrub-Herbaceous Wetland Systems","Riparian",17,-9999,-9999,17,100,-9999,-9999,"II-C",240,150,20,0.941176,0.588235,0.078431
137,2160,20280.2695467006,1825.22425920306,"Ozark-Ouachita Shortleaf Pine-Bluestem Woodland","Hardwood-Conifer",100,1223,2,2,2,1,97,"I-A",68,137,112,0.266667,0.537255,0.439216
138,11,321.299992818385,28.9169993536547,"Open Water","Open Water",-9999,-9999,-9999,-9999,-9999,-9999,-9999,"-9999",0,0,255,0,0,1
138,2132,25114.1994386539,2260.27794947885,"Ozark-Ouachita Dry-Mesic Oak Forest","Hardwood",188,66,15,11,6,17,77,"I-B",115,115,0,0.45098,0.45098,0
138,2139,5688.29987285659,511.946988557093,"Ozark-Ouachita Mesic Hardwood Forest","Hardwood",316,110,25,19,6,18,76,"I-C",0,135,74,0,0.529412,0.290196
138,2140,16411.1196331829,1477.00076698646,"Ozark-Ouachita Dry Oak Woodland","Hardwood",38,89,6,5,13,5,82,"I-A",97,69,0,0.380392,0.270588,0
138,2141,23785.8594683446,2140.72735215101,"Ozark-Ouachita Shortleaf Pine-Oak Forest and Woodland","Conifer",347,92,5,5,1,5,94,"I-A",196,164,100,0.768627,0.643137,0.392157
138,2160,21275.3995244578,1914.7859572012,"Ozark-Ouachita Shortleaf Pine-Bluestem Woodland","Hardwood-Conifer",100,1223,2,2,2,1,97,"I-A",68,137,112,0.266667,0.537255,0.439216
139,11,1272.69997155294,114.542997439764,"Open Water","Open Water",-9999,-9999,-9999,-9999,-9999,-9999,-9999,"-9999",0,0,255,0,0,1
139,2132,8227.76981609501,740.499283448551,"Ozark-Ouachita Dry-Mesic Oak Forest","Hardwood",188,66,15,11,6,17,77,"I-B",115,115,0,0.45098,0.45098,0
139,2139,15.1099996622652,1.35989996960387,"Ozark-Ouachita Mesic Hardwood Forest","Hardwood",316,110,25,19,6,18,76,"I-C",0,135,74,0,0.529412,0.290196
139,2140,7842.00982471742,705.780884224568,"Ozark-Ouachita Dry Oak Woodland","Hardwood",38,89,6,5,13,5,82,"I-A",97,69,0,0.380392,0.270588,0
139,2141,2790.32993763126,251.129694386814,"Ozark-Ouachita Shortleaf Pine-Oak Forest and Woodland","Conifer",347,92,5,5,1,5,94,"I-A",196,164,100,0.768627,0.643137,0.392157
139,2153,9329.83979146183,839.685581231564,"Central Interior and Appalachian Floodplain Systems-Large Floodplains","Riparian",142,-9999,100,59,41,-9999,59,"III-A",48,237,56,0.188235,0.929412,0.219608
139,2160,63118.4085891936,5680.65677302742,"Ozark-Ouachita Shortleaf Pine-Bluestem Woodland","Hardwood-Conifer",100,1223,2,2,2,1,97,"I-A",68,137,112,0.266667,0.537255,0.439216
140,11,1.99999995529652,0.179999995976686,"Open Water","Open Water",-9999,-9999,-9999,-9999,-9999,-9999,-9999,"-9999",0,0,255,0,0,1
140,2132,23928.469465157,2153.56225186413,"Ozark-Ouachita Dry-Mesic Oak Forest","Hardwood",188,66,15,11,6,17,77,"I-B",115,115,0,0.45098,0.45098,0
140,2136,41.9999990612268,3.77999991551042,"Ouachita Montane Oak Forest","Hardwood",38,89,6,5,13,6,81,"I-A",0,38,115,0,0.14902,0.45098
140,2139,4863.36989129521,437.703290216569,"Ozark-Ouachita Mesic Hardwood Forest","Hardwood",316,110,25,19,6,18,76,"I-C",0,135,74,0,0.529412,0.290196
140,2140,11309.7497472074,1017.87747724866,"Ozark-Ouachita Dry Oak Woodland","Hardwood",38,89,6,5,13,5,82,"I-A",97,69,0,0.380392,0.270588,0
140,2141,19193.269570997,1727.39426138973,"Ozark-Ouachita Shortleaf Pine-Oak Forest and Woodland","Conifer",347,92,5,5,1,5,94,"I-A",196,164,100,0.768627,0.643137,0.392157
140,2153,1083.31997578591,97.498797820732,"Central Interior and Appalachian Floodplain Systems-Large Floodplains","Riparian",142,-9999,100,59,41,-9999,59,"III-A",48,237,56,0.188235,0.929412,0.219608
140,2160,32173.9892808553,2895.65903527698,"Ozark-Ouachita Shortleaf Pine-Bluestem Woodland","Hardwood-Conifer",100,1223,2,2,2,1,97,"I-A",68,137,112,0.266667,0.537255,0.439216
141,11,366.829991800711,33.0146992620639,"Open Water","Open Water",-9999,-9999,-9999,-9999,-9999,-9999,-9999,"-9999",0,0,255,0,0,1
141,2132,21244.7995251417,1912.03195726275,"Ozark-Ouachita Dry-Mesic Oak Forest","Hardwood",188,66,15,11,6,17,77,"I-B",115,115,0,0.45098,0.45098,0
141,2139,4427.63990103453,398.487591093108,"Ozark-Ouachita Mesic Hardwood Forest","Hardwood",316,110,25,19,6,18,76,"I-C",0,135,74,0,0.529412,0.290196
141,2140,9424.82978933863,848.234681040477,"Ozark-Ouachita Dry Oak Woodland","Hardwood",38,89,6,5,13,5,82,"I-A",97,69,0,0.380392,0.270588,0
141,2141,17049.989618903,1534.49906570127,"Ozark-Ouachita Shortleaf Pine-Oak Forest and Woodland","Conifer",347,92,5,5,1,5,94,"I-A",196,164,100,0.768627,0.643137,0.392157
141,2153,14573.4296742585,1311.60867068326,"Central Interior and Appalachian Floodplain Systems-Large Floodplains","Riparian",142,-9999,100,59,41,-9999,59,"III-A",48,237,56,0.188235,0.929412,0.219608
141,2158,14.1699996832758,1.27529997149482,"Central Interior and Appalachian Shrub-Herbaceous Wetland Systems","Riparian",17,-9999,-9999,17,100,-9999,-9999,"II-C",240,150,20,0.941176,0.588235,0.078431
141,2160,25494.4894301537,2294.50404871384,"Ozark-Ouachita Shortleaf Pine-Bluestem Woodland","Hardwood-Conifer",100,1223,2,2,2,1,97,"I-A",68,137,112,0.266667,0.537255,0.439216
142,11,770.719982773066,69.3647984495759,"Open Water","Open Water",-9999,-9999,-9999,-9999,-9999,-9999,-9999,"-9999",0,0,255,0,0,1
142,2132,12126.9197289422,1091.4227756048,"Ozark-Ouachita Dry-Mesic Oak Forest","Hardwood",188,66,15,11,6,17,77,"I-B",115,115,0,0.45098,0.45098,0
142,2139,1786.38996007107,160.775096406396,"Ozark-Ouachita Mesic Hardwood Forest","Hardwood",316,110,25,19,6,18,76,"I-C",0,135,74,0,0.529412,0.290196
142,2140,6433.00985621102,578.970887058992,"Ozark-Ouachita Dry Oak Woodland","Hardwood",38,89,6,5,13,5,82,"I-A",97,69,0,0.380392,0.270588,0
142,2141,7084.05984165892,637.565385749303,"Ozark-Ouachita Shortleaf Pine-Oak Forest and Woodland","Conifer",347,92,5,5,1,5,94,"I-A",196,164,100,0.768627,0.643137,0.392157
142,2146,20089.0095509756,1808.01085958781,"Arkansas Valley Prairie and Woodland-Prairie","Grassland",2,344,12,2,82,1,17,"II-A",255,120,187,1,0.470588,0.733333
142,2147,28695.9493585955,2582.6354422736,"Arkansas Valley Prairie and Woodland-Woodland","Grassland",96,14,2,2,3,14,83,"I-A",204,138,179,0.8,0.541176,0.701961
142,2153,3571.28992017545,321.41609281579,"Central Interior and Appalachian Floodplain Systems-Large Floodplains","Riparian",142,-9999,100,59,41,-9999,59,"III-A",48,237,56,0.188235,0.929412,0.219608
142,2160,12038.839730911,1083.49557578199,"Ozark-Ouachita Shortleaf Pine-Bluestem Woodland","Hardwood-Conifer",100,1223,2,2,2,1,97,"I-A",68,137,112,0.266667,0.537255,0.439216
143,11,5.99999986588955,0.539999987930059,"Open Water","Open Water",-9999,-9999,-9999,-9999,-9999,-9999,-9999,"-9999",0,0,255,0,0,1
143,2132,17765.6096029077,1598.90486426169,"Ozark-Ouachita Dry-Mesic Oak Forest","Hardwood",188,66,15,11,6,17,77,"I-B",115,115,0,0.45098,0.45098,0
143,2139,3189.57992870733,287.06219358366,"Ozark-Ouachita Mesic Hardwood Forest","Hardwood",316,110,25,19,6,18,76,"I-C",0,135,74,0,0.529412,0.290196
143,2140,8307.85981430486,747.707383287437,"Ozark-Ouachita Dry Oak Woodland","Hardwood",38,89,6,5,13,5,82,"I-A",97,69,0,0.380392,0.270588,0
143,2141,46336.9489642885,4170.32540678596,"Ozark-Ouachita Shortleaf Pine-Oak Forest and Woodland","Conifer",347,92,5,5,1,5,94,"I-A",196,164,100,0.768627,0.643137,0.392157
143,2153,713.999984040856,64.2599985636771,"Central Interior and Appalachian Floodplain Systems-Large Floodplains","Riparian",142,-9999,100,59,41,-9999,59,"III-A",48,237,56,0.188235,0.929412,0.219608
143,2160,16276.1896361988,1464.85706725789,"Ozark-Ouachita Shortleaf Pine-Bluestem Woodland","Hardwood-Conifer",100,1223,2,2,2,1,97,"I-A",68,137,112,0.266667,0.537255,0.439216
144,11,12.9999997094274,1.16999997384846,"Open Water","Open Water",-9999,-9999,-9999,-9999,-9999,-9999,-9999,"-9999",0,0,255,0,0,1
144,2132,32507.8692733925,2925.70823460532,"Ozark-Ouachita Dry-Mesic Oak Forest","Hardwood",188,66,15,11,6,17,77,"I-B",115,115,0,0.45098,0.45098,0
144,2139,8200.10981671326,738.009883504193,"Ozark-Ouachita Mesic Hardwood Forest","Hardwood",316,110,25,19,6,18,76,"I-C",0,135,74,0,0.529412,0.290196
144,2140,20533.4595410414,1848.01135869373,"Ozark-Ouachita Dry Oak Woodland","Hardwood",38,89,6,5,13,5,82,"I-A",97,69,0,0.380392,0.270588,0
144,2141,6862.8698466029,617.658286194261,"Ozark-Ouachita Shortleaf Pine-Oak Forest and Woodland","Conifer",347,92,5,5,1,5,94,"I-A",196,164,100,0.768627,0.643137,0.392157
144,2153,285.999993607402,25.7399994246662,"Central Interior and Appalachian Floodplain Systems-Large Floodplains","Riparian",142,-9999,100,59,41,-9999,59,"III-A",48,237,56,0.188235,0.929412,0.219608
144,2160,24192.8594592474,2177.35735133227,"Ozark-Ouachita Shortleaf Pine-Bluestem Woodland","Hardwood-Conifer",100,1223,2,2,2,1,97,"I-A",68,137,112,0.266667,0.537255,0.439216
145,11,1655.5399629958,148.998596669622,"Open Water","Open Water",-9999,-9999,-9999,-9999,-9999,-9999,-9999,"-9999",0,0,255,0,0,1
145,2132,15339.1096571442,1380.51986914298,"Ozark-Ouachita Dry-Mesic Oak Forest","Hardwood",188,66,15,11,6,17,77,"I-B",115,115,0,0.45098,0.45098,0
145,2139,1037.5299768094,93.3776979128458,"Ozark-Ouachita Mesic Hardwood Forest","Hardwood",316,110,25,19,6,18,76,"I-C",0,135,74,0,0.529412,0.290196
145,2140,5742.32987164892,516.809688448403,"Ozark-Ouachita Dry Oak Woodland","Hardwood",38,89,6,5,13,5,82,"I-A",97,69,0,0.380392,0.270588,0
145,2141,8713.51980523765,784.216782471389,"Ozark-Ouachita Shortleaf Pine-Oak Forest and Woodland","Conifer",347,92,5,5,1,5,94,"I-A",196,164,100,0.768627,0.643137,0.392157
145,2153,3965.67991136014,356.911192022413,"Central Interior and Appalachian Floodplain Systems-Large Floodplains","Riparian",142,-9999,100,59,41,-9999,59,"III-A",48,237,56,0.188235,0.929412,0.219608
145,2160,56142.4787451178,5052.8230870606,"Ozark-Ouachita Shortleaf Pine-Bluestem Woodland","Hardwood-Conifer",100,1223,2,2,2,1,97,"I-A",68,137,112,0.266667,0.537255,0.439216
146,11,645.599985569715,58.1039987012744,"Open Water","Open Water",-9999,-9999,-9999,-9999,-9999,-9999,-9999,"-9999",0,0,255,0,0,1
146,31,1.99999995529652,0.179999995976686,"Barren-Rock/Sand/Clay","Barren-Rock/Sand/Clay",-9999,-9999,-9999,-9999,-9999,-9999,-9999,"-9999",191,191,191,0.74902,0.74902,0.74902
146,2132,20553.3495405968,1849.80145865371,"Ozark-Ouachita Dry-Mesic Oak Forest","Hardwood",188,66,15,11,6,17,77,"I-B",115,115,0,0.45098,0.45098,0
146,2139,3776.98991557769,339.929092401993,"Ozark-Ouachita Mesic Hardwood Forest","Hardwood",316,110,25,19,6,18,76,"I-C",0,135,74,0,0.529412,0.290196
146,2140,8853.18980211578,796.787082190421,"Ozark-Ouachita Dry Oak Woodland","Hardwood",38,89,6,5,13,5,82,"I-A",97,69,0,0.380392,0.270588,0
146,2141,32304.6892779339,2907.42203501405,"Ozark-Ouachita Shortleaf Pine-Oak Forest and Woodland","Conifer",347,92,5,5,1,5,94,"I-A",196,164,100,0.768627,0.643137,0.392157
146,2153,8261.79981533438,743.561983380094,"Central Interior and Appalachian Floodplain Systems-Large Floodplains","Riparian",142,-9999,100,59,41,-9999,59,"III-A",48,237,56,0.188235,0.929412,0.219608
146,2160,18198.5495932307,1637.86946339076,"Ozark-Ouachita Shortleaf Pine-Bluestem Woodland","Hardwood-Conifer",100,1223,2,2,2,1,97,"I-A",68,137,112,0.266667,0.537255,0.439216
147,11,1067.16997614689,96.0452978532202,"Open Water","Open Water",-9999,-9999,-9999,-9999,-9999,-9999,-9999,"-9999",0,0,255,0,0,1
147,2132,12612.8897180799,1135.16007462719,"Ozark-Ouachita Dry-Mesic Oak Forest","Hardwood",188,66,15,11,6,17,77,"I-B",115,115,0,0.45098,0.45098,0
147,2139,258.729994216934,23.285699479524,"Ozark-Ouachita Mesic Hardwood Forest","Hardwood",316,110,25,19,6,18,76,"I-C",0,135,74,0,0.529412,0.290196
147,2140,5502.24987701513,495.202488931362,"Ozark-Ouachita Dry Oak Woodland","Hardwood",38,89,6,5,13,5,82,"I-A",97,69,0,0.380392,0.270588,0
147,2141,9568.88978611864,861.200080750678,"Ozark-Ouachita Shortleaf Pine-Oak Forest and Woodland","Conifer",347,92,5,5,1,5,94,"I-A",196,164,100,0.768627,0.643137,0.392157
147,2146,121.129997292534,10.901699756328,"Arkansas Valley Prairie and Woodland-Prairie","Grassland",2,344,12,2,82,1,17,"II-A",255,120,187,1,0.470588,0.733333
147,2147,233.159994788468,20.9843995309621,"Arkansas Valley Prairie and Woodland-Woodland","Grassland",96,14,2,2,3,14,83,"I-A",204,138,179,0.8,0.541176,0.701961
147,2153,16335.6096348707,1470.20486713836,"Central Interior and Appalachian Floodplain Systems-Large Floodplains","Riparian",142,-9999,100,59,41,-9999,59,"III-A",48,237,56,0.188235,0.929412,0.219608
147,2158,95.6299978625029,8.60669980762526,"Central Interior and Appalachian Shrub-Herbaceous Wetland Systems","Riparian",17,-9999,-9999,17,100,-9999,-9999,"II-C",240,150,20,0.941176,0.588235,0.078431
147,2160,46800.7289539222,4212.06560585299,"Ozark-Ouachita Shortleaf Pine-Bluestem Woodland","Hardwood-Conifer",100,1223,2,2,2,1,97,"I-A",68,137,112,0.266667,0.537255,0.439216
148,11,1170.98997382633,105.38909764437,"Open Water","Open Water",-9999,-9999,-9999,-9999,-9999,-9999,-9999,"-9999",0,0,255,0,0,1
148,2132,6287.98985945247,565.919087350722,"Ozark-Ouachita Dry-Mesic Oak Forest","Hardwood",188,66,15,11,6,17,77,"I-B",115,115,0,0.45098,0.45098,0
148,2139,850.999980978668,76.5899982880801,"Ozark-Ouachita Mesic Hardwood Forest","Hardwood",316,110,25,19,6,18,76,"I-C",0,135,74,0,0.529412,0.290196
148,2140,4192.38990629278,377.31509156635,"Ozark-Ouachita Dry Oak Woodland","Hardwood",38,89,6,5,13,5,82,"I-A",97,69,0,0.380392,0.270588,0
148,2141,2133.17995231971,191.986195708774,"Ozark-Ouachita Shortleaf Pine-Oak Forest and Woodland","Conifer",347,92,5,5,1,5,94,"I-A",196,164,100,0.768627,0.643137,0.392157
148,2146,35265.2792117596,3173.87512905836,"Arkansas Valley Prairie and Woodland-Prairie","Grassland",2,344,12,2,82,1,17,"II-A",255,120,187,1,0.470588,0.733333
148,2147,38408.9491414931,3456.80542273438,"Arkansas Valley Prairie and Woodland-Woodland","Grassland",96,14,2,2,3,14,83,"I-A",204,138,179,0.8,0.541176,0.701961
148,2153,3435.80992320366,309.22289308833,"Central Interior and Appalachian Floodplain Systems-Large Floodplains","Riparian",142,-9999,100,59,41,-9999,59,"III-A",48,237,56,0.188235,0.929412,0.219608
148,2160,850.599980987608,76.5539982888848,"Ozark-Ouachita Shortleaf Pine-Bluestem Woodland","Hardwood-Conifer",100,1223,2,2,2,1,97,"I-A",68,137,112,0.266667,0.537255,0.439216
149,11,31.9999992847443,2.87999993562698,"Open Water","Open Water",-9999,-9999,-9999,-9999,-9999,-9999,-9999,"-9999",0,0,255,0,0,1
149,2132,13889.5996895432,1250.06397205889,"Ozark-Ouachita Dry-Mesic Oak Forest","Hardwood",188,66,15,11,6,17,77,"I-B",115,115,0,0.45098,0.45098,0
149,2140,8191.4598169066,737.231383521594,"Ozark-Ouachita Dry Oak Woodland","Hardwood",38,89,6,5,13,5,82,"I-A",97,69,0,0.380392,0.270588,0
149,2141,45955.9489728045,4136.0354075524,"Ozark-Ouachita Shortleaf Pine-Oak Forest and Woodland","Conifer",347,92,5,5,1,5,94,"I-A",196,164,100,0.768627,0.643137,0.392157
149,2153,2623.43994136155,236.109594722539,"Central Interior and Appalachian Floodplain Systems-Large Floodplains","Riparian",142,-9999,100,59,41,-9999,59,"III-A",48,237,56,0.188235,0.929412,0.219608
149,2158,10.9999997541308,0.989999977871776,"Central Interior and Appalachian Shrub-Herbaceous Wetland Systems","Riparian",17,-9999,-9999,17,100,-9999,-9999,"II-C",240,150,20,0.941176,0.588235,0.078431
149,2160,21892.7395106591,1970.34655595932,"Ozark-Ouachita Shortleaf Pine-Bluestem Woodland","Hardwood-Conifer",100,1223,2,2,2,1,97,"I-A",68,137,112,0.266667,0.537255,0.439216
150,11,51.8499988410622,4.6664998956956,"Open Water","Open Water",-9999,-9999,-9999,-9999,-9999,-9999,-9999,"-9999",0,0,255,0,0,1
150,2132,30666.4293145519,2759.97863830967,"Ozark-Ouachita Dry-Mesic Oak Forest","Hardwood",188,66,15,11,6,17,77,"I-B",115,115,0,0.45098,0.45098,0
150,2139,5865.67986889184,527.911188200265,"Ozark-Ouachita Mesic Hardwood Forest","Hardwood",316,110,25,19,6,18,76,"I-C",0,135,74,0,0.529412,0.290196
150,2140,24035.7494627591,2163.21745164832,"Ozark-Ouachita Dry Oak Woodland","Hardwood",38,89,6,5,13,5,82,"I-A",97,69,0,0.380392,0.270588,0
150,2141,12399.569722848,1115.96127505632,"Ozark-Ouachita Shortleaf Pine-Oak Forest and Woodland","Conifer",347,92,5,5,1,5,94,"I-A",196,164,100,0.768627,0.643137,0.392157
150,2160,19576.909562422,1761.92186061798,"Ozark-Ouachita Shortleaf Pine-Bluestem Woodland","Hardwood-Conifer",100,1223,2,2,2,1,97,"I-A",68,137,112,0.266667,0.537255,0.439216
151,11,838.259981263429,75.4433983137086,"Open Water","Open Water",-9999,-9999,-9999,-9999,-9999,-9999,-9999,"-9999",0,0,255,0,0,1
151,31,15.9999996423721,1.43999996781349,"Barren-Rock/Sand/Clay","Barren-Rock/Sand/Clay",-9999,-9999,-9999,-9999,-9999,-9999,-9999,"-9999",191,191,191,0.74902,0.74902,0.74902
151,2132,16217.2396375164,1459.55156737648,"Ozark-Ouachita Dry-Mesic Oak Forest","Hardwood",188,66,15,11,6,17,77,"I-B",115,115,0,0.45098,0.45098,0
151,2139,546.589987782761,49.1930989004485,"Ozark-Ouachita Mesic Hardwood Forest","Hardwood",316,110,25,19,6,18,76,"I-C",0,135,74,0,0.529412,0.290196
151,2140,16915.4196219109,1522.38776597198,"Ozark-Ouachita Dry Oak Woodland","Hardwood",38,89,6,5,13,5,82,"I-A",97,69,0,0.380392,0.270588,0
151,2141,5010.45988800749,450.941389920674,"Ozark-Ouachita Shortleaf Pine-Oak Forest and Woodland","Conifer",347,92,5,5,1,5,94,"I-A",196,164,100,0.768627,0.643137,0.392157
151,2153,8024.42982064001,722.198683857601,"Central Interior and Appalachian Floodplain Systems-Large Floodplains","Riparian",142,-9999,100,59,41,-9999,59,"III-A",48,237,56,0.188235,0.929412,0.219608
151,2160,45027.7889935505,4052.50100941954,"Ozark-Ouachita Shortleaf Pine-Bluestem Woodland","Hardwood-Conifer",100,1223,2,2,2,1,97,"I-A",68,137,112,0.266667,0.537255,0.439216
152,11,8.99999979883432,0.809999981895089,"Open Water","Open Water",-9999,-9999,-9999,-9999,-9999,-9999,-9999,"-9999",0,0,255,0,0,1
152,2132,23151.1494825315,2083.60345342783,"Ozark-Ouachita Dry-Mesic Oak Forest","Hardwood",188,66,15,11,6,17,77,"I-B",115,115,0,0.45098,0.45098,0
152,2136,617.999986186624,55.6199987567961,"Ouachita Montane Oak Forest","Hardwood",38,89,6,5,13,6,81,"I-A",0,38,115,0,0.14902,0.45098
152,2139,3461.11992263794,311.500793037415,"Ozark-Ouachita Mesic Hardwood Forest","Hardwood",316,110,25,19,6,18,76,"I-C",0,135,74,0,0.529412,0.290196
152,2140,10352.7797685973,931.75017917376,"Ozark-Ouachita Dry Oak Woodland","Hardwood",38,89,6,5,13,5,82,"I-A",97,69,0,0.380392,0.270588,0
152,2141,18802.8695797231,1692.25826217508,"Ozark-Ouachita Shortleaf Pine-Oak Forest and Woodland","Conifer",347,92,5,5,1,5,94,"I-A",196,164,100,0.768627,0.643137,0.392157
152,2153,828.999981470406,74.6099983323365,"Central Interior and Appalachian Floodplain Systems-Large Floodplains","Riparian",142,-9999,100,59,41,-9999,59,"III-A",48,237,56,0.188235,0.929412,0.219608
152,2160,35372.2592093684,3183.50332884315,"Ozark-Ouachita Shortleaf Pine-Bluestem Woodland","Hardwood-Conifer",100,1223,2,2,2,1,97,"I-A",68,137,112,0.266667,0.537255,0.439216
153,11,79.2999982275069,7.13699984047562,"Open Water","Open Water",-9999,-9999,-9999,-9999,-9999,-9999,-9999,"-9999",0,0,255,0,0,1
153,2132,20610.9395393096,1854.98455853786,"Ozark-Ouachita Dry-Mesic Oak Forest","Hardwood",188,66,15,11,6,17,77,"I-B",115,115,0,0.45098,0.45098,0
153,2139,1857.00995849259,167.130896264333,"Ozark-Ouachita Mesic Hardwood Forest","Hardwood",316,110,25,19,6,18,76,"I-C",0,135,74,0,0.529412,0.290196
153,2140,10961.5497549903,986.539477949124,"Ozark-Ouachita Dry Oak Woodland","Hardwood",38,89,6,5,13,5,82,"I-A",97,69,0,0.380392,0.270588,0
153,2141,30695.8593138941,2762.62733825047,"Ozark-Ouachita Shortleaf Pine-Oak Forest and Woodland","Conifer",347,92,5,5,1,5,94,"I-A",196,164,100,0.768627,0.643137,0.392157
153,2153,4816.44989234395,433.480490310956,"Central Interior and Appalachian Floodplain Systems-Large Floodplains","Riparian",142,-9999,100,59,41,-9999,59,"III-A",48,237,56,0.188235,0.929412,0.219608
153,2155,24.9999994412065,2.24999994970858,"Gulf and Atlantic Coastal Plain Floodplain Systems","Riparian",393,257,49,37,10,15,75,"III-A",102,119,205,0.4,0.466667,0.803922
153,2160,23550.0694736149,2119.50625262534,"Ozark-Ouachita Shortleaf Pine-Bluestem Woodland","Hardwood-Conifer",100,1223,2,2,2,1,97,"I-A",68,137,112,0.266667,0.537255,0.439216
154,11,214.299995210022,19.286999568902,"Open Water","Open Water",-9999,-9999,-9999,-9999,-9999,-9999,-9999,"-9999",0,0,255,0,0,1
154,31,2.99999993294477,0.26999999396503,"Barren-Rock/Sand/Clay","Barren-Rock/Sand/Clay",-9999,-9999,-9999,-9999,-9999,-9999,-9999,"-9999",191,191,191,0.74902,0.74902,0.74902
154,2132,16319.8796352223,1468.78916717,"Ozark-Ouachita Dry-Mesic Oak Forest","Hardwood",188,66,15,11,6,17,77,"I-B",115,115,0,0.45098,0.45098,0
154,2139,1936.92995670624,174.323696103562,"Ozark-Ouachita Mesic Hardwood Forest","Hardwood",316,110,25,19,6,18,76,"I-C",0,135,74,0,0.529412,0.290196
154,2140,5331.59988082945,479.843989274651,"Ozark-Ouachita Dry Oak Woodland","Hardwood",38,89,6,5,13,5,82,"I-A",97,69,0,0.380392,0.270588,0
154,2141,11856.4697349872,1067.08227614885,"Ozark-Ouachita Shortleaf Pine-Oak Forest and Woodland","Conifer",347,92,5,5,1,5,94,"I-A",196,164,100,0.768627,0.643137,0.392157
154,2146,10520.2197648548,946.819778836928,"Arkansas Valley Prairie and Woodland-Prairie","Grassland",2,344,12,2,82,1,17,"II-A",255,120,187,1,0.470588,0.733333
154,2147,21627.3295165915,1946.45965649324,"Arkansas Valley Prairie and Woodland-Woodland","Grassland",96,14,2,2,3,14,83,"I-A",204,138,179,0.8,0.541176,0.701961
154,2153,344.02999231033,30.9626993079297,"Central Interior and Appalachian Floodplain Systems-Large Floodplains","Riparian",142,-9999,100,59,41,-9999,59,"III-A",48,237,56,0.188235,0.929412,0.219608
154,2160,24442.4294536691,2199.81865083022,"Ozark-Ouachita Shortleaf Pine-Bluestem Woodland","Hardwood-Conifer",100,1223,2,2,2,1,97,"I-A",68,137,112,0.266667,0.537255,0.439216
155,11,1807.24995960481,162.652496364433,"Open Water","Open Water",-9999,-9999,-9999,-9999,-9999,-9999,-9999,"-9999",0,0,255,0,0,1
155,2132,11589.4597409554,1043.05137668598,"Ozark-Ouachita Dry-Mesic Oak Forest","Hardwood",188,66,15,11,6,17,77,"I-B",115,115,0,0.45098,0.45098,0
155,2139,1684.96996233799,151.647296610419,"Ozark-Ouachita Mesic Hardwood Forest","Hardwood",316,110,25,19,6,18,76,"I-C",0,135,74,0,0.529412,0.290196
155,2140,4490.69989962503,404.162990966253,"Ozark-Ouachita Dry Oak Woodland","Hardwood",38,89,6,5,13,5,82,"I-A",97,69,0,0.380392,0.270588,0
155,2141,13973.8496876601,1257.64647188941,"Ozark-Ouachita Shortleaf Pine-Oak Forest and Woodland","Conifer",347,92,5,5,1,5,94,"I-A",196,164,100,0.768627,0.643137,0.392157
155,2146,18099.0895954538,1628.91806359084,"Arkansas Valley Prairie and Woodland-Prairie","Grassland",2,344,12,2,82,1,17,"II-A",255,120,187,1,0.470588,0.733333
155,2147,24048.3094624784,2164.34785162305,"Arkansas Valley Prairie and Woodland-Woodland","Grassland",96,14,2,2,3,14,83,"I-A",204,138,179,0.8,0.541176,0.701961
155,2153,6399.35985696316,575.942387126684,"Central Interior and Appalachian Floodplain Systems-Large Floodplains","Riparian",142,-9999,100,59,41,-9999,59,"III-A",48,237,56,0.188235,0.929412,0.219608
155,2160,10502.9697652403,945.267278871629,"Ozark-Ouachita Shortleaf Pine-Bluestem Woodland","Hardwood-Conifer",100,1223,2,2,2,1,97,"I-A",68,137,112,0.266667,0.537255,0.439216
156,11,130.149997090921,11.7134997381829,"Open Water","Open Water",-9999,-9999,-9999,-9999,-9999,-9999,-9999,"-9999",0,0,255,0,0,1
156,2132,16425.11963287,1478.2607669583,"Ozark-Ouachita Dry-Mesic Oak Forest","Hardwood",188,66,15,11,6,17,77,"I-B",115,115,0,0.45098,0.45098,0
156,2139,1262.74997177534,113.64749745978,"Ozark-Ouachita Mesic Hardwood Forest","Hardwood",316,110,25,19,6,18,76,"I-C",0,135,74,0,0.529412,0.290196
156,2140,11067.1797526293,996.046177736633,"Ozark-Ouachita Dry Oak Woodland","Hardwood",38,89,6,5,13,5,82,"I-A",97,69,0,0.380392,0.270588,0
156,2141,43983.3790168948,3958.50411152054,"Ozark-Ouachita Shortleaf Pine-Oak Forest and Woodland","Conifer",347,92,5,5,1,5,94,"I-A",196,164,100,0.768627,0.643137,0.392157
156,2153,710.219984125346,63.9197985712811,"Central Interior and Appalachian Floodplain Systems-Large Floodplains","Riparian",142,-9999,100,59,41,-9999,59,"III-A",48,237,56,0.188235,0.929412,0.219608
156,2160,18998.5095753502,1709.86586178152,"Ozark-Ouachita Shortleaf Pine-Bluestem Woodland","Hardwood-Conifer",100,1223,2,2,2,1,97,"I-A",68,137,112,0.266667,0.537255,0.439216
157,11,22.9999994859099,2.06999995373189,"Open Water","Open Water",-9999,-9999,-9999,-9999,-9999,-9999,-9999,"-9999",0,0,255,0,0,1
157,31,1.99999995529652,0.179999995976686,"Barren-Rock/Sand/Clay","Barren-Rock/Sand/Clay",-9999,-9999,-9999,-9999,-9999,-9999,-9999,"-9999",191,191,191,0.74902,0.74902,0.74902
157,2132,41809.2290654909,3762.83061589418,"Ozark-Ouachita Dry-Mesic Oak Forest","Hardwood",188,66,15,11,6,17,77,"I-B",115,115,0,0.45098,0.45098,0
157,2139,8191.14981691353,737.203483522218,"Ozark-Ouachita Mesic Hardwood Forest","Hardwood",316,110,25,19,6,18,76,"I-C",0,135,74,0,0.529412,0.290196
157,2140,30044.2393284589,2703.9815395613,"Ozark-Ouachita Dry Oak Woodland","Hardwood",38,89,6,5,13,5,82,"I-A",97,69,0,0.380392,0.270588,0
157,2141,3336.77992541716,300.310193287544,"Ozark-Ouachita Shortleaf Pine-Oak Forest and Woodland","Conifer",347,92,5,5,1,5,94,"I-A",196,164,100,0.768627,0.643137,0.392157
157,2153,623.879986055195,56.1491987449676,"Central Interior and Appalachian Floodplain Systems-Large Floodplains","Riparian",142,-9999,100,59,41,-9999,59,"III-A",48,237,56,0.188235,0.929412,0.219608
157,2160,8547.01980895922,769.231782806329,"Ozark-Ouachita Shortleaf Pine-Bluestem Woodland","Hardwood-Conifer",100,1223,2,2,2,1,97,"I-A",68,137,112,0.266667,0.537255,0.439216
158,11,124.769997211173,11.2292997490056,"Open Water","Open Water",-9999,-9999,-9999,-9999,-9999,-9999,-9999,"-9999",0,0,255,0,0,1
158,2132,20451.0895428825,1840.59805885943,"Ozark-Ouachita Dry-Mesic Oak Forest","Hardwood",188,66,15,11,6,17,77,"I-B",115,115,0,0.45098,0.45098,0
158,2139,3079.44993116893,277.150493805204,"Ozark-Ouachita Mesic Hardwood Forest","Hardwood",316,110,25,19,6,18,76,"I-C",0,135,74,0,0.529412,0.290196
158,2140,8734.50980476849,786.105882429164,"Ozark-Ouachita Dry Oak Woodland","Hardwood",38,89,6,5,13,5,82,"I-A",97,69,0,0.380392,0.270588,0
158,2141,19458.169565076,1751.23526085684,"Ozark-Ouachita Shortleaf Pine-Oak Forest and Woodland","Conifer",347,92,5,5,1,5,94,"I-A",196,164,100,0.768627,0.643137,0.392157
158,2153,691.259984549135,62.2133986094221,"Central Interior and Appalachian Floodplain Systems-Large Floodplains","Riparian",142,-9999,100,59,41,-9999,59,"III-A",48,237,56,0.188235,0.929412,0.219608
158,2160,40038.0391050801,3603.42351945721,"Ozark-Ouachita Shortleaf Pine-Bluestem Woodland","Hardwood-Conifer",100,1223,2,2,2,1,97,"I-A",68,137,112,0.266667,0.537255,0.439216
159,11,708.199984170496,63.7379985753447,"Open Water","Open Water",-9999,-9999,-9999,-9999,-9999,-9999,-9999,"-9999",0,0,255,0,0,1
159,2132,19900.239555195,1791.02155996755,"Ozark-Ouachita Dry-Mesic Oak Forest","Hardwood",188,66,15,11,6,17,77,"I-B",115,115,0,0.45098,0.45098,0
159,2139,2026.20995471068,182.358895923961,"Ozark-Ouachita Mesic Hardwood Forest","Hardwood",316,110,25,19,6,18,76,"I-C",0,135,74,0,0.529412,0.290196
159,2140,9258.8797930479,833.299181374312,"Ozark-Ouachita Dry Oak Woodland","Hardwood",38,89,6,5,13,5,82,"I-A",97,69,0,0.380392,0.270588,0
159,2141,28403.6293651294,2556.32664286165,"Ozark-Ouachita Shortleaf Pine-Oak Forest and Woodland","Conifer",347,92,5,5,1,5,94,"I-A",196,164,100,0.768627,0.643137,0.392157
159,2153,11052.7197529525,994.744777765721,"Central Interior and Appalachian Floodplain Systems-Large Floodplains","Riparian",142,-9999,100,59,41,-9999,59,"III-A",48,237,56,0.188235,0.929412,0.219608
159,2155,22.9999994859099,2.06999995373189,"Gulf and Atlantic Coastal Plain Floodplain Systems","Riparian",393,257,49,37,10,15,75,"III-A",102,119,205,0.4,0.466667,0.803922
159,2160,21204.4395260438,1908.39955734394,"Ozark-Ouachita Shortleaf Pine-Bluestem Woodland","Hardwood-Conifer",100,1223,2,2,2,1,97,"I-A",68,137,112,0.266667,0.537255,0.439216
160,11,789.199982360005,71.0279984124005,"Open Water","Open Water",-9999,-9999,-9999,-9999,-9999,-9999,-9999,"-9999",0,0,255,0,0,1
160,2132,19639.7795610167,1767.5801604915,"Ozark-Ouachita Dry-Mesic Oak Forest","Hardwood",188,66,15,11,6,17,77,"I-B",115,115,0,0.45098,0.45098,0
160,2139,3000.44993293472,270.040493964124,"Ozark-Ouachita Mesic Hardwood Forest","Hardwood",316,110,25,19,6,18,76,"I-C",0,135,74,0,0.529412,0.290196
160,2140,7135.58984050713,642.203085645642,"Ozark-Ouachita Dry Oak Woodland","Hardwood",38,89,6,5,13,5,82,"I-A",97,69,0,0.380392,0.270588,0
160,2141,20518.399541378,1846.65595872402,"Ozark-Ouachita Shortleaf Pine-Oak Forest and Woodland","Conifer",347,92,5,5,1,5,94,"I-A",196,164,100,0.768627,0.643137,0.392157
160,2153,4372.23990227282,393.501591204554,"Central Interior and Appalachian Floodplain Systems-Large Floodplains","Riparian",142,-9999,100,59,41,-9999,59,"III-A",48,237,56,0.188235,0.929412,0.219608
160,2160,37121.6491702665,3340.94842532398,"Ozark-Ouachita Shortleaf Pine-Bluestem Woodland","Hardwood-Conifer",100,1223,2,2,2,1,97,"I-A",68,137,112,0.266667,0.537255,0.439216
161,11,844.579981122166,76.0121983009949,"Open Water","Open Water",-9999,-9999,-9999,-9999,-9999,-9999,-9999,"-9999",0,0,255,0,0,1
161,2132,9999.46977649443,899.952279884499,"Ozark-Ouachita Dry-Mesic Oak Forest","Hardwood",188,66,15,11,6,17,77,"I-B",115,115,0,0.45098,0.45098,0
161,2139,859.189980795607,77.3270982716046,"Ozark-Ouachita Mesic Hardwood Forest","Hardwood",316,110,25,19,6,18,76,"I-C",0,135,74,0,0.529412,0.290196
161,2140,6257.77986012772,563.200187411495,"Ozark-Ouachita Dry Oak Woodland","Hardwood",38,89,6,5,13,5,82,"I-A",97,69,0,0.380392,0.270588,0
161,2141,6002.38986583613,540.215087925252,"Ozark-Ouachita Shortleaf Pine-Oak Forest and Woodland","Conifer",347,92,5,5,1,5,94,"I-A",196,164,100,0.768627,0.643137,0.392157
161,2146,24740.7294470016,2226.66565023014,"Arkansas Valley Prairie and Woodland-Prairie","Grassland",2,344,12,2,82,1,17,"II-A",255,120,187,1,0.470588,0.733333
161,2147,27798.3293786589,2501.8496440793,"Arkansas Valley Prairie and Woodland-Woodland","Grassland",96,14,2,2,3,14,83,"I-A",204,138,179,0.8,0.541176,0.701961
161,2153,9518.77978723869,856.690180851482,"Central Interior and Appalachian Floodplain Systems-Large Floodplains","Riparian",142,-9999,100,59,41,-9999,59,"III-A",48,237,56,0.188235,0.929412,0.219608
161,2160,6556.05985346064,590.045386811458,"Ozark-Ouachita Shortleaf Pine-Bluestem Woodland","Hardwood-Conifer",100,1223,2,2,2,1,97,"I-A",68,137,112,0.266667,0.537255,0.439216
162,11,14.5499996747822,1.30949997073039,"Open Water","Open Water",-9999,-9999,-9999,-9999,-9999,-9999,-9999,"-9999",0,0,255,0,0,1
162,2132,11697.6197385378,1052.7857764684,"Ozark-Ouachita Dry-Mesic Oak Forest","Hardwood",188,66,15,11,6,17,77,"I-B",115,115,0,0.45098,0.45098,0
162,2140,7805.88982552476,702.530084297229,"Ozark-Ouachita Dry Oak Woodland","Hardwood",38,89,6,5,13,5,82,"I-A",97,69,0,0.380392,0.270588,0
162,2141,45504.7089828905,4095.42380846014,"Ozark-Ouachita Shortleaf Pine-Oak Forest and Woodland","Conifer",347,92,5,5,1,5,94,"I-A",196,164,100,0.768627,0.643137,0.392157
162,2153,4204.87990601361,378.439191541225,"Central Interior and Appalachian Floodplain Systems-Large Floodplains","Riparian",142,-9999,100,59,41,-9999,59,"III-A",48,237,56,0.188235,0.929412,0.219608
162,2160,23349.6494780947,2101.46845302852,"Ozark-Ouachita Shortleaf Pine-Bluestem Woodland","Hardwood-Conifer",100,1223,2,2,2,1,97,"I-A",68,137,112,0.266667,0.537255,0.439216
163,2132,34406.0392309651,3096.54353078686,"Ozark-Ouachita Dry-Mesic Oak Forest","Hardwood",188,66,15,11,6,17,77,"I-B",115,115,0,0.45098,0.45098,0
163,2139,6955.91984452307,626.032786007077,"Ozark-Ouachita Mesic Hardwood Forest","Hardwood",316,110,25,19,6,18,76,"I-C",0,135,74,0,0.529412,0.290196
163,2140,20787.3795353658,1870.86415818293,"Ozark-Ouachita Dry Oak Woodland","Hardwood",38,89,6,5,13,5,82,"I-A",97,69,0,0.380392,0.270588,0
163,2141,6882.22984617017,619.400686155315,"Ozark-Ouachita Shortleaf Pine-Oak Forest and Woodland","Conifer",347,92,5,5,1,5,94,"I-A",196,164,100,0.768627,0.643137,0.392157
163,2153,101.999997720122,9.17999979481101,"Central Interior and Appalachian Floodplain Systems-Large Floodplains","Riparian",142,-9999,100,59,41,-9999,59,"III-A",48,237,56,0.188235,0.929412,0.219608
163,2160,23443.7394759916,2109.93655283924,"Ozark-Ouachita Shortleaf Pine-Bluestem Woodland","Hardwood-Conifer",100,1223,2,2,2,1,97,"I-A",68,137,112,0.266667,0.537255,0.439216
164,11,1074.40997598507,96.6968978386559,"Open Water","Open Water",-9999,-9999,-9999,-9999,-9999,-9999,-9999,"-9999",0,0,255,0,0,1
164,31,24.9999994412065,2.24999994970858,"Barren-Rock/Sand/Clay","Barren-Rock/Sand/Clay",-9999,-9999,-9999,-9999,-9999,-9999,-9999,"-9999",191,191,191,0.74902,0.74902,0.74902
164,2132,26018.5894184392,2341.67304765953,"Ozark-Ouachita Dry-Mesic Oak Forest","Hardwood",188,66,15,11,6,17,77,"I-B",115,115,0,0.45098,0.45098,0
164,2139,3873.41991342232,348.607792208008,"Ozark-Ouachita Mesic Hardwood Forest","Hardwood",316,110,25,19,6,18,76,"I-C",0,135,74,0,0.529412,0.290196
164,2140,26808.7194007784,2412.78474607006,"Ozark-Ouachita Dry Oak Woodland","Hardwood",38,89,6,5,13,5,82,"I-A",97,69,0,0.380392,0.270588,0
164,2141,5626.77987423167,506.41018868085,"Ozark-Ouachita Shortleaf Pine-Oak Forest and Woodland","Conifer",347,92,5,5,1,5,94,"I-A",196,164,100,0.768627,0.643137,0.392157
164,2153,2383.81994671747,214.543795204572,"Central Interior and Appalachian Floodplain Systems-Large Floodplains","Riparian",142,-9999,100,59,41,-9999,59,"III-A",48,237,56,0.188235,0.929412,0.219608
164,2160,26766.5594017208,2408.99034615487,"Ozark-Ouachita Shortleaf Pine-Bluestem Woodland","Hardwood-Conifer",100,1223,2,2,2,1,97,"I-A",68,137,112,0.266667,0.537255,0.439216
165,11,38.9999991282821,3.50999992154539,"Open Water","Open Water",-9999,-9999,-9999,-9999,-9999,-9999,-9999,"-9999",0,0,255,0,0,1
165,2132,26946.4093977008,2425.17684579307,"Ozark-Ouachita Dry-Mesic Oak Forest","Hardwood",188,66,15,11,6,17,77,"I-B",115,115,0,0.45098,0.45098,0
165,2139,3245.59992745519,292.103993470967,"Ozark-Ouachita Mesic Hardwood Forest","Hardwood",316,110,25,19,6,18,76,"I-C",0,135,74,0,0.529412,0.290196
165,2140,12826.9497132953,1154.42547419658,"Ozark-Ouachita Dry Oak Woodland","Hardwood",38,89,6,5,13,5,82,"I-A",97,69,0,0.380392,0.270588,0
165,2141,18315.3795906194,1648.38416315574,"Ozark-Ouachita Shortleaf Pine-Oak Forest and Woodland","Conifer",347,92,5,5,1,5,94,"I-A",196,164,100,0.768627,0.643137,0.392157
165,2153,154.99999653548,13.9499996881932,"Central Interior and Appalachian Floodplain Systems-Large Floodplains","Riparian",142,-9999,100,59,41,-9999,59,"III-A",48,237,56,0.188235,0.929412,0.219608
165,2160,31048.9493060019,2794.40543754017,"Ozark-Ouachita Shortleaf Pine-Bluestem Woodland","Hardwood-Conifer",100,1223,2,2,2,1,97,"I-A",68,137,112,0.266667,0.537255,0.439216
166,11,3.99999991059303,0.359999991953373,"Open Water","Open Water",-9999,-9999,-9999,-9999,-9999,-9999,-9999,"-9999",0,0,255,0,0,1
166,31,7.99999982118607,0.719999983906746,"Barren-Rock/Sand/Clay","Barren-Rock/Sand/Clay",-9999,-9999,-9999,-9999,-9999,-9999,-9999,"-9999",191,191,191,0.74902,0.74902,0.74902
166,2132,23251.5994802862,2092.64395322576,"Ozark-Ouachita Dry-Mesic Oak Forest","Hardwood",188,66,15,11,6,17,77,"I-B",115,115,0,0.45098,0.45098,0
166,2139,6030.18986521475,542.717087869328,"Ozark-Ouachita Mesic Hardwood Forest","Hardwood",316,110,25,19,6,18,76,"I-C",0,135,74,0,0.529412,0.290196
166,2140,10408.0797673613,936.727179062515,"Ozark-Ouachita Dry Oak Woodland","Hardwood",38,89,6,5,13,5,82,"I-A",97,69,0,0.380392,0.270588,0
166,2141,33024.4992618449,2972.20493356604,"Ozark-Ouachita Shortleaf Pine-Oak Forest and Woodland","Conifer",347,92,5,5,1,5,94,"I-A",196,164,100,0.768627,0.643137,0.392157
166,2153,520.939988356084,46.8845989520475,"Central Interior and Appalachian Floodplain Systems-Large Floodplains","Riparian",142,-9999,100,59,41,-9999,59,"III-A",48,237,56,0.188235,0.929412,0.219608
166,2160,19329.9895679411,1739.69906111469,"Ozark-Ouachita Shortleaf Pine-Bluestem Woodland","Hardwood-Conifer",100,1223,2,2,2,1,97,"I-A",68,137,112,0.266667,0.537255,0.439216
167,11,39.9999991059303,3.59999991953373,"Open Water","Open Water",-9999,-9999,-9999,-9999,-9999,-9999,-9999,"-9999",0,0,255,0,0,1
167,2132,23360.7094778474,2102.46385300627,"Ozark-Ouachita Dry-Mesic Oak Forest","Hardwood",188,66,15,11,6,17,77,"I-B",115,115,0,0.45098,0.45098,0
167,2139,4877.77989097312,439.000190187581,"Ozark-Ouachita Mesic Hardwood Forest","Hardwood",316,110,25,19,6,18,76,"I-C",0,135,74,0,0.529412,0.290196
167,2140,3689.4799175337,332.053192578033,"Ozark-Ouachita Dry Oak Woodland","Hardwood",38,89,6,5,13,5,82,"I-A",97,69,0,0.380392,0.270588,0
167,2141,25420.7794318013,2287.87014886212,"Ozark-Ouachita Shortleaf Pine-Oak Forest and Woodland","Conifer",347,92,5,5,1,5,94,"I-A",196,164,100,0.768627,0.643137,0.392157
167,2146,330.629992609844,29.7566993348859,"Arkansas Valley Prairie and Woodland-Prairie","Grassland",2,344,12,2,82,1,17,"II-A",255,120,187,1,0.470588,0.733333
167,2147,236.419994715601,21.2777995244041,"Arkansas Valley Prairie and Woodland-Woodland","Grassland",96,14,2,2,3,14,83,"I-A",204,138,179,0.8,0.541176,0.701961
167,2153,101.539997730404,9.13859979573637,"Central Interior and Appalachian Floodplain Systems-Large Floodplains","Riparian",142,-9999,100,59,41,-9999,59,"III-A",48,237,56,0.188235,0.929412,0.219608
167,2160,34519.9592284188,3106.79633055769,"Ozark-Ouachita Shortleaf Pine-Bluestem Woodland","Hardwood-Conifer",100,1223,2,2,2,1,97,"I-A",68,137,112,0.266667,0.537255,0.439216
168,11,702.789984291419,63.2510985862277,"Open Water","Open Water",-9999,-9999,-9999,-9999,-9999,-9999,-9999,"-9999",0,0,255,0,0,1
168,2132,11422.8197446801,1028.05377702121,"Ozark-Ouachita Dry-Mesic Oak Forest","Hardwood",188,66,15,11,6,17,77,"I-B",115,115,0,0.45098,0.45098,0
168,2139,1596.82996430807,143.714696787726,"Ozark-Ouachita Mesic Hardwood Forest","Hardwood",316,110,25,19,6,18,76,"I-C",0,135,74,0,0.529412,0.290196
168,2140,4102.08990831114,369.188091748003,"Ozark-Ouachita Dry Oak Woodland","Hardwood",38,89,6,5,13,5,82,"I-A",97,69,0,0.380392,0.270588,0
168,2141,14852.5596680194,1336.73037012175,"Ozark-Ouachita Shortleaf Pine-Oak Forest and Woodland","Conifer",347,92,5,5,1,5,94,"I-A",196,164,100,0.768627,0.643137,0.392157
168,2146,20653.7495383527,1858.83745845174,"Arkansas Valley Prairie and Woodland-Prairie","Grassland",2,344,12,2,82,1,17,"II-A",255,120,187,1,0.470588,0.733333
168,2147,15992.7796425335,1439.35016782802,"Arkansas Valley Prairie and Woodland-Woodland","Grassland",96,14,2,2,3,14,83,"I-A",204,138,179,0.8,0.541176,0.701961
168,2153,11609.3297405113,1044.83967664601,"Central Interior and Appalachian Floodplain Systems-Large Floodplains","Riparian",142,-9999,100,59,41,-9999,59,"III-A",48,237,56,0.188235,0.929412,0.219608
168,2160,11644.1097397339,1047.96987657605,"Ozark-Ouachita Shortleaf Pine-Bluestem Woodland","Hardwood-Conifer",100,1223,2,2,2,1,97,"I-A",68,137,112,0.266667,0.537255,0.439216
169,11,683.389984725043,61.5050986252539,"Open Water","Open Water",-9999,-9999,-9999,-9999,-9999,-9999,-9999,"-9999",0,0,255,0,0,1
169,31,7.99999982118607,0.719999983906746,"Barren-Rock/Sand/Clay","Barren-Rock/Sand/Clay",-9999,-9999,-9999,-9999,-9999,-9999,-9999,"-9999",191,191,191,0.74902,0.74902,0.74902
169,2132,19945.1695541907,1795.06525987716,"Ozark-Ouachita Dry-Mesic Oak Forest","Hardwood",188,66,15,11,6,17,77,"I-B",115,115,0,0.45098,0.45098,0
169,2139,2983.23993331939,268.491593998745,"Ozark-Ouachita Mesic Hardwood Forest","Hardwood",316,110,25,19,6,18,76,"I-C",0,135,74,0,0.529412,0.290196
169,2140,12359.6697237398,1112.37027513659,"Ozark-Ouachita Dry Oak Woodland","Hardwood",38,89,6,5,13,5,82,"I-A",97,69,0,0.380392,0.270588,0
169,2141,32519.2592731379,2926.73333458241,"Ozark-Ouachita Shortleaf Pine-Oak Forest and Woodland","Conifer",347,92,5,5,1,5,94,"I-A",196,164,100,0.768627,0.643137,0.392157
169,2153,1594.36996436305,143.493296792675,"Central Interior and Appalachian Floodplain Systems-Large Floodplains","Riparian",142,-9999,100,59,41,-9999,59,"III-A",48,237,56,0.188235,0.929412,0.219608
169,2160,22503.079497017,2025.27715473153,"Ozark-Ouachita Shortleaf Pine-Bluestem Woodland","Hardwood-Conifer",100,1223,2,2,2,1,97,"I-A",68,137,112,0.266667,0.537255,0.439216
170,11,21.9599995091558,1.97639995582402,"Open Water","Open Water",-9999,-9999,-9999,-9999,-9999,-9999,-9999,"-9999",0,0,255,0,0,1
170,2132,42165.259057533,3794.87331517797,"Ozark-Ouachita Dry-Mesic Oak Forest","Hardwood",188,66,15,11,6,17,77,"I-B",115,115,0,0.45098,0.45098,0
170,2139,7338.58983596973,660.473085237276,"Ozark-Ouachita Mesic Hardwood Forest","Hardwood",316,110,25,19,6,18,76,"I-C",0,135,74,0,0.529412,0.290196
170,2140,38704.0891348962,3483.36802214066,"Ozark-Ouachita Dry Oak Woodland","Hardwood",38,89,6,5,13,5,82,"I-A",97,69,0,0.380392,0.270588,0
170,2141,1073.30997600965,96.5978978408687,"Ozark-Ouachita Shortleaf Pine-Oak Forest and Woodland","Conifer",347,92,5,5,1,5,94,"I-A",196,164,100,0.768627,0.643137,0.392157
170,2153,95.9999978542328,8.63999980688095,"Central Interior and Appalachian Floodplain Systems-Large Floodplains","Riparian",142,-9999,100,59,41,-9999,59,"III-A",48,237,56,0.188235,0.929412,0.219608
170,2160,3196.97992854193,287.728193568774,"Ozark-Ouachita Shortleaf Pine-Bluestem Woodland","Hardwood-Conifer",100,1223,2,2,2,1,97,"I-A",68,137,112,0.266667,0.537255,0.439216
171,11,597.799986638129,53.8019987974316,"Open Water","Open Water",-9999,-9999,-9999,-9999,-9999,-9999,-9999,"-9999",0,0,255,0,0,1
171,31,16.9999996200204,1.52999996580184,"Barren-Rock/Sand/Clay","Barren-Rock/Sand/Clay",-9999,-9999,-9999,-9999,-9999,-9999,-9999,"-9999",191,191,191,0.74902,0.74902,0.74902
171,2132,23752.4494690914,2137.72045221822,"Ozark-Ouachita Dry-Mesic Oak Forest","Hardwood",188,66,15,11,6,17,77,"I-B",115,115,0,0.45098,0.45098,0
171,2139,3034.81993216649,273.133793894984,"Ozark-Ouachita Mesic Hardwood Forest","Hardwood",316,110,25,19,6,18,76,"I-C",0,135,74,0,0.529412,0.290196
171,2140,10522.4297648054,947.018678832483,"Ozark-Ouachita Dry Oak Woodland","Hardwood",38,89,6,5,13,5,82,"I-A",97,69,0,0.380392,0.270588,0
171,2141,18063.3895962518,1625.70506366266,"Ozark-Ouachita Shortleaf Pine-Oak Forest and Woodland","Conifer",347,92,5,5,1,5,94,"I-A",196,164,100,0.768627,0.643137,0.392157
171,2153,326.99999269098,29.4299993421882,"Central Interior and Appalachian Floodplain Systems-Large Floodplains","Riparian",142,-9999,100,59,41,-9999,59,"III-A",48,237,56,0.188235,0.929412,0.219608
171,2160,36281.2991890498,3265.31692701448,"Ozark-Ouachita Shortleaf Pine-Bluestem Woodland","Hardwood-Conifer",100,1223,2,2,2,1,97,"I-A",68,137,112,0.266667,0.537255,0.439216
172,11,655.469985349104,58.9922986814193,"Open Water","Open Water",-9999,-9999,-9999,-9999,-9999,-9999,-9999,"-9999",0,0,255,0,0,1
172,2132,23307.0894790459,2097.63805311413,"Ozark-Ouachita Dry-Mesic Oak Forest","Hardwood",188,66,15,11,6,17,77,"I-B",115,115,0,0.45098,0.45098,0
172,2139,5429.93987863138,488.694589076825,"Ozark-Ouachita Mesic Hardwood Forest","Hardwood",316,110,25,19,6,18,76,"I-C",0,135,74,0,0.529412,0.290196
172,2140,9631.23978472501,866.811580625251,"Ozark-Ouachita Dry Oak Woodland","Hardwood",38,89,6,5,13,5,82,"I-A",97,69,0,0.380392,0.270588,0
172,2141,24390.5594548285,2195.15035093457,"Ozark-Ouachita Shortleaf Pine-Oak Forest and Woodland","Conifer",347,92,5,5,1,5,94,"I-A",196,164,100,0.768627,0.643137,0.392157
172,2153,4932.96988973953,443.967290076558,"Central Interior and Appalachian Floodplain Systems-Large Floodplains","Riparian",142,-9999,100,59,41,-9999,59,"III-A",48,237,56,0.188235,0.929412,0.219608
172,2160,24248.9194579944,2182.4027512195,"Ozark-Ouachita Shortleaf Pine-Bluestem Woodland","Hardwood-Conifer",100,1223,2,2,2,1,97,"I-A",68,137,112,0.266667,0.537255,0.439216
173,11,12.9999997094274,1.16999997384846,"Open Water","Open Water",-9999,-9999,-9999,-9999,-9999,-9999,-9999,"-9999",0,0,255,0,0,1
173,2132,23267.8794799224,2094.10915319301,"Ozark-Ouachita Dry-Mesic Oak Forest","Hardwood",188,66,15,11,6,17,77,"I-B",115,115,0,0.45098,0.45098,0
173,2139,4737.73989410326,426.396590469293,"Ozark-Ouachita Mesic Hardwood Forest","Hardwood",316,110,25,19,6,18,76,"I-C",0,135,74,0,0.529412,0.290196
173,2140,5897.80986817367,530.802888135631,"Ozark-Ouachita Dry Oak Woodland","Hardwood",38,89,6,5,13,5,82,"I-A",97,69,0,0.380392,0.270588,0
173,2141,20581.9895399567,1852.3790585961,"Ozark-Ouachita Shortleaf Pine-Oak Forest and Woodland","Conifer",347,92,5,5,1,5,94,"I-A",196,164,100,0.768627,0.643137,0.392157
173,2153,511.899988558143,46.0709989702329,"Central Interior and Appalachian Floodplain Systems-Large Floodplains","Riparian",142,-9999,100,59,41,-9999,59,"III-A",48,237,56,0.188235,0.929412,0.219608
173,2160,37585.8591598906,3382.72732439015,"Ozark-Ouachita Shortleaf Pine-Bluestem Woodland","Hardwood-Conifer",100,1223,2,2,2,1,97,"I-A",68,137,112,0.266667,0.537255,0.439216
174,11,286.949993586168,25.8254994227551,"Open Water","Open Water",-9999,-9999,-9999,-9999,-9999,-9999,-9999,"-9999",0,0,255,0,0,1
174,2132,14986.6996650212,1348.8029698519,"Ozark-Ouachita Dry-Mesic Oak Forest","Hardwood",188,66,15,11,6,17,77,"I-B",115,115,0,0.45098,0.45098,0
174,2139,2905.4199350588,261.487794155292,"Ozark-Ouachita Mesic Hardwood Forest","Hardwood",316,110,25,19,6,18,76,"I-C",0,135,74,0,0.529412,0.290196
174,2140,4266.79990462959,384.011991416663,"Ozark-Ouachita Dry Oak Woodland","Hardwood",38,89,6,5,13,5,82,"I-A",97,69,0,0.380392,0.270588,0
174,2141,17291.7996134982,1556.26196521483,"Ozark-Ouachita Shortleaf Pine-Oak Forest and Woodland","Conifer",347,92,5,5,1,5,94,"I-A",196,164,100,0.768627,0.643137,0.392157
174,2146,8603.96980768628,774.357282691766,"Arkansas Valley Prairie and Woodland-Prairie","Grassland",2,344,12,2,82,1,17,"II-A",255,120,187,1,0.470588,0.733333
174,2147,9128.22979596816,821.540681637134,"Arkansas Valley Prairie and Woodland-Woodland","Grassland",96,14,2,2,3,14,83,"I-A",204,138,179,0.8,0.541176,0.701961
174,2153,13737.3096929472,1236.35787236525,"Central Interior and Appalachian Floodplain Systems-Large Floodplains","Riparian",142,-9999,100,59,41,-9999,59,"III-A",48,237,56,0.188235,0.929412,0.219608
174,2160,21388.9995219186,1925.00995697267,"Ozark-Ouachita Shortleaf Pine-Bluestem Woodland","Hardwood-Conifer",100,1223,2,2,2,1,97,"I-A",68,137,112,0.266667,0.537255,0.439216
175,11,2268.09994930401,204.128995437361,"Open Water","Open Water",-9999,-9999,-9999,-9999,-9999,-9999,-9999,"-9999",0,0,255,0,0,1
175,2132,17115.8696174305,1540.42826556874,"Ozark-Ouachita Dry-Mesic Oak Forest","Hardwood",188,66,15,11,6,17,77,"I-B",115,115,0,0.45098,0.45098,0
175,2139,1879.4999579899,169.154996219091,"Ozark-Ouachita Mesic Hardwood Forest","Hardwood",316,110,25,19,6,18,76,"I-C",0,135,74,0,0.529412,0.290196
175,2140,9360.05979078636,842.405381170772,"Ozark-Ouachita Dry Oak Woodland","Hardwood",38,89,6,5,13,5,82,"I-A",97,69,0,0.380392,0.270588,0
175,2141,40546.8490937073,3649.21641843366,"Ozark-Ouachita Shortleaf Pine-Oak Forest and Woodland","Conifer",347,92,5,5,1,5,94,"I-A",196,164,100,0.768627,0.643137,0.392157
175,2153,1523.7199659422,137.134796934798,"Central Interior and Appalachian Floodplain Systems-Large Floodplains","Riparian",142,-9999,100,59,41,-9999,59,"III-A",48,237,56,0.188235,0.929412,0.219608
175,2160,19902.0795551538,1791.18715996385,"Ozark-Ouachita Shortleaf Pine-Bluestem Woodland","Hardwood-Conifer",100,1223,2,2,2,1,97,"I-A",68,137,112,0.266667,0.537255,0.439216
176,11,128.109997136518,11.5298997422867,"Open Water","Open Water",-9999,-9999,-9999,-9999,-9999,-9999,-9999,"-9999",0,0,255,0,0,1
176,31,6.99999984353781,0.629999985918403,"Barren-Rock/Sand/Clay","Barren-Rock/Sand/Clay",-9999,-9999,-9999,-9999,-9999,-9999,-9999,"-9999",191,191,191,0.74902,0.74902,0.74902
176,2132,32769.7392675392,2949.27653407853,"Ozark-Ouachita Dry-Mesic Oak Forest","Hardwood",188,66,15,11,6,17,77,"I-B",115,115,0,0.45098,0.45098,0
176,2139,8441.13981132582,759.702583019324,"Ozark-Ouachita Mesic Hardwood Forest","Hardwood",316,110,25,19,6,18,76,"I-C",0,135,74,0,0.529412,0.290196
176,2140,21884.8895108346,1969.64005597511,"Ozark-Ouachita Dry Oak Woodland","Hardwood",38,89,6,5,13,5,82,"I-A",97,69,0,0.380392,0.270588,0
176,2141,6001.30986586027,540.117887927424,"Ozark-Ouachita Shortleaf Pine-Oak Forest and Woodland","Conifer",347,92,5,5,1,5,94,"I-A",196,164,100,0.768627,0.643137,0.392157
176,2153,411.139990810305,37.0025991729274,"Central Interior and Appalachian Floodplain Systems-Large Floodplains","Riparian",142,-9999,100,59,41,-9999,59,"III-A",48,237,56,0.188235,0.929412,0.219608
176,2158,16.9999996200204,1.52999996580184,"Central Interior and Appalachian Shrub-Herbaceous Wetland Systems","Riparian",17,-9999,-9999,17,100,-9999,-9999,"II-C",240,150,20,0.941176,0.588235,0.078431
176,2160,22935.8494873438,2064.22645386094,"Ozark-Ouachita Shortleaf Pine-Bluestem Woodland","Hardwood-Conifer",100,1223,2,2,2,1,97,"I-A",68,137,112,0.266667,0.537255,0.439216
177,11,273.709993882105,24.6338994493894,"Open Water","Open Water",-9999,-9999,-9999,-9999,-9999,-9999,-9999,"-9999",0,0,255,0,0,1
177,2132,29572.9893389922,2661.56904050929,"Ozark-Ouachita Dry-Mesic Oak Forest","Hardwood",188,66,15,11,6,17,77,"I-B",115,115,0,0.45098,0.45098,0
177,2139,4953.90988927148,445.851890034433,"Ozark-Ouachita Mesic Hardwood Forest","Hardwood",316,110,25,19,6,18,76,"I-C",0,135,74,0,0.529412,0.290196
177,2140,22353.559500359,2011.82035503231,"Ozark-Ouachita Dry Oak Woodland","Hardwood",38,89,6,5,13,5,82,"I-A",97,69,0,0.380392,0.270588,0
177,2141,12032.2697310578,1082.9042757952,"Ozark-Ouachita Shortleaf Pine-Oak Forest and Woodland","Conifer",347,92,5,5,1,5,94,"I-A",196,164,100,0.768627,0.643137,0.392157
177,2160,23409.7294767518,2106.87565290766,"Ozark-Ouachita Shortleaf Pine-Bluestem Woodland","Hardwood-Conifer",100,1223,2,2,2,1,97,"I-A",68,137,112,0.266667,0.537255,0.439216
178,2132,28117.2993715294,2530.55694343764,"Ozark-Ouachita Dry-Mesic Oak Forest","Hardwood",188,66,15,11,6,17,77,"I-B",115,115,0,0.45098,0.45098,0
178,2139,5559.10987574421,500.319888816979,"Ozark-Ouachita Mesic Hardwood Forest","Hardwood",316,110,25,19,6,18,76,"I-C",0,135,74,0,0.529412,0.290196
178,2140,10089.0197744928,908.011779704355,"Ozark-Ouachita Dry Oak Woodland","Hardwood",38,89,6,5,13,5,82,"I-A",97,69,0,0.380392,0.270588,0
178,2141,22175.5895043369,1995.80305539032,"Ozark-Ouachita Shortleaf Pine-Oak Forest and Woodland","Conifer",347,92,5,5,1,5,94,"I-A",196,164,100,0.768627,0.643137,0.392157
178,2153,450.999989919364,40.5899990927428,"Central Interior and Appalachian Floodplain Systems-Large Floodplains","Riparian",142,-9999,100,59,41,-9999,59,"III-A",48,237,56,0.188235,0.929412,0.219608
178,2160,26204.1594142914,2358.37434728622,"Ozark-Ouachita Shortleaf Pine-Bluestem Woodland","Hardwood-Conifer",100,1223,2,2,2,1,97,"I-A",68,137,112,0.266667,0.537255,0.439216
179,11,532.929988088086,47.9636989279278,"Open Water","Open Water",-9999,-9999,-9999,-9999,-9999,-9999,-9999,"-9999",0,0,255,0,0,1
179,2132,25129.6394383088,2261.66754944779,"Ozark-Ouachita Dry-Mesic Oak Forest","Hardwood",188,66,15,11,6,17,77,"I-B",115,115,0,0.45098,0.45098,0
179,2139,4455.79990040511,401.02199103646,"Ozark-Ouachita Mesic Hardwood Forest","Hardwood",316,110,25,19,6,18,76,"I-C",0,135,74,0,0.529412,0.290196
179,2140,10775.7897591423,969.821078322809,"Ozark-Ouachita Dry Oak Woodland","Hardwood",38,89,6,5,13,5,82,"I-A",97,69,0,0.380392,0.270588,0
179,2141,26398.1894099545,2375.8370468959,"Ozark-Ouachita Shortleaf Pine-Oak Forest and Woodland","Conifer",347,92,5,5,1,5,94,"I-A",196,164,100,0.768627,0.643137,0.392157
179,2153,703.229984281585,63.2906985853426,"Central Interior and Appalachian Floodplain Systems-Large Floodplains","Riparian",142,-9999,100,59,41,-9999,59,"III-A",48,237,56,0.188235,0.929412,0.219608
179,2160,24600.5994501337,2214.05395051204,"Ozark-Ouachita Shortleaf Pine-Bluestem Woodland","Hardwood-Conifer",100,1223,2,2,2,1,97,"I-A",68,137,112,0.266667,0.537255,0.439216
180,11,6.99999984353781,0.629999985918403,"Open Water","Open Water",-9999,-9999,-9999,-9999,-9999,-9999,-9999,"-9999",0,0,255,0,0,1
180,2132,23586.1894728076,2122.75705255268,"Ozark-Ouachita Dry-Mesic Oak Forest","Hardwood",188,66,15,11,6,17,77,"I-B",115,115,0,0.45098,0.45098,0
180,2139,4318.74990346842,388.687491312157,"Ozark-Ouachita Mesic Hardwood Forest","Hardwood",316,110,25,19,6,18,76,"I-C",0,135,74,0,0.529412,0.290196
180,2140,5169.47988445312,465.253189600781,"Ozark-Ouachita Dry Oak Woodland","Hardwood",38,89,6,5,13,5,82,"I-A",97,69,0,0.380392,0.270588,0
180,2141,23821.9594675377,2143.97635207839,"Ozark-Ouachita Shortleaf Pine-Oak Forest and Woodland","Conifer",347,92,5,5,1,5,94,"I-A",196,164,100,0.768627,0.643137,0.392157
180,2153,80.9999981895089,7.2899998370558,"Central Interior and Appalachian Floodplain Systems-Large Floodplains","Riparian",142,-9999,100,59,41,-9999,59,"III-A",48,237,56,0.188235,0.929412,0.219608
180,2160,35611.809204014,3205.06282836126,"Ozark-Ouachita Shortleaf Pine-Bluestem Woodland","Hardwood-Conifer",100,1223,2,2,2,1,97,"I-A",68,137,112,0.266667,0.537255,0.439216
181,11,688.269984615967,61.944298615437,"Open Water","Open Water",-9999,-9999,-9999,-9999,-9999,-9999,-9999,"-9999",0,0,255,0,0,1
181,2132,11240.2297487613,1011.62067738852,"Ozark-Ouachita Dry-Mesic Oak Forest","Hardwood",188,66,15,11,6,17,77,"I-B",115,115,0,0.45098,0.45098,0
181,2139,1117.37997502461,100.564197752215,"Ozark-Ouachita Mesic Hardwood Forest","Hardwood",316,110,25,19,6,18,76,"I-C",0,135,74,0,0.529412,0.290196
181,2140,4539.07989854366,408.517190868929,"Ozark-Ouachita Dry Oak Woodland","Hardwood",38,89,6,5,13,5,82,"I-A",97,69,0,0.380392,0.270588,0
181,2141,7123.60984077491,641.124885669742,"Ozark-Ouachita Shortleaf Pine-Oak Forest and Woodland","Conifer",347,92,5,5,1,5,94,"I-A",196,164,100,0.768627,0.643137,0.392157
181,2146,19968.2595536746,1797.14335983071,"Arkansas Valley Prairie and Woodland-Prairie","Grassland",2,344,12,2,82,1,17,"II-A",255,120,187,1,0.470588,0.733333
181,2147,15834.6296460684,1425.11666814616,"Arkansas Valley Prairie and Woodland-Woodland","Grassland",96,14,2,2,3,14,83,"I-A",204,138,179,0.8,0.541176,0.701961
181,2153,23636.4194716848,2127.27775245164,"Central Interior and Appalachian Floodplain Systems-Large Floodplains","Riparian",142,-9999,100,59,41,-9999,59,"III-A",48,237,56,0.188235,0.929412,0.219608
181,2155,36.9999991729856,3.3299999255687,"Gulf and Atlantic Coastal Plain Floodplain Systems","Riparian",393,257,49,37,10,15,75,"III-A",102,119,205,0.4,0.466667,0.803922
181,2160,8411.09981199726,756.998983079754,"Ozark-Ouachita Shortleaf Pine-Bluestem Woodland","Hardwood-Conifer",100,1223,2,2,2,1,97,"I-A",68,137,112,0.266667,0.537255,0.439216
182,11,1802.6199597083,162.235796373747,"Open Water","Open Water",-9999,-9999,-9999,-9999,-9999,-9999,-9999,"-9999",0,0,255,0,0,1
182,31,1.99999995529652,0.179999995976686,"Barren-Rock/Sand/Clay","Barren-Rock/Sand/Clay",-9999,-9999,-9999,-9999,-9999,-9999,-9999,"-9999",191,191,191,0.74902,0.74902,0.74902
182,2132,16242.9996369407,1461.86996732466,"Ozark-Ouachita Dry-Mesic Oak Forest","Hardwood",188,66,15,11,6,17,77,"I-B",115,115,0,0.45098,0.45098,0
182,2138,4.06999990902841,0.366299991812557,"West Gulf Coastal Plain Mesic Hardwood Forest","Hardwood",271,90,23,17,7,19,74,"I-C",181,158,143,0.709804,0.619608,0.560784
182,2139,547.969987751916,49.3172988976724,"Ozark-Ouachita Mesic Hardwood Forest","Hardwood",316,110,25,19,6,18,76,"I-C",0,135,74,0,0.529412,0.290196
182,2140,11931.5497333091,1073.83947599782,"Ozark-Ouachita Dry Oak Woodland","Hardwood",38,89,6,5,13,5,82,"I-A",97,69,0,0.380392,0.270588,0
182,2141,39449.409118237,3550.44682064133,"Ozark-Ouachita Shortleaf Pine-Oak Forest and Woodland","Conifer",347,92,5,5,1,5,94,"I-A",196,164,100,0.768627,0.643137,0.392157
182,2142,612.689986305311,55.142098767478,"West Gulf Coastal Plain Pine-Hardwood Forest","Hardwood-Conifer",121,52,5,4,4,9,87,"I-A",100,168,0,0.392157,0.658824,0
182,2143,14.1599996834993,1.27439997151494,"West Gulf Coastal Plain Sandhill Oak and Shortleaf Pine Forest and Woodland","Hardwood-Conifer",159,390,5,5,3,1,96,"I-A",209,217,0,0.819608,0.85098,0
182,2151,200.939995508641,18.0845995957777,"West Gulf Coastal Plain Pine-Hardwood Flatwoods","Hardwood-Conifer",179,104,5,5,3,4,93,"I-A",99,235,97,0.388235,0.921569,0.380392
182,2153,3177.0899289865,285.938093608785,"Central Interior and Appalachian Floodplain Systems-Large Floodplains","Riparian",142,-9999,100,59,41,-9999,59,"III-A",48,237,56,0.188235,0.929412,0.219608
182,2155,44.3399990089238,3.99059991080314,"Gulf and Atlantic Coastal Plain Floodplain Systems","Riparian",393,257,49,37,10,15,75,"III-A",102,119,205,0.4,0.466667,0.803922
182,2156,10.9999997541308,0.989999977871776,"Gulf and Atlantic Coastal Plain Small Stream Riparian Systems","Riparian",431,129,50,33,8,26,66,"I-C",171,185,235,0.670588,0.72549,0.921569
182,2159,618.499986175448,55.6649987557903,"West Gulf Coastal Plain Nonriverine Wet Hardwood Flatwoods","Hardwood",308,130,38,27,9,21,70,"I-C",38,115,0,0.14902,0.45098,0
182,2160,17936.8295990806,1614.31466391725,"Ozark-Ouachita Shortleaf Pine-Bluestem Woodland","Hardwood-Conifer",100,1223,2,2,2,1,97,"I-A",68,137,112,0.266667,0.537255,0.439216
183,11,32.9999992623925,2.96999993361533,"Open Water","Open Water",-9999,-9999,-9999,-9999,-9999,-9999,-9999,"-9999",0,0,255,0,0,1
183,2132,24521.1594519094,2206.90435067184,"Ozark-Ouachita Dry-Mesic Oak Forest","Hardwood",188,66,15,11,6,17,77,"I-B",115,115,0,0.45098,0.45098,0
183,2139,3942.41991188005,354.817792069204,"Ozark-Ouachita Mesic Hardwood Forest","Hardwood",316,110,25,19,6,18,76,"I-C",0,135,74,0,0.529412,0.290196
183,2140,12162.8797281384,1094.65917553246,"Ozark-Ouachita Dry Oak Woodland","Hardwood",38,89,6,5,13,5,82,"I-A",97,69,0,0.380392,0.270588,0
183,2141,29555.5193393826,2659.99674054444,"Ozark-Ouachita Shortleaf Pine-Oak Forest and Woodland","Conifer",347,92,5,5,1,5,94,"I-A",196,164,100,0.768627,0.643137,0.392157
183,2153,162.659996364266,14.6393996727839,"Central Interior and Appalachian Floodplain Systems-Large Floodplains","Riparian",142,-9999,100,59,41,-9999,59,"III-A",48,237,56,0.188235,0.929412,0.219608
183,2160,22218.5495033767,1999.6694553039,"Ozark-Ouachita Shortleaf Pine-Bluestem Woodland","Hardwood-Conifer",100,1223,2,2,2,1,97,"I-A",68,137,112,0.266667,0.537255,0.439216
184,11,39.5499991159886,3.55949992043898,"Open Water","Open Water",-9999,-9999,-9999,-9999,-9999,-9999,-9999,"-9999",0,0,255,0,0,1
184,2132,34705.0092242826,3123.45083018543,"Ozark-Ouachita Dry-Mesic Oak Forest","Hardwood",188,66,15,11,6,17,77,"I-B",115,115,0,0.45098,0.45098,0
184,2139,5441.58987837099,489.743089053389,"Ozark-Ouachita Mesic Hardwood Forest","Hardwood",316,110,25,19,6,18,76,"I-C",0,135,74,0,0.529412,0.290196
184,2140,38368.8891423885,3453.20002281496,"Ozark-Ouachita Dry Oak Woodland","Hardwood",38,89,6,5,13,5,82,"I-A",97,69,0,0.380392,0.270588,0
184,2141,3568.02992024831,321.122692822348,"Ozark-Ouachita Shortleaf Pine-Oak Forest and Woodland","Conifer",347,92,5,5,1,5,94,"I-A",196,164,100,0.768627,0.643137,0.392157
184,2153,923.469979358837,83.1122981422953,"Central Interior and Appalachian Floodplain Systems-Large Floodplains","Riparian",142,-9999,100,59,41,-9999,59,"III-A",48,237,56,0.188235,0.929412,0.219608
184,2160,9549.65978654847,859.469380789362,"Ozark-Ouachita Shortleaf Pine-Bluestem Woodland","Hardwood-Conifer",100,1223,2,2,2,1,97,"I-A",68,137,112,0.266667,0.537255,0.439216
185,11,1067.79997613281,96.1019978519529,"Open Water","Open Water",-9999,-9999,-9999,-9999,-9999,-9999,-9999,"-9999",0,0,255,0,0,1
185,31,8.99999979883432,0.809999981895089,"Barren-Rock/Sand/Clay","Barren-Rock/Sand/Clay",-9999,-9999,-9999,-9999,-9999,-9999,-9999,"-9999",191,191,191,0.74902,0.74902,0.74902
185,2132,17496.0196089335,1574.64176480401,"Ozark-Ouachita Dry-Mesic Oak Forest","Hardwood",188,66,15,11,6,17,77,"I-B",115,115,0,0.45098,0.45098,0
185,2139,756.529983090237,68.0876984781213,"Ozark-Ouachita Mesic Hardwood Forest","Hardwood",316,110,25,19,6,18,76,"I-C",0,135,74,0,0.529412,0.290196
185,2140,12181.7497277167,1096.3574754945,"Ozark-Ouachita Dry Oak Woodland","Hardwood",38,89,6,5,13,5,82,"I-A",97,69,0,0.380392,0.270588,0
185,2141,10034.789775705,903.131079813447,"Ozark-Ouachita Shortleaf Pine-Oak Forest and Woodland","Conifer",347,92,5,5,1,5,94,"I-A",196,164,100,0.768627,0.643137,0.392157
185,2153,3580.02991998009,322.202692798208,"Central Interior and Appalachian Floodplain Systems-Large Floodplains","Riparian",142,-9999,100,59,41,-9999,59,"III-A",48,237,56,0.188235,0.929412,0.219608
185,2160,47470.258938957,4272.32330450613,"Ozark-Ouachita Shortleaf Pine-Bluestem Woodland","Hardwood-Conifer",100,1223,2,2,2,1,97,"I-A",68,137,112,0.266667,0.537255,0.439216
186,11,9.99999977648258,0.899999979883432,"Open Water","Open Water",-9999,-9999,-9999,-9999,-9999,-9999,-9999,"-9999",0,0,255,0,0,1
186,2132,27431.6393868551,2468.84754481696,"Ozark-Ouachita Dry-Mesic Oak Forest","Hardwood",188,66,15,11,6,17,77,"I-B",115,115,0,0.45098,0.45098,0
186,2139,7202.4898390118,648.224085511062,"Ozark-Ouachita Mesic Hardwood Forest","Hardwood",316,110,25,19,6,18,76,"I-C",0,135,74,0,0.529412,0.290196
186,2140,11324.3397468813,1019.19057721931,"Ozark-Ouachita Dry Oak Woodland","Hardwood",38,89,6,5,13,5,82,"I-A",97,69,0,0.380392,0.270588,0
186,2141,25169.269437423,2265.23424936807,"Ozark-Ouachita Shortleaf Pine-Oak Forest and Woodland","Conifer",347,92,5,5,1,5,94,"I-A",196,164,100,0.768627,0.643137,0.392157
186,2153,118.999997340143,10.7099997606128,"Central Interior and Appalachian Floodplain Systems-Large Floodplains","Riparian",142,-9999,100,59,41,-9999,59,"III-A",48,237,56,0.188235,0.929412,0.219608
186,2160,21339.4495230261,1920.55045707235,"Ozark-Ouachita Shortleaf Pine-Bluestem Woodland","Hardwood-Conifer",100,1223,2,2,2,1,97,"I-A",68,137,112,0.266667,0.537255,0.439216
187,11,13.9999996870756,1.25999997183681,"Open Water","Open Water",-9999,-9999,-9999,-9999,-9999,-9999,-9999,"-9999",0,0,255,0,0,1
187,2132,23156.0694824215,2084.04625341794,"Ozark-Ouachita Dry-Mesic Oak Forest","Hardwood",188,66,15,11,6,17,77,"I-B",115,115,0,0.45098,0.45098,0
187,2139,3627.68991891481,326.492092702333,"Ozark-Ouachita Mesic Hardwood Forest","Hardwood",316,110,25,19,6,18,76,"I-C",0,135,74,0,0.529412,0.290196
187,2140,8588.57980803028,772.972182722725,"Ozark-Ouachita Dry Oak Woodland","Hardwood",38,89,6,5,13,5,82,"I-A",97,69,0,0.380392,0.270588,0
187,2141,17649.319605507,1588.43876449563,"Ozark-Ouachita Shortleaf Pine-Oak Forest and Woodland","Conifer",347,92,5,5,1,5,94,"I-A",196,164,100,0.768627,0.643137,0.392157
187,2153,2354.36994737573,211.893295263816,"Central Interior and Appalachian Floodplain Systems-Large Floodplains","Riparian",142,-9999,100,59,41,-9999,59,"III-A",48,237,56,0.188235,0.929412,0.219608
187,2160,37206.1591683775,3348.55432515398,"Ozark-Ouachita Shortleaf Pine-Bluestem Woodland","Hardwood-Conifer",100,1223,2,2,2,1,97,"I-A",68,137,112,0.266667,0.537255,0.439216
188,11,6219.88986097462,559.790087487716,"Open Water","Open Water",-9999,-9999,-9999,-9999,-9999,-9999,-9999,"-9999",0,0,255,0,0,1
188,2132,11641.6797397882,1047.75117658094,"Ozark-Ouachita Dry-Mesic Oak Forest","Hardwood",188,66,15,11,6,17,77,"I-B",115,115,0,0.45098,0.45098,0
188,2139,2136.81995223835,192.313795701452,"Ozark-Ouachita Mesic Hardwood Forest","Hardwood",316,110,25,19,6,18,76,"I-C",0,135,74,0,0.529412,0.290196
188,2140,4187.34990640543,376.861491576489,"Ozark-Ouachita Dry Oak Woodland","Hardwood",38,89,6,5,13,5,82,"I-A",97,69,0,0.380392,0.270588,0
188,2141,10456.2797662839,941.065178965554,"Ozark-Ouachita Shortleaf Pine-Oak Forest and Woodland","Conifer",347,92,5,5,1,5,94,"I-A",196,164,100,0.768627,0.643137,0.392157
188,2146,3184.59992881864,286.613993593678,"Arkansas Valley Prairie and Woodland-Prairie","Grassland",2,344,12,2,82,1,17,"II-A",255,120,187,1,0.470588,0.733333
188,2147,9043.07979787141,813.877181808427,"Arkansas Valley Prairie and Woodland-Woodland","Grassland",96,14,2,2,3,14,83,"I-A",204,138,179,0.8,0.541176,0.701961
188,2153,26073.8194172047,2346.64374754842,"Central Interior and Appalachian Floodplain Systems-Large Floodplains","Riparian",142,-9999,100,59,41,-9999,59,"III-A",48,237,56,0.188235,0.929412,0.219608
188,2160,19652.649560729,1768.73846046561,"Ozark-Ouachita Shortleaf Pine-Bluestem Woodland","Hardwood-Conifer",100,1223,2,2,2,1,97,"I-A",68,137,112,0.266667,0.537255,0.439216
189,11,13927.8896886874,1253.51007198187,"Open Water","Open Water",-9999,-9999,-9999,-9999,-9999,-9999,-9999,"-9999",0,0,255,0,0,1
189,2132,14099.1096848603,1268.91987163743,"Ozark-Ouachita Dry-Mesic Oak Forest","Hardwood",188,66,15,11,6,17,77,"I-B",115,115,0,0.45098,0.45098,0
189,2139,937.299979049712,84.3569981144741,"Ozark-Ouachita Mesic Hardwood Forest","Hardwood",316,110,25,19,6,18,76,"I-C",0,135,74,0,0.529412,0.290196
189,2140,8182.91981709749,736.462783538774,"Ozark-Ouachita Dry Oak Woodland","Hardwood",38,89,6,5,13,5,82,"I-A",97,69,0,0.380392,0.270588,0
189,2141,34887.8892201949,3139.91002981754,"Ozark-Ouachita Shortleaf Pine-Oak Forest and Woodland","Conifer",347,92,5,5,1,5,94,"I-A",196,164,100,0.768627,0.643137,0.392157
189,2153,3825.29991449788,344.276992304809,"Central Interior and Appalachian Floodplain Systems-Large Floodplains","Riparian",142,-9999,100,59,41,-9999,59,"III-A",48,237,56,0.188235,0.929412,0.219608
189,2160,16735.7696259264,1506.21926633338,"Ozark-Ouachita Shortleaf Pine-Bluestem Woodland","Hardwood-Conifer",100,1223,2,2,2,1,97,"I-A",68,137,112,0.266667,0.537255,0.439216
190,11,79.9999982118607,7.19999983906746,"Open Water","Open Water",-9999,-9999,-9999,-9999,-9999,-9999,-9999,"-9999",0,0,255,0,0,1
190,31,1.99999995529652,0.179999995976686,"Barren-Rock/Sand/Clay","Barren-Rock/Sand/Clay",-9999,-9999,-9999,-9999,-9999,-9999,-9999,"-9999",191,191,191,0.74902,0.74902,0.74902
190,2132,31844.5492882188,2866.0094359397,"Ozark-Ouachita Dry-Mesic Oak Forest","Hardwood",188,66,15,11,6,17,77,"I-B",115,115,0,0.45098,0.45098,0
190,2139,3966.67991133779,357.001192020401,"Ozark-Ouachita Mesic Hardwood Forest","Hardwood",316,110,25,19,6,18,76,"I-C",0,135,74,0,0.529412,0.290196
190,2140,24913.4094431419,2242.20684988277,"Ozark-Ouachita Dry Oak Woodland","Hardwood",38,89,6,5,13,5,82,"I-A",97,69,0,0.380392,0.270588,0
190,2141,4408.87990145385,396.799191130847,"Ozark-Ouachita Shortleaf Pine-Oak Forest and Woodland","Conifer",347,92,5,5,1,5,94,"I-A",196,164,100,0.768627,0.643137,0.392157
190,2153,1261.98997179233,113.579097461309,"Central Interior and Appalachian Floodplain Systems-Large Floodplains","Riparian",142,-9999,100,59,41,-9999,59,"III-A",48,237,56,0.188235,0.929412,0.219608
190,2160,26118.679416202,2350.68114745818,"Ozark-Ouachita Shortleaf Pine-Bluestem Woodland","Hardwood-Conifer",100,1223,2,2,2,1,97,"I-A",68,137,112,0.266667,0.537255,0.439216
191,11,247.999994456768,22.3199995011091,"Open Water","Open Water",-9999,-9999,-9999,-9999,-9999,-9999,-9999,"-9999",0,0,255,0,0,1
191,2132,25038.9294403363,2253.50364963027,"Ozark-Ouachita Dry-Mesic Oak Forest","Hardwood",188,66,15,11,6,17,77,"I-B",115,115,0,0.45098,0.45098,0
191,2139,5441.58987837099,489.743089053389,"Ozark-Ouachita Mesic Hardwood Forest","Hardwood",316,110,25,19,6,18,76,"I-C",0,135,74,0,0.529412,0.290196
191,2140,25132.1494382527,2261.89344944274,"Ozark-Ouachita Dry Oak Woodland","Hardwood",38,89,6,5,13,5,82,"I-A",97,69,0,0.380392,0.270588,0
191,2141,12001.74973174,1080.1574758566,"Ozark-Ouachita Shortleaf Pine-Oak Forest and Woodland","Conifer",347,92,5,5,1,5,94,"I-A",196,164,100,0.768627,0.643137,0.392157
191,2153,1157.79997412115,104.201997670904,"Central Interior and Appalachian Floodplain Systems-Large Floodplains","Riparian",142,-9999,100,59,41,-9999,59,"III-A",48,237,56,0.188235,0.929412,0.219608
191,2160,23575.9494730365,2121.83545257328,"Ozark-Ouachita Shortleaf Pine-Bluestem Woodland","Hardwood-Conifer",100,1223,2,2,2,1,97,"I-A",68,137,112,0.266667,0.537255,0.439216
192,11,23.9999994635582,2.15999995172024,"Open Water","Open Water",-9999,-9999,-9999,-9999,-9999,-9999,-9999,"-9999",0,0,255,0,0,1
192,2132,23154.4194824584,2083.89775342125,"Ozark-Ouachita Dry-Mesic Oak Forest","Hardwood",188,66,15,11,6,17,77,"I-B",115,115,0,0.45098,0.45098,0
192,2139,6052.18986472301,544.697087825071,"Ozark-Ouachita Mesic Hardwood Forest","Hardwood",316,110,25,19,6,18,76,"I-C",0,135,74,0,0.529412,0.290196
192,2140,9268.81979282573,834.193781354316,"Ozark-Ouachita Dry Oak Woodland","Hardwood",38,89,6,5,13,5,82,"I-A",97,69,0,0.380392,0.270588,0
192,2141,22719.4594921805,2044.75135429624,"Ozark-Ouachita Shortleaf Pine-Oak Forest and Woodland","Conifer",347,92,5,5,1,5,94,"I-A",196,164,100,0.768627,0.643137,0.392157
192,2153,546.439987786114,49.1795989007503,"Central Interior and Appalachian Floodplain Systems-Large Floodplains","Riparian",142,-9999,100,59,41,-9999,59,"III-A",48,237,56,0.188235,0.929412,0.219608
192,2160,30830.8493108768,2774.77643797891,"Ozark-Ouachita Shortleaf Pine-Bluestem Woodland","Hardwood-Conifer",100,1223,2,2,2,1,97,"I-A",68,137,112,0.266667,0.537255,0.439216
193,11,924.59997933358,83.2139981400222,"Open Water","Open Water",-9999,-9999,-9999,-9999,-9999,-9999,-9999,"-9999",0,0,255,0,0,1
193,2132,18465.0395872742,1661.85356285468,"Ozark-Ouachita Dry-Mesic Oak Forest","Hardwood",188,66,15,11,6,17,77,"I-B",115,115,0,0.45098,0.45098,0
193,2139,4189.53990635648,377.058591572084,"Ozark-Ouachita Mesic Hardwood Forest","Hardwood",316,110,25,19,6,18,76,"I-C",0,135,74,0,0.529412,0.290196
193,2140,6215.16986108012,559.365287497211,"Ozark-Ouachita Dry Oak Woodland","Hardwood",38,89,6,5,13,5,82,"I-A",97,69,0,0.380392,0.270588,0
193,2141,34605.2492265124,3114.47243038611,"Ozark-Ouachita Shortleaf Pine-Oak Forest and Woodland","Conifer",347,92,5,5,1,5,94,"I-A",196,164,100,0.768627,0.643137,0.392157
193,2153,13111.4897069354,1180.03407362418,"Central Interior and Appalachian Floodplain Systems-Large Floodplains","Riparian",142,-9999,100,59,41,-9999,59,"III-A",48,237,56,0.188235,0.929412,0.219608
193,2160,15085.089662822,1357.65806965398,"Ozark-Ouachita Shortleaf Pine-Bluestem Woodland","Hardwood-Conifer",100,1223,2,2,2,1,97,"I-A",68,137,112,0.266667,0.537255,0.439216
194,11,5.99999986588955,0.539999987930059,"Open Water","Open Water",-9999,-9999,-9999,-9999,-9999,-9999,-9999,"-9999",0,0,255,0,0,1
194,2132,21974.619508829,1977.71575579461,"Ozark-Ouachita Dry-Mesic Oak Forest","Hardwood",188,66,15,11,6,17,77,"I-B",115,115,0,0.45098,0.45098,0
194,2136,695.999984443188,62.6399985998869,"Ouachita Montane Oak Forest","Hardwood",38,89,6,5,13,6,81,"I-A",0,38,115,0,0.14902,0.45098
194,2139,3915.65991247818,352.409392123036,"Ozark-Ouachita Mesic Hardwood Forest","Hardwood",316,110,25,19,6,18,76,"I-C",0,135,74,0,0.529412,0.290196
194,2140,5232.13988305256,470.89258947473,"Ozark-Ouachita Dry Oak Woodland","Hardwood",38,89,6,5,13,5,82,"I-A",97,69,0,0.380392,0.270588,0
194,2141,19455.039565146,1750.95356086314,"Ozark-Ouachita Shortleaf Pine-Oak Forest and Woodland","Conifer",347,92,5,5,1,5,94,"I-A",196,164,100,0.768627,0.643137,0.392157
194,2153,2627.92994126119,236.513694713507,"Central Interior and Appalachian Floodplain Systems-Large Floodplains","Riparian",142,-9999,100,59,41,-9999,59,"III-A",48,237,56,0.188235,0.929412,0.219608
194,2160,38688.7891352382,3481.99102217143,"Ozark-Ouachita Shortleaf Pine-Bluestem Woodland","Hardwood-Conifer",100,1223,2,2,2,1,97,"I-A",68,137,112,0.266667,0.537255,0.439216
195,11,259.519994199276,23.3567994779348,"Open Water","Open Water",-9999,-9999,-9999,-9999,-9999,-9999,-9999,"-9999",0,0,255,0,0,1
195,2132,15352.6796568409,1381.74116911568,"Ozark-Ouachita Dry-Mesic Oak Forest","Hardwood",188,66,15,11,6,17,77,"I-B",115,115,0,0.45098,0.45098,0
195,2136,3113.79993040115,280.241993736103,"Ouachita Montane Oak Forest","Hardwood",38,89,6,5,13,6,81,"I-A",0,38,115,0,0.14902,0.45098
195,2139,2100.33995305374,189.030595774837,"Ozark-Ouachita Mesic Hardwood Forest","Hardwood",316,110,25,19,6,18,76,"I-C",0,135,74,0,0.529412,0.290196
195,2140,7822.4998251535,704.024984263815,"Ozark-Ouachita Dry Oak Woodland","Hardwood",38,89,6,5,13,5,82,"I-A",97,69,0,0.380392,0.270588,0
195,2141,19509.8395639211,1755.8855607529,"Ozark-Ouachita Shortleaf Pine-Oak Forest and Woodland","Conifer",347,92,5,5,1,5,94,"I-A",196,164,100,0.768627,0.643137,0.392157
195,2146,2734.19993888587,246.077994499728,"Arkansas Valley Prairie and Woodland-Prairie","Grassland",2,344,12,2,82,1,17,"II-A",255,120,187,1,0.470588,0.733333
195,2147,5980.7598663196,538.268387968764,"Arkansas Valley Prairie and Woodland-Woodland","Grassland",96,14,2,2,3,14,83,"I-A",204,138,179,0.8,0.541176,0.701961
195,2153,1080.3899758514,97.2350978266261,"Central Interior and Appalachian Floodplain Systems-Large Floodplains","Riparian",142,-9999,100,59,41,-9999,59,"III-A",48,237,56,0.188235,0.929412,0.219608
195,2160,34641.9392256923,3117.77453031231,"Ozark-Ouachita Shortleaf Pine-Bluestem Woodland","Hardwood-Conifer",100,1223,2,2,2,1,97,"I-A",68,137,112,0.266667,0.537255,0.439216
196,11,80.9999981895089,7.2899998370558,"Open Water","Open Water",-9999,-9999,-9999,-9999,-9999,-9999,-9999,"-9999",0,0,255,0,0,1
196,2132,20195.2595486008,1817.57335937407,"Ozark-Ouachita Dry-Mesic Oak Forest","Hardwood",188,66,15,11,6,17,77,"I-B",115,115,0,0.45098,0.45098,0
196,2139,2220.52995036729,199.847695533056,"Ozark-Ouachita Mesic Hardwood Forest","Hardwood",316,110,25,19,6,18,76,"I-C",0,135,74,0,0.529412,0.290196
196,2140,13190.9497051593,1187.18547346434,"Ozark-Ouachita Dry Oak Woodland","Hardwood",38,89,6,5,13,5,82,"I-A",97,69,0,0.380392,0.270588,0
196,2141,31183.0593030043,2806.47533727039,"Ozark-Ouachita Shortleaf Pine-Oak Forest and Woodland","Conifer",347,92,5,5,1,5,94,"I-A",196,164,100,0.768627,0.643137,0.392157
196,2153,2278.01994908229,205.021795417406,"Central Interior and Appalachian Floodplain Systems-Large Floodplains","Riparian",142,-9999,100,59,41,-9999,59,"III-A",48,237,56,0.188235,0.929412,0.219608
196,2160,23447.3594759107,2110.26235283196,"Ozark-Ouachita Shortleaf Pine-Bluestem Woodland","Hardwood-Conifer",100,1223,2,2,2,1,97,"I-A",68,137,112,0.266667,0.537255,0.439216
197,11,298.669993324205,26.8802993991785,"Open Water","Open Water",-9999,-9999,-9999,-9999,-9999,-9999,-9999,"-9999",0,0,255,0,0,1
197,2132,21837.8395118862,1965.40555606976,"Ozark-Ouachita Dry-Mesic Oak Forest","Hardwood",188,66,15,11,6,17,77,"I-B",115,115,0,0.45098,0.45098,0
197,2139,3388.1699242685,304.935293184165,"Ozark-Ouachita Mesic Hardwood Forest","Hardwood",316,110,25,19,6,18,76,"I-C",0,135,74,0,0.529412,0.290196
197,2140,18018.2095972616,1621.63886375355,"Ozark-Ouachita Dry Oak Woodland","Hardwood",38,89,6,5,13,5,82,"I-A",97,69,0,0.380392,0.270588,0
197,2141,16278.7696361411,1465.0892672527,"Ozark-Ouachita Shortleaf Pine-Oak Forest and Woodland","Conifer",347,92,5,5,1,5,94,"I-A",196,164,100,0.768627,0.643137,0.392157
197,2153,2191.95995100588,197.276395590529,"Central Interior and Appalachian Floodplain Systems-Large Floodplains","Riparian",142,-9999,100,59,41,-9999,59,"III-A",48,237,56,0.188235,0.929412,0.219608
197,2160,30582.5593164265,2752.43033847839,"Ozark-Ouachita Shortleaf Pine-Bluestem Woodland","Hardwood-Conifer",100,1223,2,2,2,1,97,"I-A",68,137,112,0.266667,0.537255,0.439216
198,11,1639.09996336326,147.518996702693,"Open Water","Open Water",-9999,-9999,-9999,-9999,-9999,-9999,-9999,"-9999",0,0,255,0,0,1
198,31,31.9999992847443,2.87999993562698,"Barren-Rock/Sand/Clay","Barren-Rock/Sand/Clay",-9999,-9999,-9999,-9999,-9999,-9999,-9999,"-9999",191,191,191,0.74902,0.74902,0.74902
198,2132,21479.2095199022,1933.1288567912,"Ozark-Ouachita Dry-Mesic Oak Forest","Hardwood",188,66,15,11,6,17,77,"I-B",115,115,0,0.45098,0.45098,0
198,2139,1859.2599584423,167.333396259807,"Ozark-Ouachita Mesic Hardwood Forest","Hardwood",316,110,25,19,6,18,76,"I-C",0,135,74,0,0.529412,0.290196
198,2140,17662.1996052191,1589.59796446972,"Ozark-Ouachita Dry Oak Woodland","Hardwood",38,89,6,5,13,5,82,"I-A",97,69,0,0.380392,0.270588,0
198,2141,10220.0297715645,919.802679440808,"Ozark-Ouachita Shortleaf Pine-Oak Forest and Woodland","Conifer",347,92,5,5,1,5,94,"I-A",196,164,100,0.768627,0.643137,0.392157
198,2153,4039.4299097117,363.548691874053,"Central Interior and Appalachian Floodplain Systems-Large Floodplains","Riparian",142,-9999,100,59,41,-9999,59,"III-A",48,237,56,0.188235,0.929412,0.219608
198,2158,51.9999988377094,4.67999989539385,"Central Interior and Appalachian Shrub-Herbaceous Wetland Systems","Riparian",17,-9999,-9999,17,100,-9999,-9999,"II-C",240,150,20,0.941176,0.588235,0.078431
198,2160,35612.9592039883,3205.16632835895,"Ozark-Ouachita Shortleaf Pine-Bluestem Woodland","Hardwood-Conifer",100,1223,2,2,2,1,97,"I-A",68,137,112,0.266667,0.537255,0.439216
199,2132,30554.9493170436,2749.94543853393,"Ozark-Ouachita Dry-Mesic Oak Forest","Hardwood",188,66,15,11,6,17,77,"I-B",115,115,0,0.45098,0.45098,0
199,2139,6836.87984718382,615.319186246544,"Ozark-Ouachita Mesic Hardwood Forest","Hardwood",316,110,25,19,6,18,76,"I-C",0,135,74,0,0.529412,0.290196
199,2140,10481.0097657312,943.290878915805,"Ozark-Ouachita Dry Oak Woodland","Hardwood",38,89,6,5,13,5,82,"I-A",97,69,0,0.380392,0.270588,0
199,2141,21300.8295238893,1917.07465715004,"Ozark-Ouachita Shortleaf Pine-Oak Forest and Woodland","Conifer",347,92,5,5,1,5,94,"I-A",196,164,100,0.768627,0.643137,0.392157
199,2153,173.599996119738,15.6239996507764,"Central Interior and Appalachian Floodplain Systems-Large Floodplains","Riparian",142,-9999,100,59,41,-9999,59,"III-A",48,237,56,0.188235,0.929412,0.219608
199,2160,23248.9094803464,2092.40185323117,"Ozark-Ouachita Shortleaf Pine-Bluestem Woodland","Hardwood-Conifer",100,1223,2,2,2,1,97,"I-A",68,137,112,0.266667,0.537255,0.439216
200,11,498.169988865033,44.835298997853,"Open Water","Open Water",-9999,-9999,-9999,-9999,-9999,-9999,-9999,"-9999",0,0,255,0,0,1
200,2132,16403.6596333496,1476.32936700147,"Ozark-Ouachita Dry-Mesic Oak Forest","Hardwood",188,66,15,11,6,17,77,"I-B",115,115,0,0.45098,0.45098,0
200,2139,2843.3399364464,255.900594280176,"Ozark-Ouachita Mesic Hardwood Forest","Hardwood",316,110,25,19,6,18,76,"I-C",0,135,74,0,0.529412,0.290196
200,2140,7276.48983735777,654.8840853622,"Ozark-Ouachita Dry Oak Woodland","Hardwood",38,89,6,5,13,5,82,"I-A",97,69,0,0.380392,0.270588,0
200,2141,35356.2092097271,3182.05882887544,"Ozark-Ouachita Shortleaf Pine-Oak Forest and Woodland","Conifer",347,92,5,5,1,5,94,"I-A",196,164,100,0.768627,0.643137,0.392157
200,2153,12619.6897179279,1135.77207461352,"Central Interior and Appalachian Floodplain Systems-Large Floodplains","Riparian",142,-9999,100,59,41,-9999,59,"III-A",48,237,56,0.188235,0.929412,0.219608
200,2160,17598.6096066404,1583.87486459764,"Ozark-Ouachita Shortleaf Pine-Bluestem Woodland","Hardwood-Conifer",100,1223,2,2,2,1,97,"I-A",68,137,112,0.266667,0.537255,0.439216
201,11,7975.05982174352,717.755383956917,"Open Water","Open Water",-9999,-9999,-9999,-9999,-9999,-9999,-9999,"-9999",0,0,255,0,0,1
201,2132,14308.1496801879,1287.73347121691,"Ozark-Ouachita Dry-Mesic Oak Forest","Hardwood",188,66,15,11,6,17,77,"I-B",115,115,0,0.45098,0.45098,0
201,2139,2232.92995009013,200.963695508111,"Ozark-Ouachita Mesic Hardwood Forest","Hardwood",316,110,25,19,6,18,76,"I-C",0,135,74,0,0.529412,0.290196
201,2140,6218.26986101083,559.644287490975,"Ozark-Ouachita Dry Oak Woodland","Hardwood",38,89,6,5,13,5,82,"I-A",97,69,0,0.380392,0.270588,0
201,2141,6258.29986011609,563.246987410448,"Ozark-Ouachita Shortleaf Pine-Oak Forest and Woodland","Conifer",347,92,5,5,1,5,94,"I-A",196,164,100,0.768627,0.643137,0.392157
201,2146,11144.4297509026,1002.99867758123,"Arkansas Valley Prairie and Woodland-Prairie","Grassland",2,344,12,2,82,1,17,"II-A",255,120,187,1,0.470588,0.733333
201,2147,14879.0796674266,1339.1171700684,"Arkansas Valley Prairie and Woodland-Woodland","Grassland",96,14,2,2,3,14,83,"I-A",204,138,179,0.8,0.541176,0.701961
201,2153,9216.83979398757,829.515581458881,"Central Interior and Appalachian Floodplain Systems-Large Floodplains","Riparian",142,-9999,100,59,41,-9999,59,"III-A",48,237,56,0.188235,0.929412,0.219608
201,2160,20363.1195448488,1832.68075903639,"Ozark-Ouachita Shortleaf Pine-Bluestem Woodland","Hardwood-Conifer",100,1223,2,2,2,1,97,"I-A",68,137,112,0.266667,0.537255,0.439216
202,11,902.799979820848,81.2519981838763,"Open Water","Open Water",-9999,-9999,-9999,-9999,-9999,-9999,-9999,"-9999",0,0,255,0,0,1
202,2132,16290.989635868,1466.18906722812,"Ozark-Ouachita Dry-Mesic Oak Forest","Hardwood",188,66,15,11,6,17,77,"I-B",115,115,0,0.45098,0.45098,0
202,2139,1679.59996245801,151.163996621221,"Ozark-Ouachita Mesic Hardwood Forest","Hardwood",316,110,25,19,6,18,76,"I-C",0,135,74,0,0.529412,0.290196
202,2140,9694.19978331774,872.477980498597,"Ozark-Ouachita Dry Oak Woodland","Hardwood",38,89,6,5,13,5,82,"I-A",97,69,0,0.380392,0.270588,0
202,2141,37744.6691563409,3397.02022407068,"Ozark-Ouachita Shortleaf Pine-Oak Forest and Woodland","Conifer",347,92,5,5,1,5,94,"I-A",196,164,100,0.768627,0.643137,0.392157
202,2153,2663.07994047552,239.677194642797,"Central Interior and Appalachian Floodplain Systems-Large Floodplains","Riparian",142,-9999,100,59,41,-9999,59,"III-A",48,237,56,0.188235,0.929412,0.219608
202,2160,23620.8494720329,2125.87645248296,"Ozark-Ouachita Shortleaf Pine-Bluestem Woodland","Hardwood-Conifer",100,1223,2,2,2,1,97,"I-A",68,137,112,0.266667,0.537255,0.439216
203,11,656.839985318482,59.1155986786634,"Open Water","Open Water",-9999,-9999,-9999,-9999,-9999,-9999,-9999,"-9999",0,0,255,0,0,1
203,31,7.99999982118607,0.719999983906746,"Barren-Rock/Sand/Clay","Barren-Rock/Sand/Clay",-9999,-9999,-9999,-9999,-9999,-9999,-9999,"-9999",191,191,191,0.74902,0.74902,0.74902
203,2132,24500.9694523606,2205.08725071246,"Ozark-Ouachita Dry-Mesic Oak Forest","Hardwood",188,66,15,11,6,17,77,"I-B",115,115,0,0.45098,0.45098,0
203,2139,3138.32992985286,282.449693686757,"Ozark-Ouachita Mesic Hardwood Forest","Hardwood",316,110,25,19,6,18,76,"I-C",0,135,74,0,0.529412,0.290196
203,2140,25641.3794268705,2307.72414841834,"Ozark-Ouachita Dry Oak Woodland","Hardwood",38,89,6,5,13,5,82,"I-A",97,69,0,0.380392,0.270588,0
203,2141,6354.93985795602,571.944587216042,"Ozark-Ouachita Shortleaf Pine-Oak Forest and Woodland","Conifer",347,92,5,5,1,5,94,"I-A",196,164,100,0.768627,0.643137,0.392157
203,2153,3816.03991470486,343.443592323437,"Central Interior and Appalachian Floodplain Systems-Large Floodplains","Riparian",142,-9999,100,59,41,-9999,59,"III-A",48,237,56,0.188235,0.929412,0.219608
203,2160,28479.6793634295,2563.17114270866,"Ozark-Ouachita Shortleaf Pine-Bluestem Woodland","Hardwood-Conifer",100,1223,2,2,2,1,97,"I-A",68,137,112,0.266667,0.537255,0.439216
204,11,67.6599984876812,6.0893998638913,"Open Water","Open Water",-9999,-9999,-9999,-9999,-9999,-9999,-9999,"-9999",0,0,255,0,0,1
204,2132,21326.3995233178,1919.3759570986,"Ozark-Ouachita Dry-Mesic Oak Forest","Hardwood",188,66,15,11,6,17,77,"I-B",115,115,0,0.45098,0.45098,0
204,2139,1524.50996592455,137.205896933209,"Ozark-Ouachita Mesic Hardwood Forest","Hardwood",316,110,25,19,6,18,76,"I-C",0,135,74,0,0.529412,0.290196
204,2140,41555.6690711584,3740.01021640426,"Ozark-Ouachita Dry Oak Woodland","Hardwood",38,89,6,5,13,5,82,"I-A",97,69,0,0.380392,0.270588,0
204,2141,3810.65991482511,342.95939233426,"Ozark-Ouachita Shortleaf Pine-Oak Forest and Woodland","Conifer",347,92,5,5,1,5,94,"I-A",196,164,100,0.768627,0.643137,0.392157
204,2153,5715.3798722513,514.384188502617,"Central Interior and Appalachian Floodplain Systems-Large Floodplains","Riparian",142,-9999,100,59,41,-9999,59,"III-A",48,237,56,0.188235,0.929412,0.219608
204,2160,18595.8995843492,1673.63096259143,"Ozark-Ouachita Shortleaf Pine-Bluestem Woodland","Hardwood-Conifer",100,1223,2,2,2,1,97,"I-A",68,137,112,0.266667,0.537255,0.439216
205,11,18.9999995753169,1.70999996177852,"Open Water","Open Water",-9999,-9999,-9999,-9999,-9999,-9999,-9999,"-9999",0,0,255,0,0,1
205,2132,22917.5394877531,2062.57855389778,"Ozark-Ouachita Dry-Mesic Oak Forest","Hardwood",188,66,15,11,6,17,77,"I-B",115,115,0,0.45098,0.45098,0
205,2139,4566.44989793189,410.98049081387,"Ozark-Ouachita Mesic Hardwood Forest","Hardwood",316,110,25,19,6,18,76,"I-C",0,135,74,0,0.529412,0.290196
205,2140,9836.67978013307,885.301180211976,"Ozark-Ouachita Dry Oak Woodland","Hardwood",38,89,6,5,13,5,82,"I-A",97,69,0,0.380392,0.270588,0
205,2141,22947.7894870769,2065.30105383692,"Ozark-Ouachita Shortleaf Pine-Oak Forest and Woodland","Conifer",347,92,5,5,1,5,94,"I-A",196,164,100,0.768627,0.643137,0.392157
205,2153,451.03998991847,40.5935990926623,"Central Interior and Appalachian Floodplain Systems-Large Floodplains","Riparian",142,-9999,100,59,41,-9999,59,"III-A",48,237,56,0.188235,0.929412,0.219608
205,2160,31857.6692879256,2867.1902359133,"Ozark-Ouachita Shortleaf Pine-Bluestem Woodland","Hardwood-Conifer",100,1223,2,2,2,1,97,"I-A",68,137,112,0.266667,0.537255,0.439216
206,11,68.8299984615296,6.19469986153767,"Open Water","Open Water",-9999,-9999,-9999,-9999,-9999,-9999,-9999,"-9999",0,0,255,0,0,1
206,31,12.9999997094274,1.16999997384846,"Barren-Rock/Sand/Clay","Barren-Rock/Sand/Clay",-9999,-9999,-9999,-9999,-9999,-9999,-9999,"-9999",191,191,191,0.74902,0.74902,0.74902
206,2132,25262.2394353449,2273.60154918104,"Ozark-Ouachita Dry-Mesic Oak Forest","Hardwood",188,66,15,11,6,17,77,"I-B",115,115,0,0.45098,0.45098,0
206,2139,5978.9298663605,538.103687972445,"Ozark-Ouachita Mesic Hardwood Forest","Hardwood",316,110,25,19,6,18,76,"I-C",0,135,74,0,0.529412,0.290196
206,2140,7919.40982298739,712.746884068865,"Ozark-Ouachita Dry Oak Woodland","Hardwood",38,89,6,5,13,5,82,"I-A",97,69,0,0.380392,0.270588,0
206,2141,27887.5993766636,2509.88394389972,"Ozark-Ouachita Shortleaf Pine-Oak Forest and Woodland","Conifer",347,92,5,5,1,5,94,"I-A",196,164,100,0.768627,0.643137,0.392157
206,2153,2114.91995272785,190.342795745507,"Central Interior and Appalachian Floodplain Systems-Large Floodplains","Riparian",142,-9999,100,59,41,-9999,59,"III-A",48,237,56,0.188235,0.929412,0.219608
206,2160,23351.2594780587,2101.61335302528,"Ozark-Ouachita Shortleaf Pine-Bluestem Woodland","Hardwood-Conifer",100,1223,2,2,2,1,97,"I-A",68,137,112,0.266667,0.537255,0.439216
207,11,83.9999981224537,7.55999983102083,"Open Water","Open Water",-9999,-9999,-9999,-9999,-9999,-9999,-9999,"-9999",0,0,255,0,0,1
207,2132,19781.3895578515,1780.32506020663,"Ozark-Ouachita Dry-Mesic Oak Forest","Hardwood",188,66,15,11,6,17,77,"I-B",115,115,0,0.45098,0.45098,0
207,2139,4153.03990717232,373.773591645509,"Ozark-Ouachita Mesic Hardwood Forest","Hardwood",316,110,25,19,6,18,76,"I-C",0,135,74,0,0.529412,0.290196
207,2140,5505.45987694338,495.491388924904,"Ozark-Ouachita Dry Oak Woodland","Hardwood",38,89,6,5,13,5,82,"I-A",97,69,0,0.380392,0.270588,0
207,2141,17293.6296134572,1556.42666521115,"Ozark-Ouachita Shortleaf Pine-Oak Forest and Woodland","Conifer",347,92,5,5,1,5,94,"I-A",196,164,100,0.768627,0.643137,0.392157
207,2146,524.999988265336,47.2499989438802,"Arkansas Valley Prairie and Woodland-Prairie","Grassland",2,344,12,2,82,1,17,"II-A",255,120,187,1,0.470588,0.733333
207,2147,285.999993607402,25.7399994246662,"Arkansas Valley Prairie and Woodland-Woodland","Grassland",96,14,2,2,3,14,83,"I-A",204,138,179,0.8,0.541176,0.701961
207,2153,6885.59984609485,619.703986148536,"Central Interior and Appalachian Floodplain Systems-Large Floodplains","Riparian",142,-9999,100,59,41,-9999,59,"III-A",48,237,56,0.188235,0.929412,0.219608
207,2155,44.9999989941716,4.04999990947545,"Gulf and Atlantic Coastal Plain Floodplain Systems","Riparian",393,257,49,37,10,15,75,"III-A",102,119,205,0.4,0.466667,0.803922
207,2160,38037.0691498052,3423.33622348247,"Ozark-Ouachita Shortleaf Pine-Bluestem Woodland","Hardwood-Conifer",100,1223,2,2,2,1,97,"I-A",68,137,112,0.266667,0.537255,0.439216
208,11,146.639996722341,13.1975997050107,"Open Water","Open Water",-9999,-9999,-9999,-9999,-9999,-9999,-9999,"-9999",0,0,255,0,0,1
208,2132,16311.9896353986,1468.07906718587,"Ozark-Ouachita Dry-Mesic Oak Forest","Hardwood",188,66,15,11,6,17,77,"I-B",115,115,0,0.45098,0.45098,0
208,2136,5503.19987699389,495.287988929451,"Ouachita Montane Oak Forest","Hardwood",38,89,6,5,13,6,81,"I-A",0,38,115,0,0.14902,0.45098
208,2139,2320.99994812161,208.889995330945,"Ozark-Ouachita Mesic Hardwood Forest","Hardwood",316,110,25,19,6,18,76,"I-C",0,135,74,0,0.529412,0.290196
208,2140,5346.9298804868,481.223689243812,"Ozark-Ouachita Dry Oak Woodland","Hardwood",38,89,6,5,13,5,82,"I-A",97,69,0,0.380392,0.270588,0
208,2141,14569.8096743394,1311.28287069054,"Ozark-Ouachita Shortleaf Pine-Oak Forest and Woodland","Conifer",347,92,5,5,1,5,94,"I-A",196,164,100,0.768627,0.643137,0.392157
208,2146,7988.15982145071,718.934383930564,"Arkansas Valley Prairie and Woodland-Prairie","Grassland",2,344,12,2,82,1,17,"II-A",255,120,187,1,0.470588,0.733333
208,2147,14585.8696739804,1312.72827065824,"Arkansas Valley Prairie and Woodland-Woodland","Grassland",96,14,2,2,3,14,83,"I-A",204,138,179,0.8,0.541176,0.701961
208,2153,1032.28997692652,92.9060979233868,"Central Interior and Appalachian Floodplain Systems-Large Floodplains","Riparian",142,-9999,100,59,41,-9999,59,"III-A",48,237,56,0.188235,0.929412,0.219608
208,2160,24790.0494458992,2231.10445013093,"Ozark-Ouachita Shortleaf Pine-Bluestem Woodland","Hardwood-Conifer",100,1223,2,2,2,1,97,"I-A",68,137,112,0.266667,0.537255,0.439216
209,11,744.989983348176,67.0490985013358,"Open Water","Open Water",-9999,-9999,-9999,-9999,-9999,-9999,-9999,"-9999",0,0,255,0,0,1
209,2132,19676.6795601919,1770.90116041727,"Ozark-Ouachita Dry-Mesic Oak Forest","Hardwood",188,66,15,11,6,17,77,"I-B",115,115,0,0.45098,0.45098,0
209,2139,1542.82996551506,138.854696896356,"Ozark-Ouachita Mesic Hardwood Forest","Hardwood",316,110,25,19,6,18,76,"I-C",0,135,74,0,0.529412,0.290196
209,2140,10066.3197750002,905.968779750019,"Ozark-Ouachita Dry Oak Woodland","Hardwood",38,89,6,5,13,5,82,"I-A",97,69,0,0.380392,0.270588,0
209,2141,27382.4993879534,2464.42494491581,"Ozark-Ouachita Shortleaf Pine-Oak Forest and Woodland","Conifer",347,92,5,5,1,5,94,"I-A",196,164,100,0.768627,0.643137,0.392157
209,2153,4682.3998953402,421.415990580618,"Central Interior and Appalachian Floodplain Systems-Large Floodplains","Riparian",142,-9999,100,59,41,-9999,59,"III-A",48,237,56,0.188235,0.929412,0.219608
209,2160,28500.4793629646,2565.04314266682,"Ozark-Ouachita Shortleaf Pine-Bluestem Woodland","Hardwood-Conifer",100,1223,2,2,2,1,97,"I-A",68,137,112,0.266667,0.537255,0.439216
210,11,16.9999996200204,1.52999996580184,"Open Water","Open Water",-9999,-9999,-9999,-9999,-9999,-9999,-9999,"-9999",0,0,255,0,0,1
210,2132,30895.0893094409,2780.55803784968,"Ozark-Ouachita Dry-Mesic Oak Forest","Hardwood",188,66,15,11,6,17,77,"I-B",115,115,0,0.45098,0.45098,0
210,2139,6428.66985630803,578.580287067723,"Ozark-Ouachita Mesic Hardwood Forest","Hardwood",316,110,25,19,6,18,76,"I-C",0,135,74,0,0.529412,0.290196
210,2140,24705.4394477904,2223.48955030113,"Ozark-Ouachita Dry Oak Woodland","Hardwood",38,89,6,5,13,5,82,"I-A",97,69,0,0.380392,0.270588,0
210,2141,9913.81977840886,892.243780056797,"Ozark-Ouachita Shortleaf Pine-Oak Forest and Woodland","Conifer",347,92,5,5,1,5,94,"I-A",196,164,100,0.768627,0.643137,0.392157
210,2153,246.949994480237,22.2254995032214,"Central Interior and Appalachian Floodplain Systems-Large Floodplains","Riparian",142,-9999,100,59,41,-9999,59,"III-A",48,237,56,0.188235,0.929412,0.219608
210,2158,68.9999984577298,6.20999986119568,"Central Interior and Appalachian Shrub-Herbaceous Wetland Systems","Riparian",17,-9999,-9999,17,100,-9999,-9999,"II-C",240,150,20,0.941176,0.588235,0.078431
210,2160,20320.1995458081,1828.81795912273,"Ozark-Ouachita Shortleaf Pine-Bluestem Woodland","Hardwood-Conifer",100,1223,2,2,2,1,97,"I-A",68,137,112,0.266667,0.537255,0.439216
211,11,6171.82986204885,555.464687584396,"Open Water","Open Water",-9999,-9999,-9999,-9999,-9999,-9999,-9999,"-9999",0,0,255,0,0,1
211,31,1.99999995529652,0.179999995976686,"Barren-Rock/Sand/Clay","Barren-Rock/Sand/Clay",-9999,-9999,-9999,-9999,-9999,-9999,-9999,"-9999",191,191,191,0.74902,0.74902,0.74902
211,2132,20237.5395476557,1821.37855928902,"Ozark-Ouachita Dry-Mesic Oak Forest","Hardwood",188,66,15,11,6,17,77,"I-B",115,115,0,0.45098,0.45098,0
211,2139,1622.71996372938,146.044796735644,"Ozark-Ouachita Mesic Hardwood Forest","Hardwood",316,110,25,19,6,18,76,"I-C",0,135,74,0,0.529412,0.290196
211,2140,25232.3794360124,2270.91414924111,"Ozark-Ouachita Dry Oak Woodland","Hardwood",38,89,6,5,13,5,82,"I-A",97,69,0,0.380392,0.270588,0
211,2141,9156.57979533449,824.092181580104,"Ozark-Ouachita Shortleaf Pine-Oak Forest and Woodland","Conifer",347,92,5,5,1,5,94,"I-A",196,164,100,0.768627,0.643137,0.392157
211,2153,6665.19985102117,599.867986591905,"Central Interior and Appalachian Floodplain Systems-Large Floodplains","Riparian",142,-9999,100,59,41,-9999,59,"III-A",48,237,56,0.188235,0.929412,0.219608
211,2160,23507.9294745568,2115.71365271011,"Ozark-Ouachita Shortleaf Pine-Bluestem Woodland","Hardwood-Conifer",100,1223,2,2,2,1,97,"I-A",68,137,112,0.266667,0.537255,0.439216
212,2132,25250.199435614,2272.51794920526,"Ozark-Ouachita Dry-Mesic Oak Forest","Hardwood",188,66,15,11,6,17,77,"I-B",115,115,0,0.45098,0.45098,0
212,2139,3520.46992131136,316.842292918023,"Ozark-Ouachita Mesic Hardwood Forest","Hardwood",316,110,25,19,6,18,76,"I-C",0,135,74,0,0.529412,0.290196
212,2140,10108.5497740563,909.769479665067,"Ozark-Ouachita Dry Oak Woodland","Hardwood",38,89,6,5,13,5,82,"I-A",97,69,0,0.380392,0.270588,0
212,2141,27424.9693870042,2468.24724483037,"Ozark-Ouachita Shortleaf Pine-Oak Forest and Woodland","Conifer",347,92,5,5,1,5,94,"I-A",196,164,100,0.768627,0.643137,0.392157
212,2153,3679.89991774783,331.190992597304,"Central Interior and Appalachian Floodplain Systems-Large Floodplains","Riparian",142,-9999,100,59,41,-9999,59,"III-A",48,237,56,0.188235,0.929412,0.219608
212,2160,22612.0794945806,2035.08715451226,"Ozark-Ouachita Shortleaf Pine-Bluestem Woodland","Hardwood-Conifer",100,1223,2,2,2,1,97,"I-A",68,137,112,0.266667,0.537255,0.439216
213,11,807.099981959909,72.6389983763918,"Open Water","Open Water",-9999,-9999,-9999,-9999,-9999,-9999,-9999,"-9999",0,0,255,0,0,1
213,2132,11787.4597365297,1060.87137628768,"Ozark-Ouachita Dry-Mesic Oak Forest","Hardwood",188,66,15,11,6,17,77,"I-B",115,115,0,0.45098,0.45098,0
213,2139,2059.49995396659,185.354995856993,"Ozark-Ouachita Mesic Hardwood Forest","Hardwood",316,110,25,19,6,18,76,"I-C",0,135,74,0,0.529412,0.290196
213,2140,5861.5698689837,527.541288208533,"Ozark-Ouachita Dry Oak Woodland","Hardwood",38,89,6,5,13,5,82,"I-A",97,69,0,0.380392,0.270588,0
213,2141,41582.2890705634,3742.40601635071,"Ozark-Ouachita Shortleaf Pine-Oak Forest and Woodland","Conifer",347,92,5,5,1,5,94,"I-A",196,164,100,0.768627,0.643137,0.392157
213,2153,14158.4996835329,1274.26497151796,"Central Interior and Appalachian Floodplain Systems-Large Floodplains","Riparian",142,-9999,100,59,41,-9999,59,"III-A",48,237,56,0.188235,0.929412,0.219608
213,2155,23.9999994635582,2.15999995172024,"Gulf and Atlantic Coastal Plain Floodplain Systems","Riparian",393,257,49,37,10,15,75,"III-A",102,119,205,0.4,0.466667,0.803922
213,2160,16315.7696353141,1468.41926717827,"Ozark-Ouachita Shortleaf Pine-Bluestem Woodland","Hardwood-Conifer",100,1223,2,2,2,1,97,"I-A",68,137,112,0.266667,0.537255,0.439216
214,11,945.169978873804,85.0652980986424,"Open Water","Open Water",-9999,-9999,-9999,-9999,-9999,-9999,-9999,"-9999",0,0,255,0,0,1
214,2132,12425.5797222666,1118.302175004,"Ozark-Ouachita Dry-Mesic Oak Forest","Hardwood",188,66,15,11,6,17,77,"I-B",115,115,0,0.45098,0.45098,0
214,2139,2707.08993949182,243.638094554264,"Ozark-Ouachita Mesic Hardwood Forest","Hardwood",316,110,25,19,6,18,76,"I-C",0,135,74,0,0.529412,0.290196
214,2140,3665.3699180726,329.883292626534,"Ozark-Ouachita Dry Oak Woodland","Hardwood",38,89,6,5,13,5,82,"I-A",97,69,0,0.380392,0.270588,0
214,2141,10339.1697689015,930.525279201139,"Ozark-Ouachita Shortleaf Pine-Oak Forest and Woodland","Conifer",347,92,5,5,1,5,94,"I-A",196,164,100,0.768627,0.643137,0.392157
214,2146,15410.4796555489,1386.9431689994,"Arkansas Valley Prairie and Woodland-Prairie","Grassland",2,344,12,2,82,1,17,"II-A",255,120,187,1,0.470588,0.733333
214,2147,11212.9597493708,1009.16637744337,"Arkansas Valley Prairie and Woodland-Woodland","Grassland",96,14,2,2,3,14,83,"I-A",204,138,179,0.8,0.541176,0.701961
214,2153,22620.0294944029,2035.80265449626,"Central Interior and Appalachian Floodplain Systems-Large Floodplains","Riparian",142,-9999,100,59,41,-9999,59,"III-A",48,237,56,0.188235,0.929412,0.219608
214,2155,26.999999396503,2.42999994568527,"Gulf and Atlantic Coastal Plain Floodplain Systems","Riparian",393,257,49,37,10,15,75,"III-A",102,119,205,0.4,0.466667,0.803922
214,2160,13243.3497039881,1191.90147335893,"Ozark-Ouachita Shortleaf Pine-Bluestem Woodland","Hardwood-Conifer",100,1223,2,2,2,1,97,"I-A",68,137,112,0.266667,0.537255,0.439216
215,11,120.539997305721,10.8485997575149,"Open Water","Open Water",-9999,-9999,-9999,-9999,-9999,-9999,-9999,"-9999",0,0,255,0,0,1
215,2132,20879.939533297,1879.19455799673,"Ozark-Ouachita Dry-Mesic Oak Forest","Hardwood",188,66,15,11,6,17,77,"I-B",115,115,0,0.45098,0.45098,0
215,2139,2416.68994598277,217.502095138449,"Ozark-Ouachita Mesic Hardwood Forest","Hardwood",316,110,25,19,6,18,76,"I-C",0,135,74,0,0.529412,0.290196
215,2140,10965.5497549009,986.899477941077,"Ozark-Ouachita Dry Oak Woodland","Hardwood",38,89,6,5,13,5,82,"I-A",97,69,0,0.380392,0.270588,0
215,2141,9613.57978511974,865.222180660777,"Ozark-Ouachita Shortleaf Pine-Oak Forest and Woodland","Conifer",347,92,5,5,1,5,94,"I-A",196,164,100,0.768627,0.643137,0.392157
215,2153,1383.23996908218,124.491597217396,"Central Interior and Appalachian Floodplain Systems-Large Floodplains","Riparian",142,-9999,100,59,41,-9999,59,"III-A",48,237,56,0.188235,0.929412,0.219608
215,2158,122.999997250736,11.0699997525662,"Central Interior and Appalachian Shrub-Herbaceous Wetland Systems","Riparian",17,-9999,-9999,17,100,-9999,-9999,"II-C",240,150,20,0.941176,0.588235,0.078431
215,2160,47093.6489473749,4238.42840526374,"Ozark-Ouachita Shortleaf Pine-Bluestem Woodland","Hardwood-Conifer",100,1223,2,2,2,1,97,"I-A",68,137,112,0.266667,0.537255,0.439216
216,11,10269.759770453,924.278379340768,"Open Water","Open Water",-9999,-9999,-9999,-9999,-9999,-9999,-9999,"-9999",0,0,255,0,0,1
216,2132,24085.1594616547,2167.66435154892,"Ozark-Ouachita Dry-Mesic Oak Forest","Hardwood",188,66,15,11,6,17,77,"I-B",115,115,0,0.45098,0.45098,0
216,2139,963.039978474379,86.6735980626941,"Ozark-Ouachita Mesic Hardwood Forest","Hardwood",316,110,25,19,6,18,76,"I-C",0,135,74,0,0.529412,0.290196
216,2140,41852.489064524,3766.72401580716,"Ozark-Ouachita Dry Oak Woodland","Hardwood",38,89,6,5,13,5,82,"I-A",97,69,0,0.380392,0.270588,0
216,2141,2115.00995272584,190.350895745326,"Ozark-Ouachita Shortleaf Pine-Oak Forest and Woodland","Conifer",347,92,5,5,1,5,94,"I-A",196,164,100,0.768627,0.643137,0.392157
216,2153,6815.4998476617,613.394986289553,"Central Interior and Appalachian Floodplain Systems-Large Floodplains","Riparian",142,-9999,100,59,41,-9999,59,"III-A",48,237,56,0.188235,0.929412,0.219608
216,2160,6495.2298548203,584.570686933827,"Ozark-Ouachita Shortleaf Pine-Bluestem Woodland","Hardwood-Conifer",100,1223,2,2,2,1,97,"I-A",68,137,112,0.266667,0.537255,0.439216
217,11,356.469992032275,32.0822992829047,"Open Water","Open Water",-9999,-9999,-9999,-9999,-9999,-9999,-9999,"-9999",0,0,255,0,0,1
217,2132,17913.3095996063,1612.19786396457,"Ozark-Ouachita Dry-Mesic Oak Forest","Hardwood",188,66,15,11,6,17,77,"I-B",115,115,0,0.45098,0.45098,0
217,2139,1333.90997018479,120.051897316631,"Ozark-Ouachita Mesic Hardwood Forest","Hardwood",316,110,25,19,6,18,76,"I-C",0,135,74,0,0.529412,0.290196
217,2140,12664.9897169154,1139.84907452239,"Ozark-Ouachita Dry Oak Woodland","Hardwood",38,89,6,5,13,5,82,"I-A",97,69,0,0.380392,0.270588,0
217,2141,13126.3897066023,1181.37507359421,"Ozark-Ouachita Shortleaf Pine-Oak Forest and Woodland","Conifer",347,92,5,5,1,5,94,"I-A",196,164,100,0.768627,0.643137,0.392157
217,2153,2874.16993575729,258.675294218156,"Central Interior and Appalachian Floodplain Systems-Large Floodplains","Riparian",142,-9999,100,59,41,-9999,59,"III-A",48,237,56,0.188235,0.929412,0.219608
217,2160,44326.9490092155,3989.42541082939,"Ozark-Ouachita Shortleaf Pine-Bluestem Woodland","Hardwood-Conifer",100,1223,2,2,2,1,97,"I-A",68,137,112,0.266667,0.537255,0.439216
218,11,8.99999979883432,0.809999981895089,"Open Water","Open Water",-9999,-9999,-9999,-9999,-9999,-9999,-9999,"-9999",0,0,255,0,0,1
218,2132,24862.3294442836,2237.60964998553,"Ozark-Ouachita Dry-Mesic Oak Forest","Hardwood",188,66,15,11,6,17,77,"I-B",115,115,0,0.45098,0.45098,0
218,2139,4961.8098890949,446.562890018541,"Ozark-Ouachita Mesic Hardwood Forest","Hardwood",316,110,25,19,6,18,76,"I-C",0,135,74,0,0.529412,0.290196
218,2140,9358.93979081139,842.304581173025,"Ozark-Ouachita Dry Oak Woodland","Hardwood",38,89,6,5,13,5,82,"I-A",97,69,0,0.380392,0.270588,0
218,2141,29917.2493312974,2692.55243981676,"Ozark-Ouachita Shortleaf Pine-Oak Forest and Woodland","Conifer",347,92,5,5,1,5,94,"I-A",196,164,100,0.768627,0.643137,0.392157
218,2153,381.739991467446,34.3565992320701,"Central Interior and Appalachian Floodplain Systems-Large Floodplains","Riparian",142,-9999,100,59,41,-9999,59,"III-A",48,237,56,0.188235,0.929412,0.219608
218,2160,23105.1194835603,2079.46075352043,"Ozark-Ouachita Shortleaf Pine-Bluestem Woodland","Hardwood-Conifer",100,1223,2,2,2,1,97,"I-A",68,137,112,0.266667,0.537255,0.439216
219,11,84.9999981001019,7.64999982900918,"Open Water","Open Water",-9999,-9999,-9999,-9999,-9999,-9999,-9999,"-9999",0,0,255,0,0,1
219,2132,18955.3095763158,1705.97786186842,"Ozark-Ouachita Dry-Mesic Oak Forest","Hardwood",188,66,15,11,6,17,77,"I-B",115,115,0,0.45098,0.45098,0
219,2139,3109.25993050262,279.833393745236,"Ozark-Ouachita Mesic Hardwood Forest","Hardwood",316,110,25,19,6,18,76,"I-C",0,135,74,0,0.529412,0.290196
219,2140,7994.80982130207,719.532883917186,"Ozark-Ouachita Dry Oak Woodland","Hardwood",38,89,6,5,13,5,82,"I-A",97,69,0,0.380392,0.270588,0
219,2141,11666.3197392374,1049.96877653137,"Ozark-Ouachita Shortleaf Pine-Oak Forest and Woodland","Conifer",347,92,5,5,1,5,94,"I-A",196,164,100,0.768627,0.643137,0.392157
219,2146,9643.23978445679,867.891580601111,"Arkansas Valley Prairie and Woodland-Prairie","Grassland",2,344,12,2,82,1,17,"II-A",255,120,187,1,0.470588,0.733333
219,2147,16939.8496213648,1524.58646592284,"Arkansas Valley Prairie and Woodland-Woodland","Grassland",96,14,2,2,3,14,83,"I-A",204,138,179,0.8,0.541176,0.701961
219,2153,8872.83980167657,798.555582150891,"Central Interior and Appalachian Floodplain Systems-Large Floodplains","Riparian",142,-9999,100,59,41,-9999,59,"III-A",48,237,56,0.188235,0.929412,0.219608
219,2160,15329.5496573579,1379.65946916221,"Ozark-Ouachita Shortleaf Pine-Bluestem Woodland","Hardwood-Conifer",100,1223,2,2,2,1,97,"I-A",68,137,112,0.266667,0.537255,0.439216
220,11,872.209980504587,78.4988982454129,"Open Water","Open Water",-9999,-9999,-9999,-9999,-9999,-9999,-9999,"-9999",0,0,255,0,0,1
220,2132,14668.2796721384,1320.14517049246,"Ozark-Ouachita Dry-Mesic Oak Forest","Hardwood",188,66,15,11,6,17,77,"I-B",115,115,0,0.45098,0.45098,0
220,2139,1907.15995737165,171.644396163449,"Ozark-Ouachita Mesic Hardwood Forest","Hardwood",316,110,25,19,6,18,76,"I-C",0,135,74,0,0.529412,0.290196
220,2140,5166.15988452733,464.954389607459,"Ozark-Ouachita Dry Oak Woodland","Hardwood",38,89,6,5,13,5,82,"I-A",97,69,0,0.380392,0.270588,0
220,2141,15723.429648554,1415.10866836986,"Ozark-Ouachita Shortleaf Pine-Oak Forest and Woodland","Conifer",347,92,5,5,1,5,94,"I-A",196,164,100,0.768627,0.643137,0.392157
220,2146,14826.3296686057,1334.36967017451,"Arkansas Valley Prairie and Woodland-Prairie","Grassland",2,344,12,2,82,1,17,"II-A",255,120,187,1,0.470588,0.733333
220,2147,11357.3097461443,1022.15787715299,"Arkansas Valley Prairie and Woodland-Woodland","Grassland",96,14,2,2,3,14,83,"I-A",204,138,179,0.8,0.541176,0.701961
220,2153,2979.30993340723,268.137894006651,"Central Interior and Appalachian Floodplain Systems-Large Floodplains","Riparian",142,-9999,100,59,41,-9999,59,"III-A",48,237,56,0.188235,0.929412,0.219608
220,2160,25095.7594390661,2258.61834951594,"Ozark-Ouachita Shortleaf Pine-Bluestem Woodland","Hardwood-Conifer",100,1223,2,2,2,1,97,"I-A",68,137,112,0.266667,0.537255,0.439216
221,11,1305.27997082472,117.475197374225,"Open Water","Open Water",-9999,-9999,-9999,-9999,-9999,-9999,-9999,"-9999",0,0,255,0,0,1
221,31,15.9999996423721,1.43999996781349,"Barren-Rock/Sand/Clay","Barren-Rock/Sand/Clay",-9999,-9999,-9999,-9999,-9999,-9999,-9999,"-9999",191,191,191,0.74902,0.74902,0.74902
221,2132,12290.9597252756,1106.18637527481,"Ozark-Ouachita Dry-Mesic Oak Forest","Hardwood",188,66,15,11,6,17,77,"I-B",115,115,0,0.45098,0.45098,0
221,2139,12.9999997094274,1.16999997384846,"Ozark-Ouachita Mesic Hardwood Forest","Hardwood",316,110,25,19,6,18,76,"I-C",0,135,74,0,0.529412,0.290196
221,2140,8943.88980008848,804.950082007963,"Ozark-Ouachita Dry Oak Woodland","Hardwood",38,89,6,5,13,5,82,"I-A",97,69,0,0.380392,0.270588,0
221,2141,41655.4790689275,3748.99311620347,"Ozark-Ouachita Shortleaf Pine-Oak Forest and Woodland","Conifer",347,92,5,5,1,5,94,"I-A",196,164,100,0.768627,0.643137,0.392157
221,2153,5962.50986672752,536.625888005476,"Central Interior and Appalachian Floodplain Systems-Large Floodplains","Riparian",142,-9999,100,59,41,-9999,59,"III-A",48,237,56,0.188235,0.929412,0.219608
221,2160,22390.1794995405,2015.11615495864,"Ozark-Ouachita Shortleaf Pine-Bluestem Woodland","Hardwood-Conifer",100,1223,2,2,2,1,97,"I-A",68,137,112,0.266667,0.537255,0.439216
222,11,18.9999995753169,1.70999996177852,"Open Water","Open Water",-9999,-9999,-9999,-9999,-9999,-9999,-9999,"-9999",0,0,255,0,0,1
222,2132,23593.7694726381,2123.43925253743,"Ozark-Ouachita Dry-Mesic Oak Forest","Hardwood",188,66,15,11,6,17,77,"I-B",115,115,0,0.45098,0.45098,0
222,2139,4349.47990278155,391.453191250339,"Ozark-Ouachita Mesic Hardwood Forest","Hardwood",316,110,25,19,6,18,76,"I-C",0,135,74,0,0.529412,0.290196
222,2140,25549.419428926,2299.44774860334,"Ozark-Ouachita Dry Oak Woodland","Hardwood",38,89,6,5,13,5,82,"I-A",97,69,0,0.380392,0.270588,0
222,2141,8767.30980403535,789.057882363182,"Ozark-Ouachita Shortleaf Pine-Oak Forest and Woodland","Conifer",347,92,5,5,1,5,94,"I-A",196,164,100,0.768627,0.643137,0.392157
222,2153,1834.20995900221,165.078896310199,"Central Interior and Appalachian Floodplain Systems-Large Floodplains","Riparian",142,-9999,100,59,41,-9999,59,"III-A",48,237,56,0.188235,0.929412,0.219608
222,2160,28464.0993637778,2561.76894274,"Ozark-Ouachita Shortleaf Pine-Bluestem Woodland","Hardwood-Conifer",100,1223,2,2,2,1,97,"I-A",68,137,112,0.266667,0.537255,0.439216
223,11,32155.569281267,2894.00123531403,"Open Water","Open Water",-9999,-9999,-9999,-9999,-9999,-9999,-9999,"-9999",0,0,255,0,0,1
223,2132,13001.4797093943,1170.13317384548,"Ozark-Ouachita Dry-Mesic Oak Forest","Hardwood",188,66,15,11,6,17,77,"I-B",115,115,0,0.45098,0.45098,0
223,2139,1291.24997113831,116.212497402448,"Ozark-Ouachita Mesic Hardwood Forest","Hardwood",316,110,25,19,6,18,76,"I-C",0,135,74,0,0.529412,0.290196
223,2140,21845.5295117144,1966.09765605429,"Ozark-Ouachita Dry Oak Woodland","Hardwood",38,89,6,5,13,5,82,"I-A",97,69,0,0.380392,0.270588,0
223,2141,3741.29991637543,336.716992473789,"Ozark-Ouachita Shortleaf Pine-Oak Forest and Woodland","Conifer",347,92,5,5,1,5,94,"I-A",196,164,100,0.768627,0.643137,0.392157
223,2153,11888.5297342706,1069.96767608436,"Central Interior and Appalachian Floodplain Systems-Large Floodplains","Riparian",142,-9999,100,59,41,-9999,59,"III-A",48,237,56,0.188235,0.929412,0.219608
223,2160,8653.6298065763,778.826682591867,"Ozark-Ouachita Shortleaf Pine-Bluestem Woodland","Hardwood-Conifer",100,1223,2,2,2,1,97,"I-A",68,137,112,0.266667,0.537255,0.439216
224,11,565.459987360984,50.8913988624886,"Open Water","Open Water",-9999,-9999,-9999,-9999,-9999,-9999,-9999,"-9999",0,0,255,0,0,1
224,2132,21605.7295170743,1944.51565653669,"Ozark-Ouachita Dry-Mesic Oak Forest","Hardwood",188,66,15,11,6,17,77,"I-B",115,115,0,0.45098,0.45098,0
224,2139,2623.95994134992,236.156394721493,"Ozark-Ouachita Mesic Hardwood Forest","Hardwood",316,110,25,19,6,18,76,"I-C",0,135,74,0,0.529412,0.290196
224,2140,9722.34978268854,875.011480441969,"Ozark-Ouachita Dry Oak Woodland","Hardwood",38,89,6,5,13,5,82,"I-A",97,69,0,0.380392,0.270588,0
224,2141,34308.8592331372,3087.79733098235,"Ozark-Ouachita Shortleaf Pine-Oak Forest and Woodland","Conifer",347,92,5,5,1,5,94,"I-A",196,164,100,0.768627,0.643137,0.392157
224,2153,2544.21994313225,228.979794881903,"Central Interior and Appalachian Floodplain Systems-Large Floodplains","Riparian",142,-9999,100,59,41,-9999,59,"III-A",48,237,56,0.188235,0.929412,0.219608
224,2160,21206.7095259931,1908.60385733938,"Ozark-Ouachita Shortleaf Pine-Bluestem Woodland","Hardwood-Conifer",100,1223,2,2,2,1,97,"I-A",68,137,112,0.266667,0.537255,0.439216
225,11,781.699982527643,70.3529984274879,"Open Water","Open Water",-9999,-9999,-9999,-9999,-9999,-9999,-9999,"-9999",0,0,255,0,0,1
225,2132,17016.5496196505,1531.48946576854,"Ozark-Ouachita Dry-Mesic Oak Forest","Hardwood",188,66,15,11,6,17,77,"I-B",115,115,0,0.45098,0.45098,0
225,2139,3540.58992086165,318.653092877548,"Ozark-Ouachita Mesic Hardwood Forest","Hardwood",316,110,25,19,6,18,76,"I-C",0,135,74,0,0.529412,0.290196
225,2140,4894.94989058934,440.545490153041,"Ozark-Ouachita Dry Oak Woodland","Hardwood",38,89,6,5,13,5,82,"I-A",97,69,0,0.380392,0.270588,0
225,2141,28591.9493609201,2573.27544248281,"Ozark-Ouachita Shortleaf Pine-Oak Forest and Woodland","Conifer",347,92,5,5,1,5,94,"I-A",196,164,100,0.768627,0.643137,0.392157
225,2153,21697.7795150168,1952.80015635151,"Central Interior and Appalachian Floodplain Systems-Large Floodplains","Riparian",142,-9999,100,59,41,-9999,59,"III-A",48,237,56,0.188235,0.929412,0.219608
225,2160,16053.7896411698,1444.84106770528,"Ozark-Ouachita Shortleaf Pine-Bluestem Woodland","Hardwood-Conifer",100,1223,2,2,2,1,97,"I-A",68,137,112,0.266667,0.537255,0.439216
226,11,1175.85997371748,105.827397634573,"Open Water","Open Water",-9999,-9999,-9999,-9999,-9999,-9999,-9999,"-9999",0,0,255,0,0,1
226,2132,5386.75987959653,484.808389163688,"Ozark-Ouachita Dry-Mesic Oak Forest","Hardwood",188,66,15,11,6,17,77,"I-B",115,115,0,0.45098,0.45098,0
226,2139,15.9999996423721,1.43999996781349,"Ozark-Ouachita Mesic Hardwood Forest","Hardwood",316,110,25,19,6,18,76,"I-C",0,135,74,0,0.529412,0.290196
226,2140,3953.72991162725,355.835692046452,"Ozark-Ouachita Dry Oak Woodland","Hardwood",38,89,6,5,13,5,82,"I-A",97,69,0,0.380392,0.270588,0
226,2141,1087.08997570165,97.8380978131481,"Ozark-Ouachita Shortleaf Pine-Oak Forest and Woodland","Conifer",347,92,5,5,1,5,94,"I-A",196,164,100,0.768627,0.643137,0.392157
226,2146,31087.0993051492,2797.83893746343,"Arkansas Valley Prairie and Woodland-Prairie","Grassland",2,344,12,2,82,1,17,"II-A",255,120,187,1,0.470588,0.733333
226,2147,21003.6595305316,1890.32935774785,"Arkansas Valley Prairie and Woodland-Woodland","Grassland",96,14,2,2,3,14,83,"I-A",204,138,179,0.8,0.541176,0.701961
226,2153,28479.4593634345,2563.1513427091,"Central Interior and Appalachian Floodplain Systems-Large Floodplains","Riparian",142,-9999,100,59,41,-9999,59,"III-A",48,237,56,0.188235,0.929412,0.219608
226,2160,387.639991335571,34.8875992202014,"Ozark-Ouachita Shortleaf Pine-Bluestem Woodland","Hardwood-Conifer",100,1223,2,2,2,1,97,"I-A",68,137,112,0.266667,0.537255,0.439216
227,11,320.559992834926,28.8503993551433,"Open Water","Open Water",-9999,-9999,-9999,-9999,-9999,-9999,-9999,"-9999",0,0,255,0,0,1
227,2132,13385.9797008,1204.738173072,"Ozark-Ouachita Dry-Mesic Oak Forest","Hardwood",188,66,15,11,6,17,77,"I-B",115,115,0,0.45098,0.45098,0
227,2139,939.40997900255,84.5468981102295,"Ozark-Ouachita Mesic Hardwood Forest","Hardwood",316,110,25,19,6,18,76,"I-C",0,135,74,0,0.529412,0.290196
227,2140,5619.17987440154,505.726188696139,"Ozark-Ouachita Dry Oak Woodland","Hardwood",38,89,6,5,13,5,82,"I-A",97,69,0,0.380392,0.270588,0
227,2141,19183.0495712254,1726.47446141029,"Ozark-Ouachita Shortleaf Pine-Oak Forest and Woodland","Conifer",347,92,5,5,1,5,94,"I-A",196,164,100,0.768627,0.643137,0.392157
227,2153,6047.7298648227,544.295687834043,"Central Interior and Appalachian Floodplain Systems-Large Floodplains","Riparian",142,-9999,100,59,41,-9999,59,"III-A",48,237,56,0.188235,0.929412,0.219608
227,2160,47081.4089476485,4237.32680528836,"Ozark-Ouachita Shortleaf Pine-Bluestem Woodland","Hardwood-Conifer",100,1223,2,2,2,1,97,"I-A",68,137,112,0.266667,0.537255,0.439216
228,11,5366.02988005988,482.942689205389,"Open Water","Open Water",-9999,-9999,-9999,-9999,-9999,-9999,-9999,"-9999",0,0,255,0,0,1
228,2132,30783.2493119407,2770.49243807467,"Ozark-Ouachita Dry-Mesic Oak Forest","Hardwood",188,66,15,11,6,17,77,"I-B",115,115,0,0.45098,0.45098,0
228,2139,6837.72984716482,615.395686244834,"Ozark-Ouachita Mesic Hardwood Forest","Hardwood",316,110,25,19,6,18,76,"I-C",0,135,74,0,0.529412,0.290196
228,2140,19415.6095660273,1747.40486094246,"Ozark-Ouachita Dry Oak Woodland","Hardwood",38,89,6,5,13,5,82,"I-A",97,69,0,0.380392,0.270588,0
228,2141,10073.2597748451,906.593379736058,"Ozark-Ouachita Shortleaf Pine-Oak Forest and Woodland","Conifer",347,92,5,5,1,5,94,"I-A",196,164,100,0.768627,0.643137,0.392157
228,2153,1878.44995801337,169.060496221203,"Central Interior and Appalachian Floodplain Systems-Large Floodplains","Riparian",142,-9999,100,59,41,-9999,59,"III-A",48,237,56,0.188235,0.929412,0.219608
228,2160,18222.9695926849,1640.06726334164,"Ozark-Ouachita Shortleaf Pine-Bluestem Woodland","Hardwood-Conifer",100,1223,2,2,2,1,97,"I-A",68,137,112,0.266667,0.537255,0.439216
229,11,8662.54980637692,779.629482573923,"Open Water","Open Water",-9999,-9999,-9999,-9999,-9999,-9999,-9999,"-9999",0,0,255,0,0,1
229,2132,17977.9395981617,1618.01456383456,"Ozark-Ouachita Dry-Mesic Oak Forest","Hardwood",188,66,15,11,6,17,77,"I-B",115,115,0,0.45098,0.45098,0
229,2139,2281.74994899891,205.357495409902,"Ozark-Ouachita Mesic Hardwood Forest","Hardwood",316,110,25,19,6,18,76,"I-C",0,135,74,0,0.529412,0.290196
229,2140,12555.0997193716,1129.95897474345,"Ozark-Ouachita Dry Oak Woodland","Hardwood",38,89,6,5,13,5,82,"I-A",97,69,0,0.380392,0.270588,0
229,2141,15178.0296607446,1366.02266946701,"Ozark-Ouachita Shortleaf Pine-Oak Forest and Woodland","Conifer",347,92,5,5,1,5,94,"I-A",196,164,100,0.768627,0.643137,0.392157
229,2153,6772.49984862283,609.524986376055,"Central Interior and Appalachian Floodplain Systems-Large Floodplains","Riparian",142,-9999,100,59,41,-9999,59,"III-A",48,237,56,0.188235,0.929412,0.219608
229,2160,29149.4393484592,2623.44954136133,"Ozark-Ouachita Shortleaf Pine-Bluestem Woodland","Hardwood-Conifer",100,1223,2,2,2,1,97,"I-A",68,137,112,0.266667,0.537255,0.439216
230,11,288.499993551522,25.964999419637,"Open Water","Open Water",-9999,-9999,-9999,-9999,-9999,-9999,-9999,"-9999",0,0,255,0,0,1
230,2132,22009.7195080444,1980.874755724,"Ozark-Ouachita Dry-Mesic Oak Forest","Hardwood",188,66,15,11,6,17,77,"I-B",115,115,0,0.45098,0.45098,0
230,2139,2623.66994135641,236.130294722077,"Ozark-Ouachita Mesic Hardwood Forest","Hardwood",316,110,25,19,6,18,76,"I-C",0,135,74,0,0.529412,0.290196
230,2140,8601.17980774865,774.106182697378,"Ozark-Ouachita Dry Oak Woodland","Hardwood",38,89,6,5,13,5,82,"I-A",97,69,0,0.380392,0.270588,0
230,2141,32584.7192716748,2932.62473445073,"Ozark-Ouachita Shortleaf Pine-Oak Forest and Woodland","Conifer",347,92,5,5,1,5,94,"I-A",196,164,100,0.768627,0.643137,0.392157
230,2153,2721.99993915856,244.97999452427,"Central Interior and Appalachian Floodplain Systems-Large Floodplains","Riparian",142,-9999,100,59,41,-9999,59,"III-A",48,237,56,0.188235,0.929412,0.219608
230,2155,14.9999996647239,1.34999996982515,"Gulf and Atlantic Coastal Plain Floodplain Systems","Riparian",393,257,49,37,10,15,75,"III-A",102,119,205,0.4,0.466667,0.803922
230,2160,23732.5194695368,2135.92675225832,"Ozark-Ouachita Shortleaf Pine-Bluestem Woodland","Hardwood-Conifer",100,1223,2,2,2,1,97,"I-A",68,137,112,0.266667,0.537255,0.439216
231,11,47.9999989271164,4.31999990344048,"Open Water","Open Water",-9999,-9999,-9999,-9999,-9999,-9999,-9999,"-9999",0,0,255,0,0,1
231,2132,17175.5496160965,1545.79946544869,"Ozark-Ouachita Dry-Mesic Oak Forest","Hardwood",188,66,15,11,6,17,77,"I-B",115,115,0,0.45098,0.45098,0
231,2139,2270.63994924724,204.357595432252,"Ozark-Ouachita Mesic Hardwood Forest","Hardwood",316,110,25,19,6,18,76,"I-C",0,135,74,0,0.529412,0.290196
231,2140,7152.54984012805,643.729485611524,"Ozark-Ouachita Dry Oak Woodland","Hardwood",38,89,6,5,13,5,82,"I-A",97,69,0,0.380392,0.270588,0
231,2141,27577.6793835908,2481.99114452317,"Ozark-Ouachita Shortleaf Pine-Oak Forest and Woodland","Conifer",347,92,5,5,1,5,94,"I-A",196,164,100,0.768627,0.643137,0.392157
231,2146,706.079984217882,63.5471985796094,"Arkansas Valley Prairie and Woodland-Prairie","Grassland",2,344,12,2,82,1,17,"II-A",255,120,187,1,0.470588,0.733333
231,2147,1800.26995976083,162.024296378475,"Arkansas Valley Prairie and Woodland-Woodland","Grassland",96,14,2,2,3,14,83,"I-A",204,138,179,0.8,0.541176,0.701961
231,2153,20050.2095518429,1804.51885966586,"Central Interior and Appalachian Floodplain Systems-Large Floodplains","Riparian",142,-9999,100,59,41,-9999,59,"III-A",48,237,56,0.188235,0.929412,0.219608
231,2160,15796.3196469247,1421.66876822323,"Ozark-Ouachita Shortleaf Pine-Bluestem Woodland","Hardwood-Conifer",100,1223,2,2,2,1,97,"I-A",68,137,112,0.266667,0.537255,0.439216
232,11,604.949986478314,54.4454987830482,"Open Water","Open Water",-9999,-9999,-9999,-9999,-9999,-9999,-9999,"-9999",0,0,255,0,0,1
232,2132,12855.3397126608,1156.98057413947,"Ozark-Ouachita Dry-Mesic Oak Forest","Hardwood",188,66,15,11,6,17,77,"I-B",115,115,0,0.45098,0.45098,0
232,2139,1131.86997470073,101.868297723066,"Ozark-Ouachita Mesic Hardwood Forest","Hardwood",316,110,25,19,6,18,76,"I-C",0,135,74,0,0.529412,0.290196
232,2140,4651.03989604115,418.593590643704,"Ozark-Ouachita Dry Oak Woodland","Hardwood",38,89,6,5,13,5,82,"I-A",97,69,0,0.380392,0.270588,0
232,2141,21441.1295207534,1929.70165686781,"Ozark-Ouachita Shortleaf Pine-Oak Forest and Woodland","Conifer",347,92,5,5,1,5,94,"I-A",196,164,100,0.768627,0.643137,0.392157
232,2146,16138.9096392673,1452.50186753405,"Arkansas Valley Prairie and Woodland-Prairie","Grassland",2,344,12,2,82,1,17,"II-A",255,120,187,1,0.470588,0.733333
232,2147,10977.8997546248,988.010977916233,"Arkansas Valley Prairie and Woodland-Woodland","Grassland",96,14,2,2,3,14,83,"I-A",204,138,179,0.8,0.541176,0.701961
232,2153,4628.9498965349,416.605490688141,"Central Interior and Appalachian Floodplain Systems-Large Floodplains","Riparian",142,-9999,100,59,41,-9999,59,"III-A",48,237,56,0.188235,0.929412,0.219608
232,2160,20146.9795496799,1813.22815947119,"Ozark-Ouachita Shortleaf Pine-Bluestem Woodland","Hardwood-Conifer",100,1223,2,2,2,1,97,"I-A",68,137,112,0.266667,0.537255,0.439216
233,11,2143.40995209105,192.906895688195,"Open Water","Open Water",-9999,-9999,-9999,-9999,-9999,-9999,-9999,"-9999",0,0,255,0,0,1
233,31,3.29999992623925,0.296999993361533,"Barren-Rock/Sand/Clay","Barren-Rock/Sand/Clay",-9999,-9999,-9999,-9999,-9999,-9999,-9999,"-9999",191,191,191,0.74902,0.74902,0.74902
233,2132,11652.739739541,1048.74657655869,"Ozark-Ouachita Dry-Mesic Oak Forest","Hardwood",188,66,15,11,6,17,77,"I-B",115,115,0,0.45098,0.45098,0
233,2139,226.999994926155,20.4299995433539,"Ozark-Ouachita Mesic Hardwood Forest","Hardwood",316,110,25,19,6,18,76,"I-C",0,135,74,0,0.529412,0.290196
233,2140,10293.9997699112,926.459979292005,"Ozark-Ouachita Dry Oak Woodland","Hardwood",38,89,6,5,13,5,82,"I-A",97,69,0,0.380392,0.270588,0
233,2141,39900.4991081543,3591.04491973389,"Ozark-Ouachita Shortleaf Pine-Oak Forest and Woodland","Conifer",347,92,5,5,1,5,94,"I-A",196,164,100,0.768627,0.643137,0.392157
233,2153,3575.70992007665,321.813892806899,"Central Interior and Appalachian Floodplain Systems-Large Floodplains","Riparian",142,-9999,100,59,41,-9999,59,"III-A",48,237,56,0.188235,0.929412,0.219608
233,2160,24799.5094456878,2231.9558501119,"Ozark-Ouachita Shortleaf Pine-Bluestem Woodland","Hardwood-Conifer",100,1223,2,2,2,1,97,"I-A",68,137,112,0.266667,0.537255,0.439216
234,11,199.999995529652,17.9999995976686,"Open Water","Open Water",-9999,-9999,-9999,-9999,-9999,-9999,-9999,"-9999",0,0,255,0,0,1
234,31,5.99999986588955,0.539999987930059,"Barren-Rock/Sand/Clay","Barren-Rock/Sand/Clay",-9999,-9999,-9999,-9999,-9999,-9999,-9999,"-9999",191,191,191,0.74902,0.74902,0.74902
234,2132,15393.8496559206,1385.44646903286,"Ozark-Ouachita Dry-Mesic Oak Forest","Hardwood",188,66,15,11,6,17,77,"I-B",115,115,0,0.45098,0.45098,0
234,2139,1451.82996754907,130.664697079416,"Ozark-Ouachita Mesic Hardwood Forest","Hardwood",316,110,25,19,6,18,76,"I-C",0,135,74,0,0.529412,0.290196
234,2140,11551.1297418121,1039.60167676309,"Ozark-Ouachita Dry Oak Woodland","Hardwood",38,89,6,5,13,5,82,"I-A",97,69,0,0.380392,0.270588,0
234,2141,7790.48982586898,701.144084328208,"Ozark-Ouachita Shortleaf Pine-Oak Forest and Woodland","Conifer",347,92,5,5,1,5,94,"I-A",196,164,100,0.768627,0.643137,0.392157
234,2153,3171.6499291081,285.448493619729,"Central Interior and Appalachian Floodplain Systems-Large Floodplains","Riparian",142,-9999,100,59,41,-9999,59,"III-A",48,237,56,0.188235,0.929412,0.219608
234,2160,53031.2388146594,4772.81149331935,"Ozark-Ouachita Shortleaf Pine-Bluestem Woodland","Hardwood-Conifer",100,1223,2,2,2,1,97,"I-A",68,137,112,0.266667,0.537255,0.439216
235,11,51983.598838076,4678.52389542684,"Open Water","Open Water",-9999,-9999,-9999,-9999,-9999,-9999,-9999,"-9999",0,0,255,0,0,1
235,2132,7292.24983700551,656.302485330496,"Ozark-Ouachita Dry-Mesic Oak Forest","Hardwood",188,66,15,11,6,17,77,"I-B",115,115,0,0.45098,0.45098,0
235,2139,135.159996978939,12.1643997281045,"Ozark-Ouachita Mesic Hardwood Forest","Hardwood",316,110,25,19,6,18,76,"I-C",0,135,74,0,0.529412,0.290196
235,2140,13379.4297009464,1204.14867308518,"Ozark-Ouachita Dry Oak Woodland","Hardwood",38,89,6,5,13,5,82,"I-A",97,69,0,0.380392,0.270588,0
235,2141,1621.24996376224,145.912496738601,"Ozark-Ouachita Shortleaf Pine-Oak Forest and Woodland","Conifer",347,92,5,5,1,5,94,"I-A",196,164,100,0.768627,0.643137,0.392157
235,2151,1.99999995529652,0.179999995976686,"West Gulf Coastal Plain Pine-Hardwood Flatwoods","Hardwood-Conifer",179,104,5,5,3,4,93,"I-A",99,235,97,0.388235,0.921569,0.380392
235,2153,12945.8597106375,1165.12737395737,"Central Interior and Appalachian Floodplain Systems-Large Floodplains","Riparian",142,-9999,100,59,41,-9999,59,"III-A",48,237,56,0.188235,0.929412,0.219608
235,2160,5236.6298829522,471.296689465698,"Ozark-Ouachita Shortleaf Pine-Bluestem Woodland","Hardwood-Conifer",100,1223,2,2,2,1,97,"I-A",68,137,112,0.266667,0.537255,0.439216
236,11,2.99999993294477,0.26999999396503,"Open Water","Open Water",-9999,-9999,-9999,-9999,-9999,-9999,-9999,"-9999",0,0,255,0,0,1
236,2132,28366.0293659698,2552.94264293728,"Ozark-Ouachita Dry-Mesic Oak Forest","Hardwood",188,66,15,11,6,17,77,"I-B",115,115,0,0.45098,0.45098,0
236,2139,3738.53991643712,336.468592479341,"Ozark-Ouachita Mesic Hardwood Forest","Hardwood",316,110,25,19,6,18,76,"I-C",0,135,74,0,0.529412,0.290196
236,2140,11458.0897438917,1031.22807695026,"Ozark-Ouachita Dry Oak Woodland","Hardwood",38,89,6,5,13,5,82,"I-A",97,69,0,0.380392,0.270588,0
236,2141,25759.4394242316,2318.34954818085,"Ozark-Ouachita Shortleaf Pine-Oak Forest and Woodland","Conifer",347,92,5,5,1,5,94,"I-A",196,164,100,0.768627,0.643137,0.392157
236,2153,87.8699980359524,7.90829982323572,"Central Interior and Appalachian Floodplain Systems-Large Floodplains","Riparian",142,-9999,100,59,41,-9999,59,"III-A",48,237,56,0.188235,0.929412,0.219608
236,2160,23183.2094818149,2086.48885336334,"Ozark-Ouachita Shortleaf Pine-Bluestem Woodland","Hardwood-Conifer",100,1223,2,2,2,1,97,"I-A",68,137,112,0.266667,0.537255,0.439216
237,11,3169.41992915794,285.247793624215,"Open Water","Open Water",-9999,-9999,-9999,-9999,-9999,-9999,-9999,"-9999",0,0,255,0,0,1
237,2132,20768.2395357937,1869.14155822143,"Ozark-Ouachita Dry-Mesic Oak Forest","Hardwood",188,66,15,11,6,17,77,"I-B",115,115,0,0.45098,0.45098,0
237,2139,4279.42990434729,385.148691391256,"Ozark-Ouachita Mesic Hardwood Forest","Hardwood",316,110,25,19,6,18,76,"I-C",0,135,74,0,0.529412,0.290196
237,2140,4855.61989146844,437.005790232159,"Ozark-Ouachita Dry Oak Woodland","Hardwood",38,89,6,5,13,5,82,"I-A",97,69,0,0.380392,0.270588,0
237,2141,17902.1095998567,1611.1898639871,"Ozark-Ouachita Shortleaf Pine-Oak Forest and Woodland","Conifer",347,92,5,5,1,5,94,"I-A",196,164,100,0.768627,0.643137,0.392157
237,2153,24624.389449602,2216.19505046418,"Central Interior and Appalachian Floodplain Systems-Large Floodplains","Riparian",142,-9999,100,59,41,-9999,59,"III-A",48,237,56,0.188235,0.929412,0.219608
237,2160,16996.9796200879,1529.72816580791,"Ozark-Ouachita Shortleaf Pine-Bluestem Woodland","Hardwood-Conifer",100,1223,2,2,2,1,97,"I-A",68,137,112,0.266667,0.537255,0.439216
238,11,1290.38997115754,116.135097404178,"Open Water","Open Water",-9999,-9999,-9999,-9999,-9999,-9999,-9999,"-9999",0,0,255,0,0,1
238,2132,14588.6996739171,1312.98297065254,"Ozark-Ouachita Dry-Mesic Oak Forest","Hardwood",188,66,15,11,6,17,77,"I-B",115,115,0,0.45098,0.45098,0
238,2139,2562.04994273372,230.584494846035,"Ozark-Ouachita Mesic Hardwood Forest","Hardwood",316,110,25,19,6,18,76,"I-C",0,135,74,0,0.529412,0.290196
238,2140,5368.73987999931,483.186589199938,"Ozark-Ouachita Dry Oak Woodland","Hardwood",38,89,6,5,13,5,82,"I-A",97,69,0,0.380392,0.270588,0
238,2141,10928.7597557232,983.588378015086,"Ozark-Ouachita Shortleaf Pine-Oak Forest and Woodland","Conifer",347,92,5,5,1,5,94,"I-A",196,164,100,0.768627,0.643137,0.392157
238,2146,11090.0397521183,998.103577690646,"Arkansas Valley Prairie and Woodland-Prairie","Grassland",2,344,12,2,82,1,17,"II-A",255,120,187,1,0.470588,0.733333
238,2147,10038.8997756131,903.500979805179,"Arkansas Valley Prairie and Woodland-Woodland","Grassland",96,14,2,2,3,14,83,"I-A",204,138,179,0.8,0.541176,0.701961
238,2153,28262.1493682917,2543.59344314625,"Central Interior and Appalachian Floodplain Systems-Large Floodplains","Riparian",142,-9999,100,59,41,-9999,59,"III-A",48,237,56,0.188235,0.929412,0.219608
238,2160,8466.46981075965,761.982282968368,"Ozark-Ouachita Shortleaf Pine-Bluestem Woodland","Hardwood-Conifer",100,1223,2,2,2,1,97,"I-A",68,137,112,0.266667,0.537255,0.439216
239,11,53.5999988019466,4.8239998921752,"Open Water","Open Water",-9999,-9999,-9999,-9999,-9999,-9999,-9999,"-9999",0,0,255,0,0,1
239,31,3.99999991059303,0.359999991953373,"Barren-Rock/Sand/Clay","Barren-Rock/Sand/Clay",-9999,-9999,-9999,-9999,-9999,-9999,-9999,"-9999",191,191,191,0.74902,0.74902,0.74902
239,2132,12657.2397170886,1139.15157453798,"Ozark-Ouachita Dry-Mesic Oak Forest","Hardwood",188,66,15,11,6,17,77,"I-B",115,115,0,0.45098,0.45098,0
239,2139,514.26998850517,46.2842989654653,"Ozark-Ouachita Mesic Hardwood Forest","Hardwood",316,110,25,19,6,18,76,"I-C",0,135,74,0,0.529412,0.290196
239,2140,8823.56980277784,794.121282250006,"Ozark-Ouachita Dry Oak Woodland","Hardwood",38,89,6,5,13,5,82,"I-A",97,69,0,0.380392,0.270588,0
239,2141,9227.29979375377,830.45698143784,"Ozark-Ouachita Shortleaf Pine-Oak Forest and Woodland","Conifer",347,92,5,5,1,5,94,"I-A",196,164,100,0.768627,0.643137,0.392157
239,2153,8941.40980014391,804.726882012952,"Central Interior and Appalachian Floodplain Systems-Large Floodplains","Riparian",142,-9999,100,59,41,-9999,59,"III-A",48,237,56,0.188235,0.929412,0.219608
239,2160,52374.8088293318,4713.73279463986,"Ozark-Ouachita Shortleaf Pine-Bluestem Woodland","Hardwood-Conifer",100,1223,2,2,2,1,97,"I-A",68,137,112,0.266667,0.537255,0.439216
240,11,7940.75982251018,714.668384025916,"Open Water","Open Water",-9999,-9999,-9999,-9999,-9999,-9999,-9999,"-9999",0,0,255,0,0,1
240,2132,24696.9694479797,2222.72725031817,"Ozark-Ouachita Dry-Mesic Oak Forest","Hardwood",188,66,15,11,6,17,77,"I-B",115,115,0,0.45098,0.45098,0
240,2139,3440.13992310688,309.612593079619,"Ozark-Ouachita Mesic Hardwood Forest","Hardwood",316,110,25,19,6,18,76,"I-C",0,135,74,0,0.529412,0.290196
240,2140,20934.7595320717,1884.12835788645,"Ozark-Ouachita Dry Oak Woodland","Hardwood",38,89,6,5,13,5,82,"I-A",97,69,0,0.380392,0.270588,0
240,2141,10482.84976569,943.456478912104,"Ozark-Ouachita Shortleaf Pine-Oak Forest and Woodland","Conifer",347,92,5,5,1,5,94,"I-A",196,164,100,0.768627,0.643137,0.392157
240,2153,1754.25996078923,157.883396471031,"Central Interior and Appalachian Floodplain Systems-Large Floodplains","Riparian",142,-9999,100,59,41,-9999,59,"III-A",48,237,56,0.188235,0.929412,0.219608
240,2160,23346.4394781664,2101.17955303498,"Ozark-Ouachita Shortleaf Pine-Bluestem Woodland","Hardwood-Conifer",100,1223,2,2,2,1,97,"I-A",68,137,112,0.266667,0.537255,0.439216
241,11,1541.71996553987,138.754796898589,"Open Water","Open Water",-9999,-9999,-9999,-9999,-9999,-9999,-9999,"-9999",0,0,255,0,0,1
241,2132,22151.5195048749,1993.63675543875,"Ozark-Ouachita Dry-Mesic Oak Forest","Hardwood",188,66,15,11,6,17,77,"I-B",115,115,0,0.45098,0.45098,0
241,2139,4236.90990529768,381.321891476791,"Ozark-Ouachita Mesic Hardwood Forest","Hardwood",316,110,25,19,6,18,76,"I-C",0,135,74,0,0.529412,0.290196
241,2140,20682.8195377029,1861.45375839327,"Ozark-Ouachita Dry Oak Woodland","Hardwood",38,89,6,5,13,5,82,"I-A",97,69,0,0.380392,0.270588,0
241,2141,18740.7695811111,1686.6692623,"Ozark-Ouachita Shortleaf Pine-Oak Forest and Woodland","Conifer",347,92,5,5,1,5,94,"I-A",196,164,100,0.768627,0.643137,0.392157
241,2153,3131.96992999502,281.877293699551,"Central Interior and Appalachian Floodplain Systems-Large Floodplains","Riparian",142,-9999,100,59,41,-9999,59,"III-A",48,237,56,0.188235,0.929412,0.219608
241,2160,22110.4695057925,1989.94225552132,"Ozark-Ouachita Shortleaf Pine-Bluestem Woodland","Hardwood-Conifer",100,1223,2,2,2,1,97,"I-A",68,137,112,0.266667,0.537255,0.439216
242,11,219.64999509044,19.7684995581396,"Open Water","Open Water",-9999,-9999,-9999,-9999,-9999,-9999,-9999,"-9999",0,0,255,0,0,1
242,2132,21067.4795291051,1896.07315761946,"Ozark-Ouachita Dry-Mesic Oak Forest","Hardwood",188,66,15,11,6,17,77,"I-B",115,115,0,0.45098,0.45098,0
242,2139,1917.27995714545,172.555196143091,"Ozark-Ouachita Mesic Hardwood Forest","Hardwood",316,110,25,19,6,18,76,"I-C",0,135,74,0,0.529412,0.290196
242,2140,9737.62978234701,876.386680411231,"Ozark-Ouachita Dry Oak Woodland","Hardwood",38,89,6,5,13,5,82,"I-A",97,69,0,0.380392,0.270588,0
242,2141,32352.8492768575,2911.75643491717,"Ozark-Ouachita Shortleaf Pine-Oak Forest and Woodland","Conifer",347,92,5,5,1,5,94,"I-A",196,164,100,0.768627,0.643137,0.392157
242,2153,5762.66987119429,518.640288407486,"Central Interior and Appalachian Floodplain Systems-Large Floodplains","Riparian",142,-9999,100,59,41,-9999,59,"III-A",48,237,56,0.188235,0.929412,0.219608
242,2160,21538.6295185741,1938.47665667167,"Ozark-Ouachita Shortleaf Pine-Bluestem Woodland","Hardwood-Conifer",100,1223,2,2,2,1,97,"I-A",68,137,112,0.266667,0.537255,0.439216
243,11,1390.52996891923,125.147697202731,"Open Water","Open Water",-9999,-9999,-9999,-9999,-9999,-9999,-9999,"-9999",0,0,255,0,0,1
243,2132,13360.1997013763,1202.41797312386,"Ozark-Ouachita Dry-Mesic Oak Forest","Hardwood",188,66,15,11,6,17,77,"I-B",115,115,0,0.45098,0.45098,0
243,2139,1660.47996288538,149.443196659684,"Ozark-Ouachita Mesic Hardwood Forest","Hardwood",316,110,25,19,6,18,76,"I-C",0,135,74,0,0.529412,0.290196
243,2140,6192.74986158125,557.347487542313,"Ozark-Ouachita Dry Oak Woodland","Hardwood",38,89,6,5,13,5,82,"I-A",97,69,0,0.380392,0.270588,0
243,2141,32477.7092740666,2922.993834666,"Ozark-Ouachita Shortleaf Pine-Oak Forest and Woodland","Conifer",347,92,5,5,1,5,94,"I-A",196,164,100,0.768627,0.643137,0.392157
243,2153,27602.1093830448,2484.18984447403,"Central Interior and Appalachian Floodplain Systems-Large Floodplains","Riparian",142,-9999,100,59,41,-9999,59,"III-A",48,237,56,0.188235,0.929412,0.219608
243,2160,9912.38977844082,892.115080059674,"Ozark-Ouachita Shortleaf Pine-Bluestem Woodland","Hardwood-Conifer",100,1223,2,2,2,1,97,"I-A",68,137,112,0.266667,0.537255,0.439216
244,11,129.849997097626,11.6864997387864,"Open Water","Open Water",-9999,-9999,-9999,-9999,-9999,-9999,-9999,"-9999",0,0,255,0,0,1
244,2132,7978.56982166506,718.071283949856,"Ozark-Ouachita Dry-Mesic Oak Forest","Hardwood",188,66,15,11,6,17,77,"I-B",115,115,0,0.45098,0.45098,0
244,2139,306.119993157685,27.5507993841916,"Ozark-Ouachita Mesic Hardwood Forest","Hardwood",316,110,25,19,6,18,76,"I-C",0,135,74,0,0.529412,0.290196
244,2140,3408.15992382169,306.734393143952,"Ozark-Ouachita Dry Oak Woodland","Hardwood",38,89,6,5,13,5,82,"I-A",97,69,0,0.380392,0.270588,0
244,2141,2209.30995061807,198.837895555627,"Ozark-Ouachita Shortleaf Pine-Oak Forest and Woodland","Conifer",347,92,5,5,1,5,94,"I-A",196,164,100,0.768627,0.643137,0.392157
244,2146,42781.7990437523,3850.3619139377,"Arkansas Valley Prairie and Woodland-Prairie","Grassland",2,344,12,2,82,1,17,"II-A",255,120,187,1,0.470588,0.733333
244,2147,19840.7895565238,1785.67106008714,"Arkansas Valley Prairie and Woodland-Woodland","Grassland",96,14,2,2,3,14,83,"I-A",204,138,179,0.8,0.541176,0.701961
244,2153,14580.3096741047,1312.22787066942,"Central Interior and Appalachian Floodplain Systems-Large Floodplains","Riparian",142,-9999,100,59,41,-9999,59,"III-A",48,237,56,0.188235,0.929412,0.219608
244,2160,1361.04996957816,122.494497262035,"Ozark-Ouachita Shortleaf Pine-Bluestem Woodland","Hardwood-Conifer",100,1223,2,2,2,1,97,"I-A",68,137,112,0.266667,0.537255,0.439216
245,11,414.399990737438,37.2959991663694,"Open Water","Open Water",-9999,-9999,-9999,-9999,-9999,-9999,-9999,"-9999",0,0,255,0,0,1
245,31,9.99999977648258,0.899999979883432,"Barren-Rock/Sand/Clay","Barren-Rock/Sand/Clay",-9999,-9999,-9999,-9999,-9999,-9999,-9999,"-9999",191,191,191,0.74902,0.74902,0.74902
245,2132,11454.0597439818,1030.86537695836,"Ozark-Ouachita Dry-Mesic Oak Forest","Hardwood",188,66,15,11,6,17,77,"I-B",115,115,0,0.45098,0.45098,0
245,2139,97.9999978095293,8.81999980285764,"Ozark-Ouachita Mesic Hardwood Forest","Hardwood",316,110,25,19,6,18,76,"I-C",0,135,74,0,0.529412,0.290196
245,2140,6399.11985696852,575.920787127167,"Ozark-Ouachita Dry Oak Woodland","Hardwood",38,89,6,5,13,5,82,"I-A",97,69,0,0.380392,0.270588,0
245,2141,9743.23978222162,876.891580399945,"Ozark-Ouachita Shortleaf Pine-Oak Forest and Woodland","Conifer",347,92,5,5,1,5,94,"I-A",196,164,100,0.768627,0.643137,0.392157
245,2153,4905.48989035375,441.494090131838,"Central Interior and Appalachian Floodplain Systems-Large Floodplains","Riparian",142,-9999,100,59,41,-9999,59,"III-A",48,237,56,0.188235,0.929412,0.219608
245,2160,59571.8686684649,5361.46818016185,"Ozark-Ouachita Shortleaf Pine-Bluestem Woodland","Hardwood-Conifer",100,1223,2,2,2,1,97,"I-A",68,137,112,0.266667,0.537255,0.439216
246,11,41129.6390806809,3701.66751726128,"Open Water","Open Water",-9999,-9999,-9999,-9999,-9999,-9999,-9999,"-9999",0,0,255,0,0,1
246,2132,19411.6995661147,1747.05296095032,"Ozark-Ouachita Dry-Mesic Oak Forest","Hardwood",188,66,15,11,6,17,77,"I-B",115,115,0,0.45098,0.45098,0
246,2139,2580.56994231977,232.251294808779,"Ozark-Ouachita Mesic Hardwood Forest","Hardwood",316,110,25,19,6,18,76,"I-C",0,135,74,0,0.529412,0.290196
246,2140,10203.8497719262,918.346479473356,"Ozark-Ouachita Dry Oak Woodland","Hardwood",38,89,6,5,13,5,82,"I-A",97,69,0,0.380392,0.270588,0
246,2141,8730.18980486505,785.717082437854,"Ozark-Ouachita Shortleaf Pine-Oak Forest and Woodland","Conifer",347,92,5,5,1,5,94,"I-A",196,164,100,0.768627,0.643137,0.392157
246,2153,5182.35988416523,466.41238957487,"Central Interior and Appalachian Floodplain Systems-Large Floodplains","Riparian",142,-9999,100,59,41,-9999,59,"III-A",48,237,56,0.188235,0.929412,0.219608
246,2160,5357.8598802425,482.207389221825,"Ozark-Ouachita Shortleaf Pine-Bluestem Woodland","Hardwood-Conifer",100,1223,2,2,2,1,97,"I-A",68,137,112,0.266667,0.537255,0.439216
247,2132,28846.7793552242,2596.21014197018,"Ozark-Ouachita Dry-Mesic Oak Forest","Hardwood",188,66,15,11,6,17,77,"I-B",115,115,0,0.45098,0.45098,0
247,2139,3750.0299161803,337.502692456227,"Ozark-Ouachita Mesic Hardwood Forest","Hardwood",316,110,25,19,6,18,76,"I-C",0,135,74,0,0.529412,0.290196
247,2140,10354.3297685627,931.889679170642,"Ozark-Ouachita Dry Oak Woodland","Hardwood",38,89,6,5,13,5,82,"I-A",97,69,0,0.380392,0.270588,0
247,2141,24863.969444247,2237.75724998223,"Ozark-Ouachita Shortleaf Pine-Oak Forest and Woodland","Conifer",347,92,5,5,1,5,94,"I-A",196,164,100,0.768627,0.643137,0.392157
247,2160,24781.0794460997,2230.29715014897,"Ozark-Ouachita Shortleaf Pine-Bluestem Woodland","Hardwood-Conifer",100,1223,2,2,2,1,97,"I-A",68,137,112,0.266667,0.537255,0.439216
248,11,6800.63984799385,612.057586319447,"Open Water","Open Water",-9999,-9999,-9999,-9999,-9999,-9999,-9999,"-9999",0,0,255,0,0,1
248,2132,27308.0893896166,2457.7280450655,"Ozark-Ouachita Dry-Mesic Oak Forest","Hardwood",188,66,15,11,6,17,77,"I-B",115,115,0,0.45098,0.45098,0
248,2139,4132.54990763031,371.929491686728,"Ozark-Ouachita Mesic Hardwood Forest","Hardwood",316,110,25,19,6,18,76,"I-C",0,135,74,0,0.529412,0.290196
248,2140,6021.20986541547,541.908887887392,"Ozark-Ouachita Dry Oak Woodland","Hardwood",38,89,6,5,13,5,82,"I-A",97,69,0,0.380392,0.270588,0
248,2141,24768.449446382,2229.16045017438,"Ozark-Ouachita Shortleaf Pine-Oak Forest and Woodland","Conifer",347,92,5,5,1,5,94,"I-A",196,164,100,0.768627,0.643137,0.392157
248,2153,5265.97988229617,473.938189406656,"Central Interior and Appalachian Floodplain Systems-Large Floodplains","Riparian",142,-9999,100,59,41,-9999,59,"III-A",48,237,56,0.188235,0.929412,0.219608
248,2155,16.9999996200204,1.52999996580184,"Gulf and Atlantic Coastal Plain Floodplain Systems","Riparian",393,257,49,37,10,15,75,"III-A",102,119,205,0.4,0.466667,0.803922
248,2160,18282.2595913596,1645.40336322237,"Ozark-Ouachita Shortleaf Pine-Bluestem Woodland","Hardwood-Conifer",100,1223,2,2,2,1,97,"I-A",68,137,112,0.266667,0.537255,0.439216
249,11,1735.16996121593,156.165296509434,"Open Water","Open Water",-9999,-9999,-9999,-9999,-9999,-9999,-9999,"-9999",0,0,255,0,0,1
249,2132,5097.07988607138,458.737189746425,"Ozark-Ouachita Dry-Mesic Oak Forest","Hardwood",188,66,15,11,6,17,77,"I-B",115,115,0,0.45098,0.45098,0
249,2139,434.709990283474,39.1238991255127,"Ozark-Ouachita Mesic Hardwood Forest","Hardwood",316,110,25,19,6,18,76,"I-C",0,135,74,0,0.529412,0.290196
249,2140,2654.85994065925,238.937394659333,"Ozark-Ouachita Dry Oak Woodland","Hardwood",38,89,6,5,13,5,82,"I-A",97,69,0,0.380392,0.270588,0
249,2141,2372.77994696423,213.550195226781,"Ozark-Ouachita Shortleaf Pine-Oak Forest and Woodland","Conifer",347,92,5,5,1,5,94,"I-A",196,164,100,0.768627,0.643137,0.392157
249,2146,26291.7994123325,2366.26194710992,"Arkansas Valley Prairie and Woodland-Prairie","Grassland",2,344,12,2,82,1,17,"II-A",255,120,187,1,0.470588,0.733333
249,2147,18361.5795895867,1652.5421630628,"Arkansas Valley Prairie and Woodland-Woodland","Grassland",96,14,2,2,3,14,83,"I-A",204,138,179,0.8,0.541176,0.701961
249,2153,33747.0692456942,3037.23623211248,"Central Interior and Appalachian Floodplain Systems-Large Floodplains","Riparian",142,-9999,100,59,41,-9999,59,"III-A",48,237,56,0.188235,0.929412,0.219608
249,2160,1901.11995750666,171.100796175599,"Ozark-Ouachita Shortleaf Pine-Bluestem Woodland","Hardwood-Conifer",100,1223,2,2,2,1,97,"I-A",68,137,112,0.266667,0.537255,0.439216
250,11,270.90999394469,24.3818994550221,"Open Water","Open Water",-9999,-9999,-9999,-9999,-9999,-9999,-9999,"-9999",0,0,255,0,0,1
250,2132,26484.4894080255,2383.6040467223,"Ozark-Ouachita Dry-Mesic Oak Forest","Hardwood",188,66,15,11,6,17,77,"I-B",115,115,0,0.45098,0.45098,0
250,2139,4688.82989519648,421.994690567683,"Ozark-Ouachita Mesic Hardwood Forest","Hardwood",316,110,25,19,6,18,76,"I-C",0,135,74,0,0.529412,0.290196
250,2140,15970.6796430275,1437.36116787247,"Ozark-Ouachita Dry Oak Woodland","Hardwood",38,89,6,5,13,5,82,"I-A",97,69,0,0.380392,0.270588,0
250,2141,10432.609766813,938.93487901317,"Ozark-Ouachita Shortleaf Pine-Oak Forest and Woodland","Conifer",347,92,5,5,1,5,94,"I-A",196,164,100,0.768627,0.643137,0.392157
250,2153,706.269984213635,63.5642985792272,"Central Interior and Appalachian Floodplain Systems-Large Floodplains","Riparian",142,-9999,100,59,41,-9999,59,"III-A",48,237,56,0.188235,0.929412,0.219608
250,2160,34042.3892390933,3063.8150315184,"Ozark-Ouachita Shortleaf Pine-Bluestem Woodland","Hardwood-Conifer",100,1223,2,2,2,1,97,"I-A",68,137,112,0.266667,0.537255,0.439216
251,11,3089.29993094876,278.036993785389,"Open Water","Open Water",-9999,-9999,-9999,-9999,-9999,-9999,-9999,"-9999",0,0,255,0,0,1
251,2132,19429.0795657262,1748.61716091536,"Ozark-Ouachita Dry-Mesic Oak Forest","Hardwood",188,66,15,11,6,17,77,"I-B",115,115,0,0.45098,0.45098,0
251,2139,3170.16992914118,285.315293622706,"Ozark-Ouachita Mesic Hardwood Forest","Hardwood",316,110,25,19,6,18,76,"I-C",0,135,74,0,0.529412,0.290196
251,2140,15296.7196580917,1376.70476922825,"Ozark-Ouachita Dry Oak Woodland","Hardwood",38,89,6,5,13,5,82,"I-A",97,69,0,0.380392,0.270588,0
251,2141,12545.0597195961,1129.05537476365,"Ozark-Ouachita Shortleaf Pine-Oak Forest and Woodland","Conifer",347,92,5,5,1,5,94,"I-A",196,164,100,0.768627,0.643137,0.392157
251,2153,4857.76989142038,437.199290227834,"Central Interior and Appalachian Floodplain Systems-Large Floodplains","Riparian",142,-9999,100,59,41,-9999,59,"III-A",48,237,56,0.188235,0.929412,0.219608
251,2160,34208.0792353898,3078.72713118508,"Ozark-Ouachita Shortleaf Pine-Bluestem Woodland","Hardwood-Conifer",100,1223,2,2,2,1,97,"I-A",68,137,112,0.266667,0.537255,0.439216
252,11,2585.19994221628,232.667994799465,"Open Water","Open Water",-9999,-9999,-9999,-9999,-9999,-9999,-9999,"-9999",0,0,255,0,0,1
252,2132,23347.8094781358,2101.30285303222,"Ozark-Ouachita Dry-Mesic Oak Forest","Hardwood",188,66,15,11,6,17,77,"I-B",115,115,0,0.45098,0.45098,0
252,2139,3776.94991557859,339.925492402073,"Ozark-Ouachita Mesic Hardwood Forest","Hardwood",316,110,25,19,6,18,76,"I-C",0,135,74,0,0.529412,0.290196
252,2140,21081.8695287835,1897.36825759051,"Ozark-Ouachita Dry Oak Woodland","Hardwood",38,89,6,5,13,5,82,"I-A",97,69,0,0.380392,0.270588,0
252,2141,18148.8695943411,1633.3982634907,"Ozark-Ouachita Shortleaf Pine-Oak Forest and Woodland","Conifer",347,92,5,5,1,5,94,"I-A",196,164,100,0.768627,0.643137,0.392157
252,2153,2614.08994157054,235.268094741348,"Central Interior and Appalachian Floodplain Systems-Large Floodplains","Riparian",142,-9999,100,59,41,-9999,59,"III-A",48,237,56,0.188235,0.929412,0.219608
252,2160,21041.3895296883,1893.72505767195,"Ozark-Ouachita Shortleaf Pine-Bluestem Woodland","Hardwood-Conifer",100,1223,2,2,2,1,97,"I-A",68,137,112,0.266667,0.537255,0.439216
253,11,1250.38997205161,112.535097484644,"Open Water","Open Water",-9999,-9999,-9999,-9999,-9999,-9999,-9999,"-9999",0,0,255,0,0,1
253,2132,27126.3293936793,2441.36964543113,"Ozark-Ouachita Dry-Mesic Oak Forest","Hardwood",188,66,15,11,6,17,77,"I-B",115,115,0,0.45098,0.45098,0
253,2139,3598.03991957754,323.823592761978,"Ozark-Ouachita Mesic Hardwood Forest","Hardwood",316,110,25,19,6,18,76,"I-C",0,135,74,0,0.529412,0.290196
253,2140,10241.0597710945,921.695379398502,"Ozark-Ouachita Dry Oak Woodland","Hardwood",38,89,6,5,13,5,82,"I-A",97,69,0,0.380392,0.270588,0
253,2141,22286.359501861,2005.77235516749,"Ozark-Ouachita Shortleaf Pine-Oak Forest and Woodland","Conifer",347,92,5,5,1,5,94,"I-A",196,164,100,0.768627,0.643137,0.392157
253,2153,5502.78987700306,495.251088930275,"Central Interior and Appalachian Floodplain Systems-Large Floodplains","Riparian",142,-9999,100,59,41,-9999,59,"III-A",48,237,56,0.188235,0.929412,0.219608
253,2155,6.99999984353781,0.629999985918403,"Gulf and Atlantic Coastal Plain Floodplain Systems","Riparian",393,257,49,37,10,15,75,"III-A",102,119,205,0.4,0.466667,0.803922
253,2160,22584.2094952036,2032.57885456832,"Ozark-Ouachita Shortleaf Pine-Bluestem Woodland","Hardwood-Conifer",100,1223,2,2,2,1,97,"I-A",68,137,112,0.266667,0.537255,0.439216
254,11,5618.53987441584,505.668588697426,"Open Water","Open Water",-9999,-9999,-9999,-9999,-9999,-9999,-9999,"-9999",0,0,255,0,0,1
254,31,6.99999984353781,0.629999985918403,"Barren-Rock/Sand/Clay","Barren-Rock/Sand/Clay",-9999,-9999,-9999,-9999,-9999,-9999,-9999,"-9999",191,191,191,0.74902,0.74902,0.74902
254,2132,20137.6895498876,1812.39205948988,"Ozark-Ouachita Dry-Mesic Oak Forest","Hardwood",188,66,15,11,6,17,77,"I-B",115,115,0,0.45098,0.45098,0
254,2139,2980.44993338175,268.240494004358,"Ozark-Ouachita Mesic Hardwood Forest","Hardwood",316,110,25,19,6,18,76,"I-C",0,135,74,0,0.529412,0.290196
254,2140,6513.10985442065,586.179886897858,"Ozark-Ouachita Dry Oak Woodland","Hardwood",38,89,6,5,13,5,82,"I-A",97,69,0,0.380392,0.270588,0
254,2141,26313.2194118537,2368.18974706683,"Ozark-Ouachita Shortleaf Pine-Oak Forest and Woodland","Conifer",347,92,5,5,1,5,94,"I-A",196,164,100,0.768627,0.643137,0.392157
254,2146,7204.89983895794,648.440985506214,"Arkansas Valley Prairie and Woodland-Prairie","Grassland",2,344,12,2,82,1,17,"II-A",255,120,187,1,0.470588,0.733333
254,2147,4790.56989292242,431.151290363017,"Arkansas Valley Prairie and Woodland-Woodland","Grassland",96,14,2,2,3,14,83,"I-A",204,138,179,0.8,0.541176,0.701961
254,2153,3660.12991818972,329.411692637075,"Central Interior and Appalachian Floodplain Systems-Large Floodplains","Riparian",142,-9999,100,59,41,-9999,59,"III-A",48,237,56,0.188235,0.929412,0.219608
254,2160,15370.569656441,1383.35126907969,"Ozark-Ouachita Shortleaf Pine-Bluestem Woodland","Hardwood-Conifer",100,1223,2,2,2,1,97,"I-A",68,137,112,0.266667,0.537255,0.439216
255,11,683.109984731302,61.4798986258171,"Open Water","Open Water",-9999,-9999,-9999,-9999,-9999,-9999,-9999,"-9999",0,0,255,0,0,1
255,2132,5721.05987212434,514.895388491191,"Ozark-Ouachita Dry-Mesic Oak Forest","Hardwood",188,66,15,11,6,17,77,"I-B",115,115,0,0.45098,0.45098,0
255,2139,6.99999984353781,0.629999985918403,"Ozark-Ouachita Mesic Hardwood Forest","Hardwood",316,110,25,19,6,18,76,"I-C",0,135,74,0,0.529412,0.290196
255,2140,15946.8696435597,1435.21826792037,"Ozark-Ouachita Dry Oak Woodland","Hardwood",38,89,6,5,13,5,82,"I-A",97,69,0,0.380392,0.270588,0
255,2146,36686.7091799881,3301.80382619893,"Arkansas Valley Prairie and Woodland-Prairie","Grassland",2,344,12,2,82,1,17,"II-A",255,120,187,1,0.470588,0.733333
255,2147,19310.979568366,1737.98816115294,"Arkansas Valley Prairie and Woodland-Woodland","Grassland",96,14,2,2,3,14,83,"I-A",204,138,179,0.8,0.541176,0.701961
255,2153,14240.2196817063,1281.61977135357,"Central Interior and Appalachian Floodplain Systems-Large Floodplains","Riparian",142,-9999,100,59,41,-9999,59,"III-A",48,237,56,0.188235,0.929412,0.219608
256,11,13270.6497033779,1194.35847330401,"Open Water","Open Water",-9999,-9999,-9999,-9999,-9999,-9999,-9999,"-9999",0,0,255,0,0,1
256,2132,10166.2797727659,914.965179548934,"Ozark-Ouachita Dry-Mesic Oak Forest","Hardwood",188,66,15,11,6,17,77,"I-B",115,115,0,0.45098,0.45098,0
256,2139,152.709996586666,13.7438996927999,"Ozark-Ouachita Mesic Hardwood Forest","Hardwood",316,110,25,19,6,18,76,"I-C",0,135,74,0,0.529412,0.290196
256,2140,6505.86985458247,585.528286912423,"Ozark-Ouachita Dry Oak Woodland","Hardwood",38,89,6,5,13,5,82,"I-A",97,69,0,0.380392,0.270588,0
256,2141,9059.01979751512,815.311781776361,"Ozark-Ouachita Shortleaf Pine-Oak Forest and Woodland","Conifer",347,92,5,5,1,5,94,"I-A",196,164,100,0.768627,0.643137,0.392157
256,2153,5428.27987866849,488.545189080164,"Central Interior and Appalachian Floodplain Systems-Large Floodplains","Riparian",142,-9999,100,59,41,-9999,59,"III-A",48,237,56,0.188235,0.929412,0.219608
256,2160,48013.3689268176,4321.20320341358,"Ozark-Ouachita Shortleaf Pine-Bluestem Woodland","Hardwood-Conifer",100,1223,2,2,2,1,97,"I-A",68,137,112,0.266667,0.537255,0.439216
257,11,1154.77997418866,103.930197676979,"Open Water","Open Water",-9999,-9999,-9999,-9999,-9999,-9999,-9999,"-9999",0,0,255,0,0,1
257,2132,30674.7493143659,2760.72743829293,"Ozark-Ouachita Dry-Mesic Oak Forest","Hardwood",188,66,15,11,6,17,77,"I-B",115,115,0,0.45098,0.45098,0
257,2139,5700.61987258121,513.055788532309,"Ozark-Ouachita Mesic Hardwood Forest","Hardwood",316,110,25,19,6,18,76,"I-C",0,135,74,0,0.529412,0.290196
257,2140,28220.3393692262,2539.83054323036,"Ozark-Ouachita Dry Oak Woodland","Hardwood",38,89,6,5,13,5,82,"I-A",97,69,0,0.380392,0.270588,0
257,2141,11394.6497453097,1025.51847707788,"Ozark-Ouachita Shortleaf Pine-Oak Forest and Woodland","Conifer",347,92,5,5,1,5,94,"I-A",196,164,100,0.768627,0.643137,0.392157
257,2153,3675.83991783857,330.825592605472,"Central Interior and Appalachian Floodplain Systems-Large Floodplains","Riparian",142,-9999,100,59,41,-9999,59,"III-A",48,237,56,0.188235,0.929412,0.219608
257,2158,66.9999985024333,6.029999865219,"Central Interior and Appalachian Shrub-Herbaceous Wetland Systems","Riparian",17,-9999,-9999,17,100,-9999,-9999,"II-C",240,150,20,0.941176,0.588235,0.078431
257,2160,11708.2097383011,1053.7388764471,"Ozark-Ouachita Shortleaf Pine-Bluestem Woodland","Hardwood-Conifer",100,1223,2,2,2,1,97,"I-A",68,137,112,0.266667,0.537255,0.439216
258,11,1.99999995529652,0.179999995976686,"Open Water","Open Water",-9999,-9999,-9999,-9999,-9999,-9999,-9999,"-9999",0,0,255,0,0,1
258,2132,27766.9793793596,2499.02814414237,"Ozark-Ouachita Dry-Mesic Oak Forest","Hardwood",188,66,15,11,6,17,77,"I-B",115,115,0,0.45098,0.45098,0
258,2139,4563.92989798822,410.753690818939,"Ozark-Ouachita Mesic Hardwood Forest","Hardwood",316,110,25,19,6,18,76,"I-C",0,135,74,0,0.529412,0.290196
258,2140,12558.0097193066,1130.22087473759,"Ozark-Ouachita Dry Oak Woodland","Hardwood",38,89,6,5,13,5,82,"I-A",97,69,0,0.380392,0.270588,0
258,2141,22808.0994901992,2052.72895411793,"Ozark-Ouachita Shortleaf Pine-Oak Forest and Woodland","Conifer",347,92,5,5,1,5,94,"I-A",196,164,100,0.768627,0.643137,0.392157
258,2160,24897.1594435051,2240.74434991546,"Ozark-Ouachita Shortleaf Pine-Bluestem Woodland","Hardwood-Conifer",100,1223,2,2,2,1,97,"I-A",68,137,112,0.266667,0.537255,0.439216
259,11,974.879978209734,87.7391980388761,"Open Water","Open Water",-9999,-9999,-9999,-9999,-9999,-9999,-9999,"-9999",0,0,255,0,0,1
259,2132,26963.2593973242,2426.69334575918,"Ozark-Ouachita Dry-Mesic Oak Forest","Hardwood",188,66,15,11,6,17,77,"I-B",115,115,0,0.45098,0.45098,0
259,2139,5155.34988476895,463.981489629205,"Ozark-Ouachita Mesic Hardwood Forest","Hardwood",316,110,25,19,6,18,76,"I-C",0,135,74,0,0.529412,0.290196
259,2140,8668.45980624482,780.161382562034,"Ozark-Ouachita Dry Oak Woodland","Hardwood",38,89,6,5,13,5,82,"I-A",97,69,0,0.380392,0.270588,0
259,2141,26728.429402573,2405.55864623157,"Ozark-Ouachita Shortleaf Pine-Oak Forest and Woodland","Conifer",347,92,5,5,1,5,94,"I-A",196,164,100,0.768627,0.643137,0.392157
259,2153,4793.40989285894,431.406890357304,"Central Interior and Appalachian Floodplain Systems-Large Floodplains","Riparian",142,-9999,100,59,41,-9999,59,"III-A",48,237,56,0.188235,0.929412,0.219608
259,2160,19312.3895683344,1738.1150611501,"Ozark-Ouachita Shortleaf Pine-Bluestem Woodland","Hardwood-Conifer",100,1223,2,2,2,1,97,"I-A",68,137,112,0.266667,0.537255,0.439216
260,11,2666.3199404031,239.968794636279,"Open Water","Open Water",-9999,-9999,-9999,-9999,-9999,-9999,-9999,"-9999",0,0,255,0,0,1
260,2132,3241.28992755152,291.716093479637,"Ozark-Ouachita Dry-Mesic Oak Forest","Hardwood",188,66,15,11,6,17,77,"I-B",115,115,0,0.45098,0.45098,0
260,2139,261.999994143844,23.5799994729459,"Ozark-Ouachita Mesic Hardwood Forest","Hardwood",316,110,25,19,6,18,76,"I-C",0,135,74,0,0.529412,0.290196
260,2140,2127.13995245472,191.442595720924,"Ozark-Ouachita Dry Oak Woodland","Hardwood",38,89,6,5,13,5,82,"I-A",97,69,0,0.380392,0.270588,0
260,2141,2163.99995163083,194.759995646775,"Ozark-Ouachita Shortleaf Pine-Oak Forest and Woodland","Conifer",347,92,5,5,1,5,94,"I-A",196,164,100,0.768627,0.643137,0.392157
260,2146,33053.7392611913,2974.83653350722,"Arkansas Valley Prairie and Woodland-Prairie","Grassland",2,344,12,2,82,1,17,"II-A",255,120,187,1,0.470588,0.733333
260,2147,21684.2695153188,1951.58425637869,"Arkansas Valley Prairie and Woodland-Woodland","Grassland",96,14,2,2,3,14,83,"I-A",204,138,179,0.8,0.541176,0.701961
260,2153,25898.3294211272,2330.84964790145,"Central Interior and Appalachian Floodplain Systems-Large Floodplains","Riparian",142,-9999,100,59,41,-9999,59,"III-A",48,237,56,0.188235,0.929412,0.219608
260,2160,1499.10996649228,134.919896984305,"Ozark-Ouachita Shortleaf Pine-Bluestem Woodland","Hardwood-Conifer",100,1223,2,2,2,1,97,"I-A",68,137,112,0.266667,0.537255,0.439216
261,11,4334.46990311705,390.102291280534,"Open Water","Open Water",-9999,-9999,-9999,-9999,-9999,-9999,-9999,"-9999",0,0,255,0,0,1
261,2132,24686.1794482209,2221.75615033988,"Ozark-Ouachita Dry-Mesic Oak Forest","Hardwood",188,66,15,11,6,17,77,"I-B",115,115,0,0.45098,0.45098,0
261,2139,3732.43991657346,335.919592491612,"Ozark-Ouachita Mesic Hardwood Forest","Hardwood",316,110,25,19,6,18,76,"I-C",0,135,74,0,0.529412,0.290196
261,2140,16675.4296272751,1500.78866645476,"Ozark-Ouachita Dry Oak Woodland","Hardwood",38,89,6,5,13,5,82,"I-A",97,69,0,0.380392,0.270588,0
261,2141,15217.6796598583,1369.59116938725,"Ozark-Ouachita Shortleaf Pine-Oak Forest and Woodland","Conifer",347,92,5,5,1,5,94,"I-A",196,164,100,0.768627,0.643137,0.392157
261,2153,2686.26993995719,241.764294596147,"Central Interior and Appalachian Floodplain Systems-Large Floodplains","Riparian",142,-9999,100,59,41,-9999,59,"III-A",48,237,56,0.188235,0.929412,0.219608
261,2158,28.9999993517995,2.60999994166195,"Central Interior and Appalachian Shrub-Herbaceous Wetland Systems","Riparian",17,-9999,-9999,17,100,-9999,-9999,"II-C",240,150,20,0.941176,0.588235,0.078431
261,2160,25234.7194359601,2271.12474923641,"Ozark-Ouachita Shortleaf Pine-Bluestem Woodland","Hardwood-Conifer",100,1223,2,2,2,1,97,"I-A",68,137,112,0.266667,0.537255,0.439216
262,11,652.249985421076,58.7024986878969,"Open Water","Open Water",-9999,-9999,-9999,-9999,-9999,-9999,-9999,"-9999",0,0,255,0,0,1
262,2132,25535.9894292261,2298.23904863035,"Ozark-Ouachita Dry-Mesic Oak Forest","Hardwood",188,66,15,11,6,17,77,"I-B",115,115,0,0.45098,0.45098,0
262,2139,4563.98989798687,410.759090818819,"Ozark-Ouachita Mesic Hardwood Forest","Hardwood",316,110,25,19,6,18,76,"I-C",0,135,74,0,0.529412,0.290196
262,2140,14837.2796683609,1335.35517015249,"Ozark-Ouachita Dry Oak Woodland","Hardwood",38,89,6,5,13,5,82,"I-A",97,69,0,0.380392,0.270588,0
262,2141,12229.0797266588,1100.61717539929,"Ozark-Ouachita Shortleaf Pine-Oak Forest and Woodland","Conifer",347,92,5,5,1,5,94,"I-A",196,164,100,0.768627,0.643137,0.392157
262,2153,1233.95997241884,111.056397517696,"Central Interior and Appalachian Floodplain Systems-Large Floodplains","Riparian",142,-9999,100,59,41,-9999,59,"III-A",48,237,56,0.188235,0.929412,0.219608
262,2158,50.9999988600612,4.58999989740551,"Central Interior and Appalachian Shrub-Herbaceous Wetland Systems","Riparian",17,-9999,-9999,17,100,-9999,-9999,"II-C",240,150,20,0.941176,0.588235,0.078431
262,2160,33492.6192513816,3014.33573262434,"Ozark-Ouachita Shortleaf Pine-Bluestem Woodland","Hardwood-Conifer",100,1223,2,2,2,1,97,"I-A",68,137,112,0.266667,0.537255,0.439216
263,11,464.99998960644,41.8499990645796,"Open Water","Open Water",-9999,-9999,-9999,-9999,-9999,-9999,-9999,"-9999",0,0,255,0,0,1
263,2132,23604.9394723885,2124.44455251496,"Ozark-Ouachita Dry-Mesic Oak Forest","Hardwood",188,66,15,11,6,17,77,"I-B",115,115,0,0.45098,0.45098,0
263,2139,3652.72991835512,328.745692651961,"Ozark-Ouachita Mesic Hardwood Forest","Hardwood",316,110,25,19,6,18,76,"I-C",0,135,74,0,0.529412,0.290196
263,2140,24157.84946003,2174.2064514027,"Ozark-Ouachita Dry Oak Woodland","Hardwood",38,89,6,5,13,5,82,"I-A",97,69,0,0.380392,0.270588,0
263,2141,14661.5296722893,1319.53767050603,"Ozark-Ouachita Shortleaf Pine-Oak Forest and Woodland","Conifer",347,92,5,5,1,5,94,"I-A",196,164,100,0.768627,0.643137,0.392157
263,2153,2299.49994860217,206.954995374195,"Central Interior and Appalachian Floodplain Systems-Large Floodplains","Riparian",142,-9999,100,59,41,-9999,59,"III-A",48,237,56,0.188235,0.929412,0.219608
263,2158,141.999996826053,12.7799997143447,"Central Interior and Appalachian Shrub-Herbaceous Wetland Systems","Riparian",17,-9999,-9999,17,100,-9999,-9999,"II-C",240,150,20,0.941176,0.588235,0.078431
263,2160,23612.6194722168,2125.13575249951,"Ozark-Ouachita Shortleaf Pine-Bluestem Woodland","Hardwood-Conifer",100,1223,2,2,2,1,97,"I-A",68,137,112,0.266667,0.537255,0.439216
264,11,582.109986988828,52.3898988289945,"Open Water","Open Water",-9999,-9999,-9999,-9999,-9999,-9999,-9999,"-9999",0,0,255,0,0,1
264,2132,27780.0293790679,2500.20264411611,"Ozark-Ouachita Dry-Mesic Oak Forest","Hardwood",188,66,15,11,6,17,77,"I-B",115,115,0,0.45098,0.45098,0
264,2139,5399.08987932093,485.918089138884,"Ozark-Ouachita Mesic Hardwood Forest","Hardwood",316,110,25,19,6,18,76,"I-C",0,135,74,0,0.529412,0.290196
264,2140,10174.1397725902,915.672579533123,"Ozark-Ouachita Dry Oak Woodland","Hardwood",38,89,6,5,13,5,82,"I-A",97,69,0,0.380392,0.270588,0
264,2141,19941.9695542622,1794.7772598836,"Ozark-Ouachita Shortleaf Pine-Oak Forest and Woodland","Conifer",347,92,5,5,1,5,94,"I-A",196,164,100,0.768627,0.643137,0.392157
264,2153,1855.94995851628,167.035496266466,"Central Interior and Appalachian Floodplain Systems-Large Floodplains","Riparian",142,-9999,100,59,41,-9999,59,"III-A",48,237,56,0.188235,0.929412,0.219608
264,2160,26862.9093995672,2417.66184596105,"Ozark-Ouachita Shortleaf Pine-Bluestem Woodland","Hardwood-Conifer",100,1223,2,2,2,1,97,"I-A",68,137,112,0.266667,0.537255,0.439216
265,11,422.849990548566,38.0564991493709,"Open Water","Open Water",-9999,-9999,-9999,-9999,-9999,-9999,-9999,"-9999",0,0,255,0,0,1
265,2132,19168.0495715607,1725.12446144046,"Ozark-Ouachita Dry-Mesic Oak Forest","Hardwood",188,66,15,11,6,17,77,"I-B",115,115,0,0.45098,0.45098,0
265,2139,3388.2099242676,304.938893184084,"Ozark-Ouachita Mesic Hardwood Forest","Hardwood",316,110,25,19,6,18,76,"I-C",0,135,74,0,0.529412,0.290196
265,2140,14361.609678993,1292.54487110937,"Ozark-Ouachita Dry Oak Woodland","Hardwood",38,89,6,5,13,5,82,"I-A",97,69,0,0.380392,0.270588,0
265,2141,23059.1094845887,2075.31985361299,"Ozark-Ouachita Shortleaf Pine-Oak Forest and Woodland","Conifer",347,92,5,5,1,5,94,"I-A",196,164,100,0.768627,0.643137,0.392157
265,2146,3036.69993212447,273.302993891202,"Arkansas Valley Prairie and Woodland-Prairie","Grassland",2,344,12,2,82,1,17,"II-A",255,120,187,1,0.470588,0.733333
265,2147,2606.70994173549,234.603894756194,"Arkansas Valley Prairie and Woodland-Woodland","Grassland",96,14,2,2,3,14,83,"I-A",204,138,179,0.8,0.541176,0.701961
265,2153,6782.64984839596,610.438486355636,"Central Interior and Appalachian Floodplain Systems-Large Floodplains","Riparian",142,-9999,100,59,41,-9999,59,"III-A",48,237,56,0.188235,0.929412,0.219608
265,2160,19770.3095580991,1779.32786022892,"Ozark-Ouachita Shortleaf Pine-Bluestem Woodland","Hardwood-Conifer",100,1223,2,2,2,1,97,"I-A",68,137,112,0.266667,0.537255,0.439216
266,11,10466.7397660501,942.006578944512,"Open Water","Open Water",-9999,-9999,-9999,-9999,-9999,-9999,-9999,"-9999",0,0,255,0,0,1
266,31,1.99999995529652,0.179999995976686,"Barren-Rock/Sand/Clay","Barren-Rock/Sand/Clay",-9999,-9999,-9999,-9999,-9999,-9999,-9999,"-9999",191,191,191,0.74902,0.74902,0.74902
266,2132,11992.979731936,1079.36817587424,"Ozark-Ouachita Dry-Mesic Oak Forest","Hardwood",188,66,15,11,6,17,77,"I-B",115,115,0,0.45098,0.45098,0
266,2139,715.079984016716,64.3571985615045,"Ozark-Ouachita Mesic Hardwood Forest","Hardwood",316,110,25,19,6,18,76,"I-C",0,135,74,0,0.529412,0.290196
266,2140,6509.51985450089,585.85678690508,"Ozark-Ouachita Dry Oak Woodland","Hardwood",38,89,6,5,13,5,82,"I-A",97,69,0,0.380392,0.270588,0
266,2141,10225.6197714396,920.305779429562,"Ozark-Ouachita Shortleaf Pine-Oak Forest and Woodland","Conifer",347,92,5,5,1,5,94,"I-A",196,164,100,0.768627,0.643137,0.392157
266,2153,3989.51991082728,359.056791974455,"Central Interior and Appalachian Floodplain Systems-Large Floodplains","Riparian",142,-9999,100,59,41,-9999,59,"III-A",48,237,56,0.188235,0.929412,0.219608
266,2160,48694.7189115882,4382.52470204294,"Ozark-Ouachita Shortleaf Pine-Bluestem Woodland","Hardwood-Conifer",100,1223,2,2,2,1,97,"I-A",68,137,112,0.266667,0.537255,0.439216
267,11,452.509989885613,40.7258990897052,"Open Water","Open Water",-9999,-9999,-9999,-9999,-9999,-9999,-9999,"-9999",0,0,255,0,0,1
267,2132,29958.559330374,2696.27033973366,"Ozark-Ouachita Dry-Mesic Oak Forest","Hardwood",188,66,15,11,6,17,77,"I-B",115,115,0,0.45098,0.45098,0
267,2139,2857.77993612364,257.200194251128,"Ozark-Ouachita Mesic Hardwood Forest","Hardwood",316,110,25,19,6,18,76,"I-C",0,135,74,0,0.529412,0.290196
267,2140,41691.5890681203,3752.24301613083,"Ozark-Ouachita Dry Oak Woodland","Hardwood",38,89,6,5,13,5,82,"I-A",97,69,0,0.380392,0.270588,0
267,2141,7136.84984047897,642.316485643107,"Ozark-Ouachita Shortleaf Pine-Oak Forest and Woodland","Conifer",347,92,5,5,1,5,94,"I-A",196,164,100,0.768627,0.643137,0.392157
267,2153,1317.9999705404,118.619997348636,"Central Interior and Appalachian Floodplain Systems-Large Floodplains","Riparian",142,-9999,100,59,41,-9999,59,"III-A",48,237,56,0.188235,0.929412,0.219608
267,2158,24.9999994412065,2.24999994970858,"Central Interior and Appalachian Shrub-Herbaceous Wetland Systems","Riparian",17,-9999,-9999,17,100,-9999,-9999,"II-C",240,150,20,0.941176,0.588235,0.078431
267,2160,9155.90979534946,824.031881581452,"Ozark-Ouachita Shortleaf Pine-Bluestem Woodland","Hardwood-Conifer",100,1223,2,2,2,1,97,"I-A",68,137,112,0.266667,0.537255,0.439216
268,11,0.999999977648258,0.0899999979883432,"Open Water","Open Water",-9999,-9999,-9999,-9999,-9999,-9999,-9999,"-9999",0,0,255,0,0,1
268,2132,24654.6594489254,2218.91935040329,"Ozark-Ouachita Dry-Mesic Oak Forest","Hardwood",188,66,15,11,6,17,77,"I-B",115,115,0,0.45098,0.45098,0
268,2139,3019.79993250221,271.781993925199,"Ozark-Ouachita Mesic Hardwood Forest","Hardwood",316,110,25,19,6,18,76,"I-C",0,135,74,0,0.529412,0.290196
268,2140,24662.909448741,2219.66185038669,"Ozark-Ouachita Dry Oak Woodland","Hardwood",38,89,6,5,13,5,82,"I-A",97,69,0,0.380392,0.270588,0
268,2141,16703.8196266405,1503.34376639765,"Ozark-Ouachita Shortleaf Pine-Oak Forest and Woodland","Conifer",347,92,5,5,1,5,94,"I-A",196,164,100,0.768627,0.643137,0.392157
268,2153,2325.29994802549,209.276995322295,"Central Interior and Appalachian Floodplain Systems-Large Floodplains","Riparian",142,-9999,100,59,41,-9999,59,"III-A",48,237,56,0.188235,0.929412,0.219608
268,2160,21228.679525502,1910.58115729518,"Ozark-Ouachita Shortleaf Pine-Bluestem Woodland","Hardwood-Conifer",100,1223,2,2,2,1,97,"I-A",68,137,112,0.266667,0.537255,0.439216
269,11,1248.96997208335,112.407297487501,"Open Water","Open Water",-9999,-9999,-9999,-9999,-9999,-9999,-9999,"-9999",0,0,255,0,0,1
269,2132,26043.9494178724,2343.95544760851,"Ozark-Ouachita Dry-Mesic Oak Forest","Hardwood",188,66,15,11,6,17,77,"I-B",115,115,0,0.45098,0.45098,0
269,2139,4648.32989610173,418.349690649156,"Ozark-Ouachita Mesic Hardwood Forest","Hardwood",316,110,25,19,6,18,76,"I-C",0,135,74,0,0.529412,0.290196
269,2140,9158.77979528531,824.290181575678,"Ozark-Ouachita Dry Oak Woodland","Hardwood",38,89,6,5,13,5,82,"I-A",97,69,0,0.380392,0.270588,0
269,2141,21899.3095105123,1970.9378559461,"Ozark-Ouachita Shortleaf Pine-Oak Forest and Woodland","Conifer",347,92,5,5,1,5,94,"I-A",196,164,100,0.768627,0.643137,0.392157
269,2153,10180.5797724463,916.252179520167,"Central Interior and Appalachian Floodplain Systems-Large Floodplains","Riparian",142,-9999,100,59,41,-9999,59,"III-A",48,237,56,0.188235,0.929412,0.219608
269,2160,19416.2595660128,1747.46336094115,"Ozark-Ouachita Shortleaf Pine-Bluestem Woodland","Hardwood-Conifer",100,1223,2,2,2,1,97,"I-A",68,137,112,0.266667,0.537255,0.439216
270,11,4080.889908785,367.28009179065,"Open Water","Open Water",-9999,-9999,-9999,-9999,-9999,-9999,-9999,"-9999",0,0,255,0,0,1
270,2132,22617.3994944617,2035.56595450155,"Ozark-Ouachita Dry-Mesic Oak Forest","Hardwood",188,66,15,11,6,17,77,"I-B",115,115,0,0.45098,0.45098,0
270,2139,3230.6699277889,290.760293501001,"Ozark-Ouachita Mesic Hardwood Forest","Hardwood",316,110,25,19,6,18,76,"I-C",0,135,74,0,0.529412,0.290196
270,2140,19746.8695586231,1777.21826027608,"Ozark-Ouachita Dry Oak Woodland","Hardwood",38,89,6,5,13,5,82,"I-A",97,69,0,0.380392,0.270588,0
270,2141,11036.4297533166,993.278677798491,"Ozark-Ouachita Shortleaf Pine-Oak Forest and Woodland","Conifer",347,92,5,5,1,5,94,"I-A",196,164,100,0.768627,0.643137,0.392157
270,2153,15084.3496628385,1357.59146965547,"Central Interior and Appalachian Floodplain Systems-Large Floodplains","Riparian",142,-9999,100,59,41,-9999,59,"III-A",48,237,56,0.188235,0.929412,0.219608
270,2160,16799.5796245001,1511.96216620501,"Ozark-Ouachita Shortleaf Pine-Bluestem Woodland","Hardwood-Conifer",100,1223,2,2,2,1,97,"I-A",68,137,112,0.266667,0.537255,0.439216
271,11,142.3199968189,12.808799713701,"Open Water","Open Water",-9999,-9999,-9999,-9999,-9999,-9999,-9999,"-9999",0,0,255,0,0,1
271,2132,25594.3994279206,2303.49594851285,"Ozark-Ouachita Dry-Mesic Oak Forest","Hardwood",188,66,15,11,6,17,77,"I-B",115,115,0,0.45098,0.45098,0
271,2139,5473.41987765953,492.607788989358,"Ozark-Ouachita Mesic Hardwood Forest","Hardwood",316,110,25,19,6,18,76,"I-C",0,135,74,0,0.529412,0.290196
271,2140,10396.4397676215,935.679579085931,"Ozark-Ouachita Dry Oak Woodland","Hardwood",38,89,6,5,13,5,82,"I-A",97,69,0,0.380392,0.270588,0
271,2141,26794.6694010925,2411.52024609832,"Ozark-Ouachita Shortleaf Pine-Oak Forest and Woodland","Conifer",347,92,5,5,1,5,94,"I-A",196,164,100,0.768627,0.643137,0.392157
271,2153,863.939980689436,77.7545982620493,"Central Interior and Appalachian Floodplain Systems-Large Floodplains","Riparian",142,-9999,100,59,41,-9999,59,"III-A",48,237,56,0.188235,0.929412,0.219608
271,2160,23330.9894785117,2099.78905306606,"Ozark-Ouachita Shortleaf Pine-Bluestem Woodland","Hardwood-Conifer",100,1223,2,2,2,1,97,"I-A",68,137,112,0.266667,0.537255,0.439216
272,11,997.039977714419,89.7335979942977,"Open Water","Open Water",-9999,-9999,-9999,-9999,-9999,-9999,-9999,"-9999",0,0,255,0,0,1
272,2132,14580.8396740928,1312.27557066835,"Ozark-Ouachita Dry-Mesic Oak Forest","Hardwood",188,66,15,11,6,17,77,"I-B",115,115,0,0.45098,0.45098,0
272,2139,2972.0099335704,267.480894021336,"Ozark-Ouachita Mesic Hardwood Forest","Hardwood",316,110,25,19,6,18,76,"I-C",0,135,74,0,0.529412,0.290196
272,2140,9558.11978635937,860.230780772343,"Ozark-Ouachita Dry Oak Woodland","Hardwood",38,89,6,5,13,5,82,"I-A",97,69,0,0.380392,0.270588,0
272,2141,29480.2593410648,2653.22334069584,"Ozark-Ouachita Shortleaf Pine-Oak Forest and Woodland","Conifer",347,92,5,5,1,5,94,"I-A",196,164,100,0.768627,0.643137,0.392157
272,2146,109.819997545332,9.88379977907985,"Arkansas Valley Prairie and Woodland-Prairie","Grassland",2,344,12,2,82,1,17,"II-A",255,120,187,1,0.470588,0.733333
272,2147,130.37999708578,11.7341997377202,"Arkansas Valley Prairie and Woodland-Woodland","Grassland",96,14,2,2,3,14,83,"I-A",204,138,179,0.8,0.541176,0.701961
272,2153,21715.7395146154,1954.41655631538,"Central Interior and Appalachian Floodplain Systems-Large Floodplains","Riparian",142,-9999,100,59,41,-9999,59,"III-A",48,237,56,0.188235,0.929412,0.219608
272,2160,13051.9697082657,1174.67727374392,"Ozark-Ouachita Shortleaf Pine-Bluestem Woodland","Hardwood-Conifer",100,1223,2,2,2,1,97,"I-A",68,137,112,0.266667,0.537255,0.439216
273,11,122.679997257888,11.0411997532099,"Open Water","Open Water",-9999,-9999,-9999,-9999,-9999,-9999,-9999,"-9999",0,0,255,0,0,1
273,2132,24736.149447104,2226.25345023936,"Ozark-Ouachita Dry-Mesic Oak Forest","Hardwood",188,66,15,11,6,17,77,"I-B",115,115,0,0.45098,0.45098,0
273,2139,3074.74993127398,276.727493814658,"Ozark-Ouachita Mesic Hardwood Forest","Hardwood",316,110,25,19,6,18,76,"I-C",0,135,74,0,0.529412,0.290196
273,2140,18213.0995929055,1639.17896336149,"Ozark-Ouachita Dry Oak Woodland","Hardwood",38,89,6,5,13,5,82,"I-A",97,69,0,0.380392,0.270588,0
273,2141,13758.8796924651,1238.29917232186,"Ozark-Ouachita Shortleaf Pine-Oak Forest and Woodland","Conifer",347,92,5,5,1,5,94,"I-A",196,164,100,0.768627,0.643137,0.392157
273,2153,1515.43996612728,136.389596951455,"Central Interior and Appalachian Floodplain Systems-Large Floodplains","Riparian",142,-9999,100,59,41,-9999,59,"III-A",48,237,56,0.188235,0.929412,0.219608
273,2160,31175.1693031806,2805.76523728626,"Ozark-Ouachita Shortleaf Pine-Bluestem Woodland","Hardwood-Conifer",100,1223,2,2,2,1,97,"I-A",68,137,112,0.266667,0.537255,0.439216
274,11,546.179987791926,49.1561989012733,"Open Water","Open Water",-9999,-9999,-9999,-9999,-9999,-9999,-9999,"-9999",0,0,255,0,0,1
274,2132,28910.4293538015,2601.93864184214,"Ozark-Ouachita Dry-Mesic Oak Forest","Hardwood",188,66,15,11,6,17,77,"I-B",115,115,0,0.45098,0.45098,0
274,2139,3775.94991560094,339.835492404085,"Ozark-Ouachita Mesic Hardwood Forest","Hardwood",316,110,25,19,6,18,76,"I-C",0,135,74,0,0.529412,0.290196
274,2140,11200.8597496413,1008.07737746771,"Ozark-Ouachita Dry Oak Woodland","Hardwood",38,89,6,5,13,5,82,"I-A",97,69,0,0.380392,0.270588,0
274,2141,23253.6994802393,2092.83295322154,"Ozark-Ouachita Shortleaf Pine-Oak Forest and Woodland","Conifer",347,92,5,5,1,5,94,"I-A",196,164,100,0.768627,0.643137,0.392157
274,2153,5135.34988521598,462.181489669438,"Central Interior and Appalachian Floodplain Systems-Large Floodplains","Riparian",142,-9999,100,59,41,-9999,59,"III-A",48,237,56,0.188235,0.929412,0.219608
274,2160,19773.7395580225,1779.63656022202,"Ozark-Ouachita Shortleaf Pine-Bluestem Woodland","Hardwood-Conifer",100,1223,2,2,2,1,97,"I-A",68,137,112,0.266667,0.537255,0.439216
275,11,258.289994226769,23.2460994804092,"Open Water","Open Water",-9999,-9999,-9999,-9999,-9999,-9999,-9999,"-9999",0,0,255,0,0,1
275,2132,16140.3196392357,1452.62876753122,"Ozark-Ouachita Dry-Mesic Oak Forest","Hardwood",188,66,15,11,6,17,77,"I-B",115,115,0,0.45098,0.45098,0
275,2139,1228.87997253239,110.599197527915,"Ozark-Ouachita Mesic Hardwood Forest","Hardwood",316,110,25,19,6,18,76,"I-C",0,135,74,0,0.529412,0.290196
275,2140,5482.98987744562,493.469088970106,"Ozark-Ouachita Dry Oak Woodland","Hardwood",38,89,6,5,13,5,82,"I-A",97,69,0,0.380392,0.270588,0
275,2141,18934.4495767821,1704.10046191039,"Ozark-Ouachita Shortleaf Pine-Oak Forest and Woodland","Conifer",347,92,5,5,1,5,94,"I-A",196,164,100,0.768627,0.643137,0.392157
275,2146,14932.5796662308,1343.93216996077,"Arkansas Valley Prairie and Woodland-Prairie","Grassland",2,344,12,2,82,1,17,"II-A",255,120,187,1,0.470588,0.733333
275,2147,4494.99989952892,404.549990957603,"Arkansas Valley Prairie and Woodland-Woodland","Grassland",96,14,2,2,3,14,83,"I-A",204,138,179,0.8,0.541176,0.701961
275,2153,8479.27981047332,763.135182942599,"Central Interior and Appalachian Floodplain Systems-Large Floodplains","Riparian",142,-9999,100,59,41,-9999,59,"III-A",48,237,56,0.188235,0.929412,0.219608
275,2160,22644.3894938584,2037.99505444726,"Ozark-Ouachita Shortleaf Pine-Bluestem Woodland","Hardwood-Conifer",100,1223,2,2,2,1,97,"I-A",68,137,112,0.266667,0.537255,0.439216
276,11,519.689988384023,46.7720989545621,"Open Water","Open Water",-9999,-9999,-9999,-9999,-9999,-9999,-9999,"-9999",0,0,255,0,0,1
276,2132,24034.7094627824,2163.12385165041,"Ozark-Ouachita Dry-Mesic Oak Forest","Hardwood",188,66,15,11,6,17,77,"I-B",115,115,0,0.45098,0.45098,0
276,2139,2627.44994127192,236.470494714472,"Ozark-Ouachita Mesic Hardwood Forest","Hardwood",316,110,25,19,6,18,76,"I-C",0,135,74,0,0.529412,0.290196
276,2140,34714.7592240646,3124.32833016582,"Ozark-Ouachita Dry Oak Woodland","Hardwood",38,89,6,5,13,5,82,"I-A",97,69,0,0.380392,0.270588,0
276,2141,6792.79984816909,611.351986335218,"Ozark-Ouachita Shortleaf Pine-Oak Forest and Woodland","Conifer",347,92,5,5,1,5,94,"I-A",196,164,100,0.768627,0.643137,0.392157
276,2153,6214.80986108817,559.332887497935,"Central Interior and Appalachian Floodplain Systems-Large Floodplains","Riparian",142,-9999,100,59,41,-9999,59,"III-A",48,237,56,0.188235,0.929412,0.219608
276,2160,17673.0696049761,1590.57626444785,"Ozark-Ouachita Shortleaf Pine-Bluestem Woodland","Hardwood-Conifer",100,1223,2,2,2,1,97,"I-A",68,137,112,0.266667,0.537255,0.439216
277,11,4867.99989119172,438.119990207255,"Open Water","Open Water",-9999,-9999,-9999,-9999,-9999,-9999,-9999,"-9999",0,0,255,0,0,1
277,2132,24064.1594621241,2165.77435159117,"Ozark-Ouachita Dry-Mesic Oak Forest","Hardwood",188,66,15,11,6,17,77,"I-B",115,115,0,0.45098,0.45098,0
277,2139,4489.61989964917,404.065790968426,"Ozark-Ouachita Mesic Hardwood Forest","Hardwood",316,110,25,19,6,18,76,"I-C",0,135,74,0,0.529412,0.290196
277,2140,10231.9497712981,920.875479416829,"Ozark-Ouachita Dry Oak Woodland","Hardwood",38,89,6,5,13,5,82,"I-A",97,69,0,0.380392,0.270588,0
277,2141,24636.2794493362,2217.26515044026,"Ozark-Ouachita Shortleaf Pine-Oak Forest and Woodland","Conifer",347,92,5,5,1,5,94,"I-A",196,164,100,0.768627,0.643137,0.392157
277,2153,2465.42994489335,221.888695040401,"Central Interior and Appalachian Floodplain Systems-Large Floodplains","Riparian",142,-9999,100,59,41,-9999,59,"III-A",48,237,56,0.188235,0.929412,0.219608
277,2160,21821.8595122434,1963.96735610191,"Ozark-Ouachita Shortleaf Pine-Bluestem Woodland","Hardwood-Conifer",100,1223,2,2,2,1,97,"I-A",68,137,112,0.266667,0.537255,0.439216
278,11,1607.87996406108,144.709196765497,"Open Water","Open Water",-9999,-9999,-9999,-9999,-9999,-9999,-9999,"-9999",0,0,255,0,0,1
278,2132,14156.0296835881,1274.04267152293,"Ozark-Ouachita Dry-Mesic Oak Forest","Hardwood",188,66,15,11,6,17,77,"I-B",115,115,0,0.45098,0.45098,0
278,2139,2205.47995070368,198.493195563331,"Ozark-Ouachita Mesic Hardwood Forest","Hardwood",316,110,25,19,6,18,76,"I-C",0,135,74,0,0.529412,0.290196
278,2140,8482.88981039263,763.460082935337,"Ozark-Ouachita Dry Oak Woodland","Hardwood",38,89,6,5,13,5,82,"I-A",97,69,0,0.380392,0.270588,0
278,2141,20773.859535668,1869.64735821012,"Ozark-Ouachita Shortleaf Pine-Oak Forest and Woodland","Conifer",347,92,5,5,1,5,94,"I-A",196,164,100,0.768627,0.643137,0.392157
278,2153,32186.8692805674,2896.81823525107,"Central Interior and Appalachian Floodplain Systems-Large Floodplains","Riparian",142,-9999,100,59,41,-9999,59,"III-A",48,237,56,0.188235,0.929412,0.219608
278,2160,13164.299705755,1184.78697351795,"Ozark-Ouachita Shortleaf Pine-Bluestem Woodland","Hardwood-Conifer",100,1223,2,2,2,1,97,"I-A",68,137,112,0.266667,0.537255,0.439216
279,11,242.699994575232,21.8429995117709,"Open Water","Open Water",-9999,-9999,-9999,-9999,-9999,-9999,-9999,"-9999",0,0,255,0,0,1
279,2132,21820.7195122689,1963.8647561042,"Ozark-Ouachita Dry-Mesic Oak Forest","Hardwood",188,66,15,11,6,17,77,"I-B",115,115,0,0.45098,0.45098,0
279,2139,229.739994864911,20.676599537842,"Ozark-Ouachita Mesic Hardwood Forest","Hardwood",316,110,25,19,6,18,76,"I-C",0,135,74,0,0.529412,0.290196
279,2140,59331.5886738356,5339.84298064521,"Ozark-Ouachita Dry Oak Woodland","Hardwood",38,89,6,5,13,5,82,"I-A",97,69,0,0.380392,0.270588,0
279,2141,496.86998889409,44.7182990004681,"Ozark-Ouachita Shortleaf Pine-Oak Forest and Woodland","Conifer",347,92,5,5,1,5,94,"I-A",196,164,100,0.768627,0.643137,0.392157
279,2153,8652.69980659708,778.742982593738,"Central Interior and Appalachian Floodplain Systems-Large Floodplains","Riparian",142,-9999,100,59,41,-9999,59,"III-A",48,237,56,0.188235,0.929412,0.219608
279,2155,88.999998010695,8.00999982096255,"Gulf and Atlantic Coastal Plain Floodplain Systems","Riparian",393,257,49,37,10,15,75,"III-A",102,119,205,0.4,0.466667,0.803922
279,2160,1714.00996168889,154.260896552,"Ozark-Ouachita Shortleaf Pine-Bluestem Woodland","Hardwood-Conifer",100,1223,2,2,2,1,97,"I-A",68,137,112,0.266667,0.537255,0.439216
280,11,88.999998010695,8.00999982096255,"Open Water","Open Water",-9999,-9999,-9999,-9999,-9999,-9999,-9999,"-9999",0,0,255,0,0,1
280,2132,18422.6095882226,1658.03486294003,"Ozark-Ouachita Dry-Mesic Oak Forest","Hardwood",188,66,15,11,6,17,77,"I-B",115,115,0,0.45098,0.45098,0
280,2139,398.879991084337,35.8991991975903,"Ozark-Ouachita Mesic Hardwood Forest","Hardwood",316,110,25,19,6,18,76,"I-C",0,135,74,0,0.529412,0.290196
280,2140,22293.3595017046,2006.40235515341,"Ozark-Ouachita Dry Oak Woodland","Hardwood",38,89,6,5,13,5,82,"I-A",97,69,0,0.380392,0.270588,0
280,2141,7981.93982158974,718.374583943076,"Ozark-Ouachita Shortleaf Pine-Oak Forest and Woodland","Conifer",347,92,5,5,1,5,94,"I-A",196,164,100,0.768627,0.643137,0.392157
280,2153,3194.96992858686,287.547293572817,"Central Interior and Appalachian Floodplain Systems-Large Floodplains","Riparian",142,-9999,100,59,41,-9999,59,"III-A",48,237,56,0.188235,0.929412,0.219608
280,2160,40196.5591015369,3617.69031913832,"Ozark-Ouachita Shortleaf Pine-Bluestem Woodland","Hardwood-Conifer",100,1223,2,2,2,1,97,"I-A",68,137,112,0.266667,0.537255,0.439216
281,11,324.569992745295,29.2112993470766,"Open Water","Open Water",-9999,-9999,-9999,-9999,-9999,-9999,-9999,"-9999",0,0,255,0,0,1
281,2132,22355.1995003223,2011.96795502901,"Ozark-Ouachita Dry-Mesic Oak Forest","Hardwood",188,66,15,11,6,17,77,"I-B",115,115,0,0.45098,0.45098,0
281,2139,2621.34994140826,235.921494726744,"Ozark-Ouachita Mesic Hardwood Forest","Hardwood",316,110,25,19,6,18,76,"I-C",0,135,74,0,0.529412,0.290196
281,2140,10382.5297679324,934.427679113913,"Ozark-Ouachita Dry Oak Woodland","Hardwood",38,89,6,5,13,5,82,"I-A",97,69,0,0.380392,0.270588,0
281,2141,32056.4992834814,2885.08493551333,"Ozark-Ouachita Shortleaf Pine-Oak Forest and Woodland","Conifer",347,92,5,5,1,5,94,"I-A",196,164,100,0.768627,0.643137,0.392157
281,2153,2449.82994524203,220.484695071783,"Central Interior and Appalachian Floodplain Systems-Large Floodplains","Riparian",142,-9999,100,59,41,-9999,59,"III-A",48,237,56,0.188235,0.929412,0.219608
281,2160,22387.3194996044,2014.8587549644,"Ozark-Ouachita Shortleaf Pine-Bluestem Woodland","Hardwood-Conifer",100,1223,2,2,2,1,97,"I-A",68,137,112,0.266667,0.537255,0.439216
282,11,463.54998963885,41.7194990674965,"Open Water","Open Water",-9999,-9999,-9999,-9999,-9999,-9999,-9999,"-9999",0,0,255,0,0,1
282,31,1.99999995529652,0.179999995976686,"Barren-Rock/Sand/Clay","Barren-Rock/Sand/Clay",-9999,-9999,-9999,-9999,-9999,-9999,-9999,"-9999",191,191,191,0.74902,0.74902,0.74902
282,2132,12922.92971115,1163.0636740035,"Ozark-Ouachita Dry-Mesic Oak Forest","Hardwood",188,66,15,11,6,17,77,"I-B",115,115,0,0.45098,0.45098,0
282,2139,1956.35995627195,176.072396064475,"Ozark-Ouachita Mesic Hardwood Forest","Hardwood",316,110,25,19,6,18,76,"I-C",0,135,74,0,0.529412,0.290196
282,2140,7069.98984197341,636.299085777607,"Ozark-Ouachita Dry Oak Woodland","Hardwood",38,89,6,5,13,5,82,"I-A",97,69,0,0.380392,0.270588,0
282,2141,11075.3497524466,996.781477720197,"Ozark-Ouachita Shortleaf Pine-Oak Forest and Woodland","Conifer",347,92,5,5,1,5,94,"I-A",196,164,100,0.768627,0.643137,0.392157
282,2146,20170.8595491461,1815.37735942315,"Arkansas Valley Prairie and Woodland-Prairie","Grassland",2,344,12,2,82,1,17,"II-A",255,120,187,1,0.470588,0.733333
282,2147,4608.72989698686,414.785690728817,"Arkansas Valley Prairie and Woodland-Woodland","Grassland",96,14,2,2,3,14,83,"I-A",204,138,179,0.8,0.541176,0.701961
282,2153,25699.7794255652,2312.98014830086,"Central Interior and Appalachian Floodplain Systems-Large Floodplains","Riparian",142,-9999,100,59,41,-9999,59,"III-A",48,237,56,0.188235,0.929412,0.219608
282,2160,8607.75980760157,774.698382684141,"Ozark-Ouachita Shortleaf Pine-Bluestem Woodland","Hardwood-Conifer",100,1223,2,2,2,1,97,"I-A",68,137,112,0.266667,0.537255,0.439216
283,11,585.739986907691,52.7165988216922,"Open Water","Open Water",-9999,-9999,-9999,-9999,-9999,-9999,-9999,"-9999",0,0,255,0,0,1
283,1435,15.7999996468425,1.42199996821582,"West Gulf Coastal Plain Mesic Hardwood Forest","Hardwood",271,90,23,17,7,19,74,"I-C",181,158,143,0.709804,0.619608,0.560784
283,1438,502.659988764673,45.2393989888206,"West Gulf Coastal Plain Pine-Hardwood Forest","Hardwood-Conifer",121,64,5,4,4,7,89,"I-A",100,168,0,0.392157,0.658824,0
283,1447,15.4499996546656,1.3904999689199,"Gulf and Atlantic Coastal Plain Small Stream Riparian Systems","Riparian",431,129,50,33,8,26,66,"I-C",171,185,235,0.670588,0.72549,0.921569
283,2132,24912.1794431694,2242.09614988524,"Ozark-Ouachita Dry-Mesic Oak Forest","Hardwood",188,66,15,11,6,17,77,"I-B",115,115,0,0.45098,0.45098,0
283,2138,40.19999910146,3.6179999191314,"West Gulf Coastal Plain Mesic Hardwood Forest","Hardwood",271,90,23,17,7,19,74,"I-C",181,158,143,0.709804,0.619608,0.560784
283,2139,959.659978549927,86.3693980694935,"Ozark-Ouachita Mesic Hardwood Forest","Hardwood",316,110,25,19,6,18,76,"I-C",0,135,74,0,0.529412,0.290196
283,2140,48398.3189182132,4355.84870263919,"Ozark-Ouachita Dry Oak Woodland","Hardwood",38,89,6,5,13,5,82,"I-A",97,69,0,0.380392,0.270588,0
283,2141,2575.94994242303,231.835494818073,"Ozark-Ouachita Shortleaf Pine-Oak Forest and Woodland","Conifer",347,92,5,5,1,5,94,"I-A",196,164,100,0.768627,0.643137,0.392157
283,2142,2519.21994369105,226.729794932194,"West Gulf Coastal Plain Pine-Hardwood Forest","Hardwood-Conifer",121,52,5,4,4,9,87,"I-A",100,168,0,0.392157,0.658824,0
283,2151,945.539978865534,85.0985980978981,"West Gulf Coastal Plain Pine-Hardwood Flatwoods","Hardwood-Conifer",179,104,5,5,3,4,93,"I-A",99,235,97,0.388235,0.921569,0.380392
283,2153,5855.07986912876,526.957188221589,"Central Interior and Appalachian Floodplain Systems-Large Floodplains","Riparian",142,-9999,100,59,41,-9999,59,"III-A",48,237,56,0.188235,0.929412,0.219608
283,2155,91.9999979436398,8.27999981492758,"Gulf and Atlantic Coastal Plain Floodplain Systems","Riparian",393,257,49,37,10,15,75,"III-A",102,119,205,0.4,0.466667,0.803922
283,2156,881.179980304092,79.3061982273683,"Gulf and Atlantic Coastal Plain Small Stream Riparian Systems","Riparian",431,129,50,33,8,26,66,"I-C",171,185,235,0.670588,0.72549,0.921569
283,2159,690.469984566793,62.1422986110114,"West Gulf Coastal Plain Nonriverine Wet Hardwood Flatwoods","Hardwood",308,130,38,27,9,21,70,"I-C",38,115,0,0.14902,0.45098,0
283,2160,3606.71991938353,324.604792744517,"Ozark-Ouachita Shortleaf Pine-Bluestem Woodland","Hardwood-Conifer",100,1223,2,2,2,1,97,"I-A",68,137,112,0.266667,0.537255,0.439216
284,11,70.6499984208494,6.35849985787645,"Open Water","Open Water",-9999,-9999,-9999,-9999,-9999,-9999,-9999,"-9999",0,0,255,0,0,1
284,2132,26748.3594021276,2407.35234619148,"Ozark-Ouachita Dry-Mesic Oak Forest","Hardwood",188,66,15,11,6,17,77,"I-B",115,115,0,0.45098,0.45098,0
284,2139,2334.95994780958,210.146395302862,"Ozark-Ouachita Mesic Hardwood Forest","Hardwood",316,110,25,19,6,18,76,"I-C",0,135,74,0,0.529412,0.290196
284,2140,50314.4788753837,4528.30309878454,"Ozark-Ouachita Dry Oak Woodland","Hardwood",38,89,6,5,13,5,82,"I-A",97,69,0,0.380392,0.270588,0
284,2141,3994.87991070747,359.539191963673,"Ozark-Ouachita Shortleaf Pine-Oak Forest and Woodland","Conifer",347,92,5,5,1,5,94,"I-A",196,164,100,0.768627,0.643137,0.392157
284,2153,1919.17995710298,172.726196139269,"Central Interior and Appalachian Floodplain Systems-Large Floodplains","Riparian",142,-9999,100,59,41,-9999,59,"III-A",48,237,56,0.188235,0.929412,0.219608
284,2160,7213.65983876213,649.229385488592,"Ozark-Ouachita Shortleaf Pine-Bluestem Woodland","Hardwood-Conifer",100,1223,2,2,2,1,97,"I-A",68,137,112,0.266667,0.537255,0.439216
285,11,234.839994750917,21.1355995275825,"Open Water","Open Water",-9999,-9999,-9999,-9999,-9999,-9999,-9999,"-9999",0,0,255,0,0,1
285,2132,26618.7794050239,2395.69014645215,"Ozark-Ouachita Dry-Mesic Oak Forest","Hardwood",188,66,15,11,6,17,77,"I-B",115,115,0,0.45098,0.45098,0
285,2139,5627.8698742073,506.508288678657,"Ozark-Ouachita Mesic Hardwood Forest","Hardwood",316,110,25,19,6,18,76,"I-C",0,135,74,0,0.529412,0.290196
285,2140,10009.3497762736,900.841479864623,"Ozark-Ouachita Dry Oak Woodland","Hardwood",38,89,6,5,13,5,82,"I-A",97,69,0,0.380392,0.270588,0
285,2141,20816.9195347056,1873.5227581235,"Ozark-Ouachita Shortleaf Pine-Oak Forest and Woodland","Conifer",347,92,5,5,1,5,94,"I-A",196,164,100,0.768627,0.643137,0.392157
285,2153,3258.06992717646,293.226293445881,"Central Interior and Appalachian Floodplain Systems-Large Floodplains","Riparian",142,-9999,100,59,41,-9999,59,"III-A",48,237,56,0.188235,0.929412,0.219608
285,2160,26030.3594181761,2342.73234763585,"Ozark-Ouachita Shortleaf Pine-Bluestem Woodland","Hardwood-Conifer",100,1223,2,2,2,1,97,"I-A",68,137,112,0.266667,0.537255,0.439216
286,11,6946.49984473363,625.184986026026,"Open Water","Open Water",-9999,-9999,-9999,-9999,-9999,-9999,-9999,"-9999",0,0,255,0,0,1
286,2132,11381.4597456045,1024.33137710441,"Ozark-Ouachita Dry-Mesic Oak Forest","Hardwood",188,66,15,11,6,17,77,"I-B",115,115,0,0.45098,0.45098,0
286,2139,1377.84996920265,124.006497228239,"Ozark-Ouachita Mesic Hardwood Forest","Hardwood",316,110,25,19,6,18,76,"I-C",0,135,74,0,0.529412,0.290196
286,2140,10094.5197743699,908.506779693291,"Ozark-Ouachita Dry Oak Woodland","Hardwood",38,89,6,5,13,5,82,"I-A",97,69,0,0.380392,0.270588,0
286,2141,12753.9197149277,1147.85277434349,"Ozark-Ouachita Shortleaf Pine-Oak Forest and Woodland","Conifer",347,92,5,5,1,5,94,"I-A",196,164,100,0.768627,0.643137,0.392157
286,2146,242.359994582832,21.8123995124549,"Arkansas Valley Prairie and Woodland-Prairie","Grassland",2,344,12,2,82,1,17,"II-A",255,120,187,1,0.470588,0.733333
286,2147,294.169993424788,26.4752994082309,"Arkansas Valley Prairie and Woodland-Woodland","Grassland",96,14,2,2,3,14,83,"I-A",204,138,179,0.8,0.541176,0.701961
286,2153,37251.4391673654,3352.62952506289,"Central Interior and Appalachian Floodplain Systems-Large Floodplains","Riparian",142,-9999,100,59,41,-9999,59,"III-A",48,237,56,0.188235,0.929412,0.219608
286,2155,2.99999993294477,0.26999999396503,"Gulf and Atlantic Coastal Plain Floodplain Systems","Riparian",393,257,49,37,10,15,75,"III-A",102,119,205,0.4,0.466667,0.803922
286,2160,12250.9597261697,1102.58637535527,"Ozark-Ouachita Shortleaf Pine-Bluestem Woodland","Hardwood-Conifer",100,1223,2,2,2,1,97,"I-A",68,137,112,0.266667,0.537255,0.439216
287,11,1411.14996845834,127.003497161251,"Open Water","Open Water",-9999,-9999,-9999,-9999,-9999,-9999,-9999,"-9999",0,0,255,0,0,1
287,31,18.9999995753169,1.70999996177852,"Barren-Rock/Sand/Clay","Barren-Rock/Sand/Clay",-9999,-9999,-9999,-9999,-9999,-9999,-9999,"-9999",191,191,191,0.74902,0.74902,0.74902
287,2132,22430.5894986372,2018.75305487735,"Ozark-Ouachita Dry-Mesic Oak Forest","Hardwood",188,66,15,11,6,17,77,"I-B",115,115,0,0.45098,0.45098,0
287,2138,1991.88995547779,179.270095993001,"West Gulf Coastal Plain Mesic Hardwood Forest","Hardwood",271,90,23,17,7,19,74,"I-C",181,158,143,0.709804,0.619608,0.560784
287,2139,746.59998331219,67.1939984980971,"Ozark-Ouachita Mesic Hardwood Forest","Hardwood",316,110,25,19,6,18,76,"I-C",0,135,74,0,0.529412,0.290196
287,2140,49185.7189006135,4426.71470105521,"Ozark-Ouachita Dry Oak Woodland","Hardwood",38,89,6,5,13,5,82,"I-A",97,69,0,0.380392,0.270588,0
287,2142,2087.01995335147,187.831795801632,"West Gulf Coastal Plain Pine-Hardwood Forest","Hardwood-Conifer",121,52,5,4,4,9,87,"I-A",100,168,0,0.392157,0.658824,0
287,2151,731.299983654171,65.8169985288754,"West Gulf Coastal Plain Pine-Hardwood Flatwoods","Hardwood-Conifer",179,104,5,5,3,4,93,"I-A",99,235,97,0.388235,0.921569,0.380392
287,2153,13063.0697080176,1175.67627372159,"Central Interior and Appalachian Floodplain Systems-Large Floodplains","Riparian",142,-9999,100,59,41,-9999,59,"III-A",48,237,56,0.188235,0.929412,0.219608
287,2155,144.639996767044,13.017599709034,"Gulf and Atlantic Coastal Plain Floodplain Systems","Riparian",393,257,49,37,10,15,75,"III-A",102,119,205,0.4,0.466667,0.803922
287,2159,785.199982449412,70.6679984204471,"West Gulf Coastal Plain Nonriverine Wet Hardwood Flatwoods","Hardwood",308,130,38,27,9,21,70,"I-C",38,115,0,0.14902,0.45098,0
288,11,3788.91991531104,341.002792377993,"Open Water","Open Water",-9999,-9999,-9999,-9999,-9999,-9999,-9999,"-9999",0,0,255,0,0,1
288,2132,19360.5795672573,1742.45216105316,"Ozark-Ouachita Dry-Mesic Oak Forest","Hardwood",188,66,15,11,6,17,77,"I-B",115,115,0,0.45098,0.45098,0
288,2139,2766.43993816525,248.979594434872,"Ozark-Ouachita Mesic Hardwood Forest","Hardwood",316,110,25,19,6,18,76,"I-C",0,135,74,0,0.529412,0.290196
288,2140,10404.6597674377,936.419379069395,"Ozark-Ouachita Dry Oak Woodland","Hardwood",38,89,6,5,13,5,82,"I-A",97,69,0,0.380392,0.270588,0
288,2141,33547.3492501583,3019.26143251425,"Ozark-Ouachita Shortleaf Pine-Oak Forest and Woodland","Conifer",347,92,5,5,1,5,94,"I-A",196,164,100,0.768627,0.643137,0.392157
288,2153,4060.26990924589,365.42429183213,"Central Interior and Appalachian Floodplain Systems-Large Floodplains","Riparian",142,-9999,100,59,41,-9999,59,"III-A",48,237,56,0.188235,0.929412,0.219608
288,2160,18667.9595827386,1680.11636244647,"Ozark-Ouachita Shortleaf Pine-Bluestem Woodland","Hardwood-Conifer",100,1223,2,2,2,1,97,"I-A",68,137,112,0.266667,0.537255,0.439216
289,11,5181.65988418087,466.349389576279,"Open Water","Open Water",-9999,-9999,-9999,-9999,-9999,-9999,-9999,"-9999",0,0,255,0,0,1
289,31,18.0799995958805,1.62719996362925,"Barren-Rock/Sand/Clay","Barren-Rock/Sand/Clay",-9999,-9999,-9999,-9999,-9999,-9999,-9999,"-9999",191,191,191,0.74902,0.74902,0.74902
289,2132,13995.6496871728,1259.60847184556,"Ozark-Ouachita Dry-Mesic Oak Forest","Hardwood",188,66,15,11,6,17,77,"I-B",115,115,0,0.45098,0.45098,0
289,2139,1469.29996715859,132.236997044273,"Ozark-Ouachita Mesic Hardwood Forest","Hardwood",316,110,25,19,6,18,76,"I-C",0,135,74,0,0.529412,0.290196
289,2140,15913.7896442991,1432.24106798692,"Ozark-Ouachita Dry Oak Woodland","Hardwood",38,89,6,5,13,5,82,"I-A",97,69,0,0.380392,0.270588,0
289,2141,15655.5996500701,1409.00396850631,"Ozark-Ouachita Shortleaf Pine-Oak Forest and Woodland","Conifer",347,92,5,5,1,5,94,"I-A",196,164,100,0.768627,0.643137,0.392157
289,2146,8127.52981833555,731.477683650199,"Arkansas Valley Prairie and Woodland-Prairie","Grassland",2,344,12,2,82,1,17,"II-A",255,120,187,1,0.470588,0.733333
289,2147,7407.49983442947,666.674985098653,"Arkansas Valley Prairie and Woodland-Woodland","Grassland",96,14,2,2,3,14,83,"I-A",204,138,179,0.8,0.541176,0.701961
289,2153,16776.5696250144,1509.8912662513,"Central Interior and Appalachian Floodplain Systems-Large Floodplains","Riparian",142,-9999,100,59,41,-9999,59,"III-A",48,237,56,0.188235,0.929412,0.219608
289,2160,8050.4998200573,724.544983805157,"Ozark-Ouachita Shortleaf Pine-Bluestem Woodland","Hardwood-Conifer",100,1223,2,2,2,1,97,"I-A",68,137,112,0.266667,0.537255,0.439216
290,11,68.5699984673411,6.1712998620607,"Open Water","Open Water",-9999,-9999,-9999,-9999,-9999,-9999,-9999,"-9999",0,0,255,0,0,1
290,2132,31989.5792849772,2879.06213564795,"Ozark-Ouachita Dry-Mesic Oak Forest","Hardwood",188,66,15,11,6,17,77,"I-B",115,115,0,0.45098,0.45098,0
290,2139,5834.57986958697,525.112188262828,"Ozark-Ouachita Mesic Hardwood Forest","Hardwood",316,110,25,19,6,18,76,"I-C",0,135,74,0,0.529412,0.290196
290,2140,23995.9594636485,2159.63635172836,"Ozark-Ouachita Dry Oak Woodland","Hardwood",38,89,6,5,13,5,82,"I-A",97,69,0,0.380392,0.270588,0
290,2141,14622.9196731523,1316.0627705837,"Ozark-Ouachita Shortleaf Pine-Oak Forest and Woodland","Conifer",347,92,5,5,1,5,94,"I-A",196,164,100,0.768627,0.643137,0.392157
290,2153,407.999990880489,36.719999179244,"Central Interior and Appalachian Floodplain Systems-Large Floodplains","Riparian",142,-9999,100,59,41,-9999,59,"III-A",48,237,56,0.188235,0.929412,0.219608
290,2160,15600.9496512916,1404.08546861624,"Ozark-Ouachita Shortleaf Pine-Bluestem Woodland","Hardwood-Conifer",100,1223,2,2,2,1,97,"I-A",68,137,112,0.266667,0.537255,0.439216
