"UID","VALUE","weighted_pixels","hectares","BPS_NAME","GROUPVEG","FRI_REPLAC","FRI_MIXED","FRI_SURFAC","FRI_ALLFIR","PRC_REPLAC","PRC_MIXED","PRC_SURFAC","FRG_NEW","R","G","B","RED","GREEN","BLUE"
58085,11,214.01999521628,19.2617995694652,"Open Water","Open Water",-9999,-9999,-9999,-9999,-9999,-9999,-9999,"-9999",0,0,255,0,0,1
58085,2138,88.6199980191886,7.97579982172698,"West Gulf Coastal Plain Mesic Hardwood Forest","Hardwood",271,90,23,17,7,19,74,"I-C",181,158,143,0.709804,0.619608,0.560784
58085,2140,2.99999993294477,0.26999999396503,"Ozark-Ouachita Dry Oak Woodland","Hardwood",38,89,6,5,13,5,82,"I-A",97,69,0,0.380392,0.270588,0
58085,2142,22510.1394968592,2025.91255471732,"West Gulf Coastal Plain Pine-Hardwood Forest","Hardwood-Conifer",121,52,5,4,4,9,87,"I-A",100,168,0,0.392157,0.658824,0
58085,2143,784.619982462376,70.6157984216139,"West Gulf Coastal Plain Sandhill Oak and Shortleaf Pine Forest and Woodland","Hardwood-Conifer",159,390,5,5,3,1,96,"I-A",209,217,0,0.819608,0.85098,0
58085,2150,132.079997047782,11.8871997343004,"West Gulf Coastal Plain Northern Calcareous Prairie","Grassland",1280,7,7,3,1,52,47,"I-A",255,0,110,1,0,0.431373
58085,2151,3759.51991596818,338.356792437136,"West Gulf Coastal Plain Pine-Hardwood Flatwoods","Hardwood-Conifer",179,104,5,5,3,4,93,"I-A",99,235,97,0.388235,0.921569,0.380392
58085,2155,32164.4592810683,2894.80133529615,"Gulf and Atlantic Coastal Plain Floodplain Systems","Riparian",393,257,49,37,10,15,75,"III-A",102,119,205,0.4,0.466667,0.803922
58085,2156,7393.03983475268,665.373585127741,"Gulf and Atlantic Coastal Plain Small Stream Riparian Systems","Riparian",431,129,50,33,8,26,66,"I-C",171,185,235,0.670588,0.72549,0.921569
58085,2157,2176.49995135143,195.884995621629,"Gulf and Atlantic Coastal Plain Swamp Systems","Riparian",1020,-9999,685,410,40,-9999,60,"V-A",102,212,179,0.4,0.831373,0.701961
58085,2159,555.999987572432,50.0399988815188,"West Gulf Coastal Plain Nonriverine Wet Hardwood Flatwoods","Hardwood",308,130,38,27,9,21,70,"I-C",38,115,0,0.14902,0.45098,0
58087,11,1490.15996669233,134.11439700231,"Open Water","Open Water",-9999,-9999,-9999,-9999,-9999,-9999,-9999,"-9999",0,0,255,0,0,1
58087,1446,32.6199992708862,2.93579993437976,"Gulf and Atlantic Coastal Plain Floodplain Systems","Riparian",393,257,49,37,10,15,75,"III-A",102,119,205,0.4,0.466667,0.803922
58087,2142,22.9999994859099,2.06999995373189,"West Gulf Coastal Plain Pine-Hardwood Forest","Hardwood-Conifer",121,52,5,4,4,9,87,"I-A",100,168,0,0.392157,0.658824,0
58087,2155,22626.6194942556,2036.39575448301,"Gulf and Atlantic Coastal Plain Floodplain Systems","Riparian",393,257,49,37,10,15,75,"III-A",102,119,205,0.4,0.466667,0.803922
58087,2157,1356.99996966869,122.129997270182,"Gulf and Atlantic Coastal Plain Swamp Systems","Riparian",1020,-9999,685,410,40,-9999,60,"V-A",102,212,179,0.4,0.831373,0.701961
58144,11,161.67999638617,14.5511996747553,"Open Water","Open Water",-9999,-9999,-9999,-9999,-9999,-9999,-9999,"-9999",0,0,255,0,0,1
58144,2132,25.9999994188547,2.33999994769692,"Ozark-Ouachita Dry-Mesic Oak Forest","Hardwood",188,66,15,11,6,17,77,"I-B",115,115,0,0.45098,0.45098,0
58144,2138,112.999997474253,10.1699997726828,"West Gulf Coastal Plain Mesic Hardwood Forest","Hardwood",271,90,23,17,7,19,74,"I-C",181,158,143,0.709804,0.619608,0.560784
58144,2140,7.83999982476234,0.705599984228611,"Ozark-Ouachita Dry Oak Woodland","Hardwood",38,89,6,5,13,5,82,"I-A",97,69,0,0.380392,0.270588,0
58144,2142,2851.99993625283,256.679994262755,"West Gulf Coastal Plain Pine-Hardwood Forest","Hardwood-Conifer",121,52,5,4,4,9,87,"I-A",100,168,0,0.392157,0.658824,0
58144,2143,2.99999993294477,0.26999999396503,"West Gulf Coastal Plain Sandhill Oak and Shortleaf Pine Forest and Woodland","Hardwood-Conifer",159,390,5,5,3,1,96,"I-A",209,217,0,0.819608,0.85098,0
58144,2150,15384.5196561292,1384.60676905163,"West Gulf Coastal Plain Northern Calcareous Prairie","Grassland",1280,7,7,3,1,52,47,"I-A",255,0,110,1,0,0.431373
58144,2151,46.6999989561737,4.20299990605563,"West Gulf Coastal Plain Pine-Hardwood Flatwoods","Hardwood-Conifer",179,104,5,5,3,4,93,"I-A",99,235,97,0.388235,0.921569,0.380392
58144,2155,5579.75987528265,502.178388775438,"Gulf and Atlantic Coastal Plain Floodplain Systems","Riparian",393,257,49,37,10,15,75,"III-A",102,119,205,0.4,0.466667,0.803922
58144,2156,3337.91992539167,300.412793285251,"Gulf and Atlantic Coastal Plain Small Stream Riparian Systems","Riparian",431,129,50,33,8,26,66,"I-C",171,185,235,0.670588,0.72549,0.921569
58144,2157,284.579993639141,25.6121994275227,"Gulf and Atlantic Coastal Plain Swamp Systems","Riparian",1020,-9999,685,410,40,-9999,60,"V-A",102,212,179,0.4,0.831373,0.701961
58144,2159,0.999999977648258,0.0899999979883432,"West Gulf Coastal Plain Nonriverine Wet Hardwood Flatwoods","Hardwood",308,130,38,27,9,21,70,"I-C",38,115,0,0.14902,0.45098,0
58145,11,186.119995839894,16.7507996255904,"Open Water","Open Water",-9999,-9999,-9999,-9999,-9999,-9999,-9999,"-9999",0,0,255,0,0,1
58145,2138,34.999999217689,3.14999992959201,"West Gulf Coastal Plain Mesic Hardwood Forest","Hardwood",271,90,23,17,7,19,74,"I-C",181,158,143,0.709804,0.619608,0.560784
58145,2142,18240.3995922953,1641.63596330658,"West Gulf Coastal Plain Pine-Hardwood Forest","Hardwood-Conifer",121,52,5,4,4,9,87,"I-A",100,168,0,0.392157,0.658824,0
58145,2143,577.379987094551,51.9641988385096,"West Gulf Coastal Plain Sandhill Oak and Shortleaf Pine Forest and Woodland","Hardwood-Conifer",159,390,5,5,3,1,96,"I-A",209,217,0,0.819608,0.85098,0
58145,2150,4207.77990594879,378.700191535391,"West Gulf Coastal Plain Northern Calcareous Prairie","Grassland",1280,7,7,3,1,52,47,"I-A",255,0,110,1,0,0.431373
58145,2151,8.23999981582165,0.741599983423948,"West Gulf Coastal Plain Pine-Hardwood Flatwoods","Hardwood-Conifer",179,104,5,5,3,4,93,"I-A",99,235,97,0.388235,0.921569,0.380392
58145,2155,5541.01987614855,498.69178885337,"Gulf and Atlantic Coastal Plain Floodplain Systems","Riparian",393,257,49,37,10,15,75,"III-A",102,119,205,0.4,0.466667,0.803922
58145,2156,4160.37990700826,374.434191630743,"Gulf and Atlantic Coastal Plain Small Stream Riparian Systems","Riparian",431,129,50,33,8,26,66,"I-C",171,185,235,0.670588,0.72549,0.921569
58145,2157,110.679997526109,9.96119977734983,"Gulf and Atlantic Coastal Plain Swamp Systems","Riparian",1020,-9999,685,410,40,-9999,60,"V-A",102,212,179,0.4,0.831373,0.701961
58146,11,2032.53995456919,182.928595911227,"Open Water","Open Water",-9999,-9999,-9999,-9999,-9999,-9999,-9999,"-9999",0,0,255,0,0,1
58146,2138,1.99999995529652,0.179999995976686,"West Gulf Coastal Plain Mesic Hardwood Forest","Hardwood",271,90,23,17,7,19,74,"I-C",181,158,143,0.709804,0.619608,0.560784
58146,2140,1.99999995529652,0.179999995976686,"Ozark-Ouachita Dry Oak Woodland","Hardwood",38,89,6,5,13,5,82,"I-A",97,69,0,0.380392,0.270588,0
58146,2142,15099.6596624963,1358.96936962467,"West Gulf Coastal Plain Pine-Hardwood Forest","Hardwood-Conifer",121,52,5,4,4,9,87,"I-A",100,168,0,0.392157,0.658824,0
58146,2151,1304.31997084618,117.388797376156,"West Gulf Coastal Plain Pine-Hardwood Flatwoods","Hardwood-Conifer",179,104,5,5,3,4,93,"I-A",99,235,97,0.388235,0.921569,0.380392
58146,2155,23408.8394767717,2106.79555290945,"Gulf and Atlantic Coastal Plain Floodplain Systems","Riparian",393,257,49,37,10,15,75,"III-A",102,119,205,0.4,0.466667,0.803922
58146,2156,2150.23995193839,193.521595674455,"Gulf and Atlantic Coastal Plain Small Stream Riparian Systems","Riparian",431,129,50,33,8,26,66,"I-C",171,185,235,0.670588,0.72549,0.921569
58146,2157,9252.55979318917,832.730381387025,"Gulf and Atlantic Coastal Plain Swamp Systems","Riparian",1020,-9999,685,410,40,-9999,60,"V-A",102,212,179,0.4,0.831373,0.701961
58146,2159,295.839993387461,26.6255994048715,"West Gulf Coastal Plain Nonriverine Wet Hardwood Flatwoods","Hardwood",308,130,38,27,9,21,70,"I-C",38,115,0,0.14902,0.45098,0
58147,11,2383.89994671568,214.550995204411,"Open Water","Open Water",-9999,-9999,-9999,-9999,-9999,-9999,-9999,"-9999",0,0,255,0,0,1
58147,31,4.99999988824129,0.449999989941716,"Barren-Rock/Sand/Clay","Barren-Rock/Sand/Clay",-9999,-9999,-9999,-9999,-9999,-9999,-9999,"-9999",191,191,191,0.74902,0.74902,0.74902
58147,2138,18.0799995958805,1.62719996362925,"West Gulf Coastal Plain Mesic Hardwood Forest","Hardwood",271,90,23,17,7,19,74,"I-C",181,158,143,0.709804,0.619608,0.560784
58147,2140,0.0799999982118607,0.00719999983906746,"Ozark-Ouachita Dry Oak Woodland","Hardwood",38,89,6,5,13,5,82,"I-A",97,69,0,0.380392,0.270588,0
58147,2142,3681.95991770178,331.37639259316,"West Gulf Coastal Plain Pine-Hardwood Forest","Hardwood-Conifer",121,52,5,4,4,9,87,"I-A",100,168,0,0.392157,0.658824,0
58147,2143,1024.01997711137,92.1617979400232,"West Gulf Coastal Plain Sandhill Oak and Shortleaf Pine Forest and Woodland","Hardwood-Conifer",159,390,5,5,3,1,96,"I-A",209,217,0,0.819608,0.85098,0
58147,2150,98.4999977983534,8.86499980185181,"West Gulf Coastal Plain Northern Calcareous Prairie","Grassland",1280,7,7,3,1,52,47,"I-A",255,0,110,1,0,0.431373
58147,2151,95.9799978546798,8.63819980692118,"West Gulf Coastal Plain Pine-Hardwood Flatwoods","Hardwood-Conifer",179,104,5,5,3,4,93,"I-A",99,235,97,0.388235,0.921569,0.380392
58147,2155,56204.4587437324,5058.40128693592,"Gulf and Atlantic Coastal Plain Floodplain Systems","Riparian",393,257,49,37,10,15,75,"III-A",102,119,205,0.4,0.466667,0.803922
58147,2156,1167.37997390702,105.064197651632,"Gulf and Atlantic Coastal Plain Small Stream Riparian Systems","Riparian",431,129,50,33,8,26,66,"I-C",171,185,235,0.670588,0.72549,0.921569
58147,2157,3378.63992448151,304.077593203336,"Gulf and Atlantic Coastal Plain Swamp Systems","Riparian",1020,-9999,685,410,40,-9999,60,"V-A",102,212,179,0.4,0.831373,0.701961
58148,11,2913.35993488133,262.20239413932,"Open Water","Open Water",-9999,-9999,-9999,-9999,-9999,-9999,-9999,"-9999",0,0,255,0,0,1
58148,1446,0.179999995976686,0.0161999996379018,"Gulf and Atlantic Coastal Plain Floodplain Systems","Riparian",393,257,49,37,10,15,75,"III-A",102,119,205,0.4,0.466667,0.803922
58148,2138,1.55999996513128,0.140399996861815,"West Gulf Coastal Plain Mesic Hardwood Forest","Hardwood",271,90,23,17,7,19,74,"I-C",181,158,143,0.709804,0.619608,0.560784
58148,2142,1194.43997330219,107.499597597197,"West Gulf Coastal Plain Pine-Hardwood Forest","Hardwood-Conifer",121,52,5,4,4,9,87,"I-A",100,168,0,0.392157,0.658824,0
58148,2143,463.999989628792,41.7599990665913,"West Gulf Coastal Plain Sandhill Oak and Shortleaf Pine Forest and Woodland","Hardwood-Conifer",159,390,5,5,3,1,96,"I-A",209,217,0,0.819608,0.85098,0
58148,2150,2.87999993562698,0.259199994206429,"West Gulf Coastal Plain Northern Calcareous Prairie","Grassland",1280,7,7,3,1,52,47,"I-A",255,0,110,1,0,0.431373
58148,2155,38144.2191474102,3432.97972326692,"Gulf and Atlantic Coastal Plain Floodplain Systems","Riparian",393,257,49,37,10,15,75,"III-A",102,119,205,0.4,0.466667,0.803922
58148,2156,214.859995197505,19.3373995677754,"Gulf and Atlantic Coastal Plain Small Stream Riparian Systems","Riparian",431,129,50,33,8,26,66,"I-C",171,185,235,0.670588,0.72549,0.921569
58148,2157,2824.49993686751,254.204994318075,"Gulf and Atlantic Coastal Plain Swamp Systems","Riparian",1020,-9999,685,410,40,-9999,60,"V-A",102,212,179,0.4,0.831373,0.701961
58210,11,206.819995377213,18.6137995839491,"Open Water","Open Water",-9999,-9999,-9999,-9999,-9999,-9999,-9999,"-9999",0,0,255,0,0,1
58210,2138,400.17999105528,36.0161991949752,"West Gulf Coastal Plain Mesic Hardwood Forest","Hardwood",271,90,23,17,7,19,74,"I-C",181,158,143,0.709804,0.619608,0.560784
58210,2140,1.99999995529652,0.179999995976686,"Ozark-Ouachita Dry Oak Woodland","Hardwood",38,89,6,5,13,5,82,"I-A",97,69,0,0.380392,0.270588,0
58210,2142,63621.1385779567,5725.9024720161,"West Gulf Coastal Plain Pine-Hardwood Forest","Hardwood-Conifer",121,52,5,4,4,9,87,"I-A",100,168,0,0.392157,0.658824,0
58210,2143,1233.91997241974,111.052797517776,"West Gulf Coastal Plain Sandhill Oak and Shortleaf Pine Forest and Woodland","Hardwood-Conifer",159,390,5,5,3,1,96,"I-A",209,217,0,0.819608,0.85098,0
58210,2150,2109.01995285973,189.811795757376,"West Gulf Coastal Plain Northern Calcareous Prairie","Grassland",1280,7,7,3,1,52,47,"I-A",255,0,110,1,0,0.431373
58210,2151,14929.9796662889,1343.698169966,"West Gulf Coastal Plain Pine-Hardwood Flatwoods","Hardwood-Conifer",179,104,5,5,3,4,93,"I-A",99,235,97,0.388235,0.921569,0.380392
58210,2155,24342.2794559076,2190.80515103169,"Gulf and Atlantic Coastal Plain Floodplain Systems","Riparian",393,257,49,37,10,15,75,"III-A",102,119,205,0.4,0.466667,0.803922
58210,2156,16458.1996321306,1481.23796689175,"Gulf and Atlantic Coastal Plain Small Stream Riparian Systems","Riparian",431,129,50,33,8,26,66,"I-C",171,185,235,0.670588,0.72549,0.921569
58210,2157,796.059982206672,71.6453983986005,"Gulf and Atlantic Coastal Plain Swamp Systems","Riparian",1020,-9999,685,410,40,-9999,60,"V-A",102,212,179,0.4,0.831373,0.701961
58210,2159,8301.39981444925,747.125983300433,"West Gulf Coastal Plain Nonriverine Wet Hardwood Flatwoods","Hardwood",308,130,38,27,9,21,70,"I-C",38,115,0,0.14902,0.45098,0
58211,11,33.5999992489815,3.02399993240833,"Open Water","Open Water",-9999,-9999,-9999,-9999,-9999,-9999,-9999,"-9999",0,0,255,0,0,1
58211,2138,208.639995336533,18.7775995802879,"West Gulf Coastal Plain Mesic Hardwood Forest","Hardwood",271,90,23,17,7,19,74,"I-C",181,158,143,0.709804,0.619608,0.560784
58211,2142,103261.097691935,9293.49879227411,"West Gulf Coastal Plain Pine-Hardwood Forest","Hardwood-Conifer",121,52,5,4,4,9,87,"I-A",100,168,0,0.392157,0.658824,0
58211,2143,6051.85986473039,544.667387825735,"West Gulf Coastal Plain Sandhill Oak and Shortleaf Pine Forest and Woodland","Hardwood-Conifer",159,390,5,5,3,1,96,"I-A",209,217,0,0.819608,0.85098,0
58211,2150,1179.39997363836,106.145997627452,"West Gulf Coastal Plain Northern Calcareous Prairie","Grassland",1280,7,7,3,1,52,47,"I-A",255,0,110,1,0,0.431373
58211,2151,1.99999995529652,0.179999995976686,"West Gulf Coastal Plain Pine-Hardwood Flatwoods","Hardwood-Conifer",179,104,5,5,3,4,93,"I-A",99,235,97,0.388235,0.921569,0.380392
58211,2155,24315.2594565116,2188.37335108604,"Gulf and Atlantic Coastal Plain Floodplain Systems","Riparian",393,257,49,37,10,15,75,"III-A",102,119,205,0.4,0.466667,0.803922
58211,2156,14856.3196679354,1337.06877011418,"Gulf and Atlantic Coastal Plain Small Stream Riparian Systems","Riparian",431,129,50,33,8,26,66,"I-C",171,185,235,0.670588,0.72549,0.921569
58211,2157,899.819979887456,80.983798189871,"Gulf and Atlantic Coastal Plain Swamp Systems","Riparian",1020,-9999,685,410,40,-9999,60,"V-A",102,212,179,0.4,0.831373,0.701961
58212,11,181.179995950311,16.306199635528,"Open Water","Open Water",-9999,-9999,-9999,-9999,-9999,-9999,-9999,"-9999",0,0,255,0,0,1
58212,2138,75.9199983030558,6.83279984727502,"West Gulf Coastal Plain Mesic Hardwood Forest","Hardwood",271,90,23,17,7,19,74,"I-C",181,158,143,0.709804,0.619608,0.560784
58212,2140,14.9999996647239,1.34999996982515,"Ozark-Ouachita Dry Oak Woodland","Hardwood",38,89,6,5,13,5,82,"I-A",97,69,0,0.380392,0.270588,0
58212,2142,89794.4579929374,8081.50121936437,"West Gulf Coastal Plain Pine-Hardwood Forest","Hardwood-Conifer",121,52,5,4,4,9,87,"I-A",100,168,0,0.392157,0.658824,0
58212,2143,8855.25980206951,796.973382186256,"West Gulf Coastal Plain Sandhill Oak and Shortleaf Pine Forest and Woodland","Hardwood-Conifer",159,390,5,5,3,1,96,"I-A",209,217,0,0.819608,0.85098,0
58212,2150,1593.69996437803,143.432996794023,"West Gulf Coastal Plain Northern Calcareous Prairie","Grassland",1280,7,7,3,1,52,47,"I-A",255,0,110,1,0,0.431373
58212,2151,800.919982098043,72.0827983888239,"West Gulf Coastal Plain Pine-Hardwood Flatwoods","Hardwood-Conifer",179,104,5,5,3,4,93,"I-A",99,235,97,0.388235,0.921569,0.380392
58212,2155,21243.5195251703,1911.91675726533,"Gulf and Atlantic Coastal Plain Floodplain Systems","Riparian",393,257,49,37,10,15,75,"III-A",102,119,205,0.4,0.466667,0.803922
58212,2156,14375.6196786799,1293.80577108119,"Gulf and Atlantic Coastal Plain Small Stream Riparian Systems","Riparian",431,129,50,33,8,26,66,"I-C",171,185,235,0.670588,0.72549,0.921569
58212,2157,3067.2599314414,276.053393829726,"Gulf and Atlantic Coastal Plain Swamp Systems","Riparian",1020,-9999,685,410,40,-9999,60,"V-A",102,212,179,0.4,0.831373,0.701961
58212,2159,193.159995682538,17.3843996114284,"West Gulf Coastal Plain Nonriverine Wet Hardwood Flatwoods","Hardwood",308,130,38,27,9,21,70,"I-C",38,115,0,0.14902,0.45098,0
58213,11,185.339995857328,16.6805996271595,"Open Water","Open Water",-9999,-9999,-9999,-9999,-9999,-9999,-9999,"-9999",0,0,255,0,0,1
58213,2138,140.319996863604,12.6287997177243,"West Gulf Coastal Plain Mesic Hardwood Forest","Hardwood",271,90,23,17,7,19,74,"I-C",181,158,143,0.709804,0.619608,0.560784
58213,2140,17.9199995994568,1.61279996395111,"Ozark-Ouachita Dry Oak Woodland","Hardwood",38,89,6,5,13,5,82,"I-A",97,69,0,0.380392,0.270588,0
58213,2142,11953.9197328091,1075.85277595282,"West Gulf Coastal Plain Pine-Hardwood Forest","Hardwood-Conifer",121,52,5,4,4,9,87,"I-A",100,168,0,0.392157,0.658824,0
58213,2143,9091.45979679003,818.231381711103,"West Gulf Coastal Plain Sandhill Oak and Shortleaf Pine Forest and Woodland","Hardwood-Conifer",159,390,5,5,3,1,96,"I-A",209,217,0,0.819608,0.85098,0
58213,2150,586.459986891598,52.7813988202438,"West Gulf Coastal Plain Northern Calcareous Prairie","Grassland",1280,7,7,3,1,52,47,"I-A",255,0,110,1,0,0.431373
58213,2151,0.0199999995529652,0.00179999995976686,"West Gulf Coastal Plain Pine-Hardwood Flatwoods","Hardwood-Conifer",179,104,5,5,3,4,93,"I-A",99,235,97,0.388235,0.921569,0.380392
58213,2155,1966.03995605558,176.943596045002,"Gulf and Atlantic Coastal Plain Floodplain Systems","Riparian",393,257,49,37,10,15,75,"III-A",102,119,205,0.4,0.466667,0.803922
58213,2156,4346.25990285352,391.163391256817,"Gulf and Atlantic Coastal Plain Small Stream Riparian Systems","Riparian",431,129,50,33,8,26,66,"I-C",171,185,235,0.670588,0.72549,0.921569
58213,2157,988.259977910668,88.9433980119601,"Gulf and Atlantic Coastal Plain Swamp Systems","Riparian",1020,-9999,685,410,40,-9999,60,"V-A",102,212,179,0.4,0.831373,0.701961
58214,11,2548.19994304329,229.337994873896,"Open Water","Open Water",-9999,-9999,-9999,-9999,-9999,-9999,-9999,"-9999",0,0,255,0,0,1
58214,1446,0.999999977648258,0.0899999979883432,"Gulf and Atlantic Coastal Plain Floodplain Systems","Riparian",393,257,49,37,10,15,75,"III-A",102,119,205,0.4,0.466667,0.803922
58214,2138,6.99999984353781,0.629999985918403,"West Gulf Coastal Plain Mesic Hardwood Forest","Hardwood",271,90,23,17,7,19,74,"I-C",181,158,143,0.709804,0.619608,0.560784
58214,2140,0.0799999982118607,0.00719999983906746,"Ozark-Ouachita Dry Oak Woodland","Hardwood",38,89,6,5,13,5,82,"I-A",97,69,0,0.380392,0.270588,0
58214,2142,3025.13993238285,272.262593914457,"West Gulf Coastal Plain Pine-Hardwood Forest","Hardwood-Conifer",121,52,5,4,4,9,87,"I-A",100,168,0,0.392157,0.658824,0
58214,2143,1411.31996845454,127.018797160909,"West Gulf Coastal Plain Sandhill Oak and Shortleaf Pine Forest and Woodland","Hardwood-Conifer",159,390,5,5,3,1,96,"I-A",209,217,0,0.819608,0.85098,0
58214,2150,439.139990184456,39.5225991166011,"West Gulf Coastal Plain Northern Calcareous Prairie","Grassland",1280,7,7,3,1,52,47,"I-A",255,0,110,1,0,0.431373
58214,2151,30.9199993088841,2.78279993779957,"West Gulf Coastal Plain Pine-Hardwood Flatwoods","Hardwood-Conifer",179,104,5,5,3,4,93,"I-A",99,235,97,0.388235,0.921569,0.380392
58214,2155,96401.2578452639,8676.11320607375,"Gulf and Atlantic Coastal Plain Floodplain Systems","Riparian",393,257,49,37,10,15,75,"III-A",102,119,205,0.4,0.466667,0.803922
58214,2156,588.919986836612,53.0027988152951,"Gulf and Atlantic Coastal Plain Small Stream Riparian Systems","Riparian",431,129,50,33,8,26,66,"I-C",171,185,235,0.670588,0.72549,0.921569
58214,2157,2098.0199531056,188.821795779504,"Gulf and Atlantic Coastal Plain Swamp Systems","Riparian",1020,-9999,685,410,40,-9999,60,"V-A",102,212,179,0.4,0.831373,0.701961
58284,11,44.9999989941716,4.04999990947545,"Open Water","Open Water",-9999,-9999,-9999,-9999,-9999,-9999,-9999,"-9999",0,0,255,0,0,1
58284,2132,33.9999992400408,3.05999993160367,"Ozark-Ouachita Dry-Mesic Oak Forest","Hardwood",188,66,15,11,6,17,77,"I-B",115,115,0,0.45098,0.45098,0
58284,2138,203.099995460361,18.2789995914325,"West Gulf Coastal Plain Mesic Hardwood Forest","Hardwood",271,90,23,17,7,19,74,"I-C",181,158,143,0.709804,0.619608,0.560784
58284,2140,4.99999988824129,0.449999989941716,"Ozark-Ouachita Dry Oak Woodland","Hardwood",38,89,6,5,13,5,82,"I-A",97,69,0,0.380392,0.270588,0
58284,2142,25541.0994291119,2298.69894862007,"West Gulf Coastal Plain Pine-Hardwood Forest","Hardwood-Conifer",121,52,5,4,4,9,87,"I-A",100,168,0,0.392157,0.658824,0
58284,2143,6598.51985251158,593.866786726043,"West Gulf Coastal Plain Sandhill Oak and Shortleaf Pine Forest and Woodland","Hardwood-Conifer",159,390,5,5,3,1,96,"I-A",209,217,0,0.819608,0.85098,0
58284,2150,25.2199994362891,2.26979994926602,"West Gulf Coastal Plain Northern Calcareous Prairie","Grassland",1280,7,7,3,1,52,47,"I-A",255,0,110,1,0,0.431373
58284,2151,4747.73989387974,427.296590449177,"West Gulf Coastal Plain Pine-Hardwood Flatwoods","Hardwood-Conifer",179,104,5,5,3,4,93,"I-A",99,235,97,0.388235,0.921569,0.380392
58284,2155,14907.3996667936,1341.66597001143,"Gulf and Atlantic Coastal Plain Floodplain Systems","Riparian",393,257,49,37,10,15,75,"III-A",102,119,205,0.4,0.466667,0.803922
58284,2156,8613.45980747417,775.211382672675,"Gulf and Atlantic Coastal Plain Small Stream Riparian Systems","Riparian",431,129,50,33,8,26,66,"I-C",171,185,235,0.670588,0.72549,0.921569
58284,2157,373.799991644919,33.6419992480427,"Gulf and Atlantic Coastal Plain Swamp Systems","Riparian",1020,-9999,685,410,40,-9999,60,"V-A",102,212,179,0.4,0.831373,0.701961
58284,2159,2778.65993789211,250.07939441029,"West Gulf Coastal Plain Nonriverine Wet Hardwood Flatwoods","Hardwood",308,130,38,27,9,21,70,"I-C",38,115,0,0.14902,0.45098,0
58285,11,99.1599977836013,8.92439980052412,"Open Water","Open Water",-9999,-9999,-9999,-9999,-9999,-9999,-9999,"-9999",0,0,255,0,0,1
58285,2138,276.539993818849,24.8885994436964,"West Gulf Coastal Plain Mesic Hardwood Forest","Hardwood",271,90,23,17,7,19,74,"I-C",181,158,143,0.709804,0.619608,0.560784
58285,2142,8870.49980172887,798.344982155599,"West Gulf Coastal Plain Pine-Hardwood Forest","Hardwood-Conifer",121,52,5,4,4,9,87,"I-A",100,168,0,0.392157,0.658824,0
58285,2143,3813.61991475895,343.225792328306,"West Gulf Coastal Plain Sandhill Oak and Shortleaf Pine Forest and Woodland","Hardwood-Conifer",159,390,5,5,3,1,96,"I-A",209,217,0,0.819608,0.85098,0
58285,2150,349.279992192984,31.4351992973685,"West Gulf Coastal Plain Northern Calcareous Prairie","Grassland",1280,7,7,3,1,52,47,"I-A",255,0,110,1,0,0.431373
58285,2151,321.199992820621,28.9079993538558,"West Gulf Coastal Plain Pine-Hardwood Flatwoods","Hardwood-Conifer",179,104,5,5,3,4,93,"I-A",99,235,97,0.388235,0.921569,0.380392
58285,2155,1204.81997307017,108.433797576316,"Gulf and Atlantic Coastal Plain Floodplain Systems","Riparian",393,257,49,37,10,15,75,"III-A",102,119,205,0.4,0.466667,0.803922
58285,2156,2640.27994098514,237.625194688663,"Gulf and Atlantic Coastal Plain Small Stream Riparian Systems","Riparian",431,129,50,33,8,26,66,"I-C",171,185,235,0.670588,0.72549,0.921569
58285,2159,832.59998138994,74.9339983250946,"West Gulf Coastal Plain Nonriverine Wet Hardwood Flatwoods","Hardwood",308,130,38,27,9,21,70,"I-C",38,115,0,0.14902,0.45098,0
58286,11,190.279995746911,17.125199617222,"Open Water","Open Water",-9999,-9999,-9999,-9999,-9999,-9999,-9999,"-9999",0,0,255,0,0,1
58286,2132,0.999999977648258,0.0899999979883432,"Ozark-Ouachita Dry-Mesic Oak Forest","Hardwood",188,66,15,11,6,17,77,"I-B",115,115,0,0.45098,0.45098,0
58286,2138,61.979998614639,5.57819987531751,"West Gulf Coastal Plain Mesic Hardwood Forest","Hardwood",271,90,23,17,7,19,74,"I-C",181,158,143,0.709804,0.619608,0.560784
58286,2140,25.9999994188547,2.33999994769692,"Ozark-Ouachita Dry Oak Woodland","Hardwood",38,89,6,5,13,5,82,"I-A",97,69,0,0.380392,0.270588,0
58286,2142,49619.798890911,4465.78190018199,"West Gulf Coastal Plain Pine-Hardwood Forest","Hardwood-Conifer",121,52,5,4,4,9,87,"I-A",100,168,0,0.392157,0.658824,0
58286,2143,5480.37987750396,493.234188975357,"West Gulf Coastal Plain Sandhill Oak and Shortleaf Pine Forest and Woodland","Hardwood-Conifer",159,390,5,5,3,1,96,"I-A",209,217,0,0.819608,0.85098,0
58286,2150,7615.7998297736,685.421984679624,"West Gulf Coastal Plain Northern Calcareous Prairie","Grassland",1280,7,7,3,1,52,47,"I-A",255,0,110,1,0,0.431373
58286,2151,63.6199985779822,5.7257998720184,"West Gulf Coastal Plain Pine-Hardwood Flatwoods","Hardwood-Conifer",179,104,5,5,3,4,93,"I-A",99,235,97,0.388235,0.921569,0.380392
58286,2155,16233.6196371503,1461.02576734353,"Gulf and Atlantic Coastal Plain Floodplain Systems","Riparian",393,257,49,37,10,15,75,"III-A",102,119,205,0.4,0.466667,0.803922
58286,2156,10206.319771871,918.568779468387,"Gulf and Atlantic Coastal Plain Small Stream Riparian Systems","Riparian",431,129,50,33,8,26,66,"I-C",171,185,235,0.670588,0.72549,0.921569
58286,2157,2388.63994660974,214.977595194876,"Gulf and Atlantic Coastal Plain Swamp Systems","Riparian",1020,-9999,685,410,40,-9999,60,"V-A",102,212,179,0.4,0.831373,0.701961
58286,2159,219.559995092452,19.7603995583206,"West Gulf Coastal Plain Nonriverine Wet Hardwood Flatwoods","Hardwood",308,130,38,27,9,21,70,"I-C",38,115,0,0.14902,0.45098,0
58287,11,33.1999992579222,2.987999933213,"Open Water","Open Water",-9999,-9999,-9999,-9999,-9999,-9999,-9999,"-9999",0,0,255,0,0,1
58287,2138,591.339986782521,53.2205988104269,"West Gulf Coastal Plain Mesic Hardwood Forest","Hardwood",271,90,23,17,7,19,74,"I-C",181,158,143,0.709804,0.619608,0.560784
58287,2142,9296.77979220077,836.71018129807,"West Gulf Coastal Plain Pine-Hardwood Forest","Hardwood-Conifer",121,52,5,4,4,9,87,"I-A",100,168,0,0.392157,0.658824,0
58287,2143,844.179981131107,75.9761983017996,"West Gulf Coastal Plain Sandhill Oak and Shortleaf Pine Forest and Woodland","Hardwood-Conifer",159,390,5,5,3,1,96,"I-A",209,217,0,0.819608,0.85098,0
58287,2150,7467.45983308926,672.071384978034,"West Gulf Coastal Plain Northern Calcareous Prairie","Grassland",1280,7,7,3,1,52,47,"I-A",255,0,110,1,0,0.431373
58287,2151,453.679989859462,40.8311990873516,"West Gulf Coastal Plain Pine-Hardwood Flatwoods","Hardwood-Conifer",179,104,5,5,3,4,93,"I-A",99,235,97,0.388235,0.921569,0.380392
58287,2155,1311.99997067451,118.079997360706,"Gulf and Atlantic Coastal Plain Floodplain Systems","Riparian",393,257,49,37,10,15,75,"III-A",102,119,205,0.4,0.466667,0.803922
58287,2156,2782.89993779734,250.46099440176,"Gulf and Atlantic Coastal Plain Small Stream Riparian Systems","Riparian",431,129,50,33,8,26,66,"I-C",171,185,235,0.670588,0.72549,0.921569
58287,2159,0.259999994188547,0.0233999994769692,"West Gulf Coastal Plain Nonriverine Wet Hardwood Flatwoods","Hardwood",308,130,38,27,9,21,70,"I-C",38,115,0,0.14902,0.45098,0
58288,11,548.659987736493,49.3793988962844,"Open Water","Open Water",-9999,-9999,-9999,-9999,-9999,-9999,-9999,"-9999",0,0,255,0,0,1
58288,2138,209.839995309711,18.8855995778739,"West Gulf Coastal Plain Mesic Hardwood Forest","Hardwood",271,90,23,17,7,19,74,"I-C",181,158,143,0.709804,0.619608,0.560784
58288,2140,2.99999993294477,0.26999999396503,"Ozark-Ouachita Dry Oak Woodland","Hardwood",38,89,6,5,13,5,82,"I-A",97,69,0,0.380392,0.270588,0
58288,2142,42075.6590595357,3786.80931535821,"West Gulf Coastal Plain Pine-Hardwood Forest","Hardwood-Conifer",121,52,5,4,4,9,87,"I-A",100,168,0,0.392157,0.658824,0
58288,2143,7353.17983564362,661.786185207926,"West Gulf Coastal Plain Sandhill Oak and Shortleaf Pine Forest and Woodland","Hardwood-Conifer",159,390,5,5,3,1,96,"I-A",209,217,0,0.819608,0.85098,0
58288,2150,10460.7797661833,941.470178956501,"West Gulf Coastal Plain Northern Calcareous Prairie","Grassland",1280,7,7,3,1,52,47,"I-A",255,0,110,1,0,0.431373
58288,2151,10.9999997541308,0.989999977871776,"West Gulf Coastal Plain Pine-Hardwood Flatwoods","Hardwood-Conifer",179,104,5,5,3,4,93,"I-A",99,235,97,0.388235,0.921569,0.380392
58288,2155,11320.7597469613,1018.86837722652,"Gulf and Atlantic Coastal Plain Floodplain Systems","Riparian",393,257,49,37,10,15,75,"III-A",102,119,205,0.4,0.466667,0.803922
58288,2156,9593.81978556141,863.443780700527,"Gulf and Atlantic Coastal Plain Small Stream Riparian Systems","Riparian",431,129,50,33,8,26,66,"I-C",171,185,235,0.670588,0.72549,0.921569
58288,2157,1118.15997500718,100.634397750646,"Gulf and Atlantic Coastal Plain Swamp Systems","Riparian",1020,-9999,685,410,40,-9999,60,"V-A",102,212,179,0.4,0.831373,0.701961
58288,2159,60.9999986365438,5.48999987728894,"West Gulf Coastal Plain Nonriverine Wet Hardwood Flatwoods","Hardwood",308,130,38,27,9,21,70,"I-C",38,115,0,0.14902,0.45098,0
58289,11,70.019998434931,6.30179985914379,"Open Water","Open Water",-9999,-9999,-9999,-9999,-9999,-9999,-9999,"-9999",0,0,255,0,0,1
58289,2138,9.23999979346991,0.831599981412292,"West Gulf Coastal Plain Mesic Hardwood Forest","Hardwood",271,90,23,17,7,19,74,"I-C",181,158,143,0.709804,0.619608,0.560784
58289,2142,13740.6796928719,1236.66117235847,"West Gulf Coastal Plain Pine-Hardwood Forest","Hardwood-Conifer",121,52,5,4,4,9,87,"I-A",100,168,0,0.392157,0.658824,0
58289,2143,669.279985040426,60.2351986536384,"West Gulf Coastal Plain Sandhill Oak and Shortleaf Pine Forest and Woodland","Hardwood-Conifer",159,390,5,5,3,1,96,"I-A",209,217,0,0.819608,0.85098,0
58289,2150,14119.7596843988,1270.77837159589,"West Gulf Coastal Plain Northern Calcareous Prairie","Grassland",1280,7,7,3,1,52,47,"I-A",255,0,110,1,0,0.431373
58289,2155,313.699992988259,28.2329993689433,"Gulf and Atlantic Coastal Plain Floodplain Systems","Riparian",393,257,49,37,10,15,75,"III-A",102,119,205,0.4,0.466667,0.803922
58289,2156,3280.57992667332,295.252193400599,"Gulf and Atlantic Coastal Plain Small Stream Riparian Systems","Riparian",431,129,50,33,8,26,66,"I-C",171,185,235,0.670588,0.72549,0.921569
58289,2157,16.7399996258318,1.50659996632487,"Gulf and Atlantic Coastal Plain Swamp Systems","Riparian",1020,-9999,685,410,40,-9999,60,"V-A",102,212,179,0.4,0.831373,0.701961
58293,11,469.039989516139,42.2135990564525,"Open Water","Open Water",-9999,-9999,-9999,-9999,-9999,-9999,-9999,"-9999",0,0,255,0,0,1
58293,2138,93.9999978989363,8.45999981090426,"West Gulf Coastal Plain Mesic Hardwood Forest","Hardwood",271,90,23,17,7,19,74,"I-C",181,158,143,0.709804,0.619608,0.560784
58293,2140,3.91999991238117,0.352799992114306,"Ozark-Ouachita Dry Oak Woodland","Hardwood",38,89,6,5,13,5,82,"I-A",97,69,0,0.380392,0.270588,0
58293,2142,22842.4194894321,2055.81775404889,"West Gulf Coastal Plain Pine-Hardwood Forest","Hardwood-Conifer",121,52,5,4,4,9,87,"I-A",100,168,0,0.392157,0.658824,0
58293,2143,10780.6197590344,970.255778313093,"West Gulf Coastal Plain Sandhill Oak and Shortleaf Pine Forest and Woodland","Hardwood-Conifer",159,390,5,5,3,1,96,"I-A",209,217,0,0.819608,0.85098,0
58293,2150,3756.75991602987,338.108392442688,"West Gulf Coastal Plain Northern Calcareous Prairie","Grassland",1280,7,7,3,1,52,47,"I-A",255,0,110,1,0,0.431373
58293,2151,68.2799984738231,6.14519986264408,"West Gulf Coastal Plain Pine-Hardwood Flatwoods","Hardwood-Conifer",179,104,5,5,3,4,93,"I-A",99,235,97,0.388235,0.921569,0.380392
58293,2155,7014.99984320253,631.349985888228,"Gulf and Atlantic Coastal Plain Floodplain Systems","Riparian",393,257,49,37,10,15,75,"III-A",102,119,205,0.4,0.466667,0.803922
58293,2156,7764.7998264432,698.831984379888,"Gulf and Atlantic Coastal Plain Small Stream Riparian Systems","Riparian",431,129,50,33,8,26,66,"I-C",171,185,235,0.670588,0.72549,0.921569
58293,2157,380.159991502762,34.2143992352486,"Gulf and Atlantic Coastal Plain Swamp Systems","Riparian",1020,-9999,685,410,40,-9999,60,"V-A",102,212,179,0.4,0.831373,0.701961
58293,2159,5.99999986588955,0.539999987930059,"West Gulf Coastal Plain Nonriverine Wet Hardwood Flatwoods","Hardwood",308,130,38,27,9,21,70,"I-C",38,115,0,0.14902,0.45098,0
58353,11,1541.41996554658,138.727796899192,"Open Water","Open Water",-9999,-9999,-9999,-9999,-9999,-9999,-9999,"-9999",0,0,255,0,0,1
58353,2132,0.999999977648258,0.0899999979883432,"Ozark-Ouachita Dry-Mesic Oak Forest","Hardwood",188,66,15,11,6,17,77,"I-B",115,115,0,0.45098,0.45098,0
58353,2138,123.019997250289,11.071799752526,"West Gulf Coastal Plain Mesic Hardwood Forest","Hardwood",271,90,23,17,7,19,74,"I-C",181,158,143,0.709804,0.619608,0.560784
58353,2142,9869.43977940083,888.249580146074,"West Gulf Coastal Plain Pine-Hardwood Forest","Hardwood-Conifer",121,52,5,4,4,9,87,"I-A",100,168,0,0.392157,0.658824,0
58353,2150,95.5999978631735,8.60399980768561,"West Gulf Coastal Plain Northern Calcareous Prairie","Grassland",1280,7,7,3,1,52,47,"I-A",255,0,110,1,0,0.431373
58353,2151,1633.35996349156,147.00239671424,"West Gulf Coastal Plain Pine-Hardwood Flatwoods","Hardwood-Conifer",179,104,5,5,3,4,93,"I-A",99,235,97,0.388235,0.921569,0.380392
58353,2155,20522.0395412967,1846.9835587167,"Gulf and Atlantic Coastal Plain Floodplain Systems","Riparian",393,257,49,37,10,15,75,"III-A",102,119,205,0.4,0.466667,0.803922
58353,2156,1557.11996519566,140.140796867609,"Gulf and Atlantic Coastal Plain Small Stream Riparian Systems","Riparian",431,129,50,33,8,26,66,"I-C",171,185,235,0.670588,0.72549,0.921569
58353,2157,1322.91997043043,119.062797338739,"Gulf and Atlantic Coastal Plain Swamp Systems","Riparian",1020,-9999,685,410,40,-9999,60,"V-A",102,212,179,0.4,0.831373,0.701961
58353,2159,2355.11994735897,211.960795262307,"West Gulf Coastal Plain Nonriverine Wet Hardwood Flatwoods","Hardwood",308,130,38,27,9,21,70,"I-C",38,115,0,0.14902,0.45098,0
58354,11,234.31999476254,21.0887995286286,"Open Water","Open Water",-9999,-9999,-9999,-9999,-9999,-9999,-9999,"-9999",0,0,255,0,0,1
58354,2138,735.019983571023,66.1517985213921,"West Gulf Coastal Plain Mesic Hardwood Forest","Hardwood",271,90,23,17,7,19,74,"I-C",181,158,143,0.709804,0.619608,0.560784
58354,2142,21402.7195216119,1926.24475694507,"West Gulf Coastal Plain Pine-Hardwood Forest","Hardwood-Conifer",121,52,5,4,4,9,87,"I-A",100,168,0,0.392157,0.658824,0
58354,2143,2884.87993551791,259.639194196612,"West Gulf Coastal Plain Sandhill Oak and Shortleaf Pine Forest and Woodland","Hardwood-Conifer",159,390,5,5,3,1,96,"I-A",209,217,0,0.819608,0.85098,0
58354,2150,9013.3597985357,811.202381868213,"West Gulf Coastal Plain Northern Calcareous Prairie","Grassland",1280,7,7,3,1,52,47,"I-A",255,0,110,1,0,0.431373
58354,2151,927.819979261607,83.5037981335446,"West Gulf Coastal Plain Pine-Hardwood Flatwoods","Hardwood-Conifer",179,104,5,5,3,4,93,"I-A",99,235,97,0.388235,0.921569,0.380392
58354,2155,1746.55996096134,157.190396486521,"Gulf and Atlantic Coastal Plain Floodplain Systems","Riparian",393,257,49,37,10,15,75,"III-A",102,119,205,0.4,0.466667,0.803922
58354,2156,6230.45986073837,560.741387466453,"Gulf and Atlantic Coastal Plain Small Stream Riparian Systems","Riparian",431,129,50,33,8,26,66,"I-C",171,185,235,0.670588,0.72549,0.921569
58354,2157,278.819993767887,25.0937994391099,"Gulf and Atlantic Coastal Plain Swamp Systems","Riparian",1020,-9999,685,410,40,-9999,60,"V-A",102,212,179,0.4,0.831373,0.701961
58354,2159,145.979996737093,13.1381997063383,"West Gulf Coastal Plain Nonriverine Wet Hardwood Flatwoods","Hardwood",308,130,38,27,9,21,70,"I-C",38,115,0,0.14902,0.45098,0
58480,11,669.799985028803,60.2819986525923,"Open Water","Open Water",-9999,-9999,-9999,-9999,-9999,-9999,-9999,"-9999",0,0,255,0,0,1
58480,2138,371.979991685599,33.4781992517039,"West Gulf Coastal Plain Mesic Hardwood Forest","Hardwood",271,90,23,17,7,19,74,"I-C",181,158,143,0.709804,0.619608,0.560784
58480,2142,9516.49978728965,856.484980856068,"West Gulf Coastal Plain Pine-Hardwood Forest","Hardwood-Conifer",121,52,5,4,4,9,87,"I-A",100,168,0,0.392157,0.658824,0
58480,2143,97.1599978283048,8.74439980454743,"West Gulf Coastal Plain Sandhill Oak and Shortleaf Pine Forest and Woodland","Hardwood-Conifer",159,390,5,5,3,1,96,"I-A",209,217,0,0.819608,0.85098,0
58480,2150,74.5799983330071,6.71219984997064,"West Gulf Coastal Plain Northern Calcareous Prairie","Grassland",1280,7,7,3,1,52,47,"I-A",255,0,110,1,0,0.431373
58480,2151,731.199983656406,65.8079985290766,"West Gulf Coastal Plain Pine-Hardwood Flatwoods","Hardwood-Conifer",179,104,5,5,3,4,93,"I-A",99,235,97,0.388235,0.921569,0.380392
58480,2155,14084.0196851976,1267.56177166779,"Gulf and Atlantic Coastal Plain Floodplain Systems","Riparian",393,257,49,37,10,15,75,"III-A",102,119,205,0.4,0.466667,0.803922
58480,2156,2044.63995429873,184.017595886886,"Gulf and Atlantic Coastal Plain Small Stream Riparian Systems","Riparian",431,129,50,33,8,26,66,"I-C",171,185,235,0.670588,0.72549,0.921569
58480,2157,2689.55993988365,242.060394589528,"Gulf and Atlantic Coastal Plain Swamp Systems","Riparian",1020,-9999,685,410,40,-9999,60,"V-A",102,212,179,0.4,0.831373,0.701961
58480,2159,1927.51995691657,173.476796122491,"West Gulf Coastal Plain Nonriverine Wet Hardwood Flatwoods","Hardwood",308,130,38,27,9,21,70,"I-C",38,115,0,0.14902,0.45098,0
58481,11,759.319983027875,68.3387984725088,"Open Water","Open Water",-9999,-9999,-9999,-9999,-9999,-9999,-9999,"-9999",0,0,255,0,0,1
58481,2138,516.419988457114,46.4777989611402,"West Gulf Coastal Plain Mesic Hardwood Forest","Hardwood",271,90,23,17,7,19,74,"I-C",181,158,143,0.709804,0.619608,0.560784
58481,2142,17762.6796029732,1598.64116426758,"West Gulf Coastal Plain Pine-Hardwood Forest","Hardwood-Conifer",121,52,5,4,4,9,87,"I-A",100,168,0,0.392157,0.658824,0
58481,2143,214.799995198846,19.3319995678961,"West Gulf Coastal Plain Sandhill Oak and Shortleaf Pine Forest and Woodland","Hardwood-Conifer",159,390,5,5,3,1,96,"I-A",209,217,0,0.819608,0.85098,0
58481,2150,1424.5599681586,128.210397134274,"West Gulf Coastal Plain Northern Calcareous Prairie","Grassland",1280,7,7,3,1,52,47,"I-A",255,0,110,1,0,0.431373
58481,2151,2344.03994760662,210.963595284596,"West Gulf Coastal Plain Pine-Hardwood Flatwoods","Hardwood-Conifer",179,104,5,5,3,4,93,"I-A",99,235,97,0.388235,0.921569,0.380392
58481,2155,14293.2796805203,1286.39517124683,"Gulf and Atlantic Coastal Plain Floodplain Systems","Riparian",393,257,49,37,10,15,75,"III-A",102,119,205,0.4,0.466667,0.803922
58481,2156,4653.15989599377,418.784390639439,"Gulf and Atlantic Coastal Plain Small Stream Riparian Systems","Riparian",431,129,50,33,8,26,66,"I-C",171,185,235,0.670588,0.72549,0.921569
58481,2159,1654.83996301144,148.93559667103,"West Gulf Coastal Plain Nonriverine Wet Hardwood Flatwoods","Hardwood",308,130,38,27,9,21,70,"I-C",38,115,0,0.14902,0.45098,0
58499,11,1362.93996953592,122.664597258233,"Open Water","Open Water",-9999,-9999,-9999,-9999,-9999,-9999,-9999,"-9999",0,0,255,0,0,1
58499,2138,347.619992230088,31.2857993007079,"West Gulf Coastal Plain Mesic Hardwood Forest","Hardwood",271,90,23,17,7,19,74,"I-C",181,158,143,0.709804,0.619608,0.560784
58499,2142,8585.25980810449,772.673382729404,"West Gulf Coastal Plain Pine-Hardwood Forest","Hardwood-Conifer",121,52,5,4,4,9,87,"I-A",100,168,0,0.392157,0.658824,0
58499,2143,13.4399996995926,1.20959997296333,"West Gulf Coastal Plain Sandhill Oak and Shortleaf Pine Forest and Woodland","Hardwood-Conifer",159,390,5,5,3,1,96,"I-A",209,217,0,0.819608,0.85098,0
58499,2150,18.379999589175,1.65419996302575,"West Gulf Coastal Plain Northern Calcareous Prairie","Grassland",1280,7,7,3,1,52,47,"I-A",255,0,110,1,0,0.431373
58499,2151,1183.95997353643,106.556397618279,"West Gulf Coastal Plain Pine-Hardwood Flatwoods","Hardwood-Conifer",179,104,5,5,3,4,93,"I-A",99,235,97,0.388235,0.921569,0.380392
58499,2155,37818.2791546956,3403.6451239226,"Gulf and Atlantic Coastal Plain Floodplain Systems","Riparian",393,257,49,37,10,15,75,"III-A",102,119,205,0.4,0.466667,0.803922
58499,2156,2100.63995304704,189.057595774233,"Gulf and Atlantic Coastal Plain Small Stream Riparian Systems","Riparian",431,129,50,33,8,26,66,"I-C",171,185,235,0.670588,0.72549,0.921569
58499,2157,7356.99983555824,662.129985200241,"Gulf and Atlantic Coastal Plain Swamp Systems","Riparian",1020,-9999,685,410,40,-9999,60,"V-A",102,212,179,0.4,0.831373,0.701961
58499,2159,1188.7799734287,106.990197608583,"West Gulf Coastal Plain Nonriverine Wet Hardwood Flatwoods","Hardwood",308,130,38,27,9,21,70,"I-C",38,115,0,0.14902,0.45098,0
58501,11,91.3999979570508,8.22599981613457,"Open Water","Open Water",-9999,-9999,-9999,-9999,-9999,-9999,-9999,"-9999",0,0,255,0,0,1
58501,2132,15.9999996423721,1.43999996781349,"Ozark-Ouachita Dry-Mesic Oak Forest","Hardwood",188,66,15,11,6,17,77,"I-B",115,115,0,0.45098,0.45098,0
58501,2138,244.399994537234,21.9959995083511,"West Gulf Coastal Plain Mesic Hardwood Forest","Hardwood",271,90,23,17,7,19,74,"I-C",181,158,143,0.709804,0.619608,0.560784
58501,2142,9768.31978166103,879.148780349493,"West Gulf Coastal Plain Pine-Hardwood Forest","Hardwood-Conifer",121,52,5,4,4,9,87,"I-A",100,168,0,0.392157,0.658824,0
58501,2143,36615.9191815704,3295.43272634134,"West Gulf Coastal Plain Sandhill Oak and Shortleaf Pine Forest and Woodland","Hardwood-Conifer",159,390,5,5,3,1,96,"I-A",209,217,0,0.819608,0.85098,0
58501,2150,995.279977753758,89.5751979978383,"West Gulf Coastal Plain Northern Calcareous Prairie","Grassland",1280,7,7,3,1,52,47,"I-A",255,0,110,1,0,0.431373
58501,2151,282.039993695915,25.3835994326323,"West Gulf Coastal Plain Pine-Hardwood Flatwoods","Hardwood-Conifer",179,104,5,5,3,4,93,"I-A",99,235,97,0.388235,0.921569,0.380392
58501,2155,5438.71987843513,489.484789059162,"Gulf and Atlantic Coastal Plain Floodplain Systems","Riparian",393,257,49,37,10,15,75,"III-A",102,119,205,0.4,0.466667,0.803922
58501,2156,8458.95981092751,761.306382983476,"Gulf and Atlantic Coastal Plain Small Stream Riparian Systems","Riparian",431,129,50,33,8,26,66,"I-C",171,185,235,0.670588,0.72549,0.921569
58501,2159,645.959985561669,58.1363987005502,"West Gulf Coastal Plain Nonriverine Wet Hardwood Flatwoods","Hardwood",308,130,38,27,9,21,70,"I-C",38,115,0,0.14902,0.45098,0
58529,11,0.999999977648258,0.0899999979883432,"Open Water","Open Water",-9999,-9999,-9999,-9999,-9999,-9999,-9999,"-9999",0,0,255,0,0,1
58529,2132,7579.3598305881,682.142384752929,"Ozark-Ouachita Dry-Mesic Oak Forest","Hardwood",188,66,15,11,6,17,77,"I-B",115,115,0,0.45098,0.45098,0
58529,2139,1944.19995654374,174.977996088937,"Ozark-Ouachita Mesic Hardwood Forest","Hardwood",316,110,25,19,6,18,76,"I-C",0,135,74,0,0.529412,0.290196
58529,2140,7594.55983024836,683.510384722352,"Ozark-Ouachita Dry Oak Woodland","Hardwood",38,89,6,5,13,5,82,"I-A",97,69,0,0.380392,0.270588,0
58529,2141,12585.999718681,1132.73997468129,"Ozark-Ouachita Shortleaf Pine-Oak Forest and Woodland","Conifer",347,92,5,5,1,5,94,"I-A",196,164,100,0.768627,0.643137,0.392157
58529,2142,1353.91996973753,121.852797276378,"West Gulf Coastal Plain Pine-Hardwood Forest","Hardwood-Conifer",121,52,5,4,4,9,87,"I-A",100,168,0,0.392157,0.658824,0
58529,2151,474.119989402592,42.6707990462333,"West Gulf Coastal Plain Pine-Hardwood Flatwoods","Hardwood-Conifer",179,104,5,5,3,4,93,"I-A",99,235,97,0.388235,0.921569,0.380392
58529,2159,2595.39994198829,233.585994778946,"West Gulf Coastal Plain Nonriverine Wet Hardwood Flatwoods","Hardwood",308,130,38,27,9,21,70,"I-C",38,115,0,0.14902,0.45098,0
58529,2160,7514.43983203918,676.299584883526,"Ozark-Ouachita Shortleaf Pine-Bluestem Woodland","Hardwood-Conifer",100,1223,2,2,2,1,97,"I-A",68,137,112,0.266667,0.537255,0.439216
58530,11,4.99999988824129,0.449999989941716,"Open Water","Open Water",-9999,-9999,-9999,-9999,-9999,-9999,-9999,"-9999",0,0,255,0,0,1
58530,2132,717.39998396486,64.5659985568374,"Ozark-Ouachita Dry-Mesic Oak Forest","Hardwood",188,66,15,11,6,17,77,"I-B",115,115,0,0.45098,0.45098,0
58530,2138,139.159996889532,12.5243997200578,"West Gulf Coastal Plain Mesic Hardwood Forest","Hardwood",271,90,23,17,7,19,74,"I-C",181,158,143,0.709804,0.619608,0.560784
58530,2139,2.2399999499321,0.201599995493889,"Ozark-Ouachita Mesic Hardwood Forest","Hardwood",316,110,25,19,6,18,76,"I-C",0,135,74,0,0.529412,0.290196
58530,2140,414.799990728498,37.3319991655648,"Ozark-Ouachita Dry Oak Woodland","Hardwood",38,89,6,5,13,5,82,"I-A",97,69,0,0.380392,0.270588,0
58530,2141,202.399995476007,18.2159995928407,"Ozark-Ouachita Shortleaf Pine-Oak Forest and Woodland","Conifer",347,92,5,5,1,5,94,"I-A",196,164,100,0.768627,0.643137,0.392157
58530,2142,6057.27986460924,545.155187814832,"West Gulf Coastal Plain Pine-Hardwood Forest","Hardwood-Conifer",121,52,5,4,4,9,87,"I-A",100,168,0,0.392157,0.658824,0
58530,2143,762.639982953668,68.6375984658301,"West Gulf Coastal Plain Sandhill Oak and Shortleaf Pine Forest and Woodland","Hardwood-Conifer",159,390,5,5,3,1,96,"I-A",209,217,0,0.819608,0.85098,0
58530,2151,1906.67995738238,171.601196164414,"West Gulf Coastal Plain Pine-Hardwood Flatwoods","Hardwood-Conifer",179,104,5,5,3,4,93,"I-A",99,235,97,0.388235,0.921569,0.380392
58530,2153,91.9999979436398,8.27999981492758,"Central Interior and Appalachian Floodplain Systems-Large Floodplains","Riparian",142,-9999,100,59,41,-9999,59,"III-A",48,237,56,0.188235,0.929412,0.219608
58530,2155,80.8399981930852,7.27559983737767,"Gulf and Atlantic Coastal Plain Floodplain Systems","Riparian",393,257,49,37,10,15,75,"III-A",102,119,205,0.4,0.466667,0.803922
58530,2156,348.439992211759,31.3595992990583,"Gulf and Atlantic Coastal Plain Small Stream Riparian Systems","Riparian",431,129,50,33,8,26,66,"I-C",171,185,235,0.670588,0.72549,0.921569
58530,2159,2907.47993501276,261.673194151148,"West Gulf Coastal Plain Nonriverine Wet Hardwood Flatwoods","Hardwood",308,130,38,27,9,21,70,"I-C",38,115,0,0.14902,0.45098,0
58530,2160,177.639996029437,15.9875996426493,"Ozark-Ouachita Shortleaf Pine-Bluestem Woodland","Hardwood-Conifer",100,1223,2,2,2,1,97,"I-A",68,137,112,0.266667,0.537255,0.439216
58531,2132,1716.39996163547,154.475996547192,"Ozark-Ouachita Dry-Mesic Oak Forest","Hardwood",188,66,15,11,6,17,77,"I-B",115,115,0,0.45098,0.45098,0
58531,2138,313.799992986023,28.2419993687421,"West Gulf Coastal Plain Mesic Hardwood Forest","Hardwood",271,90,23,17,7,19,74,"I-C",181,158,143,0.709804,0.619608,0.560784
58531,2139,774.9999826774,69.749998440966,"Ozark-Ouachita Mesic Hardwood Forest","Hardwood",316,110,25,19,6,18,76,"I-C",0,135,74,0,0.529412,0.290196
58531,2140,889.559980116785,80.0603982105106,"Ozark-Ouachita Dry Oak Woodland","Hardwood",38,89,6,5,13,5,82,"I-A",97,69,0,0.380392,0.270588,0
58531,2141,2686.95993994176,241.826394594759,"Ozark-Ouachita Shortleaf Pine-Oak Forest and Woodland","Conifer",347,92,5,5,1,5,94,"I-A",196,164,100,0.768627,0.643137,0.392157
58531,2142,2365.63994712383,212.907595241144,"West Gulf Coastal Plain Pine-Hardwood Forest","Hardwood-Conifer",121,52,5,4,4,9,87,"I-A",100,168,0,0.392157,0.658824,0
58531,2151,940.839978970587,84.6755981073529,"West Gulf Coastal Plain Pine-Hardwood Flatwoods","Hardwood-Conifer",179,104,5,5,3,4,93,"I-A",99,235,97,0.388235,0.921569,0.380392
58531,2159,3547.59992070496,319.283992863446,"West Gulf Coastal Plain Nonriverine Wet Hardwood Flatwoods","Hardwood",308,130,38,27,9,21,70,"I-C",38,115,0,0.14902,0.45098,0
58531,2160,1429.19996805489,128.62799712494,"Ozark-Ouachita Shortleaf Pine-Bluestem Woodland","Hardwood-Conifer",100,1223,2,2,2,1,97,"I-A",68,137,112,0.266667,0.537255,0.439216
58532,11,988.399977907538,88.9559980116785,"Open Water","Open Water",-9999,-9999,-9999,-9999,-9999,-9999,-9999,"-9999",0,0,255,0,0,1
58532,2132,561.71998744458,50.5547988700122,"Ozark-Ouachita Dry-Mesic Oak Forest","Hardwood",188,66,15,11,6,17,77,"I-B",115,115,0,0.45098,0.45098,0
58532,2138,1836.07995896041,165.247196306437,"West Gulf Coastal Plain Mesic Hardwood Forest","Hardwood",271,90,23,17,7,19,74,"I-C",181,158,143,0.709804,0.619608,0.560784
58532,2139,57.439998716116,5.16959988445044,"Ozark-Ouachita Mesic Hardwood Forest","Hardwood",316,110,25,19,6,18,76,"I-C",0,135,74,0,0.529412,0.290196
58532,2140,329.319992639124,29.6387993375212,"Ozark-Ouachita Dry Oak Woodland","Hardwood",38,89,6,5,13,5,82,"I-A",97,69,0,0.380392,0.270588,0
58532,2141,32.5599992722273,2.93039993450046,"Ozark-Ouachita Shortleaf Pine-Oak Forest and Woodland","Conifer",347,92,5,5,1,5,94,"I-A",196,164,100,0.768627,0.643137,0.392157
58532,2142,18140.7595945224,1632.66836350702,"West Gulf Coastal Plain Pine-Hardwood Forest","Hardwood-Conifer",121,52,5,4,4,9,87,"I-A",100,168,0,0.392157,0.658824,0
58532,2143,8864.03980187327,797.763582168594,"West Gulf Coastal Plain Sandhill Oak and Shortleaf Pine Forest and Woodland","Hardwood-Conifer",159,390,5,5,3,1,96,"I-A",209,217,0,0.819608,0.85098,0
58532,2150,454.799989834428,40.9319990850985,"West Gulf Coastal Plain Northern Calcareous Prairie","Grassland",1280,7,7,3,1,52,47,"I-A",255,0,110,1,0,0.431373
58532,2151,2140.8799521476,192.679195693284,"West Gulf Coastal Plain Pine-Hardwood Flatwoods","Hardwood-Conifer",179,104,5,5,3,4,93,"I-A",99,235,97,0.388235,0.921569,0.380392
58532,2155,5014.67988791317,451.321189912185,"Gulf and Atlantic Coastal Plain Floodplain Systems","Riparian",393,257,49,37,10,15,75,"III-A",102,119,205,0.4,0.466667,0.803922
58532,2156,3417.43992361426,307.569593125284,"Gulf and Atlantic Coastal Plain Small Stream Riparian Systems","Riparian",431,129,50,33,8,26,66,"I-C",171,185,235,0.670588,0.72549,0.921569
58532,2158,18.9999995753169,1.70999996177852,"Central Interior and Appalachian Shrub-Herbaceous Wetland Systems","Riparian",17,-9999,-9999,17,100,-9999,-9999,"II-C",240,150,20,0.941176,0.588235,0.078431
58532,2159,5815.63987001032,523.407588300929,"West Gulf Coastal Plain Nonriverine Wet Hardwood Flatwoods","Hardwood",308,130,38,27,9,21,70,"I-C",38,115,0,0.14902,0.45098,0
58532,2160,17.239999614656,1.55159996531904,"Ozark-Ouachita Shortleaf Pine-Bluestem Woodland","Hardwood-Conifer",100,1223,2,2,2,1,97,"I-A",68,137,112,0.266667,0.537255,0.439216
58533,2132,977.679978147149,87.9911980332434,"Ozark-Ouachita Dry-Mesic Oak Forest","Hardwood",188,66,15,11,6,17,77,"I-B",115,115,0,0.45098,0.45098,0
58533,2138,1063.79997622222,95.7419978599995,"West Gulf Coastal Plain Mesic Hardwood Forest","Hardwood",271,90,23,17,7,19,74,"I-C",181,158,143,0.709804,0.619608,0.560784
58533,2139,34.999999217689,3.14999992959201,"Ozark-Ouachita Mesic Hardwood Forest","Hardwood",316,110,25,19,6,18,76,"I-C",0,135,74,0,0.529412,0.290196
58533,2140,746.919983305037,67.2227984974533,"Ozark-Ouachita Dry Oak Woodland","Hardwood",38,89,6,5,13,5,82,"I-A",97,69,0,0.380392,0.270588,0
58533,2141,90.2399979829788,8.12159981846809,"Ozark-Ouachita Shortleaf Pine-Oak Forest and Woodland","Conifer",347,92,5,5,1,5,94,"I-A",196,164,100,0.768627,0.643137,0.392157
58533,2142,4185.51990644634,376.69679158017,"West Gulf Coastal Plain Pine-Hardwood Forest","Hardwood-Conifer",121,52,5,4,4,9,87,"I-A",100,168,0,0.392157,0.658824,0
58533,2143,2991.91993312538,269.272793981284,"West Gulf Coastal Plain Sandhill Oak and Shortleaf Pine Forest and Woodland","Hardwood-Conifer",159,390,5,5,3,1,96,"I-A",209,217,0,0.819608,0.85098,0
58533,2150,5.39999987930059,0.485999989137054,"West Gulf Coastal Plain Northern Calcareous Prairie","Grassland",1280,7,7,3,1,52,47,"I-A",255,0,110,1,0,0.431373
58533,2151,936.359979070723,84.2723981163651,"West Gulf Coastal Plain Pine-Hardwood Flatwoods","Hardwood-Conifer",179,104,5,5,3,4,93,"I-A",99,235,97,0.388235,0.921569,0.380392
58533,2153,162.999996356666,14.6699996720999,"Central Interior and Appalachian Floodplain Systems-Large Floodplains","Riparian",142,-9999,100,59,41,-9999,59,"III-A",48,237,56,0.188235,0.929412,0.219608
58533,2155,0.999999977648258,0.0899999979883432,"Gulf and Atlantic Coastal Plain Floodplain Systems","Riparian",393,257,49,37,10,15,75,"III-A",102,119,205,0.4,0.466667,0.803922
58533,2156,682.99998473376,61.4699986260384,"Gulf and Atlantic Coastal Plain Small Stream Riparian Systems","Riparian",431,129,50,33,8,26,66,"I-C",171,185,235,0.670588,0.72549,0.921569
58533,2159,2987.999933213,268.91999398917,"West Gulf Coastal Plain Nonriverine Wet Hardwood Flatwoods","Hardwood",308,130,38,27,9,21,70,"I-C",38,115,0,0.14902,0.45098,0
58533,2160,1249.1599720791,112.424397487119,"Ozark-Ouachita Shortleaf Pine-Bluestem Woodland","Hardwood-Conifer",100,1223,2,2,2,1,97,"I-A",68,137,112,0.266667,0.537255,0.439216
58534,11,20.5999995395541,1.85399995855987,"Open Water","Open Water",-9999,-9999,-9999,-9999,-9999,-9999,-9999,"-9999",0,0,255,0,0,1
58534,2132,3660.23991818726,329.421592636853,"Ozark-Ouachita Dry-Mesic Oak Forest","Hardwood",188,66,15,11,6,17,77,"I-B",115,115,0,0.45098,0.45098,0
58534,2138,351.519992142916,31.6367992928624,"West Gulf Coastal Plain Mesic Hardwood Forest","Hardwood",271,90,23,17,7,19,74,"I-C",181,158,143,0.709804,0.619608,0.560784
58534,2139,144.199996776879,12.9779997099191,"Ozark-Ouachita Mesic Hardwood Forest","Hardwood",316,110,25,19,6,18,76,"I-C",0,135,74,0,0.529412,0.290196
58534,2140,3769.1199157536,339.220792417824,"Ozark-Ouachita Dry Oak Woodland","Hardwood",38,89,6,5,13,5,82,"I-A",97,69,0,0.380392,0.270588,0
58534,2141,946.479978844523,85.1831980960071,"Ozark-Ouachita Shortleaf Pine-Oak Forest and Woodland","Conifer",347,92,5,5,1,5,94,"I-A",196,164,100,0.768627,0.643137,0.392157
58534,2142,4572.83989778906,411.555590801016,"West Gulf Coastal Plain Pine-Hardwood Forest","Hardwood-Conifer",121,52,5,4,4,9,87,"I-A",100,168,0,0.392157,0.658824,0
58534,2143,189.559995763004,17.0603996186703,"West Gulf Coastal Plain Sandhill Oak and Shortleaf Pine Forest and Woodland","Hardwood-Conifer",159,390,5,5,3,1,96,"I-A",209,217,0,0.819608,0.85098,0
58534,2151,2019.63995485753,181.767595937178,"West Gulf Coastal Plain Pine-Hardwood Flatwoods","Hardwood-Conifer",179,104,5,5,3,4,93,"I-A",99,235,97,0.388235,0.921569,0.380392
58534,2153,241.39999460429,21.7259995143861,"Central Interior and Appalachian Floodplain Systems-Large Floodplains","Riparian",142,-9999,100,59,41,-9999,59,"III-A",48,237,56,0.188235,0.929412,0.219608
58534,2156,126.079997181892,11.3471997463703,"Gulf and Atlantic Coastal Plain Small Stream Riparian Systems","Riparian",431,129,50,33,8,26,66,"I-C",171,185,235,0.670588,0.72549,0.921569
58534,2159,3992.83991075307,359.355591967776,"West Gulf Coastal Plain Nonriverine Wet Hardwood Flatwoods","Hardwood",308,130,38,27,9,21,70,"I-C",38,115,0,0.14902,0.45098,0
58534,2160,3776.47991558909,339.883192403018,"Ozark-Ouachita Shortleaf Pine-Bluestem Woodland","Hardwood-Conifer",100,1223,2,2,2,1,97,"I-A",68,137,112,0.266667,0.537255,0.439216
58535,11,264.19999409467,23.7779994685203,"Open Water","Open Water",-9999,-9999,-9999,-9999,-9999,-9999,-9999,"-9999",0,0,255,0,0,1
58535,2132,8255.63981547207,743.007583392486,"Ozark-Ouachita Dry-Mesic Oak Forest","Hardwood",188,66,15,11,6,17,77,"I-B",115,115,0,0.45098,0.45098,0
58535,2138,3502.679921709,315.24119295381,"West Gulf Coastal Plain Mesic Hardwood Forest","Hardwood",271,90,23,17,7,19,74,"I-C",181,158,143,0.709804,0.619608,0.560784
58535,2139,327.639992676675,29.4875993409008,"Ozark-Ouachita Mesic Hardwood Forest","Hardwood",316,110,25,19,6,18,76,"I-C",0,135,74,0,0.529412,0.290196
58535,2140,12022.239731282,1082.00157581538,"Ozark-Ouachita Dry Oak Woodland","Hardwood",38,89,6,5,13,5,82,"I-A",97,69,0,0.380392,0.270588,0
58535,2141,1865.27995830774,167.875196247697,"Ozark-Ouachita Shortleaf Pine-Oak Forest and Woodland","Conifer",347,92,5,5,1,5,94,"I-A",196,164,100,0.768627,0.643137,0.392157
58535,2142,24799.7594456822,2231.9783501114,"West Gulf Coastal Plain Pine-Hardwood Forest","Hardwood-Conifer",121,52,5,4,4,9,87,"I-A",100,168,0,0.392157,0.658824,0
58535,2143,7183.11983944476,646.480785550028,"West Gulf Coastal Plain Sandhill Oak and Shortleaf Pine Forest and Woodland","Hardwood-Conifer",159,390,5,5,3,1,96,"I-A",209,217,0,0.819608,0.85098,0
58535,2150,157.999996468425,14.2199996821582,"West Gulf Coastal Plain Northern Calcareous Prairie","Grassland",1280,7,7,3,1,52,47,"I-A",255,0,110,1,0,0.431373
58535,2151,8393.03981240094,755.373583116084,"West Gulf Coastal Plain Pine-Hardwood Flatwoods","Hardwood-Conifer",179,104,5,5,3,4,93,"I-A",99,235,97,0.388235,0.921569,0.380392
58535,2153,1660.83996287733,149.47559665896,"Central Interior and Appalachian Floodplain Systems-Large Floodplains","Riparian",142,-9999,100,59,41,-9999,59,"III-A",48,237,56,0.188235,0.929412,0.219608
58535,2155,733.839983597398,66.0455985237658,"Gulf and Atlantic Coastal Plain Floodplain Systems","Riparian",393,257,49,37,10,15,75,"III-A",102,119,205,0.4,0.466667,0.803922
58535,2156,3333.79992548376,300.041993293539,"Gulf and Atlantic Coastal Plain Small Stream Riparian Systems","Riparian",431,129,50,33,8,26,66,"I-C",171,185,235,0.670588,0.72549,0.921569
58535,2159,17773.9196027219,1599.65276424497,"West Gulf Coastal Plain Nonriverine Wet Hardwood Flatwoods","Hardwood",308,130,38,27,9,21,70,"I-C",38,115,0,0.14902,0.45098,0
58535,2160,5155.99988475442,464.039989627898,"Ozark-Ouachita Shortleaf Pine-Bluestem Woodland","Hardwood-Conifer",100,1223,2,2,2,1,97,"I-A",68,137,112,0.266667,0.537255,0.439216
58536,11,881.999980285764,79.3799982257187,"Open Water","Open Water",-9999,-9999,-9999,-9999,-9999,-9999,-9999,"-9999",0,0,255,0,0,1
58536,31,12.9999997094274,1.16999997384846,"Barren-Rock/Sand/Clay","Barren-Rock/Sand/Clay",-9999,-9999,-9999,-9999,-9999,-9999,-9999,"-9999",191,191,191,0.74902,0.74902,0.74902
58536,2132,5466.99987780303,492.029989002272,"Ozark-Ouachita Dry-Mesic Oak Forest","Hardwood",188,66,15,11,6,17,77,"I-B",115,115,0,0.45098,0.45098,0
58536,2138,6201.43986138701,558.129587524831,"West Gulf Coastal Plain Mesic Hardwood Forest","Hardwood",271,90,23,17,7,19,74,"I-C",181,158,143,0.709804,0.619608,0.560784
58536,2139,224.87999497354,20.2391995476186,"Ozark-Ouachita Mesic Hardwood Forest","Hardwood",316,110,25,19,6,18,76,"I-C",0,135,74,0,0.529412,0.290196
58536,2140,4962.19988908619,446.597990017757,"Ozark-Ouachita Dry Oak Woodland","Hardwood",38,89,6,5,13,5,82,"I-A",97,69,0,0.380392,0.270588,0
58536,2141,172.439996145666,15.5195996531099,"Ozark-Ouachita Shortleaf Pine-Oak Forest and Woodland","Conifer",347,92,5,5,1,5,94,"I-A",196,164,100,0.768627,0.643137,0.392157
58536,2142,27570.7193837464,2481.36474453717,"West Gulf Coastal Plain Pine-Hardwood Forest","Hardwood-Conifer",121,52,5,4,4,9,87,"I-A",100,168,0,0.392157,0.658824,0
58536,2143,5345.67988051474,481.111189246327,"West Gulf Coastal Plain Sandhill Oak and Shortleaf Pine Forest and Woodland","Hardwood-Conifer",159,390,5,5,3,1,96,"I-A",209,217,0,0.819608,0.85098,0
58536,2150,222.999995015562,20.0699995514005,"West Gulf Coastal Plain Northern Calcareous Prairie","Grassland",1280,7,7,3,1,52,47,"I-A",255,0,110,1,0,0.431373
58536,2151,7748.91982679814,697.402784411833,"West Gulf Coastal Plain Pine-Hardwood Flatwoods","Hardwood-Conifer",179,104,5,5,3,4,93,"I-A",99,235,97,0.388235,0.921569,0.380392
58536,2153,1771.79996039718,159.461996435747,"Central Interior and Appalachian Floodplain Systems-Large Floodplains","Riparian",142,-9999,100,59,41,-9999,59,"III-A",48,237,56,0.188235,0.929412,0.219608
58536,2155,4674.03989552706,420.663590597436,"Gulf and Atlantic Coastal Plain Floodplain Systems","Riparian",393,257,49,37,10,15,75,"III-A",102,119,205,0.4,0.466667,0.803922
58536,2156,2955.39993394166,265.98599405475,"Gulf and Atlantic Coastal Plain Small Stream Riparian Systems","Riparian",431,129,50,33,8,26,66,"I-C",171,185,235,0.670588,0.72549,0.921569
58536,2159,16244.7596369013,1462.02836732112,"West Gulf Coastal Plain Nonriverine Wet Hardwood Flatwoods","Hardwood",308,130,38,27,9,21,70,"I-C",38,115,0,0.14902,0.45098,0
58536,2160,1288.71997119486,115.984797407538,"Ozark-Ouachita Shortleaf Pine-Bluestem Woodland","Hardwood-Conifer",100,1223,2,2,2,1,97,"I-A",68,137,112,0.266667,0.537255,0.439216
58580,11,67.9999984800816,6.11999986320734,"Open Water","Open Water",-9999,-9999,-9999,-9999,-9999,-9999,-9999,"-9999",0,0,255,0,0,1
58580,2132,9061.1997974664,815.507981771976,"Ozark-Ouachita Dry-Mesic Oak Forest","Hardwood",188,66,15,11,6,17,77,"I-B",115,115,0,0.45098,0.45098,0
58580,2139,281.039993718266,25.293599434644,"Ozark-Ouachita Mesic Hardwood Forest","Hardwood",316,110,25,19,6,18,76,"I-C",0,135,74,0,0.529412,0.290196
58580,2140,14067.2396855727,1266.05157170154,"Ozark-Ouachita Dry Oak Woodland","Hardwood",38,89,6,5,13,5,82,"I-A",97,69,0,0.380392,0.270588,0
58580,2141,24633.3994494006,2217.00595044605,"Ozark-Ouachita Shortleaf Pine-Oak Forest and Woodland","Conifer",347,92,5,5,1,5,94,"I-A",196,164,100,0.768627,0.643137,0.392157
58580,2153,244.999994523823,22.0499995071441,"Central Interior and Appalachian Floodplain Systems-Large Floodplains","Riparian",142,-9999,100,59,41,-9999,59,"III-A",48,237,56,0.188235,0.929412,0.219608
58580,2160,15010.1196644977,1350.91076980479,"Ozark-Ouachita Shortleaf Pine-Bluestem Woodland","Hardwood-Conifer",100,1223,2,2,2,1,97,"I-A",68,137,112,0.266667,0.537255,0.439216
58581,2132,6290.47985939682,566.143187345713,"Ozark-Ouachita Dry-Mesic Oak Forest","Hardwood",188,66,15,11,6,17,77,"I-B",115,115,0,0.45098,0.45098,0
58581,2139,1087.2799756974,97.8551978127658,"Ozark-Ouachita Mesic Hardwood Forest","Hardwood",316,110,25,19,6,18,76,"I-C",0,135,74,0,0.529412,0.290196
58581,2140,4705.39989482611,423.48599053435,"Ozark-Ouachita Dry Oak Woodland","Hardwood",38,89,6,5,13,5,82,"I-A",97,69,0,0.380392,0.270588,0
58581,2141,14418.3196777254,1297.64877099529,"Ozark-Ouachita Shortleaf Pine-Oak Forest and Woodland","Conifer",347,92,5,5,1,5,94,"I-A",196,164,100,0.768627,0.643137,0.392157
58581,2160,8455.5198110044,760.996782990396,"Ozark-Ouachita Shortleaf Pine-Bluestem Woodland","Hardwood-Conifer",100,1223,2,2,2,1,97,"I-A",68,137,112,0.266667,0.537255,0.439216
58582,2132,1328.63997030258,119.577597327232,"Ozark-Ouachita Dry-Mesic Oak Forest","Hardwood",188,66,15,11,6,17,77,"I-B",115,115,0,0.45098,0.45098,0
58582,2139,65.7599985301495,5.91839986771345,"Ozark-Ouachita Mesic Hardwood Forest","Hardwood",316,110,25,19,6,18,76,"I-C",0,135,74,0,0.529412,0.290196
58582,2140,462.63998965919,41.6375990693271,"Ozark-Ouachita Dry Oak Woodland","Hardwood",38,89,6,5,13,5,82,"I-A",97,69,0,0.380392,0.270588,0
58582,2141,3808.75991486758,342.788392338082,"Ozark-Ouachita Shortleaf Pine-Oak Forest and Woodland","Conifer",347,92,5,5,1,5,94,"I-A",196,164,100,0.768627,0.643137,0.392157
58582,2142,482.719989210367,43.444799028933,"West Gulf Coastal Plain Pine-Hardwood Forest","Hardwood-Conifer",121,52,5,4,4,9,87,"I-A",100,168,0,0.392157,0.658824,0
58582,2151,139.95999687165,12.5963997184485,"West Gulf Coastal Plain Pine-Hardwood Flatwoods","Hardwood-Conifer",179,104,5,5,3,4,93,"I-A",99,235,97,0.388235,0.921569,0.380392
58582,2159,539.079987950623,48.5171989155561,"West Gulf Coastal Plain Nonriverine Wet Hardwood Flatwoods","Hardwood",308,130,38,27,9,21,70,"I-C",38,115,0,0.14902,0.45098,0
58582,2160,4658.43989587575,419.259590628818,"Ozark-Ouachita Shortleaf Pine-Bluestem Woodland","Hardwood-Conifer",100,1223,2,2,2,1,97,"I-A",68,137,112,0.266667,0.537255,0.439216
58583,11,413.039990767837,37.1735991691053,"Open Water","Open Water",-9999,-9999,-9999,-9999,-9999,-9999,-9999,"-9999",0,0,255,0,0,1
58583,2132,6064.15986445546,545.774387800992,"Ozark-Ouachita Dry-Mesic Oak Forest","Hardwood",188,66,15,11,6,17,77,"I-B",115,115,0,0.45098,0.45098,0
58583,2138,1.99999995529652,0.179999995976686,"West Gulf Coastal Plain Mesic Hardwood Forest","Hardwood",271,90,23,17,7,19,74,"I-C",181,158,143,0.709804,0.619608,0.560784
58583,2139,1346.47996990383,121.183197291344,"Ozark-Ouachita Mesic Hardwood Forest","Hardwood",316,110,25,19,6,18,76,"I-C",0,135,74,0,0.529412,0.290196
58583,2140,5119.23988557607,460.731589701846,"Ozark-Ouachita Dry Oak Woodland","Hardwood",38,89,6,5,13,5,82,"I-A",97,69,0,0.380392,0.270588,0
58583,2141,2631.95994117111,236.8763947054,"Ozark-Ouachita Shortleaf Pine-Oak Forest and Woodland","Conifer",347,92,5,5,1,5,94,"I-A",196,164,100,0.768627,0.643137,0.392157
58583,2142,4.99999988824129,0.449999989941716,"West Gulf Coastal Plain Pine-Hardwood Forest","Hardwood-Conifer",121,52,5,4,4,9,87,"I-A",100,168,0,0.392157,0.658824,0
58583,2151,8.99999979883432,0.809999981895089,"West Gulf Coastal Plain Pine-Hardwood Flatwoods","Hardwood-Conifer",179,104,5,5,3,4,93,"I-A",99,235,97,0.388235,0.921569,0.380392
58583,2153,116.319997400045,10.4687997660041,"Central Interior and Appalachian Floodplain Systems-Large Floodplains","Riparian",142,-9999,100,59,41,-9999,59,"III-A",48,237,56,0.188235,0.929412,0.219608
58583,2159,26.999999396503,2.42999994568527,"West Gulf Coastal Plain Nonriverine Wet Hardwood Flatwoods","Hardwood",308,130,38,27,9,21,70,"I-C",38,115,0,0.14902,0.45098,0
58583,2160,3968.79991129041,357.191992016137,"Ozark-Ouachita Shortleaf Pine-Bluestem Woodland","Hardwood-Conifer",100,1223,2,2,2,1,97,"I-A",68,137,112,0.266667,0.537255,0.439216
58584,11,54928.7187722474,4943.58468950227,"Open Water","Open Water",-9999,-9999,-9999,-9999,-9999,-9999,-9999,"-9999",0,0,255,0,0,1
58584,2132,452.479989886284,40.7231990897656,"Ozark-Ouachita Dry-Mesic Oak Forest","Hardwood",188,66,15,11,6,17,77,"I-B",115,115,0,0.45098,0.45098,0
58584,2139,287.239993579686,25.8515994221717,"Ozark-Ouachita Mesic Hardwood Forest","Hardwood",316,110,25,19,6,18,76,"I-C",0,135,74,0,0.529412,0.290196
58584,2140,563.959987394512,50.756398865506,"Ozark-Ouachita Dry Oak Woodland","Hardwood",38,89,6,5,13,5,82,"I-A",97,69,0,0.380392,0.270588,0
58584,2141,12.079999729991,1.08719997569919,"Ozark-Ouachita Shortleaf Pine-Oak Forest and Woodland","Conifer",347,92,5,5,1,5,94,"I-A",196,164,100,0.768627,0.643137,0.392157
58584,2142,1.99999995529652,0.179999995976686,"West Gulf Coastal Plain Pine-Hardwood Forest","Hardwood-Conifer",121,52,5,4,4,9,87,"I-A",100,168,0,0.392157,0.658824,0
58584,2143,3.99999991059303,0.359999991953373,"West Gulf Coastal Plain Sandhill Oak and Shortleaf Pine Forest and Woodland","Hardwood-Conifer",159,390,5,5,3,1,96,"I-A",209,217,0,0.819608,0.85098,0
58584,2153,1641.87996330112,147.769196697101,"Central Interior and Appalachian Floodplain Systems-Large Floodplains","Riparian",142,-9999,100,59,41,-9999,59,"III-A",48,237,56,0.188235,0.929412,0.219608
58584,2160,30.6399993151426,2.75759993836284,"Ozark-Ouachita Shortleaf Pine-Bluestem Woodland","Hardwood-Conifer",100,1223,2,2,2,1,97,"I-A",68,137,112,0.266667,0.537255,0.439216
58585,11,1859.43995843828,167.349596259445,"Open Water","Open Water",-9999,-9999,-9999,-9999,-9999,-9999,-9999,"-9999",0,0,255,0,0,1
58585,2132,12938.1997108087,1164.43797397278,"Ozark-Ouachita Dry-Mesic Oak Forest","Hardwood",188,66,15,11,6,17,77,"I-B",115,115,0,0.45098,0.45098,0
58585,2138,3008.59993275255,270.773993947729,"West Gulf Coastal Plain Mesic Hardwood Forest","Hardwood",271,90,23,17,7,19,74,"I-C",181,158,143,0.709804,0.619608,0.560784
58585,2139,3974.59991116077,357.713992004469,"Ozark-Ouachita Mesic Hardwood Forest","Hardwood",316,110,25,19,6,18,76,"I-C",0,135,74,0,0.529412,0.290196
58585,2140,10468.8397660032,942.195578940287,"Ozark-Ouachita Dry Oak Woodland","Hardwood",38,89,6,5,13,5,82,"I-A",97,69,0,0.380392,0.270588,0
58585,2141,4299.75990389287,386.978391350359,"Ozark-Ouachita Shortleaf Pine-Oak Forest and Woodland","Conifer",347,92,5,5,1,5,94,"I-A",196,164,100,0.768627,0.643137,0.392157
58585,2142,7731.99982717633,695.87998444587,"West Gulf Coastal Plain Pine-Hardwood Forest","Hardwood-Conifer",121,52,5,4,4,9,87,"I-A",100,168,0,0.392157,0.658824,0
58585,2151,2301.63994855434,207.14759536989,"West Gulf Coastal Plain Pine-Hardwood Flatwoods","Hardwood-Conifer",179,104,5,5,3,4,93,"I-A",99,235,97,0.388235,0.921569,0.380392
58585,2153,206.3999953866,18.575999584794,"Central Interior and Appalachian Floodplain Systems-Large Floodplains","Riparian",142,-9999,100,59,41,-9999,59,"III-A",48,237,56,0.188235,0.929412,0.219608
58585,2156,30.399999320507,2.73599993884563,"Gulf and Atlantic Coastal Plain Small Stream Riparian Systems","Riparian",431,129,50,33,8,26,66,"I-C",171,185,235,0.670588,0.72549,0.921569
58585,2159,4251.19990497828,382.607991448045,"West Gulf Coastal Plain Nonriverine Wet Hardwood Flatwoods","Hardwood",308,130,38,27,9,21,70,"I-C",38,115,0,0.14902,0.45098,0
58585,2160,9423.91978935897,848.152781042308,"Ozark-Ouachita Shortleaf Pine-Bluestem Woodland","Hardwood-Conifer",100,1223,2,2,2,1,97,"I-A",68,137,112,0.266667,0.537255,0.439216
58586,11,1129.15997476131,101.624397728518,"Open Water","Open Water",-9999,-9999,-9999,-9999,-9999,-9999,-9999,"-9999",0,0,255,0,0,1
58586,2132,11989.1197320223,1079.02077588201,"Ozark-Ouachita Dry-Mesic Oak Forest","Hardwood",188,66,15,11,6,17,77,"I-B",115,115,0,0.45098,0.45098,0
58586,2138,22.7999994903803,2.05199995413423,"West Gulf Coastal Plain Mesic Hardwood Forest","Hardwood",271,90,23,17,7,19,74,"I-C",181,158,143,0.709804,0.619608,0.560784
58586,2139,1449.91996759176,130.492797083259,"Ozark-Ouachita Mesic Hardwood Forest","Hardwood",316,110,25,19,6,18,76,"I-C",0,135,74,0,0.529412,0.290196
58586,2140,15888.5996448621,1429.97396803759,"Ozark-Ouachita Dry Oak Woodland","Hardwood",38,89,6,5,13,5,82,"I-A",97,69,0,0.380392,0.270588,0
58586,2141,5088.63988626003,457.977589763403,"Ozark-Ouachita Shortleaf Pine-Oak Forest and Woodland","Conifer",347,92,5,5,1,5,94,"I-A",196,164,100,0.768627,0.643137,0.392157
58586,2142,540.759987913072,48.6683989121765,"West Gulf Coastal Plain Pine-Hardwood Forest","Hardwood-Conifer",121,52,5,4,4,9,87,"I-A",100,168,0,0.392157,0.658824,0
58586,2151,454.759989835322,40.928399085179,"West Gulf Coastal Plain Pine-Hardwood Flatwoods","Hardwood-Conifer",179,104,5,5,3,4,93,"I-A",99,235,97,0.388235,0.921569,0.380392
58586,2153,211.839995265007,19.0655995738506,"Central Interior and Appalachian Floodplain Systems-Large Floodplains","Riparian",142,-9999,100,59,41,-9999,59,"III-A",48,237,56,0.188235,0.929412,0.219608
58586,2159,2164.31995162368,194.788795646131,"West Gulf Coastal Plain Nonriverine Wet Hardwood Flatwoods","Hardwood",308,130,38,27,9,21,70,"I-C",38,115,0,0.14902,0.45098,0
58586,2160,5480.07987751067,493.20718897596,"Ozark-Ouachita Shortleaf Pine-Bluestem Woodland","Hardwood-Conifer",100,1223,2,2,2,1,97,"I-A",68,137,112,0.266667,0.537255,0.439216
58587,2132,3541.51992084086,318.736792875677,"Ozark-Ouachita Dry-Mesic Oak Forest","Hardwood",188,66,15,11,6,17,77,"I-B",115,115,0,0.45098,0.45098,0
58587,2139,32.1999992802739,2.89799993522465,"Ozark-Ouachita Mesic Hardwood Forest","Hardwood",316,110,25,19,6,18,76,"I-C",0,135,74,0,0.529412,0.290196
58587,2140,9118.99979617447,820.709981655702,"Ozark-Ouachita Dry Oak Woodland","Hardwood",38,89,6,5,13,5,82,"I-A",97,69,0,0.380392,0.270588,0
58587,2141,458.639989748597,41.2775990773737,"Ozark-Ouachita Shortleaf Pine-Oak Forest and Woodland","Conifer",347,92,5,5,1,5,94,"I-A",196,164,100,0.768627,0.643137,0.392157
58587,2142,804.799982011318,72.4319983810186,"West Gulf Coastal Plain Pine-Hardwood Forest","Hardwood-Conifer",121,52,5,4,4,9,87,"I-A",100,168,0,0.392157,0.658824,0
58587,2151,235.19999474287,21.1679995268583,"West Gulf Coastal Plain Pine-Hardwood Flatwoods","Hardwood-Conifer",179,104,5,5,3,4,93,"I-A",99,235,97,0.388235,0.921569,0.380392
58587,2153,5.99999986588955,0.539999987930059,"Central Interior and Appalachian Floodplain Systems-Large Floodplains","Riparian",142,-9999,100,59,41,-9999,59,"III-A",48,237,56,0.188235,0.929412,0.219608
58587,2159,2094.55995318294,188.510395786464,"West Gulf Coastal Plain Nonriverine Wet Hardwood Flatwoods","Hardwood",308,130,38,27,9,21,70,"I-C",38,115,0,0.14902,0.45098,0
58587,2160,1882.07995793223,169.387196213901,"Ozark-Ouachita Shortleaf Pine-Bluestem Woodland","Hardwood-Conifer",100,1223,2,2,2,1,97,"I-A",68,137,112,0.266667,0.537255,0.439216
58588,2132,2584.75994222611,232.62839480035,"Ozark-Ouachita Dry-Mesic Oak Forest","Hardwood",188,66,15,11,6,17,77,"I-B",115,115,0,0.45098,0.45098,0
58588,2138,1235.71997237951,111.214797514156,"West Gulf Coastal Plain Mesic Hardwood Forest","Hardwood",271,90,23,17,7,19,74,"I-C",181,158,143,0.709804,0.619608,0.560784
58588,2139,822.07998162508,73.9871983462572,"Ozark-Ouachita Mesic Hardwood Forest","Hardwood",316,110,25,19,6,18,76,"I-C",0,135,74,0,0.529412,0.290196
58588,2140,1457.39996742457,131.165997068211,"Ozark-Ouachita Dry Oak Woodland","Hardwood",38,89,6,5,13,5,82,"I-A",97,69,0,0.380392,0.270588,0
58588,2141,1878.27995801717,169.045196221545,"Ozark-Ouachita Shortleaf Pine-Oak Forest and Woodland","Conifer",347,92,5,5,1,5,94,"I-A",196,164,100,0.768627,0.643137,0.392157
58588,2142,3418.11992359906,307.630793123916,"West Gulf Coastal Plain Pine-Hardwood Forest","Hardwood-Conifer",121,52,5,4,4,9,87,"I-A",100,168,0,0.392157,0.658824,0
58588,2151,1096.87997548282,98.7191977934539,"West Gulf Coastal Plain Pine-Hardwood Flatwoods","Hardwood-Conifer",179,104,5,5,3,4,93,"I-A",99,235,97,0.388235,0.921569,0.380392
58588,2153,32.1999992802739,2.89799993522465,"Central Interior and Appalachian Floodplain Systems-Large Floodplains","Riparian",142,-9999,100,59,41,-9999,59,"III-A",48,237,56,0.188235,0.929412,0.219608
58588,2156,3.99999991059303,0.359999991953373,"Gulf and Atlantic Coastal Plain Small Stream Riparian Systems","Riparian",431,129,50,33,8,26,66,"I-C",171,185,235,0.670588,0.72549,0.921569
58588,2159,6113.03986336291,550.173587702662,"West Gulf Coastal Plain Nonriverine Wet Hardwood Flatwoods","Hardwood",308,130,38,27,9,21,70,"I-C",38,115,0,0.14902,0.45098,0
58588,2160,2914.5199348554,262.306794136986,"Ozark-Ouachita Shortleaf Pine-Bluestem Woodland","Hardwood-Conifer",100,1223,2,2,2,1,97,"I-A",68,137,112,0.266667,0.537255,0.439216
58589,11,241.719994597137,21.7547995137423,"Open Water","Open Water",-9999,-9999,-9999,-9999,-9999,-9999,-9999,"-9999",0,0,255,0,0,1
58589,2132,3864.99991361052,347.849992224947,"Ozark-Ouachita Dry-Mesic Oak Forest","Hardwood",188,66,15,11,6,17,77,"I-B",115,115,0,0.45098,0.45098,0
58589,2138,1445.11996769905,130.060797092915,"West Gulf Coastal Plain Mesic Hardwood Forest","Hardwood",271,90,23,17,7,19,74,"I-C",181,158,143,0.709804,0.619608,0.560784
58589,2139,1279.47997140139,115.153197426125,"Ozark-Ouachita Mesic Hardwood Forest","Hardwood",316,110,25,19,6,18,76,"I-C",0,135,74,0,0.529412,0.290196
58589,2140,3547.47992070764,319.273192863688,"Ozark-Ouachita Dry Oak Woodland","Hardwood",38,89,6,5,13,5,82,"I-A",97,69,0,0.380392,0.270588,0
58589,2141,1211.91997291148,109.072797562033,"Ozark-Ouachita Shortleaf Pine-Oak Forest and Woodland","Conifer",347,92,5,5,1,5,94,"I-A",196,164,100,0.768627,0.643137,0.392157
58589,2142,1183.7599735409,106.538397618681,"West Gulf Coastal Plain Pine-Hardwood Forest","Hardwood-Conifer",121,52,5,4,4,9,87,"I-A",100,168,0,0.392157,0.658824,0
58589,2151,294.399993419647,26.4959994077682,"West Gulf Coastal Plain Pine-Hardwood Flatwoods","Hardwood-Conifer",179,104,5,5,3,4,93,"I-A",99,235,97,0.388235,0.921569,0.380392
58589,2153,274.719993859529,24.7247994473577,"Central Interior and Appalachian Floodplain Systems-Large Floodplains","Riparian",142,-9999,100,59,41,-9999,59,"III-A",48,237,56,0.188235,0.929412,0.219608
58589,2159,636.759985767305,57.3083987190574,"West Gulf Coastal Plain Nonriverine Wet Hardwood Flatwoods","Hardwood",308,130,38,27,9,21,70,"I-C",38,115,0,0.14902,0.45098,0
58589,2160,3121.63993022591,280.947593720332,"Ozark-Ouachita Shortleaf Pine-Bluestem Woodland","Hardwood-Conifer",100,1223,2,2,2,1,97,"I-A",68,137,112,0.266667,0.537255,0.439216
58590,2132,13990.3996872902,1259.13597185612,"Ozark-Ouachita Dry-Mesic Oak Forest","Hardwood",188,66,15,11,6,17,77,"I-B",115,115,0,0.45098,0.45098,0
58590,2139,3625.31991896778,326.278792707101,"Ozark-Ouachita Mesic Hardwood Forest","Hardwood",316,110,25,19,6,18,76,"I-C",0,135,74,0,0.529412,0.290196
58590,2140,11481.0397433788,1033.29357690409,"Ozark-Ouachita Dry Oak Woodland","Hardwood",38,89,6,5,13,5,82,"I-A",97,69,0,0.380392,0.270588,0
58590,2141,4492.03989959508,404.283590963557,"Ozark-Ouachita Shortleaf Pine-Oak Forest and Woodland","Conifer",347,92,5,5,1,5,94,"I-A",196,164,100,0.768627,0.643137,0.392157
58590,2142,1.99999995529652,0.179999995976686,"West Gulf Coastal Plain Pine-Hardwood Forest","Hardwood-Conifer",121,52,5,4,4,9,87,"I-A",100,168,0,0.392157,0.658824,0
58590,2151,6.99999984353781,0.629999985918403,"West Gulf Coastal Plain Pine-Hardwood Flatwoods","Hardwood-Conifer",179,104,5,5,3,4,93,"I-A",99,235,97,0.388235,0.921569,0.380392
58590,2153,1.99999995529652,0.179999995976686,"Central Interior and Appalachian Floodplain Systems-Large Floodplains","Riparian",142,-9999,100,59,41,-9999,59,"III-A",48,237,56,0.188235,0.929412,0.219608
58590,2159,374.319991633296,33.6887992469966,"West Gulf Coastal Plain Nonriverine Wet Hardwood Flatwoods","Hardwood",308,130,38,27,9,21,70,"I-C",38,115,0,0.14902,0.45098,0
58590,2160,5868.87986882031,528.199188193828,"Ozark-Ouachita Shortleaf Pine-Bluestem Woodland","Hardwood-Conifer",100,1223,2,2,2,1,97,"I-A",68,137,112,0.266667,0.537255,0.439216
58591,2132,2925.87993460149,263.329194114134,"Ozark-Ouachita Dry-Mesic Oak Forest","Hardwood",188,66,15,11,6,17,77,"I-B",115,115,0,0.45098,0.45098,0
58591,2138,537.039987996221,48.3335989196599,"West Gulf Coastal Plain Mesic Hardwood Forest","Hardwood",271,90,23,17,7,19,74,"I-C",181,158,143,0.709804,0.619608,0.560784
58591,2139,642.239985644817,57.8015987080336,"Ozark-Ouachita Mesic Hardwood Forest","Hardwood",316,110,25,19,6,18,76,"I-C",0,135,74,0,0.529412,0.290196
58591,2140,3164.63992926478,284.817593633831,"Ozark-Ouachita Dry Oak Woodland","Hardwood",38,89,6,5,13,5,82,"I-A",97,69,0,0.380392,0.270588,0
58591,2141,1350.19996982068,121.517997283861,"Ozark-Ouachita Shortleaf Pine-Oak Forest and Woodland","Conifer",347,92,5,5,1,5,94,"I-A",196,164,100,0.768627,0.643137,0.392157
58591,2142,1641.0399633199,147.693596698791,"West Gulf Coastal Plain Pine-Hardwood Forest","Hardwood-Conifer",121,52,5,4,4,9,87,"I-A",100,168,0,0.392157,0.658824,0
58591,2151,445.559990040958,40.1003991036862,"West Gulf Coastal Plain Pine-Hardwood Flatwoods","Hardwood-Conifer",179,104,5,5,3,4,93,"I-A",99,235,97,0.388235,0.921569,0.380392
58591,2153,149.479996658862,13.4531996992975,"Central Interior and Appalachian Floodplain Systems-Large Floodplains","Riparian",142,-9999,100,59,41,-9999,59,"III-A",48,237,56,0.188235,0.929412,0.219608
58591,2159,1656.07996298373,149.047196668535,"West Gulf Coastal Plain Nonriverine Wet Hardwood Flatwoods","Hardwood",308,130,38,27,9,21,70,"I-C",38,115,0,0.14902,0.45098,0
58591,2160,2900.83993516117,261.075594164506,"Ozark-Ouachita Shortleaf Pine-Bluestem Woodland","Hardwood-Conifer",100,1223,2,2,2,1,97,"I-A",68,137,112,0.266667,0.537255,0.439216
58649,2132,19799.1995574534,1781.92796017081,"Ozark-Ouachita Dry-Mesic Oak Forest","Hardwood",188,66,15,11,6,17,77,"I-B",115,115,0,0.45098,0.45098,0
58649,2139,4263.91990469396,383.752791422456,"Ozark-Ouachita Mesic Hardwood Forest","Hardwood",316,110,25,19,6,18,76,"I-C",0,135,74,0,0.529412,0.290196
58649,2140,14818.3196687847,1333.64877019063,"Ozark-Ouachita Dry Oak Woodland","Hardwood",38,89,6,5,13,5,82,"I-A",97,69,0,0.380392,0.270588,0
58649,2141,9880.79977914691,889.271980123222,"Ozark-Ouachita Shortleaf Pine-Oak Forest and Woodland","Conifer",347,92,5,5,1,5,94,"I-A",196,164,100,0.768627,0.643137,0.392157
58649,2153,73.2799983620644,6.59519985258579,"Central Interior and Appalachian Floodplain Systems-Large Floodplains","Riparian",142,-9999,100,59,41,-9999,59,"III-A",48,237,56,0.188235,0.929412,0.219608
58649,2160,17806.4796019942,1602.58316417947,"Ozark-Ouachita Shortleaf Pine-Bluestem Woodland","Hardwood-Conifer",100,1223,2,2,2,1,97,"I-A",68,137,112,0.266667,0.537255,0.439216
58650,2132,4242.07990518212,381.787191466391,"Ozark-Ouachita Dry-Mesic Oak Forest","Hardwood",188,66,15,11,6,17,77,"I-B",115,115,0,0.45098,0.45098,0
58650,2139,723.759983822703,65.1383985440433,"Ozark-Ouachita Mesic Hardwood Forest","Hardwood",316,110,25,19,6,18,76,"I-C",0,135,74,0,0.529412,0.290196
58650,2140,3279.91992668808,295.192793401927,"Ozark-Ouachita Dry Oak Woodland","Hardwood",38,89,6,5,13,5,82,"I-A",97,69,0,0.380392,0.270588,0
58650,2141,991.839977830648,89.2655980047584,"Ozark-Ouachita Shortleaf Pine-Oak Forest and Woodland","Conifer",347,92,5,5,1,5,94,"I-A",196,164,100,0.768627,0.643137,0.392157
58650,2160,2128.39995242655,191.55599571839,"Ozark-Ouachita Shortleaf Pine-Bluestem Woodland","Hardwood-Conifer",100,1223,2,2,2,1,97,"I-A",68,137,112,0.266667,0.537255,0.439216
58651,11,602.479986533523,54.223198788017,"Open Water","Open Water",-9999,-9999,-9999,-9999,-9999,-9999,-9999,"-9999",0,0,255,0,0,1
58651,2132,14164.3596834019,1274.79237150617,"Ozark-Ouachita Dry-Mesic Oak Forest","Hardwood",188,66,15,11,6,17,77,"I-B",115,115,0,0.45098,0.45098,0
58651,2138,4.99999988824129,0.449999989941716,"West Gulf Coastal Plain Mesic Hardwood Forest","Hardwood",271,90,23,17,7,19,74,"I-C",181,158,143,0.709804,0.619608,0.560784
58651,2139,3414.43992368132,307.299593131319,"Ozark-Ouachita Mesic Hardwood Forest","Hardwood",316,110,25,19,6,18,76,"I-C",0,135,74,0,0.529412,0.290196
58651,2140,13215.6397046074,1189.40757341467,"Ozark-Ouachita Dry Oak Woodland","Hardwood",38,89,6,5,13,5,82,"I-A",97,69,0,0.380392,0.270588,0
58651,2141,4449.55990054458,400.460391049013,"Ozark-Ouachita Shortleaf Pine-Oak Forest and Woodland","Conifer",347,92,5,5,1,5,94,"I-A",196,164,100,0.768627,0.643137,0.392157
58651,2142,10.9999997541308,0.989999977871776,"West Gulf Coastal Plain Pine-Hardwood Forest","Hardwood-Conifer",121,52,5,4,4,9,87,"I-A",100,168,0,0.392157,0.658824,0
58651,2151,1.99999995529652,0.179999995976686,"West Gulf Coastal Plain Pine-Hardwood Flatwoods","Hardwood-Conifer",179,104,5,5,3,4,93,"I-A",99,235,97,0.388235,0.921569,0.380392
58651,2153,81.3599981814623,7.32239983633161,"Central Interior and Appalachian Floodplain Systems-Large Floodplains","Riparian",142,-9999,100,59,41,-9999,59,"III-A",48,237,56,0.188235,0.929412,0.219608
58651,2160,9341.1597912088,840.704381208792,"Ozark-Ouachita Shortleaf Pine-Bluestem Woodland","Hardwood-Conifer",100,1223,2,2,2,1,97,"I-A",68,137,112,0.266667,0.537255,0.439216
58652,11,1155.75997416675,104.018397675008,"Open Water","Open Water",-9999,-9999,-9999,-9999,-9999,-9999,-9999,"-9999",0,0,255,0,0,1
58652,2132,6457.71985565871,581.194787009284,"Ozark-Ouachita Dry-Mesic Oak Forest","Hardwood",188,66,15,11,6,17,77,"I-B",115,115,0,0.45098,0.45098,0
58652,2138,7.99999982118607,0.719999983906746,"West Gulf Coastal Plain Mesic Hardwood Forest","Hardwood",271,90,23,17,7,19,74,"I-C",181,158,143,0.709804,0.619608,0.560784
58652,2139,1408.19996852428,126.737997167185,"Ozark-Ouachita Mesic Hardwood Forest","Hardwood",316,110,25,19,6,18,76,"I-C",0,135,74,0,0.529412,0.290196
58652,2140,3695.87991739064,332.629192565158,"Ozark-Ouachita Dry Oak Woodland","Hardwood",38,89,6,5,13,5,82,"I-A",97,69,0,0.380392,0.270588,0
58652,2141,1608.83996403962,144.795596763566,"Ozark-Ouachita Shortleaf Pine-Oak Forest and Woodland","Conifer",347,92,5,5,1,5,94,"I-A",196,164,100,0.768627,0.643137,0.392157
58652,2142,22.9999994859099,2.06999995373189,"West Gulf Coastal Plain Pine-Hardwood Forest","Hardwood-Conifer",121,52,5,4,4,9,87,"I-A",100,168,0,0.392157,0.658824,0
58652,2153,284.599993638694,25.6139994274825,"Central Interior and Appalachian Floodplain Systems-Large Floodplains","Riparian",142,-9999,100,59,41,-9999,59,"III-A",48,237,56,0.188235,0.929412,0.219608
58652,2160,3013.99993263185,271.259993936867,"Ozark-Ouachita Shortleaf Pine-Bluestem Woodland","Hardwood-Conifer",100,1223,2,2,2,1,97,"I-A",68,137,112,0.266667,0.537255,0.439216
58653,11,696.879984423518,62.7191985981166,"Open Water","Open Water",-9999,-9999,-9999,-9999,-9999,-9999,-9999,"-9999",0,0,255,0,0,1
58653,2132,5267.35988226533,474.06238940388,"Ozark-Ouachita Dry-Mesic Oak Forest","Hardwood",188,66,15,11,6,17,77,"I-B",115,115,0,0.45098,0.45098,0
58653,2139,756.559983089566,68.090398478061,"Ozark-Ouachita Mesic Hardwood Forest","Hardwood",316,110,25,19,6,18,76,"I-C",0,135,74,0,0.529412,0.290196
58653,2140,2260.47994947433,203.44319545269,"Ozark-Ouachita Dry Oak Woodland","Hardwood",38,89,6,5,13,5,82,"I-A",97,69,0,0.380392,0.270588,0
58653,2141,1698.23996204138,152.841596583724,"Ozark-Ouachita Shortleaf Pine-Oak Forest and Woodland","Conifer",347,92,5,5,1,5,94,"I-A",196,164,100,0.768627,0.643137,0.392157
58653,2153,187.279995813966,16.8551996232569,"Central Interior and Appalachian Floodplain Systems-Large Floodplains","Riparian",142,-9999,100,59,41,-9999,59,"III-A",48,237,56,0.188235,0.929412,0.219608
58653,2160,2778.19993790239,250.037994411215,"Ozark-Ouachita Shortleaf Pine-Bluestem Woodland","Hardwood-Conifer",100,1223,2,2,2,1,97,"I-A",68,137,112,0.266667,0.537255,0.439216
58654,11,415.799990706146,37.4219991635531,"Open Water","Open Water",-9999,-9999,-9999,-9999,-9999,-9999,-9999,"-9999",0,0,255,0,0,1
58654,2132,10501.8797652647,945.169178873822,"Ozark-Ouachita Dry-Mesic Oak Forest","Hardwood",188,66,15,11,6,17,77,"I-B",115,115,0,0.45098,0.45098,0
58654,2139,1592.63996440172,143.337596796155,"Ozark-Ouachita Mesic Hardwood Forest","Hardwood",316,110,25,19,6,18,76,"I-C",0,135,74,0,0.529412,0.290196
58654,2140,10979.5597545877,988.160377912894,"Ozark-Ouachita Dry Oak Woodland","Hardwood",38,89,6,5,13,5,82,"I-A",97,69,0,0.380392,0.270588,0
58654,2141,2811.23993716389,253.01159434475,"Ozark-Ouachita Shortleaf Pine-Oak Forest and Woodland","Conifer",347,92,5,5,1,5,94,"I-A",196,164,100,0.768627,0.643137,0.392157
58654,2153,221.559995047748,19.9403995542973,"Central Interior and Appalachian Floodplain Systems-Large Floodplains","Riparian",142,-9999,100,59,41,-9999,59,"III-A",48,237,56,0.188235,0.929412,0.219608
58654,2160,6853.31984681636,616.798786213472,"Ozark-Ouachita Shortleaf Pine-Bluestem Woodland","Hardwood-Conifer",100,1223,2,2,2,1,97,"I-A",68,137,112,0.266667,0.537255,0.439216
58655,11,1026.91997704655,92.4227979341894,"Open Water","Open Water",-9999,-9999,-9999,-9999,-9999,-9999,-9999,"-9999",0,0,255,0,0,1
58655,2132,25916.3994207233,2332.4759478651,"Ozark-Ouachita Dry-Mesic Oak Forest","Hardwood",188,66,15,11,6,17,77,"I-B",115,115,0,0.45098,0.45098,0
58655,2139,6702.71985018253,603.244786516428,"Ozark-Ouachita Mesic Hardwood Forest","Hardwood",316,110,25,19,6,18,76,"I-C",0,135,74,0,0.529412,0.290196
58655,2140,18449.1995876282,1660.42796288654,"Ozark-Ouachita Dry Oak Woodland","Hardwood",38,89,6,5,13,5,82,"I-A",97,69,0,0.380392,0.270588,0
58655,2141,9641.03978450596,867.693580605537,"Ozark-Ouachita Shortleaf Pine-Oak Forest and Woodland","Conifer",347,92,5,5,1,5,94,"I-A",196,164,100,0.768627,0.643137,0.392157
58655,2153,176.879996046424,15.9191996441782,"Central Interior and Appalachian Floodplain Systems-Large Floodplains","Riparian",142,-9999,100,59,41,-9999,59,"III-A",48,237,56,0.188235,0.929412,0.219608
58655,2160,17827.8396015167,1604.50556413651,"Ozark-Ouachita Shortleaf Pine-Bluestem Woodland","Hardwood-Conifer",100,1223,2,2,2,1,97,"I-A",68,137,112,0.266667,0.537255,0.439216
58656,2132,1791.03995996714,161.193596397042,"Ozark-Ouachita Dry-Mesic Oak Forest","Hardwood",188,66,15,11,6,17,77,"I-B",115,115,0,0.45098,0.45098,0
58656,2139,74.4399983361363,6.69959985025227,"Ozark-Ouachita Mesic Hardwood Forest","Hardwood",316,110,25,19,6,18,76,"I-C",0,135,74,0,0.529412,0.290196
58656,2140,838.599981255829,75.4739983130246,"Ozark-Ouachita Dry Oak Woodland","Hardwood",38,89,6,5,13,5,82,"I-A",97,69,0,0.380392,0.270588,0
58656,2141,3980.1999110356,358.217991993204,"Ozark-Ouachita Shortleaf Pine-Oak Forest and Woodland","Conifer",347,92,5,5,1,5,94,"I-A",196,164,100,0.768627,0.643137,0.392157
58656,2153,58.1599987000227,5.23439988300204,"Central Interior and Appalachian Floodplain Systems-Large Floodplains","Riparian",142,-9999,100,59,41,-9999,59,"III-A",48,237,56,0.188235,0.929412,0.219608
58656,2160,5436.55987848341,489.290389063507,"Ozark-Ouachita Shortleaf Pine-Bluestem Woodland","Hardwood-Conifer",100,1223,2,2,2,1,97,"I-A",68,137,112,0.266667,0.537255,0.439216
58657,11,641.479985661805,57.7331987095624,"Open Water","Open Water",-9999,-9999,-9999,-9999,-9999,-9999,-9999,"-9999",0,0,255,0,0,1
58657,31,0.999999977648258,0.0899999979883432,"Barren-Rock/Sand/Clay","Barren-Rock/Sand/Clay",-9999,-9999,-9999,-9999,-9999,-9999,-9999,"-9999",191,191,191,0.74902,0.74902,0.74902
58657,2132,16306.9996355101,1467.62996719591,"Ozark-Ouachita Dry-Mesic Oak Forest","Hardwood",188,66,15,11,6,17,77,"I-B",115,115,0,0.45098,0.45098,0
58657,2138,709.479984141886,63.8531985727698,"West Gulf Coastal Plain Mesic Hardwood Forest","Hardwood",271,90,23,17,7,19,74,"I-C",181,158,143,0.709804,0.619608,0.560784
58657,2139,6230.75986073166,560.76838746585,"Ozark-Ouachita Mesic Hardwood Forest","Hardwood",316,110,25,19,6,18,76,"I-C",0,135,74,0,0.529412,0.290196
58657,2140,6418.67985653132,577.681187087819,"Ozark-Ouachita Dry Oak Woodland","Hardwood",38,89,6,5,13,5,82,"I-A",97,69,0,0.380392,0.270588,0
58657,2141,17607.039606452,1584.63356458068,"Ozark-Ouachita Shortleaf Pine-Oak Forest and Woodland","Conifer",347,92,5,5,1,5,94,"I-A",196,164,100,0.768627,0.643137,0.392157
58657,2142,197.159995593131,17.7443996033818,"West Gulf Coastal Plain Pine-Hardwood Forest","Hardwood-Conifer",121,52,5,4,4,9,87,"I-A",100,168,0,0.392157,0.658824,0
58657,2151,68.1599984765053,6.13439986288548,"West Gulf Coastal Plain Pine-Hardwood Flatwoods","Hardwood-Conifer",179,104,5,5,3,4,93,"I-A",99,235,97,0.388235,0.921569,0.380392
58657,2153,9.27999979257584,0.835199981331825,"Central Interior and Appalachian Floodplain Systems-Large Floodplains","Riparian",142,-9999,100,59,41,-9999,59,"III-A",48,237,56,0.188235,0.929412,0.219608
58657,2159,133.639997012913,12.0275997311622,"West Gulf Coastal Plain Nonriverine Wet Hardwood Flatwoods","Hardwood",308,130,38,27,9,21,70,"I-C",38,115,0,0.14902,0.45098,0
58657,2160,17510.3196086138,1575.92876477525,"Ozark-Ouachita Shortleaf Pine-Bluestem Woodland","Hardwood-Conifer",100,1223,2,2,2,1,97,"I-A",68,137,112,0.266667,0.537255,0.439216
58658,11,10.9999997541308,0.989999977871776,"Open Water","Open Water",-9999,-9999,-9999,-9999,-9999,-9999,-9999,"-9999",0,0,255,0,0,1
58658,2132,5439.67987841368,489.571189057231,"Ozark-Ouachita Dry-Mesic Oak Forest","Hardwood",188,66,15,11,6,17,77,"I-B",115,115,0,0.45098,0.45098,0
58658,2139,281.359993711114,25.3223994340003,"Ozark-Ouachita Mesic Hardwood Forest","Hardwood",316,110,25,19,6,18,76,"I-C",0,135,74,0,0.529412,0.290196
58658,2140,2722.63993914425,245.037594522983,"Ozark-Ouachita Dry Oak Woodland","Hardwood",38,89,6,5,13,5,82,"I-A",97,69,0,0.380392,0.270588,0
58658,2141,4999.99988824129,449.999989941716,"Ozark-Ouachita Shortleaf Pine-Oak Forest and Woodland","Conifer",347,92,5,5,1,5,94,"I-A",196,164,100,0.768627,0.643137,0.392157
58658,2153,252.359994359314,22.7123994923383,"Central Interior and Appalachian Floodplain Systems-Large Floodplains","Riparian",142,-9999,100,59,41,-9999,59,"III-A",48,237,56,0.188235,0.929412,0.219608
58658,2160,31032.9593063593,2792.96633757234,"Ozark-Ouachita Shortleaf Pine-Bluestem Woodland","Hardwood-Conifer",100,1223,2,2,2,1,97,"I-A",68,137,112,0.266667,0.537255,0.439216
58660,11,15.9599996432662,1.43639996789396,"Open Water","Open Water",-9999,-9999,-9999,-9999,-9999,-9999,-9999,"-9999",0,0,255,0,0,1
58660,31,0.999999977648258,0.0899999979883432,"Barren-Rock/Sand/Clay","Barren-Rock/Sand/Clay",-9999,-9999,-9999,-9999,-9999,-9999,-9999,"-9999",191,191,191,0.74902,0.74902,0.74902
58660,2132,9540.99978674203,858.689980806783,"Ozark-Ouachita Dry-Mesic Oak Forest","Hardwood",188,66,15,11,6,17,77,"I-B",115,115,0,0.45098,0.45098,0
58660,2138,1719.59996156394,154.763996540755,"West Gulf Coastal Plain Mesic Hardwood Forest","Hardwood",271,90,23,17,7,19,74,"I-C",181,158,143,0.709804,0.619608,0.560784
58660,2139,309.479993082583,27.8531993774325,"Ozark-Ouachita Mesic Hardwood Forest","Hardwood",316,110,25,19,6,18,76,"I-C",0,135,74,0,0.529412,0.290196
58660,2140,5534.31987629831,498.088788866848,"Ozark-Ouachita Dry Oak Woodland","Hardwood",38,89,6,5,13,5,82,"I-A",97,69,0,0.380392,0.270588,0
58660,2141,4332.91990315169,389.962791283652,"Ozark-Ouachita Shortleaf Pine-Oak Forest and Woodland","Conifer",347,92,5,5,1,5,94,"I-A",196,164,100,0.768627,0.643137,0.392157
58660,2142,7052.19984237105,634.697985813394,"West Gulf Coastal Plain Pine-Hardwood Forest","Hardwood-Conifer",121,52,5,4,4,9,87,"I-A",100,168,0,0.392157,0.658824,0
58660,2151,2542.75994316489,228.84839488484,"West Gulf Coastal Plain Pine-Hardwood Flatwoods","Hardwood-Conifer",179,104,5,5,3,4,93,"I-A",99,235,97,0.388235,0.921569,0.380392
58660,2153,1239.23997230083,111.531597507074,"Central Interior and Appalachian Floodplain Systems-Large Floodplains","Riparian",142,-9999,100,59,41,-9999,59,"III-A",48,237,56,0.188235,0.929412,0.219608
58660,2159,2932.47993445396,263.923194100857,"West Gulf Coastal Plain Nonriverine Wet Hardwood Flatwoods","Hardwood",308,130,38,27,9,21,70,"I-C",38,115,0,0.14902,0.45098,0
58660,2160,53033.0388146192,4772.97349331573,"Ozark-Ouachita Shortleaf Pine-Bluestem Woodland","Hardwood-Conifer",100,1223,2,2,2,1,97,"I-A",68,137,112,0.266667,0.537255,0.439216
58695,11,44.9999989941716,4.04999990947545,"Open Water","Open Water",-9999,-9999,-9999,-9999,-9999,-9999,-9999,"-9999",0,0,255,0,0,1
58695,2132,7342.31983588636,660.808785229772,"Ozark-Ouachita Dry-Mesic Oak Forest","Hardwood",188,66,15,11,6,17,77,"I-B",115,115,0,0.45098,0.45098,0
58695,2139,226.799994930625,20.4119995437562,"Ozark-Ouachita Mesic Hardwood Forest","Hardwood",316,110,25,19,6,18,76,"I-C",0,135,74,0,0.529412,0.290196
58695,2140,5447.11987824738,490.240789042264,"Ozark-Ouachita Dry Oak Woodland","Hardwood",38,89,6,5,13,5,82,"I-A",97,69,0,0.380392,0.270588,0
58695,2141,28935.7193532363,2604.21474179126,"Ozark-Ouachita Shortleaf Pine-Oak Forest and Woodland","Conifer",347,92,5,5,1,5,94,"I-A",196,164,100,0.768627,0.643137,0.392157
58695,2153,577.199987098575,51.9479988388717,"Central Interior and Appalachian Floodplain Systems-Large Floodplains","Riparian",142,-9999,100,59,41,-9999,59,"III-A",48,237,56,0.188235,0.929412,0.219608
58695,2160,15197.8396603018,1367.80556942716,"Ozark-Ouachita Shortleaf Pine-Bluestem Woodland","Hardwood-Conifer",100,1223,2,2,2,1,97,"I-A",68,137,112,0.266667,0.537255,0.439216
58699,11,2.99999993294477,0.26999999396503,"Open Water","Open Water",-9999,-9999,-9999,-9999,-9999,-9999,-9999,"-9999",0,0,255,0,0,1
58699,2132,2088.39995332062,187.955995798856,"Ozark-Ouachita Dry-Mesic Oak Forest","Hardwood",188,66,15,11,6,17,77,"I-B",115,115,0,0.45098,0.45098,0
58699,2139,199.91999553144,17.9927995978296,"Ozark-Ouachita Mesic Hardwood Forest","Hardwood",316,110,25,19,6,18,76,"I-C",0,135,74,0,0.529412,0.290196
58699,2140,988.199977912009,88.9379980120808,"Ozark-Ouachita Dry Oak Woodland","Hardwood",38,89,6,5,13,5,82,"I-A",97,69,0,0.380392,0.270588,0
58699,2141,5250.11988265067,472.510789438561,"Ozark-Ouachita Shortleaf Pine-Oak Forest and Woodland","Conifer",347,92,5,5,1,5,94,"I-A",196,164,100,0.768627,0.643137,0.392157
58699,2153,278.039993785322,25.023599440679,"Central Interior and Appalachian Floodplain Systems-Large Floodplains","Riparian",142,-9999,100,59,41,-9999,59,"III-A",48,237,56,0.188235,0.929412,0.219608
58699,2160,2578.31994237006,232.048794813305,"Ozark-Ouachita Shortleaf Pine-Bluestem Woodland","Hardwood-Conifer",100,1223,2,2,2,1,97,"I-A",68,137,112,0.266667,0.537255,0.439216
58701,11,25.1999994367361,2.26799994930625,"Open Water","Open Water",-9999,-9999,-9999,-9999,-9999,-9999,-9999,"-9999",0,0,255,0,0,1
58701,2132,2313.99994827807,208.259995345026,"Ozark-Ouachita Dry-Mesic Oak Forest","Hardwood",188,66,15,11,6,17,77,"I-B",115,115,0,0.45098,0.45098,0
58701,2139,162.399996370077,14.6159996733069,"Ozark-Ouachita Mesic Hardwood Forest","Hardwood",316,110,25,19,6,18,76,"I-C",0,135,74,0,0.529412,0.290196
58701,2140,1161.79997403175,104.561997662857,"Ozark-Ouachita Dry Oak Woodland","Hardwood",38,89,6,5,13,5,82,"I-A",97,69,0,0.380392,0.270588,0
58701,2141,6318.91985876113,568.702787288502,"Ozark-Ouachita Shortleaf Pine-Oak Forest and Woodland","Conifer",347,92,5,5,1,5,94,"I-A",196,164,100,0.768627,0.643137,0.392157
58701,2160,3098.6799307391,278.881193766519,"Ozark-Ouachita Shortleaf Pine-Bluestem Woodland","Hardwood-Conifer",100,1223,2,2,2,1,97,"I-A",68,137,112,0.266667,0.537255,0.439216
58703,11,429.879990391433,38.689199135229,"Open Water","Open Water",-9999,-9999,-9999,-9999,-9999,-9999,-9999,"-9999",0,0,255,0,0,1
58703,2132,10199.9597720131,917.996379481182,"Ozark-Ouachita Dry-Mesic Oak Forest","Hardwood",188,66,15,11,6,17,77,"I-B",115,115,0,0.45098,0.45098,0
58703,2139,2709.23993944377,243.831594549939,"Ozark-Ouachita Mesic Hardwood Forest","Hardwood",316,110,25,19,6,18,76,"I-C",0,135,74,0,0.529412,0.290196
58703,2140,5502.67987700552,495.241188930497,"Ozark-Ouachita Dry Oak Woodland","Hardwood",38,89,6,5,13,5,82,"I-A",97,69,0,0.380392,0.270588,0
58703,2141,17751.1996032298,1597.60796429068,"Ozark-Ouachita Shortleaf Pine-Oak Forest and Woodland","Conifer",347,92,5,5,1,5,94,"I-A",196,164,100,0.768627,0.643137,0.392157
58703,2153,373.159991659224,33.5843992493302,"Central Interior and Appalachian Floodplain Systems-Large Floodplains","Riparian",142,-9999,100,59,41,-9999,59,"III-A",48,237,56,0.188235,0.929412,0.219608
58703,2160,9498.87978768349,854.899180891514,"Ozark-Ouachita Shortleaf Pine-Bluestem Woodland","Hardwood-Conifer",100,1223,2,2,2,1,97,"I-A",68,137,112,0.266667,0.537255,0.439216
58704,11,161.519996389747,14.5367996750772,"Open Water","Open Water",-9999,-9999,-9999,-9999,-9999,-9999,-9999,"-9999",0,0,255,0,0,1
58704,31,4.99999988824129,0.449999989941716,"Barren-Rock/Sand/Clay","Barren-Rock/Sand/Clay",-9999,-9999,-9999,-9999,-9999,-9999,-9999,"-9999",191,191,191,0.74902,0.74902,0.74902
58704,2132,2341.47994766384,210.733195289746,"Ozark-Ouachita Dry-Mesic Oak Forest","Hardwood",188,66,15,11,6,17,77,"I-B",115,115,0,0.45098,0.45098,0
58704,2140,1942.31995658576,174.808796092719,"Ozark-Ouachita Dry Oak Woodland","Hardwood",38,89,6,5,13,5,82,"I-A",97,69,0,0.380392,0.270588,0
58704,2141,6378.7198574245,574.084787168205,"Ozark-Ouachita Shortleaf Pine-Oak Forest and Woodland","Conifer",347,92,5,5,1,5,94,"I-A",196,164,100,0.768627,0.643137,0.392157
58704,2153,519.559988386929,46.7603989548236,"Central Interior and Appalachian Floodplain Systems-Large Floodplains","Riparian",142,-9999,100,59,41,-9999,59,"III-A",48,237,56,0.188235,0.929412,0.219608
58704,2160,4437.39990081638,399.365991073474,"Ozark-Ouachita Shortleaf Pine-Bluestem Woodland","Hardwood-Conifer",100,1223,2,2,2,1,97,"I-A",68,137,112,0.266667,0.537255,0.439216
58706,11,92.7599979266524,8.34839981339872,"Open Water","Open Water",-9999,-9999,-9999,-9999,-9999,-9999,-9999,"-9999",0,0,255,0,0,1
58706,2132,2703.87993956357,243.349194560722,"Ozark-Ouachita Dry-Mesic Oak Forest","Hardwood",188,66,15,11,6,17,77,"I-B",115,115,0,0.45098,0.45098,0
58706,2139,122.999997250736,11.0699997525662,"Ozark-Ouachita Mesic Hardwood Forest","Hardwood",316,110,25,19,6,18,76,"I-C",0,135,74,0,0.529412,0.290196
58706,2140,1459.47996737808,131.353197064027,"Ozark-Ouachita Dry Oak Woodland","Hardwood",38,89,6,5,13,5,82,"I-A",97,69,0,0.380392,0.270588,0
58706,2141,5464.67987785488,491.82118900694,"Ozark-Ouachita Shortleaf Pine-Oak Forest and Woodland","Conifer",347,92,5,5,1,5,94,"I-A",196,164,100,0.768627,0.643137,0.392157
58706,2153,208.599995337427,18.7739995803684,"Central Interior and Appalachian Floodplain Systems-Large Floodplains","Riparian",142,-9999,100,59,41,-9999,59,"III-A",48,237,56,0.188235,0.929412,0.219608
58706,2160,3018.59993252903,271.673993927613,"Ozark-Ouachita Shortleaf Pine-Bluestem Woodland","Hardwood-Conifer",100,1223,2,2,2,1,97,"I-A",68,137,112,0.266667,0.537255,0.439216
58713,2132,11910.5597337782,1071.95037604004,"Ozark-Ouachita Dry-Mesic Oak Forest","Hardwood",188,66,15,11,6,17,77,"I-B",115,115,0,0.45098,0.45098,0
58713,2139,3624.27991899103,326.185192709193,"Ozark-Ouachita Mesic Hardwood Forest","Hardwood",316,110,25,19,6,18,76,"I-C",0,135,74,0,0.529412,0.290196
58713,2140,7906.03982328624,711.543584095761,"Ozark-Ouachita Dry Oak Woodland","Hardwood",38,89,6,5,13,5,82,"I-A",97,69,0,0.380392,0.270588,0
58713,2141,10269.9597704485,924.296379340366,"Ozark-Ouachita Shortleaf Pine-Oak Forest and Woodland","Conifer",347,92,5,5,1,5,94,"I-A",196,164,100,0.768627,0.643137,0.392157
58713,2160,19050.1595741957,1714.51436167762,"Ozark-Ouachita Shortleaf Pine-Bluestem Woodland","Hardwood-Conifer",100,1223,2,2,2,1,97,"I-A",68,137,112,0.266667,0.537255,0.439216
58714,2132,6918.39984536171,622.655986082554,"Ozark-Ouachita Dry-Mesic Oak Forest","Hardwood",188,66,15,11,6,17,77,"I-B",115,115,0,0.45098,0.45098,0
58714,2139,1267.43997167051,114.069597450346,"Ozark-Ouachita Mesic Hardwood Forest","Hardwood",316,110,25,19,6,18,76,"I-C",0,135,74,0,0.529412,0.290196
58714,2140,4931.87988976389,443.86919007875,"Ozark-Ouachita Dry Oak Woodland","Hardwood",38,89,6,5,13,5,82,"I-A",97,69,0,0.380392,0.270588,0
58714,2141,5780.4798707962,520.243188371658,"Ozark-Ouachita Shortleaf Pine-Oak Forest and Woodland","Conifer",347,92,5,5,1,5,94,"I-A",196,164,100,0.768627,0.643137,0.392157
58714,2160,7173.79983965307,645.641985568777,"Ozark-Ouachita Shortleaf Pine-Bluestem Woodland","Hardwood-Conifer",100,1223,2,2,2,1,97,"I-A",68,137,112,0.266667,0.537255,0.439216
58715,11,613.959986276925,55.2563987649232,"Open Water","Open Water",-9999,-9999,-9999,-9999,-9999,-9999,-9999,"-9999",0,0,255,0,0,1
58715,2132,10658.9597617537,959.306378557831,"Ozark-Ouachita Dry-Mesic Oak Forest","Hardwood",188,66,15,11,6,17,77,"I-B",115,115,0,0.45098,0.45098,0
58715,2139,2867.91993589699,258.112794230729,"Ozark-Ouachita Mesic Hardwood Forest","Hardwood",316,110,25,19,6,18,76,"I-C",0,135,74,0,0.529412,0.290196
58715,2140,8426.31981165707,758.368783049136,"Ozark-Ouachita Dry Oak Woodland","Hardwood",38,89,6,5,13,5,82,"I-A",97,69,0,0.380392,0.270588,0
58715,2141,3000.79993292689,270.07199396342,"Ozark-Ouachita Shortleaf Pine-Oak Forest and Woodland","Conifer",347,92,5,5,1,5,94,"I-A",196,164,100,0.768627,0.643137,0.392157
58715,2153,128.639997124672,11.5775997412205,"Central Interior and Appalachian Floodplain Systems-Large Floodplains","Riparian",142,-9999,100,59,41,-9999,59,"III-A",48,237,56,0.188235,0.929412,0.219608
58715,2160,6837.3998471722,615.365986245498,"Ozark-Ouachita Shortleaf Pine-Bluestem Woodland","Hardwood-Conifer",100,1223,2,2,2,1,97,"I-A",68,137,112,0.266667,0.537255,0.439216
58716,11,1.91999995708466,0.172799996137619,"Open Water","Open Water",-9999,-9999,-9999,-9999,-9999,-9999,-9999,"-9999",0,0,255,0,0,1
58716,2132,7566.39983087778,680.975984779,"Ozark-Ouachita Dry-Mesic Oak Forest","Hardwood",188,66,15,11,6,17,77,"I-B",115,115,0,0.45098,0.45098,0
58716,2139,2112.27995278686,190.105195750818,"Ozark-Ouachita Mesic Hardwood Forest","Hardwood",316,110,25,19,6,18,76,"I-C",0,135,74,0,0.529412,0.290196
58716,2140,5130.99988531321,461.789989678189,"Ozark-Ouachita Dry Oak Woodland","Hardwood",38,89,6,5,13,5,82,"I-A",97,69,0,0.380392,0.270588,0
58716,2141,3706.11991716176,333.550792544559,"Ozark-Ouachita Shortleaf Pine-Oak Forest and Woodland","Conifer",347,92,5,5,1,5,94,"I-A",196,164,100,0.768627,0.643137,0.392157
58716,2160,5821.27986988425,523.915188289583,"Ozark-Ouachita Shortleaf Pine-Bluestem Woodland","Hardwood-Conifer",100,1223,2,2,2,1,97,"I-A",68,137,112,0.266667,0.537255,0.439216
58717,11,530.319988146424,47.7287989331782,"Open Water","Open Water",-9999,-9999,-9999,-9999,-9999,-9999,-9999,"-9999",0,0,255,0,0,1
58717,2132,4953.67988927662,445.831190034896,"Ozark-Ouachita Dry-Mesic Oak Forest","Hardwood",188,66,15,11,6,17,77,"I-B",115,115,0,0.45098,0.45098,0
58717,2139,918.039979480207,82.6235981532186,"Ozark-Ouachita Mesic Hardwood Forest","Hardwood",316,110,25,19,6,18,76,"I-C",0,135,74,0,0.529412,0.290196
58717,2140,4122.59990785271,371.033991706744,"Ozark-Ouachita Dry Oak Woodland","Hardwood",38,89,6,5,13,5,82,"I-A",97,69,0,0.380392,0.270588,0
58717,2141,371.759991690516,33.4583992521465,"Ozark-Ouachita Shortleaf Pine-Oak Forest and Woodland","Conifer",347,92,5,5,1,5,94,"I-A",196,164,100,0.768627,0.643137,0.392157
58717,2153,69.2799984514713,6.23519986063242,"Central Interior and Appalachian Floodplain Systems-Large Floodplains","Riparian",142,-9999,100,59,41,-9999,59,"III-A",48,237,56,0.188235,0.929412,0.219608
58717,2160,918.319979473948,82.6487981526554,"Ozark-Ouachita Shortleaf Pine-Bluestem Woodland","Hardwood-Conifer",100,1223,2,2,2,1,97,"I-A",68,137,112,0.266667,0.537255,0.439216
58718,11,232.359994806349,20.9123995325714,"Open Water","Open Water",-9999,-9999,-9999,-9999,-9999,-9999,-9999,"-9999",0,0,255,0,0,1
58718,2132,3278.31992672384,295.048793405145,"Ozark-Ouachita Dry-Mesic Oak Forest","Hardwood",188,66,15,11,6,17,77,"I-B",115,115,0,0.45098,0.45098,0
58718,2139,1158.07997411489,104.227197670341,"Ozark-Ouachita Mesic Hardwood Forest","Hardwood",316,110,25,19,6,18,76,"I-C",0,135,74,0,0.529412,0.290196
58718,2140,1656.99996296316,149.129996666685,"Ozark-Ouachita Dry Oak Woodland","Hardwood",38,89,6,5,13,5,82,"I-A",97,69,0,0.380392,0.270588,0
58718,2141,3751.5599161461,337.640392453149,"Ozark-Ouachita Shortleaf Pine-Oak Forest and Woodland","Conifer",347,92,5,5,1,5,94,"I-A",196,164,100,0.768627,0.643137,0.392157
58718,2153,30.3599993214011,2.7323999389261,"Central Interior and Appalachian Floodplain Systems-Large Floodplains","Riparian",142,-9999,100,59,41,-9999,59,"III-A",48,237,56,0.188235,0.929412,0.219608
58718,2160,3614.31991921365,325.288792729229,"Ozark-Ouachita Shortleaf Pine-Bluestem Woodland","Hardwood-Conifer",100,1223,2,2,2,1,97,"I-A",68,137,112,0.266667,0.537255,0.439216
58719,11,806.559981971979,72.5903983774781,"Open Water","Open Water",-9999,-9999,-9999,-9999,-9999,-9999,-9999,"-9999",0,0,255,0,0,1
58719,2132,12863.159712486,1157.68437412374,"Ozark-Ouachita Dry-Mesic Oak Forest","Hardwood",188,66,15,11,6,17,77,"I-B",115,115,0,0.45098,0.45098,0
58719,2139,3235.71992767602,291.214793490842,"Ozark-Ouachita Mesic Hardwood Forest","Hardwood",316,110,25,19,6,18,76,"I-C",0,135,74,0,0.529412,0.290196
58719,2140,5643.47987385839,507.913188647255,"Ozark-Ouachita Dry Oak Woodland","Hardwood",38,89,6,5,13,5,82,"I-A",97,69,0,0.380392,0.270588,0
58719,2141,9298.11979217082,836.830781295374,"Ozark-Ouachita Shortleaf Pine-Oak Forest and Woodland","Conifer",347,92,5,5,1,5,94,"I-A",196,164,100,0.768627,0.643137,0.392157
58719,2153,223.079995013773,20.0771995512396,"Central Interior and Appalachian Floodplain Systems-Large Floodplains","Riparian",142,-9999,100,59,41,-9999,59,"III-A",48,237,56,0.188235,0.929412,0.219608
58719,2160,12084.8797298819,1087.63917568937,"Ozark-Ouachita Shortleaf Pine-Bluestem Woodland","Hardwood-Conifer",100,1223,2,2,2,1,97,"I-A",68,137,112,0.266667,0.537255,0.439216
58720,11,6.99999984353781,0.629999985918403,"Open Water","Open Water",-9999,-9999,-9999,-9999,-9999,-9999,-9999,"-9999",0,0,255,0,0,1
58720,2132,5641.55987390131,507.740388651118,"Ozark-Ouachita Dry-Mesic Oak Forest","Hardwood",188,66,15,11,6,17,77,"I-B",115,115,0,0.45098,0.45098,0
58720,2139,113.359997466207,10.2023997719586,"Ozark-Ouachita Mesic Hardwood Forest","Hardwood",316,110,25,19,6,18,76,"I-C",0,135,74,0,0.529412,0.290196
58720,2140,3884.67991317064,349.621192185357,"Ozark-Ouachita Dry Oak Woodland","Hardwood",38,89,6,5,13,5,82,"I-A",97,69,0,0.380392,0.270588,0
58720,2141,3403.83992391825,306.345593152642,"Ozark-Ouachita Shortleaf Pine-Oak Forest and Woodland","Conifer",347,92,5,5,1,5,94,"I-A",196,164,100,0.768627,0.643137,0.392157
58720,2153,169.83999620378,15.2855996583402,"Central Interior and Appalachian Floodplain Systems-Large Floodplains","Riparian",142,-9999,100,59,41,-9999,59,"III-A",48,237,56,0.188235,0.929412,0.219608
58720,2160,33924.7192417234,3053.22473175511,"Ozark-Ouachita Shortleaf Pine-Bluestem Woodland","Hardwood-Conifer",100,1223,2,2,2,1,97,"I-A",68,137,112,0.266667,0.537255,0.439216
58721,11,10.9999997541308,0.989999977871776,"Open Water","Open Water",-9999,-9999,-9999,-9999,-9999,-9999,-9999,"-9999",0,0,255,0,0,1
58721,2132,4567.47989790887,411.073190811798,"Ozark-Ouachita Dry-Mesic Oak Forest","Hardwood",188,66,15,11,6,17,77,"I-B",115,115,0,0.45098,0.45098,0
58721,2139,101.879997722805,9.16919979505241,"Ozark-Ouachita Mesic Hardwood Forest","Hardwood",316,110,25,19,6,18,76,"I-C",0,135,74,0,0.529412,0.290196
58721,2140,3419.75992356241,307.778393120617,"Ozark-Ouachita Dry Oak Woodland","Hardwood",38,89,6,5,13,5,82,"I-A",97,69,0,0.380392,0.270588,0
58721,2141,3395.23992411047,305.571593169943,"Ozark-Ouachita Shortleaf Pine-Oak Forest and Woodland","Conifer",347,92,5,5,1,5,94,"I-A",196,164,100,0.768627,0.643137,0.392157
58721,2153,310.999993048608,27.9899993743747,"Central Interior and Appalachian Floodplain Systems-Large Floodplains","Riparian",142,-9999,100,59,41,-9999,59,"III-A",48,237,56,0.188235,0.929412,0.219608
58721,2160,39520.6391166449,3556.85752049804,"Ozark-Ouachita Shortleaf Pine-Bluestem Woodland","Hardwood-Conifer",100,1223,2,2,2,1,97,"I-A",68,137,112,0.266667,0.537255,0.439216
58722,11,0.719999983906746,0.0647999985516071,"Open Water","Open Water",-9999,-9999,-9999,-9999,-9999,-9999,-9999,"-9999",0,0,255,0,0,1
58722,2132,3052.1199317798,274.690793860182,"Ozark-Ouachita Dry-Mesic Oak Forest","Hardwood",188,66,15,11,6,17,77,"I-B",115,115,0,0.45098,0.45098,0
58722,2139,1294.51997106522,116.50679739587,"Ozark-Ouachita Mesic Hardwood Forest","Hardwood",316,110,25,19,6,18,76,"I-C",0,135,74,0,0.529412,0.290196
58722,2140,1685.5599623248,151.700396609232,"Ozark-Ouachita Dry Oak Woodland","Hardwood",38,89,6,5,13,5,82,"I-A",97,69,0,0.380392,0.270588,0
58722,2141,4292.5199040547,386.326791364923,"Ozark-Ouachita Shortleaf Pine-Oak Forest and Woodland","Conifer",347,92,5,5,1,5,94,"I-A",196,164,100,0.768627,0.643137,0.392157
58722,2160,5273.55988212675,474.620389391407,"Ozark-Ouachita Shortleaf Pine-Bluestem Woodland","Hardwood-Conifer",100,1223,2,2,2,1,97,"I-A",68,137,112,0.266667,0.537255,0.439216
58723,11,68.1199984773993,6.13079986296594,"Open Water","Open Water",-9999,-9999,-9999,-9999,-9999,-9999,-9999,"-9999",0,0,255,0,0,1
58723,2132,3930.59991214424,353.753992092982,"Ozark-Ouachita Dry-Mesic Oak Forest","Hardwood",188,66,15,11,6,17,77,"I-B",115,115,0,0.45098,0.45098,0
58723,2139,411.559990800917,37.0403991720825,"Ozark-Ouachita Mesic Hardwood Forest","Hardwood",316,110,25,19,6,18,76,"I-C",0,135,74,0,0.529412,0.290196
58723,2140,3683.4399176687,331.509592590183,"Ozark-Ouachita Dry Oak Woodland","Hardwood",38,89,6,5,13,5,82,"I-A",97,69,0,0.380392,0.270588,0
58723,2141,6414.43985662609,577.299587096348,"Ozark-Ouachita Shortleaf Pine-Oak Forest and Woodland","Conifer",347,92,5,5,1,5,94,"I-A",196,164,100,0.768627,0.643137,0.392157
58723,2153,19.9999995529652,1.79999995976686,"Central Interior and Appalachian Floodplain Systems-Large Floodplains","Riparian",142,-9999,100,59,41,-9999,59,"III-A",48,237,56,0.188235,0.929412,0.219608
58723,2160,9998.83977650851,899.895579885766,"Ozark-Ouachita Shortleaf Pine-Bluestem Woodland","Hardwood-Conifer",100,1223,2,2,2,1,97,"I-A",68,137,112,0.266667,0.537255,0.439216
58724,11,752.879983171821,67.7591984854639,"Open Water","Open Water",-9999,-9999,-9999,-9999,-9999,-9999,-9999,"-9999",0,0,255,0,0,1
58724,2132,13359.0797014013,1202.31717312612,"Ozark-Ouachita Dry-Mesic Oak Forest","Hardwood",188,66,15,11,6,17,77,"I-B",115,115,0,0.45098,0.45098,0
58724,2139,5000.83988822252,450.075589940026,"Ozark-Ouachita Mesic Hardwood Forest","Hardwood",316,110,25,19,6,18,76,"I-C",0,135,74,0,0.529412,0.290196
58724,2140,5812.59987007827,523.133988307044,"Ozark-Ouachita Dry Oak Woodland","Hardwood",38,89,6,5,13,5,82,"I-A",97,69,0,0.380392,0.270588,0
58724,2141,17075.3196183369,1536.77876565032,"Ozark-Ouachita Shortleaf Pine-Oak Forest and Woodland","Conifer",347,92,5,5,1,5,94,"I-A",196,164,100,0.768627,0.643137,0.392157
58724,2153,138.999996893108,12.5099997203797,"Central Interior and Appalachian Floodplain Systems-Large Floodplains","Riparian",142,-9999,100,59,41,-9999,59,"III-A",48,237,56,0.188235,0.929412,0.219608
58724,2160,22735.2794918269,2046.17515426442,"Ozark-Ouachita Shortleaf Pine-Bluestem Woodland","Hardwood-Conifer",100,1223,2,2,2,1,97,"I-A",68,137,112,0.266667,0.537255,0.439216
58725,11,271.359993934631,24.4223994541168,"Open Water","Open Water",-9999,-9999,-9999,-9999,-9999,-9999,-9999,"-9999",0,0,255,0,0,1
58725,2132,3710.79991705716,333.971992535144,"Ozark-Ouachita Dry-Mesic Oak Forest","Hardwood",188,66,15,11,6,17,77,"I-B",115,115,0,0.45098,0.45098,0
58725,2139,40.2399991005659,3.62159991905093,"Ozark-Ouachita Mesic Hardwood Forest","Hardwood",316,110,25,19,6,18,76,"I-C",0,135,74,0,0.529412,0.290196
58725,2140,3824.07991452515,344.167192307264,"Ozark-Ouachita Dry Oak Woodland","Hardwood",38,89,6,5,13,5,82,"I-A",97,69,0,0.380392,0.270588,0
58725,2141,4147.27990730107,373.255191657096,"Ozark-Ouachita Shortleaf Pine-Oak Forest and Woodland","Conifer",347,92,5,5,1,5,94,"I-A",196,164,100,0.768627,0.643137,0.392157
58725,2153,714.399984031916,64.2959985628724,"Central Interior and Appalachian Floodplain Systems-Large Floodplains","Riparian",142,-9999,100,59,41,-9999,59,"III-A",48,237,56,0.188235,0.929412,0.219608
58725,2160,13027.8397088051,1172.50557379246,"Ozark-Ouachita Shortleaf Pine-Bluestem Woodland","Hardwood-Conifer",100,1223,2,2,2,1,97,"I-A",68,137,112,0.266667,0.537255,0.439216
58767,11,480.119989268482,43.2107990341634,"Open Water","Open Water",-9999,-9999,-9999,-9999,-9999,-9999,-9999,"-9999",0,0,255,0,0,1
58767,2132,8805.31980318576,792.478782286718,"Ozark-Ouachita Dry-Mesic Oak Forest","Hardwood",188,66,15,11,6,17,77,"I-B",115,115,0,0.45098,0.45098,0
58767,2139,172.799996137619,15.5519996523857,"Ozark-Ouachita Mesic Hardwood Forest","Hardwood",316,110,25,19,6,18,76,"I-C",0,135,74,0,0.529412,0.290196
58767,2140,5755.31987135857,517.978788422272,"Ozark-Ouachita Dry Oak Woodland","Hardwood",38,89,6,5,13,5,82,"I-A",97,69,0,0.380392,0.270588,0
58767,2141,24973.3594418019,2247.60234976217,"Ozark-Ouachita Shortleaf Pine-Oak Forest and Woodland","Conifer",347,92,5,5,1,5,94,"I-A",196,164,100,0.768627,0.643137,0.392157
58767,2153,3123.07993019372,281.077193717435,"Central Interior and Appalachian Floodplain Systems-Large Floodplains","Riparian",142,-9999,100,59,41,-9999,59,"III-A",48,237,56,0.188235,0.929412,0.219608
58767,2160,26264.9994129315,2363.84994716384,"Ozark-Ouachita Shortleaf Pine-Bluestem Woodland","Hardwood-Conifer",100,1223,2,2,2,1,97,"I-A",68,137,112,0.266667,0.537255,0.439216
58769,11,873.599980473518,78.6239982426167,"Open Water","Open Water",-9999,-9999,-9999,-9999,-9999,-9999,-9999,"-9999",0,0,255,0,0,1
58769,31,3.99999991059303,0.359999991953373,"Barren-Rock/Sand/Clay","Barren-Rock/Sand/Clay",-9999,-9999,-9999,-9999,-9999,-9999,-9999,"-9999",191,191,191,0.74902,0.74902,0.74902
58769,2132,9520.35978720337,856.832380848303,"Ozark-Ouachita Dry-Mesic Oak Forest","Hardwood",188,66,15,11,6,17,77,"I-B",115,115,0,0.45098,0.45098,0
58769,2139,214.239995211363,19.2815995690227,"Ozark-Ouachita Mesic Hardwood Forest","Hardwood",316,110,25,19,6,18,76,"I-C",0,135,74,0,0.529412,0.290196
58769,2140,4812.99989242107,433.169990317896,"Ozark-Ouachita Dry Oak Woodland","Hardwood",38,89,6,5,13,5,82,"I-A",97,69,0,0.380392,0.270588,0
58769,2141,16689.9596269503,1502.09636642553,"Ozark-Ouachita Shortleaf Pine-Oak Forest and Woodland","Conifer",347,92,5,5,1,5,94,"I-A",196,164,100,0.768627,0.643137,0.392157
58769,2153,6376.31985747814,573.868787173033,"Central Interior and Appalachian Floodplain Systems-Large Floodplains","Riparian",142,-9999,100,59,41,-9999,59,"III-A",48,237,56,0.188235,0.929412,0.219608
58769,2160,29171.5193479657,2625.43674131691,"Ozark-Ouachita Shortleaf Pine-Bluestem Woodland","Hardwood-Conifer",100,1223,2,2,2,1,97,"I-A",68,137,112,0.266667,0.537255,0.439216
58770,11,8.99999979883432,0.809999981895089,"Open Water","Open Water",-9999,-9999,-9999,-9999,-9999,-9999,-9999,"-9999",0,0,255,0,0,1
58770,2132,11640.479739815,1047.64317658335,"Ozark-Ouachita Dry-Mesic Oak Forest","Hardwood",188,66,15,11,6,17,77,"I-B",115,115,0,0.45098,0.45098,0
58770,2139,1971.07995594293,177.397196034864,"Ozark-Ouachita Mesic Hardwood Forest","Hardwood",316,110,25,19,6,18,76,"I-C",0,135,74,0,0.529412,0.290196
58770,2140,5794.07987049222,521.4671883443,"Ozark-Ouachita Dry Oak Woodland","Hardwood",38,89,6,5,13,5,82,"I-A",97,69,0,0.380392,0.270588,0
58770,2141,3072.63993132114,276.537593818903,"Ozark-Ouachita Shortleaf Pine-Oak Forest and Woodland","Conifer",347,92,5,5,1,5,94,"I-A",196,164,100,0.768627,0.643137,0.392157
58770,2153,47.5999989360571,4.28399990424514,"Central Interior and Appalachian Floodplain Systems-Large Floodplains","Riparian",142,-9999,100,59,41,-9999,59,"III-A",48,237,56,0.188235,0.929412,0.219608
58770,2160,6768.11984872073,609.130786384866,"Ozark-Ouachita Shortleaf Pine-Bluestem Woodland","Hardwood-Conifer",100,1223,2,2,2,1,97,"I-A",68,137,112,0.266667,0.537255,0.439216
58771,11,46.9999989494681,4.22999990545213,"Open Water","Open Water",-9999,-9999,-9999,-9999,-9999,-9999,-9999,"-9999",0,0,255,0,0,1
58771,2132,7680.11982833594,691.210784550235,"Ozark-Ouachita Dry-Mesic Oak Forest","Hardwood",188,66,15,11,6,17,77,"I-B",115,115,0,0.45098,0.45098,0
58771,2139,974.399978220463,87.6959980398417,"Ozark-Ouachita Mesic Hardwood Forest","Hardwood",316,110,25,19,6,18,76,"I-C",0,135,74,0,0.529412,0.290196
58771,2140,4563.47989799827,410.713190819845,"Ozark-Ouachita Dry Oak Woodland","Hardwood",38,89,6,5,13,5,82,"I-A",97,69,0,0.380392,0.270588,0
58771,2141,6236.03986061364,561.243587455228,"Ozark-Ouachita Shortleaf Pine-Oak Forest and Woodland","Conifer",347,92,5,5,1,5,94,"I-A",196,164,100,0.768627,0.643137,0.392157
58771,2153,475.039989382029,42.7535990443826,"Central Interior and Appalachian Floodplain Systems-Large Floodplains","Riparian",142,-9999,100,59,41,-9999,59,"III-A",48,237,56,0.188235,0.929412,0.219608
58771,2160,5474.919877626,492.74278898634,"Ozark-Ouachita Shortleaf Pine-Bluestem Woodland","Hardwood-Conifer",100,1223,2,2,2,1,97,"I-A",68,137,112,0.266667,0.537255,0.439216
58772,11,193.359995678067,17.402399611026,"Open Water","Open Water",-9999,-9999,-9999,-9999,-9999,-9999,-9999,"-9999",0,0,255,0,0,1
58772,31,3.99999991059303,0.359999991953373,"Barren-Rock/Sand/Clay","Barren-Rock/Sand/Clay",-9999,-9999,-9999,-9999,-9999,-9999,-9999,"-9999",191,191,191,0.74902,0.74902,0.74902
58772,2132,3793.03991521895,341.373592369705,"Ozark-Ouachita Dry-Mesic Oak Forest","Hardwood",188,66,15,11,6,17,77,"I-B",115,115,0,0.45098,0.45098,0
58772,2139,49.4399988949299,4.44959990054369,"Ozark-Ouachita Mesic Hardwood Forest","Hardwood",316,110,25,19,6,18,76,"I-C",0,135,74,0,0.529412,0.290196
58772,2140,2627.99994125962,236.519994713366,"Ozark-Ouachita Dry Oak Woodland","Hardwood",38,89,6,5,13,5,82,"I-A",97,69,0,0.380392,0.270588,0
58772,2141,1970.07995596528,177.307196036875,"Ozark-Ouachita Shortleaf Pine-Oak Forest and Woodland","Conifer",347,92,5,5,1,5,94,"I-A",196,164,100,0.768627,0.643137,0.392157
58772,2153,1857.91995847225,167.212796262503,"Central Interior and Appalachian Floodplain Systems-Large Floodplains","Riparian",142,-9999,100,59,41,-9999,59,"III-A",48,237,56,0.188235,0.929412,0.219608
58772,2160,21879.1595109627,1969.12435598664,"Ozark-Ouachita Shortleaf Pine-Bluestem Woodland","Hardwood-Conifer",100,1223,2,2,2,1,97,"I-A",68,137,112,0.266667,0.537255,0.439216
58773,2132,14436.1196773276,1299.25077095948,"Ozark-Ouachita Dry-Mesic Oak Forest","Hardwood",188,66,15,11,6,17,77,"I-B",115,115,0,0.45098,0.45098,0
58773,2139,2283.1999489665,205.487995406985,"Ozark-Ouachita Mesic Hardwood Forest","Hardwood",316,110,25,19,6,18,76,"I-C",0,135,74,0,0.529412,0.290196
58773,2140,7327.27983622253,659.455185260028,"Ozark-Ouachita Dry Oak Woodland","Hardwood",38,89,6,5,13,5,82,"I-A",97,69,0,0.380392,0.270588,0
58773,2141,7591.39983031899,683.225984728709,"Ozark-Ouachita Shortleaf Pine-Oak Forest and Woodland","Conifer",347,92,5,5,1,5,94,"I-A",196,164,100,0.768627,0.643137,0.392157
58773,2160,10904.9997562543,981.449978062883,"Ozark-Ouachita Shortleaf Pine-Bluestem Woodland","Hardwood-Conifer",100,1223,2,2,2,1,97,"I-A",68,137,112,0.266667,0.537255,0.439216
58774,11,5.7999998703599,0.521999988332391,"Open Water","Open Water",-9999,-9999,-9999,-9999,-9999,-9999,-9999,"-9999",0,0,255,0,0,1
58774,2132,3642.59991858155,327.833992672339,"Ozark-Ouachita Dry-Mesic Oak Forest","Hardwood",188,66,15,11,6,17,77,"I-B",115,115,0,0.45098,0.45098,0
58774,2139,19.9999995529652,1.79999995976686,"Ozark-Ouachita Mesic Hardwood Forest","Hardwood",316,110,25,19,6,18,76,"I-C",0,135,74,0,0.529412,0.290196
58774,2140,1674.1199625805,150.670796632245,"Ozark-Ouachita Dry Oak Woodland","Hardwood",38,89,6,5,13,5,82,"I-A",97,69,0,0.380392,0.270588,0
58774,2141,9741.0797822699,876.697180404291,"Ozark-Ouachita Shortleaf Pine-Oak Forest and Woodland","Conifer",347,92,5,5,1,5,94,"I-A",196,164,100,0.768627,0.643137,0.392157
58774,2153,137.99999691546,12.4199997223914,"Central Interior and Appalachian Floodplain Systems-Large Floodplains","Riparian",142,-9999,100,59,41,-9999,59,"III-A",48,237,56,0.188235,0.929412,0.219608
58774,2160,3748.39991621673,337.355992459506,"Ozark-Ouachita Shortleaf Pine-Bluestem Woodland","Hardwood-Conifer",100,1223,2,2,2,1,97,"I-A",68,137,112,0.266667,0.537255,0.439216
58775,11,271.119993939996,24.4007994545996,"Open Water","Open Water",-9999,-9999,-9999,-9999,-9999,-9999,-9999,"-9999",0,0,255,0,0,1
58775,2132,8938.99980019778,804.5099820178,"Ozark-Ouachita Dry-Mesic Oak Forest","Hardwood",188,66,15,11,6,17,77,"I-B",115,115,0,0.45098,0.45098,0
58775,2139,1994.39995542169,179.495995987952,"Ozark-Ouachita Mesic Hardwood Forest","Hardwood",316,110,25,19,6,18,76,"I-C",0,135,74,0,0.529412,0.290196
58775,2140,5500.19987706095,495.017988935486,"Ozark-Ouachita Dry Oak Woodland","Hardwood",38,89,6,5,13,5,82,"I-A",97,69,0,0.380392,0.270588,0
58775,2141,12859.4397125691,1157.34957413122,"Ozark-Ouachita Shortleaf Pine-Oak Forest and Woodland","Conifer",347,92,5,5,1,5,94,"I-A",196,164,100,0.768627,0.643137,0.392157
58775,2153,530.839988134801,47.7755989321321,"Central Interior and Appalachian Floodplain Systems-Large Floodplains","Riparian",142,-9999,100,59,41,-9999,59,"III-A",48,237,56,0.188235,0.929412,0.219608
58775,2160,10021.9997759908,901.979979839176,"Ozark-Ouachita Shortleaf Pine-Bluestem Woodland","Hardwood-Conifer",100,1223,2,2,2,1,97,"I-A",68,137,112,0.266667,0.537255,0.439216
58776,11,85.2399980947375,7.67159982852638,"Open Water","Open Water",-9999,-9999,-9999,-9999,-9999,-9999,-9999,"-9999",0,0,255,0,0,1
58776,2132,4657.55989589542,419.180390630588,"Ozark-Ouachita Dry-Mesic Oak Forest","Hardwood",188,66,15,11,6,17,77,"I-B",115,115,0,0.45098,0.45098,0
58776,2139,63.159998588264,5.68439987294376,"Ozark-Ouachita Mesic Hardwood Forest","Hardwood",316,110,25,19,6,18,76,"I-C",0,135,74,0,0.529412,0.290196
58776,2140,2983.55993331224,268.520393998101,"Ozark-Ouachita Dry Oak Woodland","Hardwood",38,89,6,5,13,5,82,"I-A",97,69,0,0.380392,0.270588,0
58776,2141,18064.319596231,1625.78876366079,"Ozark-Ouachita Shortleaf Pine-Oak Forest and Woodland","Conifer",347,92,5,5,1,5,94,"I-A",196,164,100,0.768627,0.643137,0.392157
58776,2153,413.479990758002,37.2131991682202,"Central Interior and Appalachian Floodplain Systems-Large Floodplains","Riparian",142,-9999,100,59,41,-9999,59,"III-A",48,237,56,0.188235,0.929412,0.219608
58776,2160,7000.67984352261,630.061185917035,"Ozark-Ouachita Shortleaf Pine-Bluestem Woodland","Hardwood-Conifer",100,1223,2,2,2,1,97,"I-A",68,137,112,0.266667,0.537255,0.439216
58777,11,35.7599992007017,3.21839992806315,"Open Water","Open Water",-9999,-9999,-9999,-9999,-9999,-9999,-9999,"-9999",0,0,255,0,0,1
58777,31,2.99999993294477,0.26999999396503,"Barren-Rock/Sand/Clay","Barren-Rock/Sand/Clay",-9999,-9999,-9999,-9999,-9999,-9999,-9999,"-9999",191,191,191,0.74902,0.74902,0.74902
58777,2132,19098.7195731103,1718.88476157993,"Ozark-Ouachita Dry-Mesic Oak Forest","Hardwood",188,66,15,11,6,17,77,"I-B",115,115,0,0.45098,0.45098,0
58777,2139,4739.31989406794,426.538790466115,"Ozark-Ouachita Mesic Hardwood Forest","Hardwood",316,110,25,19,6,18,76,"I-C",0,135,74,0,0.529412,0.290196
58777,2140,14635.4396728724,1317.18957055852,"Ozark-Ouachita Dry Oak Woodland","Hardwood",38,89,6,5,13,5,82,"I-A",97,69,0,0.380392,0.270588,0
58777,2141,8879.59980152547,799.163982137293,"Ozark-Ouachita Shortleaf Pine-Oak Forest and Woodland","Conifer",347,92,5,5,1,5,94,"I-A",196,164,100,0.768627,0.643137,0.392157
58777,2153,101.999997720122,9.17999979481101,"Central Interior and Appalachian Floodplain Systems-Large Floodplains","Riparian",142,-9999,100,59,41,-9999,59,"III-A",48,237,56,0.188235,0.929412,0.219608
58777,2160,14233.1596818641,1280.98437136777,"Ozark-Ouachita Shortleaf Pine-Bluestem Woodland","Hardwood-Conifer",100,1223,2,2,2,1,97,"I-A",68,137,112,0.266667,0.537255,0.439216
58778,11,57.439998716116,5.16959988445044,"Open Water","Open Water",-9999,-9999,-9999,-9999,-9999,-9999,-9999,"-9999",0,0,255,0,0,1
58778,2132,13790.9196917489,1241.1827722574,"Ozark-Ouachita Dry-Mesic Oak Forest","Hardwood",188,66,15,11,6,17,77,"I-B",115,115,0,0.45098,0.45098,0
58778,2139,1359.91996960342,122.392797264308,"Ozark-Ouachita Mesic Hardwood Forest","Hardwood",316,110,25,19,6,18,76,"I-C",0,135,74,0,0.529412,0.290196
58778,2140,8265.59981524944,743.90398337245,"Ozark-Ouachita Dry Oak Woodland","Hardwood",38,89,6,5,13,5,82,"I-A",97,69,0,0.380392,0.270588,0
58778,2141,40401.2390969619,3636.11151872657,"Ozark-Ouachita Shortleaf Pine-Oak Forest and Woodland","Conifer",347,92,5,5,1,5,94,"I-A",196,164,100,0.768627,0.643137,0.392157
58778,2153,728.959983706474,65.6063985335827,"Central Interior and Appalachian Floodplain Systems-Large Floodplains","Riparian",142,-9999,100,59,41,-9999,59,"III-A",48,237,56,0.188235,0.929412,0.219608
58778,2160,13465.9196990132,1211.93277291119,"Ozark-Ouachita Shortleaf Pine-Bluestem Woodland","Hardwood-Conifer",100,1223,2,2,2,1,97,"I-A",68,137,112,0.266667,0.537255,0.439216
58779,2132,4616.59989681095,415.493990712985,"Ozark-Ouachita Dry-Mesic Oak Forest","Hardwood",188,66,15,11,6,17,77,"I-B",115,115,0,0.45098,0.45098,0
58779,2139,507.519988656044,45.676798979044,"Ozark-Ouachita Mesic Hardwood Forest","Hardwood",316,110,25,19,6,18,76,"I-C",0,135,74,0,0.529412,0.290196
58779,2140,3662.91991812736,329.662792631462,"Ozark-Ouachita Dry Oak Woodland","Hardwood",38,89,6,5,13,5,82,"I-A",97,69,0,0.380392,0.270588,0
58779,2141,13210.6397047192,1188.95757342473,"Ozark-Ouachita Shortleaf Pine-Oak Forest and Woodland","Conifer",347,92,5,5,1,5,94,"I-A",196,164,100,0.768627,0.643137,0.392157
58779,2153,67.9999984800816,6.11999986320734,"Central Interior and Appalachian Floodplain Systems-Large Floodplains","Riparian",142,-9999,100,59,41,-9999,59,"III-A",48,237,56,0.188235,0.929412,0.219608
58779,2160,4719.31989451498,424.738790506348,"Ozark-Ouachita Shortleaf Pine-Bluestem Woodland","Hardwood-Conifer",100,1223,2,2,2,1,97,"I-A",68,137,112,0.266667,0.537255,0.439216
58781,2132,1355.63996969908,122.007597272918,"Ozark-Ouachita Dry-Mesic Oak Forest","Hardwood",188,66,15,11,6,17,77,"I-B",115,115,0,0.45098,0.45098,0
58781,2139,56.1999987438321,5.05799988694489,"Ozark-Ouachita Mesic Hardwood Forest","Hardwood",316,110,25,19,6,18,76,"I-C",0,135,74,0,0.529412,0.290196
58781,2140,1185.87997349352,106.729197614416,"Ozark-Ouachita Dry Oak Woodland","Hardwood",38,89,6,5,13,5,82,"I-A",97,69,0,0.380392,0.270588,0
58781,2141,5446.31987826526,490.168789043874,"Ozark-Ouachita Shortleaf Pine-Oak Forest and Woodland","Conifer",347,92,5,5,1,5,94,"I-A",196,164,100,0.768627,0.643137,0.392157
58781,2160,2032.9599545598,182.966395910382,"Ozark-Ouachita Shortleaf Pine-Bluestem Woodland","Hardwood-Conifer",100,1223,2,2,2,1,97,"I-A",68,137,112,0.266667,0.537255,0.439216
58782,11,874.279980458319,78.6851982412487,"Open Water","Open Water",-9999,-9999,-9999,-9999,-9999,-9999,-9999,"-9999",0,0,255,0,0,1
58782,2132,18628.1995836273,1676.53796252646,"Ozark-Ouachita Dry-Mesic Oak Forest","Hardwood",188,66,15,11,6,17,77,"I-B",115,115,0,0.45098,0.45098,0
58782,2139,4874.47989104688,438.703190194219,"Ozark-Ouachita Mesic Hardwood Forest","Hardwood",316,110,25,19,6,18,76,"I-C",0,135,74,0,0.529412,0.290196
58782,2140,8615.3998074308,775.385982668772,"Ozark-Ouachita Dry Oak Woodland","Hardwood",38,89,6,5,13,5,82,"I-A",97,69,0,0.380392,0.270588,0
58782,2141,35891.6791977584,3230.25112779826,"Ozark-Ouachita Shortleaf Pine-Oak Forest and Woodland","Conifer",347,92,5,5,1,5,94,"I-A",196,164,100,0.768627,0.643137,0.392157
58782,2153,62.9999985918403,5.66999987326562,"Central Interior and Appalachian Floodplain Systems-Large Floodplains","Riparian",142,-9999,100,59,41,-9999,59,"III-A",48,237,56,0.188235,0.929412,0.219608
58782,2160,17716.9596039951,1594.52636435956,"Ozark-Ouachita Shortleaf Pine-Bluestem Woodland","Hardwood-Conifer",100,1223,2,2,2,1,97,"I-A",68,137,112,0.266667,0.537255,0.439216
58785,11,11.9999997317791,1.07999997586012,"Open Water","Open Water",-9999,-9999,-9999,-9999,-9999,-9999,-9999,"-9999",0,0,255,0,0,1
58785,2132,3081.19993112981,277.307993801683,"Ozark-Ouachita Dry-Mesic Oak Forest","Hardwood",188,66,15,11,6,17,77,"I-B",115,115,0,0.45098,0.45098,0
58785,2139,5.39999987930059,0.485999989137054,"Ozark-Ouachita Mesic Hardwood Forest","Hardwood",316,110,25,19,6,18,76,"I-C",0,135,74,0,0.529412,0.290196
58785,2140,1807.27995960414,162.655196364373,"Ozark-Ouachita Dry Oak Woodland","Hardwood",38,89,6,5,13,5,82,"I-A",97,69,0,0.380392,0.270588,0
58785,2141,7841.35982473195,705.722384225875,"Ozark-Ouachita Shortleaf Pine-Oak Forest and Woodland","Conifer",347,92,5,5,1,5,94,"I-A",196,164,100,0.768627,0.643137,0.392157
58785,2153,535.359988033772,48.1823989230394,"Central Interior and Appalachian Floodplain Systems-Large Floodplains","Riparian",142,-9999,100,59,41,-9999,59,"III-A",48,237,56,0.188235,0.929412,0.219608
58785,2160,4489.39989965409,404.045990968868,"Ozark-Ouachita Shortleaf Pine-Bluestem Woodland","Hardwood-Conifer",100,1223,2,2,2,1,97,"I-A",68,137,112,0.266667,0.537255,0.439216
58789,2132,2371.11994700134,213.40079523012,"Ozark-Ouachita Dry-Mesic Oak Forest","Hardwood",188,66,15,11,6,17,77,"I-B",115,115,0,0.45098,0.45098,0
58789,2139,24.2799994572997,2.18519995115697,"Ozark-Ouachita Mesic Hardwood Forest","Hardwood",316,110,25,19,6,18,76,"I-C",0,135,74,0,0.529412,0.290196
58789,2140,1128.79997476935,101.591997729242,"Ozark-Ouachita Dry Oak Woodland","Hardwood",38,89,6,5,13,5,82,"I-A",97,69,0,0.380392,0.270588,0
58789,2141,6795.79984810203,611.621986329183,"Ozark-Ouachita Shortleaf Pine-Oak Forest and Woodland","Conifer",347,92,5,5,1,5,94,"I-A",196,164,100,0.768627,0.643137,0.392157
58789,2160,6101.99986360967,549.17998772487,"Ozark-Ouachita Shortleaf Pine-Bluestem Woodland","Hardwood-Conifer",100,1223,2,2,2,1,97,"I-A",68,137,112,0.266667,0.537255,0.439216
58790,2132,5689.11987283826,512.020788555443,"Ozark-Ouachita Dry-Mesic Oak Forest","Hardwood",188,66,15,11,6,17,77,"I-B",115,115,0,0.45098,0.45098,0
58790,2139,1156.79997414351,104.111997672915,"Ozark-Ouachita Mesic Hardwood Forest","Hardwood",316,110,25,19,6,18,76,"I-C",0,135,74,0,0.529412,0.290196
58790,2140,4007.8399104178,360.705591937602,"Ozark-Ouachita Dry Oak Woodland","Hardwood",38,89,6,5,13,5,82,"I-A",97,69,0,0.380392,0.270588,0
58790,2141,3348.8799251467,301.399193263203,"Ozark-Ouachita Shortleaf Pine-Oak Forest and Woodland","Conifer",347,92,5,5,1,5,94,"I-A",196,164,100,0.768627,0.643137,0.392157
58790,2160,5838.35986950248,525.452388255224,"Ozark-Ouachita Shortleaf Pine-Bluestem Woodland","Hardwood-Conifer",100,1223,2,2,2,1,97,"I-A",68,137,112,0.266667,0.537255,0.439216
58791,11,306.839993141592,27.6155993827432,"Open Water","Open Water",-9999,-9999,-9999,-9999,-9999,-9999,-9999,"-9999",0,0,255,0,0,1
58791,2132,6133.35986290872,552.002387661785,"Ozark-Ouachita Dry-Mesic Oak Forest","Hardwood",188,66,15,11,6,17,77,"I-B",115,115,0,0.45098,0.45098,0
58791,2139,1430.35996802896,128.732397122607,"Ozark-Ouachita Mesic Hardwood Forest","Hardwood",316,110,25,19,6,18,76,"I-C",0,135,74,0,0.529412,0.290196
58791,2140,3348.79992514849,301.391993263364,"Ozark-Ouachita Dry Oak Woodland","Hardwood",38,89,6,5,13,5,82,"I-A",97,69,0,0.380392,0.270588,0
58791,2141,6990.63984374702,629.157585937232,"Ozark-Ouachita Shortleaf Pine-Oak Forest and Woodland","Conifer",347,92,5,5,1,5,94,"I-A",196,164,100,0.768627,0.643137,0.392157
58791,2153,58.9999986812472,5.30999988131225,"Central Interior and Appalachian Floodplain Systems-Large Floodplains","Riparian",142,-9999,100,59,41,-9999,59,"III-A",48,237,56,0.188235,0.929412,0.219608
58791,2160,3601.99991948903,324.179992754012,"Ozark-Ouachita Shortleaf Pine-Bluestem Woodland","Hardwood-Conifer",100,1223,2,2,2,1,97,"I-A",68,137,112,0.266667,0.537255,0.439216
58792,11,10.5599997639656,0.950399978756905,"Open Water","Open Water",-9999,-9999,-9999,-9999,-9999,-9999,-9999,"-9999",0,0,255,0,0,1
58792,2132,3313.35992594063,298.202393334657,"Ozark-Ouachita Dry-Mesic Oak Forest","Hardwood",188,66,15,11,6,17,77,"I-B",115,115,0,0.45098,0.45098,0
58792,2139,401.519991025329,36.1367991922796,"Ozark-Ouachita Mesic Hardwood Forest","Hardwood",316,110,25,19,6,18,76,"I-C",0,135,74,0,0.529412,0.290196
58792,2140,1697.51996205747,152.776796585172,"Ozark-Ouachita Dry Oak Woodland","Hardwood",38,89,6,5,13,5,82,"I-A",97,69,0,0.380392,0.270588,0
58792,2141,6840.71984709799,615.664786238819,"Ozark-Ouachita Shortleaf Pine-Oak Forest and Woodland","Conifer",347,92,5,5,1,5,94,"I-A",196,164,100,0.768627,0.643137,0.392157
58792,2160,6258.31986011565,563.248787410408,"Ozark-Ouachita Shortleaf Pine-Bluestem Woodland","Hardwood-Conifer",100,1223,2,2,2,1,97,"I-A",68,137,112,0.266667,0.537255,0.439216
58793,11,1066.03997617215,95.9435978554934,"Open Water","Open Water",-9999,-9999,-9999,-9999,-9999,-9999,-9999,"-9999",0,0,255,0,0,1
58793,2132,22669.0394933075,2040.21355439767,"Ozark-Ouachita Dry-Mesic Oak Forest","Hardwood",188,66,15,11,6,17,77,"I-B",115,115,0,0.45098,0.45098,0
58793,2139,6052.31986472011,544.70878782481,"Ozark-Ouachita Mesic Hardwood Forest","Hardwood",316,110,25,19,6,18,76,"I-C",0,135,74,0,0.529412,0.290196
58793,2140,17625.91960603,1586.3327645427,"Ozark-Ouachita Dry Oak Woodland","Hardwood",38,89,6,5,13,5,82,"I-A",97,69,0,0.380392,0.270588,0
58793,2141,12320.3597246185,1108.83237521566,"Ozark-Ouachita Shortleaf Pine-Oak Forest and Woodland","Conifer",347,92,5,5,1,5,94,"I-A",196,164,100,0.768627,0.643137,0.392157
58793,2153,36.75999917835,3.3083999260515,"Central Interior and Appalachian Floodplain Systems-Large Floodplains","Riparian",142,-9999,100,59,41,-9999,59,"III-A",48,237,56,0.188235,0.929412,0.219608
58793,2160,18684.5595823675,1681.61036241308,"Ozark-Ouachita Shortleaf Pine-Bluestem Woodland","Hardwood-Conifer",100,1223,2,2,2,1,97,"I-A",68,137,112,0.266667,0.537255,0.439216
58794,11,290.479993507266,26.1431994156539,"Open Water","Open Water",-9999,-9999,-9999,-9999,-9999,-9999,-9999,"-9999",0,0,255,0,0,1
58794,2132,5486.99987735599,493.829988962039,"Ozark-Ouachita Dry-Mesic Oak Forest","Hardwood",188,66,15,11,6,17,77,"I-B",115,115,0,0.45098,0.45098,0
58794,2139,277.599993795156,24.9839994415641,"Ozark-Ouachita Mesic Hardwood Forest","Hardwood",316,110,25,19,6,18,76,"I-C",0,135,74,0,0.529412,0.290196
58794,2140,4188.39990638196,376.955991574377,"Ozark-Ouachita Dry Oak Woodland","Hardwood",38,89,6,5,13,5,82,"I-A",97,69,0,0.380392,0.270588,0
58794,2141,11196.7597497329,1007.70837747596,"Ozark-Ouachita Shortleaf Pine-Oak Forest and Woodland","Conifer",347,92,5,5,1,5,94,"I-A",196,164,100,0.768627,0.643137,0.392157
58794,2153,45.9999989718199,4.13999990746379,"Central Interior and Appalachian Floodplain Systems-Large Floodplains","Riparian",142,-9999,100,59,41,-9999,59,"III-A",48,237,56,0.188235,0.929412,0.219608
58794,2160,5035.75988744199,453.218389869779,"Ozark-Ouachita Shortleaf Pine-Bluestem Woodland","Hardwood-Conifer",100,1223,2,2,2,1,97,"I-A",68,137,112,0.266667,0.537255,0.439216
58795,11,430.199990384281,38.7179991345853,"Open Water","Open Water",-9999,-9999,-9999,-9999,-9999,-9999,-9999,"-9999",0,0,255,0,0,1
58795,2132,8771.23980394751,789.411582355276,"Ozark-Ouachita Dry-Mesic Oak Forest","Hardwood",188,66,15,11,6,17,77,"I-B",115,115,0,0.45098,0.45098,0
58795,2139,2100.91995304078,189.08279577367,"Ozark-Ouachita Mesic Hardwood Forest","Hardwood",316,110,25,19,6,18,76,"I-C",0,135,74,0,0.529412,0.290196
58795,2140,5807.27987019718,522.655188317746,"Ozark-Ouachita Dry Oak Woodland","Hardwood",38,89,6,5,13,5,82,"I-A",97,69,0,0.380392,0.270588,0
58795,2141,4458.67990034074,401.281191030666,"Ozark-Ouachita Shortleaf Pine-Oak Forest and Woodland","Conifer",347,92,5,5,1,5,94,"I-A",196,164,100,0.768627,0.643137,0.392157
58795,2153,115.919997408986,10.4327997668087,"Central Interior and Appalachian Floodplain Systems-Large Floodplains","Riparian",142,-9999,100,59,41,-9999,59,"III-A",48,237,56,0.188235,0.929412,0.219608
58795,2160,12229.7597266436,1100.67837539792,"Ozark-Ouachita Shortleaf Pine-Bluestem Woodland","Hardwood-Conifer",100,1223,2,2,2,1,97,"I-A",68,137,112,0.266667,0.537255,0.439216
58796,11,2.55999994277954,0.230399994850159,"Open Water","Open Water",-9999,-9999,-9999,-9999,-9999,-9999,-9999,"-9999",0,0,255,0,0,1
58796,2132,6170.23986208439,555.321587587595,"Ozark-Ouachita Dry-Mesic Oak Forest","Hardwood",188,66,15,11,6,17,77,"I-B",115,115,0,0.45098,0.45098,0
58796,2139,137.039996936917,12.3335997243226,"Ozark-Ouachita Mesic Hardwood Forest","Hardwood",316,110,25,19,6,18,76,"I-C",0,135,74,0,0.529412,0.290196
58796,2140,3728.07991667092,335.527192500383,"Ozark-Ouachita Dry Oak Woodland","Hardwood",38,89,6,5,13,5,82,"I-A",97,69,0,0.380392,0.270588,0
58796,2141,5533.15987632424,497.984388869181,"Ozark-Ouachita Shortleaf Pine-Oak Forest and Woodland","Conifer",347,92,5,5,1,5,94,"I-A",196,164,100,0.768627,0.643137,0.392157
58796,2153,266.399994045496,23.9759994640946,"Central Interior and Appalachian Floodplain Systems-Large Floodplains","Riparian",142,-9999,100,59,41,-9999,59,"III-A",48,237,56,0.188235,0.929412,0.219608
58796,2160,37459.5191627145,3371.3567246443,"Ozark-Ouachita Shortleaf Pine-Bluestem Woodland","Hardwood-Conifer",100,1223,2,2,2,1,97,"I-A",68,137,112,0.266667,0.537255,0.439216
58797,11,306.719993144274,27.6047993829846,"Open Water","Open Water",-9999,-9999,-9999,-9999,-9999,-9999,-9999,"-9999",0,0,255,0,0,1
58797,2132,6342.75985822827,570.848387240544,"Ozark-Ouachita Dry-Mesic Oak Forest","Hardwood",188,66,15,11,6,17,77,"I-B",115,115,0,0.45098,0.45098,0
58797,2139,1183.27997355163,106.495197619647,"Ozark-Ouachita Mesic Hardwood Forest","Hardwood",316,110,25,19,6,18,76,"I-C",0,135,74,0,0.529412,0.290196
58797,2140,2189.83995105326,197.085595594794,"Ozark-Ouachita Dry Oak Woodland","Hardwood",38,89,6,5,13,5,82,"I-A",97,69,0,0.380392,0.270588,0
58797,2141,7652.55982895195,688.730384605676,"Ozark-Ouachita Shortleaf Pine-Oak Forest and Woodland","Conifer",347,92,5,5,1,5,94,"I-A",196,164,100,0.768627,0.643137,0.392157
58797,2153,127.199997156858,11.4479997441173,"Central Interior and Appalachian Floodplain Systems-Large Floodplains","Riparian",142,-9999,100,59,41,-9999,59,"III-A",48,237,56,0.188235,0.929412,0.219608
58797,2160,11493.6397430971,1034.42757687874,"Ozark-Ouachita Shortleaf Pine-Bluestem Woodland","Hardwood-Conifer",100,1223,2,2,2,1,97,"I-A",68,137,112,0.266667,0.537255,0.439216
58840,11,103.839997678995,9.34559979110956,"Open Water","Open Water",-9999,-9999,-9999,-9999,-9999,-9999,-9999,"-9999",0,0,255,0,0,1
58840,31,1.99999995529652,0.179999995976686,"Barren-Rock/Sand/Clay","Barren-Rock/Sand/Clay",-9999,-9999,-9999,-9999,-9999,-9999,-9999,"-9999",191,191,191,0.74902,0.74902,0.74902
58840,2132,11024.7197535783,992.224777822047,"Ozark-Ouachita Dry-Mesic Oak Forest","Hardwood",188,66,15,11,6,17,77,"I-B",115,115,0,0.45098,0.45098,0
58840,2139,77.1999982744455,6.9479998447001,"Ozark-Ouachita Mesic Hardwood Forest","Hardwood",316,110,25,19,6,18,76,"I-C",0,135,74,0,0.529412,0.290196
58840,2140,6645.11985146999,598.060786632299,"Ozark-Ouachita Dry Oak Woodland","Hardwood",38,89,6,5,13,5,82,"I-A",97,69,0,0.380392,0.270588,0
58840,2141,14814.3996688724,1333.29597019851,"Ozark-Ouachita Shortleaf Pine-Oak Forest and Woodland","Conifer",347,92,5,5,1,5,94,"I-A",196,164,100,0.768627,0.643137,0.392157
58840,2153,11666.5997392312,1049.99397653081,"Central Interior and Appalachian Floodplain Systems-Large Floodplains","Riparian",142,-9999,100,59,41,-9999,59,"III-A",48,237,56,0.188235,0.929412,0.219608
58840,2160,53949.1187941432,4855.42069147289,"Ozark-Ouachita Shortleaf Pine-Bluestem Woodland","Hardwood-Conifer",100,1223,2,2,2,1,97,"I-A",68,137,112,0.266667,0.537255,0.439216
58841,11,6.67999985069036,0.601199986562133,"Open Water","Open Water",-9999,-9999,-9999,-9999,-9999,-9999,-9999,"-9999",0,0,255,0,0,1
58841,2132,10329.2397691235,929.631579221115,"Ozark-Ouachita Dry-Mesic Oak Forest","Hardwood",188,66,15,11,6,17,77,"I-B",115,115,0,0.45098,0.45098,0
58841,2139,1458.35996740311,131.25239706628,"Ozark-Ouachita Mesic Hardwood Forest","Hardwood",316,110,25,19,6,18,76,"I-C",0,135,74,0,0.529412,0.290196
58841,2140,3280.83992666751,295.275593400076,"Ozark-Ouachita Dry Oak Woodland","Hardwood",38,89,6,5,13,5,82,"I-A",97,69,0,0.380392,0.270588,0
58841,2141,7645.55982910842,688.100384619758,"Ozark-Ouachita Shortleaf Pine-Oak Forest and Woodland","Conifer",347,92,5,5,1,5,94,"I-A",196,164,100,0.768627,0.643137,0.392157
58841,2153,1012.19997737557,91.097997963801,"Central Interior and Appalachian Floodplain Systems-Large Floodplains","Riparian",142,-9999,100,59,41,-9999,59,"III-A",48,237,56,0.188235,0.929412,0.219608
58841,2160,13151.1197060496,1183.60077354446,"Ozark-Ouachita Shortleaf Pine-Bluestem Woodland","Hardwood-Conifer",100,1223,2,2,2,1,97,"I-A",68,137,112,0.266667,0.537255,0.439216
58842,11,43.1999990344048,3.88799991309643,"Open Water","Open Water",-9999,-9999,-9999,-9999,-9999,-9999,-9999,"-9999",0,0,255,0,0,1
58842,2132,4621.03989671171,415.893590704054,"Ozark-Ouachita Dry-Mesic Oak Forest","Hardwood",188,66,15,11,6,17,77,"I-B",115,115,0,0.45098,0.45098,0
58842,2139,518.119988419116,46.6307989577204,"Ozark-Ouachita Mesic Hardwood Forest","Hardwood",316,110,25,19,6,18,76,"I-C",0,135,74,0,0.529412,0.290196
58842,2140,2926.39993458986,263.375994113088,"Ozark-Ouachita Dry Oak Woodland","Hardwood",38,89,6,5,13,5,82,"I-A",97,69,0,0.380392,0.270588,0
58842,2141,2813.79993710667,253.2419943396,"Ozark-Ouachita Shortleaf Pine-Oak Forest and Woodland","Conifer",347,92,5,5,1,5,94,"I-A",196,164,100,0.768627,0.643137,0.392157
58842,2153,565.359987363219,50.8823988626897,"Central Interior and Appalachian Floodplain Systems-Large Floodplains","Riparian",142,-9999,100,59,41,-9999,59,"III-A",48,237,56,0.188235,0.929412,0.219608
58842,2160,21202.0795260966,1908.18715734869,"Ozark-Ouachita Shortleaf Pine-Bluestem Woodland","Hardwood-Conifer",100,1223,2,2,2,1,97,"I-A",68,137,112,0.266667,0.537255,0.439216
58843,11,204.399995431304,18.3959995888174,"Open Water","Open Water",-9999,-9999,-9999,-9999,-9999,-9999,-9999,"-9999",0,0,255,0,0,1
58843,31,0.359999991953373,0.0323999992758036,"Barren-Rock/Sand/Clay","Barren-Rock/Sand/Clay",-9999,-9999,-9999,-9999,-9999,-9999,-9999,"-9999",191,191,191,0.74902,0.74902,0.74902
58843,2132,31999.4792847559,2879.95313562803,"Ozark-Ouachita Dry-Mesic Oak Forest","Hardwood",188,66,15,11,6,17,77,"I-B",115,115,0,0.45098,0.45098,0
58843,2139,4780.75989314169,430.268390382752,"Ozark-Ouachita Mesic Hardwood Forest","Hardwood",316,110,25,19,6,18,76,"I-C",0,135,74,0,0.529412,0.290196
58843,2140,29682.159336552,2671.39434028968,"Ozark-Ouachita Dry Oak Woodland","Hardwood",38,89,6,5,13,5,82,"I-A",97,69,0,0.380392,0.270588,0
58843,2141,5094.87988612056,458.53918975085,"Ozark-Ouachita Shortleaf Pine-Oak Forest and Woodland","Conifer",347,92,5,5,1,5,94,"I-A",196,164,100,0.768627,0.643137,0.392157
58843,2153,583.279986962676,52.4951988266408,"Central Interior and Appalachian Floodplain Systems-Large Floodplains","Riparian",142,-9999,100,59,41,-9999,59,"III-A",48,237,56,0.188235,0.929412,0.219608
58843,2158,122.999997250736,11.0699997525662,"Central Interior and Appalachian Shrub-Herbaceous Wetland Systems","Riparian",17,-9999,-9999,17,100,-9999,-9999,"II-C",240,150,20,0.941176,0.588235,0.078431
58843,2160,20113.6795504242,1810.23115953818,"Ozark-Ouachita Shortleaf Pine-Bluestem Woodland","Hardwood-Conifer",100,1223,2,2,2,1,97,"I-A",68,137,112,0.266667,0.537255,0.439216
58844,11,132.279997043312,11.905199733898,"Open Water","Open Water",-9999,-9999,-9999,-9999,-9999,-9999,-9999,"-9999",0,0,255,0,0,1
58844,2132,2400.35994634777,216.0323951713,"Ozark-Ouachita Dry-Mesic Oak Forest","Hardwood",188,66,15,11,6,17,77,"I-B",115,115,0,0.45098,0.45098,0
58844,2139,130.599997080863,11.7539997372776,"Ozark-Ouachita Mesic Hardwood Forest","Hardwood",316,110,25,19,6,18,76,"I-C",0,135,74,0,0.529412,0.290196
58844,2140,4069.2799090445,366.235191814005,"Ozark-Ouachita Dry Oak Woodland","Hardwood",38,89,6,5,13,5,82,"I-A",97,69,0,0.380392,0.270588,0
58844,2141,974.999978207052,87.7499980386347,"Ozark-Ouachita Shortleaf Pine-Oak Forest and Woodland","Conifer",347,92,5,5,1,5,94,"I-A",196,164,100,0.768627,0.643137,0.392157
58844,2153,1337.75997009873,120.398397308886,"Central Interior and Appalachian Floodplain Systems-Large Floodplains","Riparian",142,-9999,100,59,41,-9999,59,"III-A",48,237,56,0.188235,0.929412,0.219608
58844,2160,2080.71995349228,187.264795814306,"Ozark-Ouachita Shortleaf Pine-Bluestem Woodland","Hardwood-Conifer",100,1223,2,2,2,1,97,"I-A",68,137,112,0.266667,0.537255,0.439216
58845,11,205.439995408058,18.4895995867252,"Open Water","Open Water",-9999,-9999,-9999,-9999,-9999,-9999,-9999,"-9999",0,0,255,0,0,1
58845,31,3.63999991863966,0.327599992677569,"Barren-Rock/Sand/Clay","Barren-Rock/Sand/Clay",-9999,-9999,-9999,-9999,-9999,-9999,-9999,"-9999",191,191,191,0.74902,0.74902,0.74902
58845,2132,8936.439800255,804.27958202295,"Ozark-Ouachita Dry-Mesic Oak Forest","Hardwood",188,66,15,11,6,17,77,"I-B",115,115,0,0.45098,0.45098,0
58845,2139,946.679978840053,85.2011980956048,"Ozark-Ouachita Mesic Hardwood Forest","Hardwood",316,110,25,19,6,18,76,"I-C",0,135,74,0,0.529412,0.290196
58845,2140,5673.91987317801,510.65278858602,"Ozark-Ouachita Dry Oak Woodland","Hardwood",38,89,6,5,13,5,82,"I-A",97,69,0,0.380392,0.270588,0
58845,2141,2084.99995339662,187.649995805696,"Ozark-Ouachita Shortleaf Pine-Oak Forest and Woodland","Conifer",347,92,5,5,1,5,94,"I-A",196,164,100,0.768627,0.643137,0.392157
58845,2153,1248.71997208893,112.384797488004,"Central Interior and Appalachian Floodplain Systems-Large Floodplains","Riparian",142,-9999,100,59,41,-9999,59,"III-A",48,237,56,0.188235,0.929412,0.219608
58845,2160,6293.15985933691,566.384387340322,"Ozark-Ouachita Shortleaf Pine-Bluestem Woodland","Hardwood-Conifer",100,1223,2,2,2,1,97,"I-A",68,137,112,0.266667,0.537255,0.439216
58846,11,46.9999989494681,4.22999990545213,"Open Water","Open Water",-9999,-9999,-9999,-9999,-9999,-9999,-9999,"-9999",0,0,255,0,0,1
58846,2132,2761.71993827075,248.554794444367,"Ozark-Ouachita Dry-Mesic Oak Forest","Hardwood",188,66,15,11,6,17,77,"I-B",115,115,0,0.45098,0.45098,0
58846,2139,440.03999016434,39.6035991147906,"Ozark-Ouachita Mesic Hardwood Forest","Hardwood",316,110,25,19,6,18,76,"I-C",0,135,74,0,0.529412,0.290196
58846,2140,1659.15996291488,149.32439666234,"Ozark-Ouachita Dry Oak Woodland","Hardwood",38,89,6,5,13,5,82,"I-A",97,69,0,0.380392,0.270588,0
58846,2141,1629.83996357024,146.685596721321,"Ozark-Ouachita Shortleaf Pine-Oak Forest and Woodland","Conifer",347,92,5,5,1,5,94,"I-A",196,164,100,0.768627,0.643137,0.392157
58846,2153,237.75999468565,21.3983995217085,"Central Interior and Appalachian Floodplain Systems-Large Floodplains","Riparian",142,-9999,100,59,41,-9999,59,"III-A",48,237,56,0.188235,0.929412,0.219608
58846,2160,13236.4797041416,1191.28317337275,"Ozark-Ouachita Shortleaf Pine-Bluestem Woodland","Hardwood-Conifer",100,1223,2,2,2,1,97,"I-A",68,137,112,0.266667,0.537255,0.439216
58847,11,15.9999996423721,1.43999996781349,"Open Water","Open Water",-9999,-9999,-9999,-9999,-9999,-9999,-9999,"-9999",0,0,255,0,0,1
58847,31,0.359999991953373,0.0323999992758036,"Barren-Rock/Sand/Clay","Barren-Rock/Sand/Clay",-9999,-9999,-9999,-9999,-9999,-9999,-9999,"-9999",191,191,191,0.74902,0.74902,0.74902
58847,2132,22950.2394870222,2065.52155383199,"Ozark-Ouachita Dry-Mesic Oak Forest","Hardwood",188,66,15,11,6,17,77,"I-B",115,115,0,0.45098,0.45098,0
58847,2139,3479.95992221683,313.196392999515,"Ozark-Ouachita Mesic Hardwood Forest","Hardwood",316,110,25,19,6,18,76,"I-C",0,135,74,0,0.529412,0.290196
58847,2140,16718.9596263021,1504.70636636719,"Ozark-Ouachita Dry Oak Woodland","Hardwood",38,89,6,5,13,5,82,"I-A",97,69,0,0.380392,0.270588,0
58847,2141,1605.43996411562,144.489596770406,"Ozark-Ouachita Shortleaf Pine-Oak Forest and Woodland","Conifer",347,92,5,5,1,5,94,"I-A",196,164,100,0.768627,0.643137,0.392157
58847,2153,369.439991742373,33.2495992568135,"Central Interior and Appalachian Floodplain Systems-Large Floodplains","Riparian",142,-9999,100,59,41,-9999,59,"III-A",48,237,56,0.188235,0.929412,0.219608
58847,2160,5408.59987910837,486.773989119753,"Ozark-Ouachita Shortleaf Pine-Bluestem Woodland","Hardwood-Conifer",100,1223,2,2,2,1,97,"I-A",68,137,112,0.266667,0.537255,0.439216
58848,11,163.039996355772,14.6735996720195,"Open Water","Open Water",-9999,-9999,-9999,-9999,-9999,-9999,-9999,"-9999",0,0,255,0,0,1
58848,31,6.99999984353781,0.629999985918403,"Barren-Rock/Sand/Clay","Barren-Rock/Sand/Clay",-9999,-9999,-9999,-9999,-9999,-9999,-9999,"-9999",191,191,191,0.74902,0.74902,0.74902
58848,2132,22243.9595028087,2001.95635525279,"Ozark-Ouachita Dry-Mesic Oak Forest","Hardwood",188,66,15,11,6,17,77,"I-B",115,115,0,0.45098,0.45098,0
58848,2139,6560.43985336274,590.439586802647,"Ozark-Ouachita Mesic Hardwood Forest","Hardwood",316,110,25,19,6,18,76,"I-C",0,135,74,0,0.529412,0.290196
58848,2140,15022.319664225,1352.00876978025,"Ozark-Ouachita Dry Oak Woodland","Hardwood",38,89,6,5,13,5,82,"I-A",97,69,0,0.380392,0.270588,0
58848,2141,5001.63988820463,450.147589938417,"Ozark-Ouachita Shortleaf Pine-Oak Forest and Woodland","Conifer",347,92,5,5,1,5,94,"I-A",196,164,100,0.768627,0.643137,0.392157
58848,2153,218.239995121956,19.641599560976,"Central Interior and Appalachian Floodplain Systems-Large Floodplains","Riparian",142,-9999,100,59,41,-9999,59,"III-A",48,237,56,0.188235,0.929412,0.219608
58848,2158,16.9999996200204,1.52999996580184,"Central Interior and Appalachian Shrub-Herbaceous Wetland Systems","Riparian",17,-9999,-9999,17,100,-9999,-9999,"II-C",240,150,20,0.941176,0.588235,0.078431
58848,2160,23299.3594792187,2096.94235312968,"Ozark-Ouachita Shortleaf Pine-Bluestem Woodland","Hardwood-Conifer",100,1223,2,2,2,1,97,"I-A",68,137,112,0.266667,0.537255,0.439216
58849,2132,18042.3995967209,1623.81596370488,"Ozark-Ouachita Dry-Mesic Oak Forest","Hardwood",188,66,15,11,6,17,77,"I-B",115,115,0,0.45098,0.45098,0
58849,2139,3368.11992471665,303.130793224499,"Ozark-Ouachita Mesic Hardwood Forest","Hardwood",316,110,25,19,6,18,76,"I-C",0,135,74,0,0.529412,0.290196
58849,2140,11925.4797334448,1073.29317601003,"Ozark-Ouachita Dry Oak Woodland","Hardwood",38,89,6,5,13,5,82,"I-A",97,69,0,0.380392,0.270588,0
58849,2141,2271.87994921952,204.469195429757,"Ozark-Ouachita Shortleaf Pine-Oak Forest and Woodland","Conifer",347,92,5,5,1,5,94,"I-A",196,164,100,0.768627,0.643137,0.392157
58849,2153,114.99999742955,10.3499997686595,"Central Interior and Appalachian Floodplain Systems-Large Floodplains","Riparian",142,-9999,100,59,41,-9999,59,"III-A",48,237,56,0.188235,0.929412,0.219608
58849,2160,4223.11990560591,380.080791504532,"Ozark-Ouachita Shortleaf Pine-Bluestem Woodland","Hardwood-Conifer",100,1223,2,2,2,1,97,"I-A",68,137,112,0.266667,0.537255,0.439216
58850,2132,27227.5593914166,2450.4803452275,"Ozark-Ouachita Dry-Mesic Oak Forest","Hardwood",188,66,15,11,6,17,77,"I-B",115,115,0,0.45098,0.45098,0
58850,2139,4550.59989828616,409.553990845755,"Ozark-Ouachita Mesic Hardwood Forest","Hardwood",316,110,25,19,6,18,76,"I-C",0,135,74,0,0.529412,0.290196
58850,2140,14121.1196843684,1270.90077159315,"Ozark-Ouachita Dry Oak Woodland","Hardwood",38,89,6,5,13,5,82,"I-A",97,69,0,0.380392,0.270588,0
58850,2141,4853.75989151001,436.838390235901,"Ozark-Ouachita Shortleaf Pine-Oak Forest and Woodland","Conifer",347,92,5,5,1,5,94,"I-A",196,164,100,0.768627,0.643137,0.392157
58850,2160,15002.9596646577,1350.26636981919,"Ozark-Ouachita Shortleaf Pine-Bluestem Woodland","Hardwood-Conifer",100,1223,2,2,2,1,97,"I-A",68,137,112,0.266667,0.537255,0.439216
58851,2132,17722.7196038663,1595.04476434797,"Ozark-Ouachita Dry-Mesic Oak Forest","Hardwood",188,66,15,11,6,17,77,"I-B",115,115,0,0.45098,0.45098,0
58851,2139,2796.87993748486,251.719194373637,"Ozark-Ouachita Mesic Hardwood Forest","Hardwood",316,110,25,19,6,18,76,"I-C",0,135,74,0,0.529412,0.290196
58851,2140,12066.439730294,1085.97957572646,"Ozark-Ouachita Dry Oak Woodland","Hardwood",38,89,6,5,13,5,82,"I-A",97,69,0,0.380392,0.270588,0
58851,2141,2113.35995276272,190.202395748645,"Ozark-Ouachita Shortleaf Pine-Oak Forest and Woodland","Conifer",347,92,5,5,1,5,94,"I-A",196,164,100,0.768627,0.643137,0.392157
58851,2160,8636.59980695695,777.293982626125,"Ozark-Ouachita Shortleaf Pine-Bluestem Woodland","Hardwood-Conifer",100,1223,2,2,2,1,97,"I-A",68,137,112,0.266667,0.537255,0.439216
58852,11,134.879996985197,12.1391997286677,"Open Water","Open Water",-9999,-9999,-9999,-9999,-9999,-9999,-9999,"-9999",0,0,255,0,0,1
58852,2132,21329.479523249,1919.65315709241,"Ozark-Ouachita Dry-Mesic Oak Forest","Hardwood",188,66,15,11,6,17,77,"I-B",115,115,0,0.45098,0.45098,0
58852,2139,4805.23989259452,432.471590333506,"Ozark-Ouachita Mesic Hardwood Forest","Hardwood",316,110,25,19,6,18,76,"I-C",0,135,74,0,0.529412,0.290196
58852,2140,13453.4796992913,1210.81317293622,"Ozark-Ouachita Dry Oak Woodland","Hardwood",38,89,6,5,13,5,82,"I-A",97,69,0,0.380392,0.270588,0
58852,2141,4028.99990994483,362.609991895035,"Ozark-Ouachita Shortleaf Pine-Oak Forest and Woodland","Conifer",347,92,5,5,1,5,94,"I-A",196,164,100,0.768627,0.643137,0.392157
58852,2160,13408.9197002873,1206.80277302586,"Ozark-Ouachita Shortleaf Pine-Bluestem Woodland","Hardwood-Conifer",100,1223,2,2,2,1,97,"I-A",68,137,112,0.266667,0.537255,0.439216
58853,2132,7470.27983302623,672.325184972361,"Ozark-Ouachita Dry-Mesic Oak Forest","Hardwood",188,66,15,11,6,17,77,"I-B",115,115,0,0.45098,0.45098,0
58853,2139,1178.07997366786,106.027197630107,"Ozark-Ouachita Mesic Hardwood Forest","Hardwood",316,110,25,19,6,18,76,"I-C",0,135,74,0,0.529412,0.290196
58853,2140,4833.51989196241,435.016790276617,"Ozark-Ouachita Dry Oak Woodland","Hardwood",38,89,6,5,13,5,82,"I-A",97,69,0,0.380392,0.270588,0
58853,2141,1267.3999716714,114.065997450426,"Ozark-Ouachita Shortleaf Pine-Oak Forest and Woodland","Conifer",347,92,5,5,1,5,94,"I-A",196,164,100,0.768627,0.643137,0.392157
58853,2160,4852.71989153326,436.744790237993,"Ozark-Ouachita Shortleaf Pine-Bluestem Woodland","Hardwood-Conifer",100,1223,2,2,2,1,97,"I-A",68,137,112,0.266667,0.537255,0.439216
58854,11,129.359997108579,11.6423997397721,"Open Water","Open Water",-9999,-9999,-9999,-9999,-9999,-9999,-9999,"-9999",0,0,255,0,0,1
58854,2132,9124.07979606092,821.167181645483,"Ozark-Ouachita Dry-Mesic Oak Forest","Hardwood",188,66,15,11,6,17,77,"I-B",115,115,0,0.45098,0.45098,0
58854,2139,3008.75993274897,270.788393947408,"Ozark-Ouachita Mesic Hardwood Forest","Hardwood",316,110,25,19,6,18,76,"I-C",0,135,74,0,0.529412,0.290196
58854,2140,5116.59988563508,460.493989707157,"Ozark-Ouachita Dry Oak Woodland","Hardwood",38,89,6,5,13,5,82,"I-A",97,69,0,0.380392,0.270588,0
58854,2141,11079.1597523615,997.124377712533,"Ozark-Ouachita Shortleaf Pine-Oak Forest and Woodland","Conifer",347,92,5,5,1,5,94,"I-A",196,164,100,0.768627,0.643137,0.392157
58854,2160,9913.03977842629,892.173580058366,"Ozark-Ouachita Shortleaf Pine-Bluestem Woodland","Hardwood-Conifer",100,1223,2,2,2,1,97,"I-A",68,137,112,0.266667,0.537255,0.439216
58855,11,6.99999984353781,0.629999985918403,"Open Water","Open Water",-9999,-9999,-9999,-9999,-9999,-9999,-9999,"-9999",0,0,255,0,0,1
58855,2132,3286.55992653966,295.790393388569,"Ozark-Ouachita Dry-Mesic Oak Forest","Hardwood",188,66,15,11,6,17,77,"I-B",115,115,0,0.45098,0.45098,0
58855,2139,277.559993796051,24.9803994416446,"Ozark-Ouachita Mesic Hardwood Forest","Hardwood",316,110,25,19,6,18,76,"I-C",0,135,74,0,0.529412,0.290196
58855,2140,1410.87996846437,126.979197161794,"Ozark-Ouachita Dry Oak Woodland","Hardwood",38,89,6,5,13,5,82,"I-A",97,69,0,0.380392,0.270588,0
58855,2141,13116.159706831,1180.45437361479,"Ozark-Ouachita Shortleaf Pine-Oak Forest and Woodland","Conifer",347,92,5,5,1,5,94,"I-A",196,164,100,0.768627,0.643137,0.392157
58855,2153,120.999997295439,10.8899997565895,"Central Interior and Appalachian Floodplain Systems-Large Floodplains","Riparian",142,-9999,100,59,41,-9999,59,"III-A",48,237,56,0.188235,0.929412,0.219608
58855,2160,4734.83989416808,426.135590475127,"Ozark-Ouachita Shortleaf Pine-Bluestem Woodland","Hardwood-Conifer",100,1223,2,2,2,1,97,"I-A",68,137,112,0.266667,0.537255,0.439216
58856,11,11.9999997317791,1.07999997586012,"Open Water","Open Water",-9999,-9999,-9999,-9999,-9999,-9999,-9999,"-9999",0,0,255,0,0,1
58856,2132,3725.15991673619,335.264392506257,"Ozark-Ouachita Dry-Mesic Oak Forest","Hardwood",188,66,15,11,6,17,77,"I-B",115,115,0,0.45098,0.45098,0
58856,2139,316.399992927909,28.4759993635118,"Ozark-Ouachita Mesic Hardwood Forest","Hardwood",316,110,25,19,6,18,76,"I-C",0,135,74,0,0.529412,0.290196
58856,2140,1392.27996888012,125.305197199211,"Ozark-Ouachita Dry Oak Woodland","Hardwood",38,89,6,5,13,5,82,"I-A",97,69,0,0.380392,0.270588,0
58856,2141,5078.3198864907,457.048789784163,"Ozark-Ouachita Shortleaf Pine-Oak Forest and Woodland","Conifer",347,92,5,5,1,5,94,"I-A",196,164,100,0.768627,0.643137,0.392157
58856,2153,74.3599983379245,6.6923998504132,"Central Interior and Appalachian Floodplain Systems-Large Floodplains","Riparian",142,-9999,100,59,41,-9999,59,"III-A",48,237,56,0.188235,0.929412,0.219608
58856,2160,4116.4799079895,370.483191719055,"Ozark-Ouachita Shortleaf Pine-Bluestem Woodland","Hardwood-Conifer",100,1223,2,2,2,1,97,"I-A",68,137,112,0.266667,0.537255,0.439216
58857,11,274.359993867576,24.6923994480819,"Open Water","Open Water",-9999,-9999,-9999,-9999,-9999,-9999,-9999,"-9999",0,0,255,0,0,1
58857,2132,19591.7995620891,1763.26196058802,"Ozark-Ouachita Dry-Mesic Oak Forest","Hardwood",188,66,15,11,6,17,77,"I-B",115,115,0,0.45098,0.45098,0
58857,2139,238.359994672239,21.4523995205015,"Ozark-Ouachita Mesic Hardwood Forest","Hardwood",316,110,25,19,6,18,76,"I-C",0,135,74,0,0.529412,0.290196
58857,2140,9761.95978180319,878.576380362287,"Ozark-Ouachita Dry Oak Woodland","Hardwood",38,89,6,5,13,5,82,"I-A",97,69,0,0.380392,0.270588,0
58857,2141,56909.4387279749,5121.84948551774,"Ozark-Ouachita Shortleaf Pine-Oak Forest and Woodland","Conifer",347,92,5,5,1,5,94,"I-A",196,164,100,0.768627,0.643137,0.392157
58857,2153,1350.51996981353,121.546797283217,"Central Interior and Appalachian Floodplain Systems-Large Floodplains","Riparian",142,-9999,100,59,41,-9999,59,"III-A",48,237,56,0.188235,0.929412,0.219608
58857,2160,29543.55933965,2658.9203405685,"Ozark-Ouachita Shortleaf Pine-Bluestem Woodland","Hardwood-Conifer",100,1223,2,2,2,1,97,"I-A",68,137,112,0.266667,0.537255,0.439216
58858,11,344.119992308319,30.9707993077487,"Open Water","Open Water",-9999,-9999,-9999,-9999,-9999,-9999,-9999,"-9999",0,0,255,0,0,1
58858,2132,4848.9598916173,436.406390245557,"Ozark-Ouachita Dry-Mesic Oak Forest","Hardwood",188,66,15,11,6,17,77,"I-B",115,115,0,0.45098,0.45098,0
58858,2139,522.839988313615,47.0555989482254,"Ozark-Ouachita Mesic Hardwood Forest","Hardwood",316,110,25,19,6,18,76,"I-C",0,135,74,0,0.529412,0.290196
58858,2140,3235.91992767155,291.23279349044,"Ozark-Ouachita Dry Oak Woodland","Hardwood",38,89,6,5,13,5,82,"I-A",97,69,0,0.380392,0.270588,0
58858,2141,16136.5196393207,1452.28676753886,"Ozark-Ouachita Shortleaf Pine-Oak Forest and Woodland","Conifer",347,92,5,5,1,5,94,"I-A",196,164,100,0.768627,0.643137,0.392157
58858,2160,8835.63980250806,795.207582225725,"Ozark-Ouachita Shortleaf Pine-Bluestem Woodland","Hardwood-Conifer",100,1223,2,2,2,1,97,"I-A",68,137,112,0.266667,0.537255,0.439216
58860,11,17.5999996066093,1.58399996459484,"Open Water","Open Water",-9999,-9999,-9999,-9999,-9999,-9999,-9999,"-9999",0,0,255,0,0,1
58860,2132,4221.91990563273,379.972791506946,"Ozark-Ouachita Dry-Mesic Oak Forest","Hardwood",188,66,15,11,6,17,77,"I-B",115,115,0,0.45098,0.45098,0
58860,2139,130.91999707371,11.7827997366339,"Ozark-Ouachita Mesic Hardwood Forest","Hardwood",316,110,25,19,6,18,76,"I-C",0,135,74,0,0.529412,0.290196
58860,2140,3809.11991485953,342.820792337358,"Ozark-Ouachita Dry Oak Woodland","Hardwood",38,89,6,5,13,5,82,"I-A",97,69,0,0.380392,0.270588,0
58860,2141,14508.9996756986,1305.80997081287,"Ozark-Ouachita Shortleaf Pine-Oak Forest and Woodland","Conifer",347,92,5,5,1,5,94,"I-A",196,164,100,0.768627,0.643137,0.392157
58860,2153,69.6399984434247,6.26759985990822,"Central Interior and Appalachian Floodplain Systems-Large Floodplains","Riparian",142,-9999,100,59,41,-9999,59,"III-A",48,237,56,0.188235,0.929412,0.219608
58860,2160,7415.79983424395,667.421985081956,"Ozark-Ouachita Shortleaf Pine-Bluestem Woodland","Hardwood-Conifer",100,1223,2,2,2,1,97,"I-A",68,137,112,0.266667,0.537255,0.439216
58862,11,621.239986114204,55.9115987502784,"Open Water","Open Water",-9999,-9999,-9999,-9999,-9999,-9999,-9999,"-9999",0,0,255,0,0,1
58862,31,7.99999982118607,0.719999983906746,"Barren-Rock/Sand/Clay","Barren-Rock/Sand/Clay",-9999,-9999,-9999,-9999,-9999,-9999,-9999,"-9999",191,191,191,0.74902,0.74902,0.74902
58862,2132,6019.99986544251,541.799987889826,"Ozark-Ouachita Dry-Mesic Oak Forest","Hardwood",188,66,15,11,6,17,77,"I-B",115,115,0,0.45098,0.45098,0
58862,2139,130.91999707371,11.7827997366339,"Ozark-Ouachita Mesic Hardwood Forest","Hardwood",316,110,25,19,6,18,76,"I-C",0,135,74,0,0.529412,0.290196
58862,2140,5663.7998734042,509.741988606378,"Ozark-Ouachita Dry Oak Woodland","Hardwood",38,89,6,5,13,5,82,"I-A",97,69,0,0.380392,0.270588,0
58862,2141,12368.8397235349,1113.19557511814,"Ozark-Ouachita Shortleaf Pine-Oak Forest and Woodland","Conifer",347,92,5,5,1,5,94,"I-A",196,164,100,0.768627,0.643137,0.392157
58862,2153,489.639989055693,44.0675990150124,"Central Interior and Appalachian Floodplain Systems-Large Floodplains","Riparian",142,-9999,100,59,41,-9999,59,"III-A",48,237,56,0.188235,0.929412,0.219608
58862,2160,6843.55984703451,615.920386233106,"Ozark-Ouachita Shortleaf Pine-Bluestem Woodland","Hardwood-Conifer",100,1223,2,2,2,1,97,"I-A",68,137,112,0.266667,0.537255,0.439216
58863,11,634.119985826313,57.0707987243682,"Open Water","Open Water",-9999,-9999,-9999,-9999,-9999,-9999,-9999,"-9999",0,0,255,0,0,1
58863,2132,7978.23982167244,718.04158395052,"Ozark-Ouachita Dry-Mesic Oak Forest","Hardwood",188,66,15,11,6,17,77,"I-B",115,115,0,0.45098,0.45098,0
58863,2139,1884.95995786786,169.646396208107,"Ozark-Ouachita Mesic Hardwood Forest","Hardwood",316,110,25,19,6,18,76,"I-C",0,135,74,0,0.529412,0.290196
58863,2140,3970.43991125375,357.339592012838,"Ozark-Ouachita Dry Oak Woodland","Hardwood",38,89,6,5,13,5,82,"I-A",97,69,0,0.380392,0.270588,0
58863,2141,6010.83986564726,540.975587908253,"Ozark-Ouachita Shortleaf Pine-Oak Forest and Woodland","Conifer",347,92,5,5,1,5,94,"I-A",196,164,100,0.768627,0.643137,0.392157
58863,2153,122.999997250736,11.0699997525662,"Central Interior and Appalachian Floodplain Systems-Large Floodplains","Riparian",142,-9999,100,59,41,-9999,59,"III-A",48,237,56,0.188235,0.929412,0.219608
58863,2160,15049.3996636197,1354.44596972577,"Ozark-Ouachita Shortleaf Pine-Bluestem Woodland","Hardwood-Conifer",100,1223,2,2,2,1,97,"I-A",68,137,112,0.266667,0.537255,0.439216
58916,11,243.839994549751,21.9455995094776,"Open Water","Open Water",-9999,-9999,-9999,-9999,-9999,-9999,-9999,"-9999",0,0,255,0,0,1
58916,2132,2280.39994902909,205.235995412618,"Ozark-Ouachita Dry-Mesic Oak Forest","Hardwood",188,66,15,11,6,17,77,"I-B",115,115,0,0.45098,0.45098,0
58916,2140,1220.95997270942,109.886397543848,"Ozark-Ouachita Dry Oak Woodland","Hardwood",38,89,6,5,13,5,82,"I-A",97,69,0,0.380392,0.270588,0
58916,2141,1667.47996272892,150.073196645603,"Ozark-Ouachita Shortleaf Pine-Oak Forest and Woodland","Conifer",347,92,5,5,1,5,94,"I-A",196,164,100,0.768627,0.643137,0.392157
58916,2153,305.67999316752,27.5111993850768,"Central Interior and Appalachian Floodplain Systems-Large Floodplains","Riparian",142,-9999,100,59,41,-9999,59,"III-A",48,237,56,0.188235,0.929412,0.219608
58916,2160,19410.6395661384,1746.95756095245,"Ozark-Ouachita Shortleaf Pine-Bluestem Woodland","Hardwood-Conifer",100,1223,2,2,2,1,97,"I-A",68,137,112,0.266667,0.537255,0.439216
58919,11,942.87997892499,84.8591981032491,"Open Water","Open Water",-9999,-9999,-9999,-9999,-9999,-9999,-9999,"-9999",0,0,255,0,0,1
58919,2132,3301.15992621332,297.104393359199,"Ozark-Ouachita Dry-Mesic Oak Forest","Hardwood",188,66,15,11,6,17,77,"I-B",115,115,0,0.45098,0.45098,0
58919,2139,192.999995686114,17.3699996117502,"Ozark-Ouachita Mesic Hardwood Forest","Hardwood",316,110,25,19,6,18,76,"I-C",0,135,74,0,0.529412,0.290196
58919,2140,1070.67997606844,96.3611978461593,"Ozark-Ouachita Dry Oak Woodland","Hardwood",38,89,6,5,13,5,82,"I-A",97,69,0,0.380392,0.270588,0
58919,2141,2811.279937163,253.01519434467,"Ozark-Ouachita Shortleaf Pine-Oak Forest and Woodland","Conifer",347,92,5,5,1,5,94,"I-A",196,164,100,0.768627,0.643137,0.392157
58919,2153,368.67999175936,33.1811992583424,"Central Interior and Appalachian Floodplain Systems-Large Floodplains","Riparian",142,-9999,100,59,41,-9999,59,"III-A",48,237,56,0.188235,0.929412,0.219608
58919,2160,5860.31986901164,527.428788211048,"Ozark-Ouachita Shortleaf Pine-Bluestem Woodland","Hardwood-Conifer",100,1223,2,2,2,1,97,"I-A",68,137,112,0.266667,0.537255,0.439216
58920,11,22118.7595056072,1990.68835550465,"Open Water","Open Water",-9999,-9999,-9999,-9999,-9999,-9999,-9999,"-9999",0,0,255,0,0,1
58920,2132,226.719994932413,20.4047995439172,"Ozark-Ouachita Dry-Mesic Oak Forest","Hardwood",188,66,15,11,6,17,77,"I-B",115,115,0,0.45098,0.45098,0
58920,2140,149.799996651709,13.4819996986538,"Ozark-Ouachita Dry Oak Woodland","Hardwood",38,89,6,5,13,5,82,"I-A",97,69,0,0.380392,0.270588,0
58920,2141,76.1999982967973,6.85799984671175,"Ozark-Ouachita Shortleaf Pine-Oak Forest and Woodland","Conifer",347,92,5,5,1,5,94,"I-A",196,164,100,0.768627,0.643137,0.392157
58920,2153,3240.43992757052,291.639593481347,"Central Interior and Appalachian Floodplain Systems-Large Floodplains","Riparian",142,-9999,100,59,41,-9999,59,"III-A",48,237,56,0.188235,0.929412,0.219608
58920,2160,116.07999740541,10.4471997664869,"Ozark-Ouachita Shortleaf Pine-Bluestem Woodland","Hardwood-Conifer",100,1223,2,2,2,1,97,"I-A",68,137,112,0.266667,0.537255,0.439216
58921,11,292.79999345541,26.3519994109869,"Open Water","Open Water",-9999,-9999,-9999,-9999,-9999,-9999,-9999,"-9999",0,0,255,0,0,1
58921,2132,8189.43981695175,737.049583525658,"Ozark-Ouachita Dry-Mesic Oak Forest","Hardwood",188,66,15,11,6,17,77,"I-B",115,115,0,0.45098,0.45098,0
58921,2139,1.99999995529652,0.179999995976686,"Ozark-Ouachita Mesic Hardwood Forest","Hardwood",316,110,25,19,6,18,76,"I-C",0,135,74,0,0.529412,0.290196
58921,2140,5477.31987757236,492.958788981512,"Ozark-Ouachita Dry Oak Woodland","Hardwood",38,89,6,5,13,5,82,"I-A",97,69,0,0.380392,0.270588,0
58921,2141,3418.11992359906,307.630793123916,"Ozark-Ouachita Shortleaf Pine-Oak Forest and Woodland","Conifer",347,92,5,5,1,5,94,"I-A",196,164,100,0.768627,0.643137,0.392157
58921,2153,5039.35988736153,453.542389862537,"Central Interior and Appalachian Floodplain Systems-Large Floodplains","Riparian",142,-9999,100,59,41,-9999,59,"III-A",48,237,56,0.188235,0.929412,0.219608
58921,2160,57561.9587133899,5180.57628420509,"Ozark-Ouachita Shortleaf Pine-Bluestem Woodland","Hardwood-Conifer",100,1223,2,2,2,1,97,"I-A",68,137,112,0.266667,0.537255,0.439216
58922,11,352.399992123246,31.7159992910922,"Open Water","Open Water",-9999,-9999,-9999,-9999,-9999,-9999,-9999,"-9999",0,0,255,0,0,1
58922,31,9.99999977648258,0.899999979883432,"Barren-Rock/Sand/Clay","Barren-Rock/Sand/Clay",-9999,-9999,-9999,-9999,-9999,-9999,-9999,"-9999",191,191,191,0.74902,0.74902,0.74902
58922,2132,9047.51979777217,814.276781799495,"Ozark-Ouachita Dry-Mesic Oak Forest","Hardwood",188,66,15,11,6,17,77,"I-B",115,115,0,0.45098,0.45098,0
58922,2139,74.4399983361363,6.69959985025227,"Ozark-Ouachita Mesic Hardwood Forest","Hardwood",316,110,25,19,6,18,76,"I-C",0,135,74,0,0.529412,0.290196
58922,2140,5809.27987015247,522.835188313723,"Ozark-Ouachita Dry Oak Woodland","Hardwood",38,89,6,5,13,5,82,"I-A",97,69,0,0.380392,0.270588,0
58922,2141,6633.7198517248,597.034786655232,"Ozark-Ouachita Shortleaf Pine-Oak Forest and Woodland","Conifer",347,92,5,5,1,5,94,"I-A",196,164,100,0.768627,0.643137,0.392157
58922,2153,2825.59993684292,254.303994315863,"Central Interior and Appalachian Floodplain Systems-Large Floodplains","Riparian",142,-9999,100,59,41,-9999,59,"III-A",48,237,56,0.188235,0.929412,0.219608
58922,2160,48343.0389194489,4350.8735027504,"Ozark-Ouachita Shortleaf Pine-Bluestem Woodland","Hardwood-Conifer",100,1223,2,2,2,1,97,"I-A",68,137,112,0.266667,0.537255,0.439216
58923,11,53.9999987930059,4.85999989137053,"Open Water","Open Water",-9999,-9999,-9999,-9999,-9999,-9999,-9999,"-9999",0,0,255,0,0,1
58923,31,7.99999982118607,0.719999983906746,"Barren-Rock/Sand/Clay","Barren-Rock/Sand/Clay",-9999,-9999,-9999,-9999,-9999,-9999,-9999,"-9999",191,191,191,0.74902,0.74902,0.74902
58923,2132,4397.15990171582,395.744391154423,"Ozark-Ouachita Dry-Mesic Oak Forest","Hardwood",188,66,15,11,6,17,77,"I-B",115,115,0,0.45098,0.45098,0
58923,2139,84.5599981099367,7.6103998298943,"Ozark-Ouachita Mesic Hardwood Forest","Hardwood",316,110,25,19,6,18,76,"I-C",0,135,74,0,0.529412,0.290196
58923,2140,2267.91994930804,204.112795437723,"Ozark-Ouachita Dry Oak Woodland","Hardwood",38,89,6,5,13,5,82,"I-A",97,69,0,0.380392,0.270588,0
58923,2141,5618.35987441987,505.652388697788,"Ozark-Ouachita Shortleaf Pine-Oak Forest and Woodland","Conifer",347,92,5,5,1,5,94,"I-A",196,164,100,0.768627,0.643137,0.392157
58923,2153,1690.47996221483,152.143196599334,"Central Interior and Appalachian Floodplain Systems-Large Floodplains","Riparian",142,-9999,100,59,41,-9999,59,"III-A",48,237,56,0.188235,0.929412,0.219608
58923,2160,33909.5192420632,3051.85673178569,"Ozark-Ouachita Shortleaf Pine-Bluestem Woodland","Hardwood-Conifer",100,1223,2,2,2,1,97,"I-A",68,137,112,0.266667,0.537255,0.439216
58924,11,186.399995833635,16.7759996250272,"Open Water","Open Water",-9999,-9999,-9999,-9999,-9999,-9999,-9999,"-9999",0,0,255,0,0,1
58924,2132,38489.9191396832,3464.09272257149,"Ozark-Ouachita Dry-Mesic Oak Forest","Hardwood",188,66,15,11,6,17,77,"I-B",115,115,0,0.45098,0.45098,0
58924,2139,8614.19980745763,775.277982671186,"Ozark-Ouachita Mesic Hardwood Forest","Hardwood",316,110,25,19,6,18,76,"I-C",0,135,74,0,0.529412,0.290196
58924,2140,37916.4391525015,3412.47952372514,"Ozark-Ouachita Dry Oak Woodland","Hardwood",38,89,6,5,13,5,82,"I-A",97,69,0,0.380392,0.270588,0
58924,2141,12925.7597110868,1163.31837399781,"Ozark-Ouachita Shortleaf Pine-Oak Forest and Woodland","Conifer",347,92,5,5,1,5,94,"I-A",196,164,100,0.768627,0.643137,0.392157
58924,2153,1985.31995562464,178.678796006218,"Central Interior and Appalachian Floodplain Systems-Large Floodplains","Riparian",142,-9999,100,59,41,-9999,59,"III-A",48,237,56,0.188235,0.929412,0.219608
58924,2160,24864.9594442248,2237.84634998024,"Ozark-Ouachita Shortleaf Pine-Bluestem Woodland","Hardwood-Conifer",100,1223,2,2,2,1,97,"I-A",68,137,112,0.266667,0.537255,0.439216
58925,11,126.319997176528,11.3687997458875,"Open Water","Open Water",-9999,-9999,-9999,-9999,-9999,-9999,-9999,"-9999",0,0,255,0,0,1
58925,2132,3329.359925583,299.64239330247,"Ozark-Ouachita Dry-Mesic Oak Forest","Hardwood",188,66,15,11,6,17,77,"I-B",115,115,0,0.45098,0.45098,0
58925,2139,158.23999646306,14.2415996816754,"Ozark-Ouachita Mesic Hardwood Forest","Hardwood",316,110,25,19,6,18,76,"I-C",0,135,74,0,0.529412,0.290196
58925,2140,1866.11995828897,167.950796246007,"Ozark-Ouachita Dry Oak Woodland","Hardwood",38,89,6,5,13,5,82,"I-A",97,69,0,0.380392,0.270588,0
58925,2141,1816.23995940387,163.461596346349,"Ozark-Ouachita Shortleaf Pine-Oak Forest and Woodland","Conifer",347,92,5,5,1,5,94,"I-A",196,164,100,0.768627,0.643137,0.392157
58925,2153,1146.95997436345,103.22639769271,"Central Interior and Appalachian Floodplain Systems-Large Floodplains","Riparian",142,-9999,100,59,41,-9999,59,"III-A",48,237,56,0.188235,0.929412,0.219608
58925,2160,20619.7595391124,1855.77835852012,"Ozark-Ouachita Shortleaf Pine-Bluestem Woodland","Hardwood-Conifer",100,1223,2,2,2,1,97,"I-A",68,137,112,0.266667,0.537255,0.439216
58926,11,5.59999987483025,0.503999988734722,"Open Water","Open Water",-9999,-9999,-9999,-9999,-9999,-9999,-9999,"-9999",0,0,255,0,0,1
58926,2132,12391.4797230288,1115.2331750726,"Ozark-Ouachita Dry-Mesic Oak Forest","Hardwood",188,66,15,11,6,17,77,"I-B",115,115,0,0.45098,0.45098,0
58926,2139,2177.11995133758,195.940795620382,"Ozark-Ouachita Mesic Hardwood Forest","Hardwood",316,110,25,19,6,18,76,"I-C",0,135,74,0,0.529412,0.290196
58926,2140,11342.9597464651,1020.86637718186,"Ozark-Ouachita Dry Oak Woodland","Hardwood",38,89,6,5,13,5,82,"I-A",97,69,0,0.380392,0.270588,0
58926,2141,3569.79992020875,321.281992818788,"Ozark-Ouachita Shortleaf Pine-Oak Forest and Woodland","Conifer",347,92,5,5,1,5,94,"I-A",196,164,100,0.768627,0.643137,0.392157
58926,2153,227.799994908273,20.5019995417446,"Central Interior and Appalachian Floodplain Systems-Large Floodplains","Riparian",142,-9999,100,59,41,-9999,59,"III-A",48,237,56,0.188235,0.929412,0.219608
58926,2160,6822.23984751105,614.001586275995,"Ozark-Ouachita Shortleaf Pine-Bluestem Woodland","Hardwood-Conifer",100,1223,2,2,2,1,97,"I-A",68,137,112,0.266667,0.537255,0.439216
58927,2132,23593.4794726446,2123.41315253802,"Ozark-Ouachita Dry-Mesic Oak Forest","Hardwood",188,66,15,11,6,17,77,"I-B",115,115,0,0.45098,0.45098,0
58927,2139,5273.99988211691,474.659989390522,"Ozark-Ouachita Mesic Hardwood Forest","Hardwood",316,110,25,19,6,18,76,"I-C",0,135,74,0,0.529412,0.290196
58927,2140,14619.9196732193,1315.79277058974,"Ozark-Ouachita Dry Oak Woodland","Hardwood",38,89,6,5,13,5,82,"I-A",97,69,0,0.380392,0.270588,0
58927,2141,10168.1597727239,915.134379545152,"Ozark-Ouachita Shortleaf Pine-Oak Forest and Woodland","Conifer",347,92,5,5,1,5,94,"I-A",196,164,100,0.768627,0.643137,0.392157
58927,2153,128.399997130036,11.5559997417033,"Central Interior and Appalachian Floodplain Systems-Large Floodplains","Riparian",142,-9999,100,59,41,-9999,59,"III-A",48,237,56,0.188235,0.929412,0.219608
58927,2158,68.9999984577298,6.20999986119568,"Central Interior and Appalachian Shrub-Herbaceous Wetland Systems","Riparian",17,-9999,-9999,17,100,-9999,-9999,"II-C",240,150,20,0.941176,0.588235,0.078431
58927,2160,25049.0394401103,2254.41354960993,"Ozark-Ouachita Shortleaf Pine-Bluestem Woodland","Hardwood-Conifer",100,1223,2,2,2,1,97,"I-A",68,137,112,0.266667,0.537255,0.439216
58928,11,338.639992430806,30.4775993187726,"Open Water","Open Water",-9999,-9999,-9999,-9999,-9999,-9999,-9999,"-9999",0,0,255,0,0,1
58928,2132,12177.9597278014,1096.01637550212,"Ozark-Ouachita Dry-Mesic Oak Forest","Hardwood",188,66,15,11,6,17,77,"I-B",115,115,0,0.45098,0.45098,0
58928,2139,2224.79995027184,200.231995524466,"Ozark-Ouachita Mesic Hardwood Forest","Hardwood",316,110,25,19,6,18,76,"I-C",0,135,74,0,0.529412,0.290196
58928,2140,11006.3997539878,990.575977858901,"Ozark-Ouachita Dry Oak Woodland","Hardwood",38,89,6,5,13,5,82,"I-A",97,69,0,0.380392,0.270588,0
58928,2141,9126.75979600102,821.408381640092,"Ozark-Ouachita Shortleaf Pine-Oak Forest and Woodland","Conifer",347,92,5,5,1,5,94,"I-A",196,164,100,0.768627,0.643137,0.392157
58928,2153,1939.1599566564,174.524396099076,"Central Interior and Appalachian Floodplain Systems-Large Floodplains","Riparian",142,-9999,100,59,41,-9999,59,"III-A",48,237,56,0.188235,0.929412,0.219608
58928,2160,15458.2796544805,1391.24516890325,"Ozark-Ouachita Shortleaf Pine-Bluestem Woodland","Hardwood-Conifer",100,1223,2,2,2,1,97,"I-A",68,137,112,0.266667,0.537255,0.439216
58929,11,27.4399993866682,2.46959994480014,"Open Water","Open Water",-9999,-9999,-9999,-9999,-9999,-9999,-9999,"-9999",0,0,255,0,0,1
58929,2132,6076.79986417294,546.911987775564,"Ozark-Ouachita Dry-Mesic Oak Forest","Hardwood",188,66,15,11,6,17,77,"I-B",115,115,0,0.45098,0.45098,0
58929,2139,557.559987537563,50.1803988783807,"Ozark-Ouachita Mesic Hardwood Forest","Hardwood",316,110,25,19,6,18,76,"I-C",0,135,74,0,0.529412,0.290196
58929,2140,9408.27978970855,846.74518107377,"Ozark-Ouachita Dry Oak Woodland","Hardwood",38,89,6,5,13,5,82,"I-A",97,69,0,0.380392,0.270588,0
58929,2141,2945.71993415803,265.114794074222,"Ozark-Ouachita Shortleaf Pine-Oak Forest and Woodland","Conifer",347,92,5,5,1,5,94,"I-A",196,164,100,0.768627,0.643137,0.392157
58929,2153,1090.51997562498,98.1467978062481,"Central Interior and Appalachian Floodplain Systems-Large Floodplains","Riparian",142,-9999,100,59,41,-9999,59,"III-A",48,237,56,0.188235,0.929412,0.219608
58929,2160,8677.67980603874,780.991182543486,"Ozark-Ouachita Shortleaf Pine-Bluestem Woodland","Hardwood-Conifer",100,1223,2,2,2,1,97,"I-A",68,137,112,0.266667,0.537255,0.439216
58930,11,1.99999995529652,0.179999995976686,"Open Water","Open Water",-9999,-9999,-9999,-9999,-9999,-9999,-9999,"-9999",0,0,255,0,0,1
58930,2132,5675.67987313867,510.81118858248,"Ozark-Ouachita Dry-Mesic Oak Forest","Hardwood",188,66,15,11,6,17,77,"I-B",115,115,0,0.45098,0.45098,0
58930,2139,1044.35997665673,93.9923978991062,"Ozark-Ouachita Mesic Hardwood Forest","Hardwood",316,110,25,19,6,18,76,"I-C",0,135,74,0,0.529412,0.290196
58930,2140,4124.07990781963,371.167191703767,"Ozark-Ouachita Dry Oak Woodland","Hardwood",38,89,6,5,13,5,82,"I-A",97,69,0,0.380392,0.270588,0
58930,2141,5185.03988410532,466.653589569479,"Ozark-Ouachita Shortleaf Pine-Oak Forest and Woodland","Conifer",347,92,5,5,1,5,94,"I-A",196,164,100,0.768627,0.643137,0.392157
58930,2160,9608.83978522569,864.795580670312,"Ozark-Ouachita Shortleaf Pine-Bluestem Woodland","Hardwood-Conifer",100,1223,2,2,2,1,97,"I-A",68,137,112,0.266667,0.537255,0.439216
58931,11,12.9999997094274,1.16999997384846,"Open Water","Open Water",-9999,-9999,-9999,-9999,-9999,-9999,-9999,"-9999",0,0,255,0,0,1
58931,2132,7297.95983687788,656.816385319009,"Ozark-Ouachita Dry-Mesic Oak Forest","Hardwood",188,66,15,11,6,17,77,"I-B",115,115,0,0.45098,0.45098,0
58931,2139,350.319992169738,31.5287992952764,"Ozark-Ouachita Mesic Hardwood Forest","Hardwood",316,110,25,19,6,18,76,"I-C",0,135,74,0,0.529412,0.290196
58931,2140,13200.1197049543,1188.01077344589,"Ozark-Ouachita Dry Oak Woodland","Hardwood",38,89,6,5,13,5,82,"I-A",97,69,0,0.380392,0.270588,0
58931,2141,1228.79997253418,110.591997528076,"Ozark-Ouachita Shortleaf Pine-Oak Forest and Woodland","Conifer",347,92,5,5,1,5,94,"I-A",196,164,100,0.768627,0.643137,0.392157
58931,2153,147.159996710718,13.2443997039646,"Central Interior and Appalachian Floodplain Systems-Large Floodplains","Riparian",142,-9999,100,59,41,-9999,59,"III-A",48,237,56,0.188235,0.929412,0.219608
58931,2160,3762.63991589844,338.63759243086,"Ozark-Ouachita Shortleaf Pine-Bluestem Woodland","Hardwood-Conifer",100,1223,2,2,2,1,97,"I-A",68,137,112,0.266667,0.537255,0.439216
58932,11,6.99999984353781,0.629999985918403,"Open Water","Open Water",-9999,-9999,-9999,-9999,-9999,-9999,-9999,"-9999",0,0,255,0,0,1
58932,31,1.63999996334314,0.147599996700883,"Barren-Rock/Sand/Clay","Barren-Rock/Sand/Clay",-9999,-9999,-9999,-9999,-9999,-9999,-9999,"-9999",191,191,191,0.74902,0.74902,0.74902
58932,2132,29727.1993355453,2675.44794019908,"Ozark-Ouachita Dry-Mesic Oak Forest","Hardwood",188,66,15,11,6,17,77,"I-B",115,115,0,0.45098,0.45098,0
58932,2139,5789.27987059951,521.035188353956,"Ozark-Ouachita Mesic Hardwood Forest","Hardwood",316,110,25,19,6,18,76,"I-C",0,135,74,0,0.529412,0.290196
58932,2140,26836.6794001535,2415.30114601381,"Ozark-Ouachita Dry Oak Woodland","Hardwood",38,89,6,5,13,5,82,"I-A",97,69,0,0.380392,0.270588,0
58932,2141,142.51999681443,12.8267997132987,"Ozark-Ouachita Shortleaf Pine-Oak Forest and Woodland","Conifer",347,92,5,5,1,5,94,"I-A",196,164,100,0.768627,0.643137,0.392157
58932,2153,786.359982423484,70.7723984181136,"Central Interior and Appalachian Floodplain Systems-Large Floodplains","Riparian",142,-9999,100,59,41,-9999,59,"III-A",48,237,56,0.188235,0.929412,0.219608
58932,2160,989.319977886975,89.0387980098277,"Ozark-Ouachita Shortleaf Pine-Bluestem Woodland","Hardwood-Conifer",100,1223,2,2,2,1,97,"I-A",68,137,112,0.266667,0.537255,0.439216
58933,11,14.9999996647239,1.34999996982515,"Open Water","Open Water",-9999,-9999,-9999,-9999,-9999,-9999,-9999,"-9999",0,0,255,0,0,1
58933,2132,3526.47992117703,317.383192905933,"Ozark-Ouachita Dry-Mesic Oak Forest","Hardwood",188,66,15,11,6,17,77,"I-B",115,115,0,0.45098,0.45098,0
58933,2139,76.4399982914329,6.87959984622896,"Ozark-Ouachita Mesic Hardwood Forest","Hardwood",316,110,25,19,6,18,76,"I-C",0,135,74,0,0.529412,0.290196
58933,2140,7954.07982221246,715.867183999121,"Ozark-Ouachita Dry Oak Woodland","Hardwood",38,89,6,5,13,5,82,"I-A",97,69,0,0.380392,0.270588,0
58933,2153,8.99999979883432,0.809999981895089,"Central Interior and Appalachian Floodplain Systems-Large Floodplains","Riparian",142,-9999,100,59,41,-9999,59,"III-A",48,237,56,0.188235,0.929412,0.219608
58934,11,7.99999982118607,0.719999983906746,"Open Water","Open Water",-9999,-9999,-9999,-9999,-9999,-9999,-9999,"-9999",0,0,255,0,0,1
58934,2132,31580.7992941141,2842.27193647027,"Ozark-Ouachita Dry-Mesic Oak Forest","Hardwood",188,66,15,11,6,17,77,"I-B",115,115,0,0.45098,0.45098,0
58934,2139,6381.67985735834,574.35118716225,"Ozark-Ouachita Mesic Hardwood Forest","Hardwood",316,110,25,19,6,18,76,"I-C",0,135,74,0,0.529412,0.290196
58934,2140,26267.1994128823,2364.04794715941,"Ozark-Ouachita Dry Oak Woodland","Hardwood",38,89,6,5,13,5,82,"I-A",97,69,0,0.380392,0.270588,0
58934,2141,390.359991274774,35.1323992147297,"Ozark-Ouachita Shortleaf Pine-Oak Forest and Woodland","Conifer",347,92,5,5,1,5,94,"I-A",196,164,100,0.768627,0.643137,0.392157
58934,2153,217.759995132685,19.5983995619416,"Central Interior and Appalachian Floodplain Systems-Large Floodplains","Riparian",142,-9999,100,59,41,-9999,59,"III-A",48,237,56,0.188235,0.929412,0.219608
58934,2160,1003.19997757673,90.2879979819059,"Ozark-Ouachita Shortleaf Pine-Bluestem Woodland","Hardwood-Conifer",100,1223,2,2,2,1,97,"I-A",68,137,112,0.266667,0.537255,0.439216
58935,11,1.99999995529652,0.179999995976686,"Open Water","Open Water",-9999,-9999,-9999,-9999,-9999,-9999,-9999,"-9999",0,0,255,0,0,1
58935,2132,13227.7197043374,1190.49477339037,"Ozark-Ouachita Dry-Mesic Oak Forest","Hardwood",188,66,15,11,6,17,77,"I-B",115,115,0,0.45098,0.45098,0
58935,2139,3080.15993115306,277.214393803775,"Ozark-Ouachita Mesic Hardwood Forest","Hardwood",316,110,25,19,6,18,76,"I-C",0,135,74,0,0.529412,0.290196
58935,2140,8033.79982043058,723.041983838752,"Ozark-Ouachita Dry Oak Woodland","Hardwood",38,89,6,5,13,5,82,"I-A",97,69,0,0.380392,0.270588,0
58935,2141,602.559986531734,54.2303987878561,"Ozark-Ouachita Shortleaf Pine-Oak Forest and Woodland","Conifer",347,92,5,5,1,5,94,"I-A",196,164,100,0.768627,0.643137,0.392157
58935,2153,363.239991880953,32.6915992692858,"Central Interior and Appalachian Floodplain Systems-Large Floodplains","Riparian",142,-9999,100,59,41,-9999,59,"III-A",48,237,56,0.188235,0.929412,0.219608
58935,2160,2042.51995434612,183.826795891151,"Ozark-Ouachita Shortleaf Pine-Bluestem Woodland","Hardwood-Conifer",100,1223,2,2,2,1,97,"I-A",68,137,112,0.266667,0.537255,0.439216
58936,2132,14909.3196667507,1341.83877000757,"Ozark-Ouachita Dry-Mesic Oak Forest","Hardwood",188,66,15,11,6,17,77,"I-B",115,115,0,0.45098,0.45098,0
58936,2139,3611.39991927892,325.025992735103,"Ozark-Ouachita Mesic Hardwood Forest","Hardwood",316,110,25,19,6,18,76,"I-C",0,135,74,0,0.529412,0.290196
58936,2140,9051.91979767382,814.672781790644,"Ozark-Ouachita Dry Oak Woodland","Hardwood",38,89,6,5,13,5,82,"I-A",97,69,0,0.380392,0.270588,0
58936,2141,3073.95993129164,276.656393816248,"Ozark-Ouachita Shortleaf Pine-Oak Forest and Woodland","Conifer",347,92,5,5,1,5,94,"I-A",196,164,100,0.768627,0.643137,0.392157
58936,2160,6350.3998580575,571.535987225175,"Ozark-Ouachita Shortleaf Pine-Bluestem Woodland","Hardwood-Conifer",100,1223,2,2,2,1,97,"I-A",68,137,112,0.266667,0.537255,0.439216
58937,11,5.99999986588955,0.539999987930059,"Open Water","Open Water",-9999,-9999,-9999,-9999,-9999,-9999,-9999,"-9999",0,0,255,0,0,1
58937,2132,7552.59983118623,679.733984806761,"Ozark-Ouachita Dry-Mesic Oak Forest","Hardwood",188,66,15,11,6,17,77,"I-B",115,115,0,0.45098,0.45098,0
58937,2139,2176.39995135367,195.87599562183,"Ozark-Ouachita Mesic Hardwood Forest","Hardwood",316,110,25,19,6,18,76,"I-C",0,135,74,0,0.529412,0.290196
58937,2140,7855.99982440472,707.039984196424,"Ozark-Ouachita Dry Oak Woodland","Hardwood",38,89,6,5,13,5,82,"I-A",97,69,0,0.380392,0.270588,0
58937,2141,2570.75994253904,231.368394828513,"Ozark-Ouachita Shortleaf Pine-Oak Forest and Woodland","Conifer",347,92,5,5,1,5,94,"I-A",196,164,100,0.768627,0.643137,0.392157
58937,2153,250.999994389713,22.5899994950742,"Central Interior and Appalachian Floodplain Systems-Large Floodplains","Riparian",142,-9999,100,59,41,-9999,59,"III-A",48,237,56,0.188235,0.929412,0.219608
58937,2160,10906.2397562265,981.561578060389,"Ozark-Ouachita Shortleaf Pine-Bluestem Woodland","Hardwood-Conifer",100,1223,2,2,2,1,97,"I-A",68,137,112,0.266667,0.537255,0.439216
58938,11,3.99999991059303,0.359999991953373,"Open Water","Open Water",-9999,-9999,-9999,-9999,-9999,-9999,-9999,"-9999",0,0,255,0,0,1
58938,2132,18083.2395958081,1627.49156362273,"Ozark-Ouachita Dry-Mesic Oak Forest","Hardwood",188,66,15,11,6,17,77,"I-B",115,115,0,0.45098,0.45098,0
58938,2139,4559.6398980841,410.367590827569,"Ozark-Ouachita Mesic Hardwood Forest","Hardwood",316,110,25,19,6,18,76,"I-C",0,135,74,0,0.529412,0.290196
58938,2140,9575.63978596777,861.807580737099,"Ozark-Ouachita Dry Oak Woodland","Hardwood",38,89,6,5,13,5,82,"I-A",97,69,0,0.380392,0.270588,0
58938,2141,3251.15992733091,292.604393459782,"Ozark-Ouachita Shortleaf Pine-Oak Forest and Woodland","Conifer",347,92,5,5,1,5,94,"I-A",196,164,100,0.768627,0.643137,0.392157
58938,2153,34.999999217689,3.14999992959201,"Central Interior and Appalachian Floodplain Systems-Large Floodplains","Riparian",142,-9999,100,59,41,-9999,59,"III-A",48,237,56,0.188235,0.929412,0.219608
58938,2160,9031.31979813427,812.818781832084,"Ozark-Ouachita Shortleaf Pine-Bluestem Woodland","Hardwood-Conifer",100,1223,2,2,2,1,97,"I-A",68,137,112,0.266667,0.537255,0.439216
58939,11,7.19999983906746,0.647999985516071,"Open Water","Open Water",-9999,-9999,-9999,-9999,-9999,-9999,-9999,"-9999",0,0,255,0,0,1
58939,2132,13175.4797055051,1185.79317349546,"Ozark-Ouachita Dry-Mesic Oak Forest","Hardwood",188,66,15,11,6,17,77,"I-B",115,115,0,0.45098,0.45098,0
58939,2139,2130.63995237648,191.757595713884,"Ozark-Ouachita Mesic Hardwood Forest","Hardwood",316,110,25,19,6,18,76,"I-C",0,135,74,0,0.529412,0.290196
58939,2140,9137.87979575247,822.409181617722,"Ozark-Ouachita Dry Oak Woodland","Hardwood",38,89,6,5,13,5,82,"I-A",97,69,0,0.380392,0.270588,0
58939,2141,2768.19993812591,249.137994431332,"Ozark-Ouachita Shortleaf Pine-Oak Forest and Woodland","Conifer",347,92,5,5,1,5,94,"I-A",196,164,100,0.768627,0.643137,0.392157
58939,2160,12315.5997247249,1108.40397522524,"Ozark-Ouachita Shortleaf Pine-Bluestem Woodland","Hardwood-Conifer",100,1223,2,2,2,1,97,"I-A",68,137,112,0.266667,0.537255,0.439216
58940,2132,12545.4797195867,1129.0931747628,"Ozark-Ouachita Dry-Mesic Oak Forest","Hardwood",188,66,15,11,6,17,77,"I-B",115,115,0,0.45098,0.45098,0
58940,2139,2715.47993930429,244.393194537386,"Ozark-Ouachita Mesic Hardwood Forest","Hardwood",316,110,25,19,6,18,76,"I-C",0,135,74,0,0.529412,0.290196
58940,2140,9257.63979307562,833.187581376806,"Ozark-Ouachita Dry Oak Woodland","Hardwood",38,89,6,5,13,5,82,"I-A",97,69,0,0.380392,0.270588,0
58940,2141,7565.39983090013,680.885984781012,"Ozark-Ouachita Shortleaf Pine-Oak Forest and Woodland","Conifer",347,92,5,5,1,5,94,"I-A",196,164,100,0.768627,0.643137,0.392157
58940,2160,9095.99979668856,818.63998170197,"Ozark-Ouachita Shortleaf Pine-Bluestem Woodland","Hardwood-Conifer",100,1223,2,2,2,1,97,"I-A",68,137,112,0.266667,0.537255,0.439216
58941,11,15.9999996423721,1.43999996781349,"Open Water","Open Water",-9999,-9999,-9999,-9999,-9999,-9999,-9999,"-9999",0,0,255,0,0,1
58941,2132,3244.3199274838,291.988793473542,"Ozark-Ouachita Dry-Mesic Oak Forest","Hardwood",188,66,15,11,6,17,77,"I-B",115,115,0,0.45098,0.45098,0
58941,2140,1091.47997560352,98.2331978043169,"Ozark-Ouachita Dry Oak Woodland","Hardwood",38,89,6,5,13,5,82,"I-A",97,69,0,0.380392,0.270588,0
58941,2141,6748.95984914899,607.406386423409,"Ozark-Ouachita Shortleaf Pine-Oak Forest and Woodland","Conifer",347,92,5,5,1,5,94,"I-A",196,164,100,0.768627,0.643137,0.392157
58941,2153,292.399993464351,26.3159994117916,"Central Interior and Appalachian Floodplain Systems-Large Floodplains","Riparian",142,-9999,100,59,41,-9999,59,"III-A",48,237,56,0.188235,0.929412,0.219608
58941,2160,3700.83991727978,333.07559255518,"Ozark-Ouachita Shortleaf Pine-Bluestem Woodland","Hardwood-Conifer",100,1223,2,2,2,1,97,"I-A",68,137,112,0.266667,0.537255,0.439216
58942,11,11.9999997317791,1.07999997586012,"Open Water","Open Water",-9999,-9999,-9999,-9999,-9999,-9999,-9999,"-9999",0,0,255,0,0,1
58942,2132,4301.03990386426,387.093591347784,"Ozark-Ouachita Dry-Mesic Oak Forest","Hardwood",188,66,15,11,6,17,77,"I-B",115,115,0,0.45098,0.45098,0
58942,2139,99.3999977782369,8.94599980004132,"Ozark-Ouachita Mesic Hardwood Forest","Hardwood",316,110,25,19,6,18,76,"I-C",0,135,74,0,0.529412,0.290196
58942,2140,1855.79995851964,167.021996266767,"Ozark-Ouachita Dry Oak Woodland","Hardwood",38,89,6,5,13,5,82,"I-A",97,69,0,0.380392,0.270588,0
58942,2141,14813.5996688902,1333.22397020012,"Ozark-Ouachita Shortleaf Pine-Oak Forest and Woodland","Conifer",347,92,5,5,1,5,94,"I-A",196,164,100,0.768627,0.643137,0.392157
58942,2153,8.19999981671572,0.737999983504415,"Central Interior and Appalachian Floodplain Systems-Large Floodplains","Riparian",142,-9999,100,59,41,-9999,59,"III-A",48,237,56,0.188235,0.929412,0.219608
58942,2160,4346.95990283787,391.226391255409,"Ozark-Ouachita Shortleaf Pine-Bluestem Woodland","Hardwood-Conifer",100,1223,2,2,2,1,97,"I-A",68,137,112,0.266667,0.537255,0.439216
58946,11,795.479982219636,71.5931983997673,"Open Water","Open Water",-9999,-9999,-9999,-9999,-9999,-9999,-9999,"-9999",0,0,255,0,0,1
58946,2132,14676.8396719471,1320.91557047524,"Ozark-Ouachita Dry-Mesic Oak Forest","Hardwood",188,66,15,11,6,17,77,"I-B",115,115,0,0.45098,0.45098,0
58946,2139,746.039983324707,67.1435984992236,"Ozark-Ouachita Mesic Hardwood Forest","Hardwood",316,110,25,19,6,18,76,"I-C",0,135,74,0,0.529412,0.290196
58946,2140,9615.27978508174,865.375180657357,"Ozark-Ouachita Dry Oak Woodland","Hardwood",38,89,6,5,13,5,82,"I-A",97,69,0,0.380392,0.270588,0
58946,2141,36855.6391762123,3317.0075258591,"Ozark-Ouachita Shortleaf Pine-Oak Forest and Woodland","Conifer",347,92,5,5,1,5,94,"I-A",196,164,100,0.768627,0.643137,0.392157
58946,2153,1249.99997206032,112.499997485429,"Central Interior and Appalachian Floodplain Systems-Large Floodplains","Riparian",142,-9999,100,59,41,-9999,59,"III-A",48,237,56,0.188235,0.929412,0.219608
58946,2158,40.9999990835786,3.68999991752207,"Central Interior and Appalachian Shrub-Herbaceous Wetland Systems","Riparian",17,-9999,-9999,17,100,-9999,-9999,"II-C",240,150,20,0.941176,0.588235,0.078431
58946,2160,18304.7195908576,1647.42476317719,"Ozark-Ouachita Shortleaf Pine-Bluestem Woodland","Hardwood-Conifer",100,1223,2,2,2,1,97,"I-A",68,137,112,0.266667,0.537255,0.439216
58947,11,935.759979084134,84.2183981175721,"Open Water","Open Water",-9999,-9999,-9999,-9999,-9999,-9999,-9999,"-9999",0,0,255,0,0,1
58947,2132,18416.3195883632,1657.46876295269,"Ozark-Ouachita Dry-Mesic Oak Forest","Hardwood",188,66,15,11,6,17,77,"I-B",115,115,0,0.45098,0.45098,0
58947,2139,356.239992037416,32.0615992833674,"Ozark-Ouachita Mesic Hardwood Forest","Hardwood",316,110,25,19,6,18,76,"I-C",0,135,74,0,0.529412,0.290196
58947,2140,14038.3996862173,1263.45597175956,"Ozark-Ouachita Dry Oak Woodland","Hardwood",38,89,6,5,13,5,82,"I-A",97,69,0,0.380392,0.270588,0
58947,2141,40311.5190989673,3628.03671890706,"Ozark-Ouachita Shortleaf Pine-Oak Forest and Woodland","Conifer",347,92,5,5,1,5,94,"I-A",196,164,100,0.768627,0.643137,0.392157
58947,2153,2042.71995434165,183.844795890749,"Central Interior and Appalachian Floodplain Systems-Large Floodplains","Riparian",142,-9999,100,59,41,-9999,59,"III-A",48,237,56,0.188235,0.929412,0.219608
58947,2158,12.9999997094274,1.16999997384846,"Central Interior and Appalachian Shrub-Herbaceous Wetland Systems","Riparian",17,-9999,-9999,17,100,-9999,-9999,"II-C",240,150,20,0.941176,0.588235,0.078431
58947,2160,17780.0396025851,1600.20356423266,"Ozark-Ouachita Shortleaf Pine-Bluestem Woodland","Hardwood-Conifer",100,1223,2,2,2,1,97,"I-A",68,137,112,0.266667,0.537255,0.439216
59002,11,789.999982342124,71.0999984107912,"Open Water","Open Water",-9999,-9999,-9999,-9999,-9999,-9999,-9999,"-9999",0,0,255,0,0,1
59002,2132,6963.35984435678,626.70238599211,"Ozark-Ouachita Dry-Mesic Oak Forest","Hardwood",188,66,15,11,6,17,77,"I-B",115,115,0,0.45098,0.45098,0
59002,2139,235.919994726777,21.2327995254099,"Ozark-Ouachita Mesic Hardwood Forest","Hardwood",316,110,25,19,6,18,76,"I-C",0,135,74,0,0.529412,0.290196
59002,2140,4341.7599029541,390.758391265869,"Ozark-Ouachita Dry Oak Woodland","Hardwood",38,89,6,5,13,5,82,"I-A",97,69,0,0.380392,0.270588,0
59002,2141,7675.07982844859,690.757184560373,"Ozark-Ouachita Shortleaf Pine-Oak Forest and Woodland","Conifer",347,92,5,5,1,5,94,"I-A",196,164,100,0.768627,0.643137,0.392157
59002,2153,3382.91992438585,304.462793194726,"Central Interior and Appalachian Floodplain Systems-Large Floodplains","Riparian",142,-9999,100,59,41,-9999,59,"III-A",48,237,56,0.188235,0.929412,0.219608
59002,2158,35.9999991953373,3.23999992758036,"Central Interior and Appalachian Shrub-Herbaceous Wetland Systems","Riparian",17,-9999,-9999,17,100,-9999,-9999,"II-C",240,150,20,0.941176,0.588235,0.078431
59002,2160,29866.9593324214,2688.02633991793,"Ozark-Ouachita Shortleaf Pine-Bluestem Woodland","Hardwood-Conifer",100,1223,2,2,2,1,97,"I-A",68,137,112,0.266667,0.537255,0.439216
59003,11,287.19999358058,25.8479994222522,"Open Water","Open Water",-9999,-9999,-9999,-9999,-9999,-9999,-9999,"-9999",0,0,255,0,0,1
59003,2132,4205.83990599215,378.525591539294,"Ozark-Ouachita Dry-Mesic Oak Forest","Hardwood",188,66,15,11,6,17,77,"I-B",115,115,0,0.45098,0.45098,0
59003,2139,52.1999988332391,4.69799989499152,"Ozark-Ouachita Mesic Hardwood Forest","Hardwood",316,110,25,19,6,18,76,"I-C",0,135,74,0,0.529412,0.290196
59003,2140,2880.55993561447,259.250394205302,"Ozark-Ouachita Dry Oak Woodland","Hardwood",38,89,6,5,13,5,82,"I-A",97,69,0,0.380392,0.270588,0
59003,2141,3742.47991634905,336.823192471415,"Ozark-Ouachita Shortleaf Pine-Oak Forest and Woodland","Conifer",347,92,5,5,1,5,94,"I-A",196,164,100,0.768627,0.643137,0.392157
59003,2153,2459.15994503349,221.324395053014,"Central Interior and Appalachian Floodplain Systems-Large Floodplains","Riparian",142,-9999,100,59,41,-9999,59,"III-A",48,237,56,0.188235,0.929412,0.219608
59003,2160,14442.5596771836,1299.83037094653,"Ozark-Ouachita Shortleaf Pine-Bluestem Woodland","Hardwood-Conifer",100,1223,2,2,2,1,97,"I-A",68,137,112,0.266667,0.537255,0.439216
59004,11,507.55998865515,45.6803989789635,"Open Water","Open Water",-9999,-9999,-9999,-9999,-9999,-9999,-9999,"-9999",0,0,255,0,0,1
59004,2132,9549.83978654444,859.485580789,"Ozark-Ouachita Dry-Mesic Oak Forest","Hardwood",188,66,15,11,6,17,77,"I-B",115,115,0,0.45098,0.45098,0
59004,2139,1823.55995924026,164.120396331623,"Ozark-Ouachita Mesic Hardwood Forest","Hardwood",316,110,25,19,6,18,76,"I-C",0,135,74,0,0.529412,0.290196
59004,2140,8645.0798067674,778.057182609066,"Ozark-Ouachita Dry Oak Woodland","Hardwood",38,89,6,5,13,5,82,"I-A",97,69,0,0.380392,0.270588,0
59004,2141,2580.87994231284,232.279194808155,"Ozark-Ouachita Shortleaf Pine-Oak Forest and Woodland","Conifer",347,92,5,5,1,5,94,"I-A",196,164,100,0.768627,0.643137,0.392157
59004,2153,132.959997028112,11.9663997325301,"Central Interior and Appalachian Floodplain Systems-Large Floodplains","Riparian",142,-9999,100,59,41,-9999,59,"III-A",48,237,56,0.188235,0.929412,0.219608
59004,2160,2826.1199368313,254.350794314817,"Ozark-Ouachita Shortleaf Pine-Bluestem Woodland","Hardwood-Conifer",100,1223,2,2,2,1,97,"I-A",68,137,112,0.266667,0.537255,0.439216
59005,11,562.159987434745,50.594398869127,"Open Water","Open Water",-9999,-9999,-9999,-9999,-9999,-9999,-9999,"-9999",0,0,255,0,0,1
59005,2132,6767.95984872431,609.116386385188,"Ozark-Ouachita Dry-Mesic Oak Forest","Hardwood",188,66,15,11,6,17,77,"I-B",115,115,0,0.45098,0.45098,0
59005,2139,1067.79997613281,96.1019978519529,"Ozark-Ouachita Mesic Hardwood Forest","Hardwood",316,110,25,19,6,18,76,"I-C",0,135,74,0,0.529412,0.290196
59005,2140,2411.07994610816,216.997195149735,"Ozark-Ouachita Dry Oak Woodland","Hardwood",38,89,6,5,13,5,82,"I-A",97,69,0,0.380392,0.270588,0
59005,2141,2629.91994121671,236.692794709504,"Ozark-Ouachita Shortleaf Pine-Oak Forest and Woodland","Conifer",347,92,5,5,1,5,94,"I-A",196,164,100,0.768627,0.643137,0.392157
59005,2153,679.119984820485,61.1207986338437,"Central Interior and Appalachian Floodplain Systems-Large Floodplains","Riparian",142,-9999,100,59,41,-9999,59,"III-A",48,237,56,0.188235,0.929412,0.219608
59005,2160,2028.95995464921,182.606395918429,"Ozark-Ouachita Shortleaf Pine-Bluestem Woodland","Hardwood-Conifer",100,1223,2,2,2,1,97,"I-A",68,137,112,0.266667,0.537255,0.439216
59006,11,91.7199979498982,8.25479981549084,"Open Water","Open Water",-9999,-9999,-9999,-9999,-9999,-9999,-9999,"-9999",0,0,255,0,0,1
59006,2132,11580.9597411454,1042.28637670308,"Ozark-Ouachita Dry-Mesic Oak Forest","Hardwood",188,66,15,11,6,17,77,"I-B",115,115,0,0.45098,0.45098,0
59006,2139,2280.51994902641,205.246795412377,"Ozark-Ouachita Mesic Hardwood Forest","Hardwood",316,110,25,19,6,18,76,"I-C",0,135,74,0,0.529412,0.290196
59006,2140,13942.6396883577,1254.83757195219,"Ozark-Ouachita Dry Oak Woodland","Hardwood",38,89,6,5,13,5,82,"I-A",97,69,0,0.380392,0.270588,0
59006,2141,5722.83987208456,515.05558848761,"Ozark-Ouachita Shortleaf Pine-Oak Forest and Woodland","Conifer",347,92,5,5,1,5,94,"I-A",196,164,100,0.768627,0.643137,0.392157
59006,2153,401.439991027117,36.1295991924405,"Central Interior and Appalachian Floodplain Systems-Large Floodplains","Riparian",142,-9999,100,59,41,-9999,59,"III-A",48,237,56,0.188235,0.929412,0.219608
59006,2160,6504.8798546046,585.439186914414,"Ozark-Ouachita Shortleaf Pine-Bluestem Woodland","Hardwood-Conifer",100,1223,2,2,2,1,97,"I-A",68,137,112,0.266667,0.537255,0.439216
59007,11,8040.15982028842,723.614383825958,"Open Water","Open Water",-9999,-9999,-9999,-9999,-9999,-9999,-9999,"-9999",0,0,255,0,0,1
59007,2132,7102.99984123558,639.269985711202,"Ozark-Ouachita Dry-Mesic Oak Forest","Hardwood",188,66,15,11,6,17,77,"I-B",115,115,0,0.45098,0.45098,0
59007,2139,1122.15997491777,100.994397742599,"Ozark-Ouachita Mesic Hardwood Forest","Hardwood",316,110,25,19,6,18,76,"I-C",0,135,74,0,0.529412,0.290196
59007,2140,2731.83993893862,245.865594504476,"Ozark-Ouachita Dry Oak Woodland","Hardwood",38,89,6,5,13,5,82,"I-A",97,69,0,0.380392,0.270588,0
59007,2141,1955.43995629251,175.989596066326,"Ozark-Ouachita Shortleaf Pine-Oak Forest and Woodland","Conifer",347,92,5,5,1,5,94,"I-A",196,164,100,0.768627,0.643137,0.392157
59007,2153,1722.23996150494,155.001596535444,"Central Interior and Appalachian Floodplain Systems-Large Floodplains","Riparian",142,-9999,100,59,41,-9999,59,"III-A",48,237,56,0.188235,0.929412,0.219608
59007,2160,4417.15990126878,397.54439111419,"Ozark-Ouachita Shortleaf Pine-Bluestem Woodland","Hardwood-Conifer",100,1223,2,2,2,1,97,"I-A",68,137,112,0.266667,0.537255,0.439216
59008,11,388.839991308749,34.9955992177874,"Open Water","Open Water",-9999,-9999,-9999,-9999,-9999,-9999,-9999,"-9999",0,0,255,0,0,1
59008,2132,15523.399653025,1397.10596877225,"Ozark-Ouachita Dry-Mesic Oak Forest","Hardwood",188,66,15,11,6,17,77,"I-B",115,115,0,0.45098,0.45098,0
59008,2139,1464.83996725827,131.835597053245,"Ozark-Ouachita Mesic Hardwood Forest","Hardwood",316,110,25,19,6,18,76,"I-C",0,135,74,0,0.529412,0.290196
59008,2140,15713.5996487737,1414.22396838963,"Ozark-Ouachita Dry Oak Woodland","Hardwood",38,89,6,5,13,5,82,"I-A",97,69,0,0.380392,0.270588,0
59008,2141,1797.91995981336,161.812796383202,"Ozark-Ouachita Shortleaf Pine-Oak Forest and Woodland","Conifer",347,92,5,5,1,5,94,"I-A",196,164,100,0.768627,0.643137,0.392157
59008,2153,1266.83997168392,114.015597451553,"Central Interior and Appalachian Floodplain Systems-Large Floodplains","Riparian",142,-9999,100,59,41,-9999,59,"III-A",48,237,56,0.188235,0.929412,0.219608
59008,2160,4290.55990409851,386.150391368866,"Ozark-Ouachita Shortleaf Pine-Bluestem Woodland","Hardwood-Conifer",100,1223,2,2,2,1,97,"I-A",68,137,112,0.266667,0.537255,0.439216
59009,11,1681.79996240884,151.361996616796,"Open Water","Open Water",-9999,-9999,-9999,-9999,-9999,-9999,-9999,"-9999",0,0,255,0,0,1
59009,2132,10520.7997648418,946.871978835762,"Ozark-Ouachita Dry-Mesic Oak Forest","Hardwood",188,66,15,11,6,17,77,"I-B",115,115,0,0.45098,0.45098,0
59009,2139,1473.19996707141,132.587997036427,"Ozark-Ouachita Mesic Hardwood Forest","Hardwood",316,110,25,19,6,18,76,"I-C",0,135,74,0,0.529412,0.290196
59009,2140,6307.15985902399,567.644387312159,"Ozark-Ouachita Dry Oak Woodland","Hardwood",38,89,6,5,13,5,82,"I-A",97,69,0,0.380392,0.270588,0
59009,2141,3768.27991577238,339.145192419514,"Ozark-Ouachita Shortleaf Pine-Oak Forest and Woodland","Conifer",347,92,5,5,1,5,94,"I-A",196,164,100,0.768627,0.643137,0.392157
59009,2153,1469.0399671644,132.213597044796,"Central Interior and Appalachian Floodplain Systems-Large Floodplains","Riparian",142,-9999,100,59,41,-9999,59,"III-A",48,237,56,0.188235,0.929412,0.219608
59009,2160,6962.71984437108,626.644785993397,"Ozark-Ouachita Shortleaf Pine-Bluestem Woodland","Hardwood-Conifer",100,1223,2,2,2,1,97,"I-A",68,137,112,0.266667,0.537255,0.439216
59010,11,235.079994745553,21.1571995270997,"Open Water","Open Water",-9999,-9999,-9999,-9999,-9999,-9999,-9999,"-9999",0,0,255,0,0,1
59010,2132,4113.91990804672,370.252791724205,"Ozark-Ouachita Dry-Mesic Oak Forest","Hardwood",188,66,15,11,6,17,77,"I-B",115,115,0,0.45098,0.45098,0
59010,2139,44.799998998642,4.03199990987778,"Ozark-Ouachita Mesic Hardwood Forest","Hardwood",316,110,25,19,6,18,76,"I-C",0,135,74,0,0.529412,0.290196
59010,2140,8096.71981902421,728.704783712178,"Ozark-Ouachita Dry Oak Woodland","Hardwood",38,89,6,5,13,5,82,"I-A",97,69,0,0.380392,0.270588,0
59010,2141,91.3599979579449,8.22239981621504,"Ozark-Ouachita Shortleaf Pine-Oak Forest and Woodland","Conifer",347,92,5,5,1,5,94,"I-A",196,164,100,0.768627,0.643137,0.392157
59010,2153,1587.079964526,142.83719680734,"Central Interior and Appalachian Floodplain Systems-Large Floodplains","Riparian",142,-9999,100,59,41,-9999,59,"III-A",48,237,56,0.188235,0.929412,0.219608
59010,2160,985.03997798264,88.6535980184376,"Ozark-Ouachita Shortleaf Pine-Bluestem Woodland","Hardwood-Conifer",100,1223,2,2,2,1,97,"I-A",68,137,112,0.266667,0.537255,0.439216
59011,11,311.239993043244,28.011599373892,"Open Water","Open Water",-9999,-9999,-9999,-9999,-9999,-9999,-9999,"-9999",0,0,255,0,0,1
59011,31,1.99999995529652,0.179999995976686,"Barren-Rock/Sand/Clay","Barren-Rock/Sand/Clay",-9999,-9999,-9999,-9999,-9999,-9999,-9999,"-9999",191,191,191,0.74902,0.74902,0.74902
59011,2132,15828.2796462104,1424.54516815893,"Ozark-Ouachita Dry-Mesic Oak Forest","Hardwood",188,66,15,11,6,17,77,"I-B",115,115,0,0.45098,0.45098,0
59011,2139,93.7199979051948,8.43479981146753,"Ozark-Ouachita Mesic Hardwood Forest","Hardwood",316,110,25,19,6,18,76,"I-C",0,135,74,0,0.529412,0.290196
59011,2140,39780.6791108325,3580.26111997493,"Ozark-Ouachita Dry Oak Woodland","Hardwood",38,89,6,5,13,5,82,"I-A",97,69,0,0.380392,0.270588,0
59011,2141,1898.31995756924,170.848796181232,"Ozark-Ouachita Shortleaf Pine-Oak Forest and Woodland","Conifer",347,92,5,5,1,5,94,"I-A",196,164,100,0.768627,0.643137,0.392157
59011,2153,6472.39985533059,582.515986979753,"Central Interior and Appalachian Floodplain Systems-Large Floodplains","Riparian",142,-9999,100,59,41,-9999,59,"III-A",48,237,56,0.188235,0.929412,0.219608
59011,2160,14800.3596691862,1332.03237022676,"Ozark-Ouachita Shortleaf Pine-Bluestem Woodland","Hardwood-Conifer",100,1223,2,2,2,1,97,"I-A",68,137,112,0.266667,0.537255,0.439216
59012,11,0.999999977648258,0.0899999979883432,"Open Water","Open Water",-9999,-9999,-9999,-9999,-9999,-9999,-9999,"-9999",0,0,255,0,0,1
59012,2132,2832.95993667841,254.966394301057,"Ozark-Ouachita Dry-Mesic Oak Forest","Hardwood",188,66,15,11,6,17,77,"I-B",115,115,0,0.45098,0.45098,0
59012,2139,682.079984754324,61.3871986278892,"Ozark-Ouachita Mesic Hardwood Forest","Hardwood",316,110,25,19,6,18,76,"I-C",0,135,74,0,0.529412,0.290196
59012,2140,2144.47995206714,193.003195686042,"Ozark-Ouachita Dry Oak Woodland","Hardwood",38,89,6,5,13,5,82,"I-A",97,69,0,0.380392,0.270588,0
59012,2141,1122.63997490704,101.037597741634,"Ozark-Ouachita Shortleaf Pine-Oak Forest and Woodland","Conifer",347,92,5,5,1,5,94,"I-A",196,164,100,0.768627,0.643137,0.392157
59012,2153,89.1999980062246,8.02799982056022,"Central Interior and Appalachian Floodplain Systems-Large Floodplains","Riparian",142,-9999,100,59,41,-9999,59,"III-A",48,237,56,0.188235,0.929412,0.219608
59012,2160,3704.63991719484,333.417592547536,"Ozark-Ouachita Shortleaf Pine-Bluestem Woodland","Hardwood-Conifer",100,1223,2,2,2,1,97,"I-A",68,137,112,0.266667,0.537255,0.439216
59013,2132,2449.23994525522,220.43159507297,"Ozark-Ouachita Dry-Mesic Oak Forest","Hardwood",188,66,15,11,6,17,77,"I-B",115,115,0,0.45098,0.45098,0
59013,2139,34.5199992284179,3.10679993055761,"Ozark-Ouachita Mesic Hardwood Forest","Hardwood",316,110,25,19,6,18,76,"I-C",0,135,74,0,0.529412,0.290196
59013,2140,5844.31986936927,525.988788243234,"Ozark-Ouachita Dry Oak Woodland","Hardwood",38,89,6,5,13,5,82,"I-A",97,69,0,0.380392,0.270588,0
59013,2141,91.839997947216,8.26559981524944,"Ozark-Ouachita Shortleaf Pine-Oak Forest and Woodland","Conifer",347,92,5,5,1,5,94,"I-A",196,164,100,0.768627,0.643137,0.392157
59013,2153,22.9999994859099,2.06999995373189,"Central Interior and Appalachian Floodplain Systems-Large Floodplains","Riparian",142,-9999,100,59,41,-9999,59,"III-A",48,237,56,0.188235,0.929412,0.219608
59013,2160,693.079984508455,62.3771986057609,"Ozark-Ouachita Shortleaf Pine-Bluestem Woodland","Hardwood-Conifer",100,1223,2,2,2,1,97,"I-A",68,137,112,0.266667,0.537255,0.439216
59014,11,5.99999986588955,0.539999987930059,"Open Water","Open Water",-9999,-9999,-9999,-9999,-9999,-9999,-9999,"-9999",0,0,255,0,0,1
59014,2132,8294.75981459767,746.52838331379,"Ozark-Ouachita Dry-Mesic Oak Forest","Hardwood",188,66,15,11,6,17,77,"I-B",115,115,0,0.45098,0.45098,0
59014,2139,543.919987842441,48.9527989058197,"Ozark-Ouachita Mesic Hardwood Forest","Hardwood",316,110,25,19,6,18,76,"I-C",0,135,74,0,0.529412,0.290196
59014,2140,17280.0796137601,1555.20716523841,"Ozark-Ouachita Dry Oak Woodland","Hardwood",38,89,6,5,13,5,82,"I-A",97,69,0,0.380392,0.270588,0
59014,2141,1848.07995869219,166.327196282297,"Ozark-Ouachita Shortleaf Pine-Oak Forest and Woodland","Conifer",347,92,5,5,1,5,94,"I-A",196,164,100,0.768627,0.643137,0.392157
59014,2153,864.799980670214,77.8319982603192,"Central Interior and Appalachian Floodplain Systems-Large Floodplains","Riparian",142,-9999,100,59,41,-9999,59,"III-A",48,237,56,0.188235,0.929412,0.219608
59014,2158,30.2399993240833,2.7215999391675,"Central Interior and Appalachian Shrub-Herbaceous Wetland Systems","Riparian",17,-9999,-9999,17,100,-9999,-9999,"II-C",240,150,20,0.941176,0.588235,0.078431
59014,2160,8725.11980497837,785.260782448053,"Ozark-Ouachita Shortleaf Pine-Bluestem Woodland","Hardwood-Conifer",100,1223,2,2,2,1,97,"I-A",68,137,112,0.266667,0.537255,0.439216
59015,11,234.439994759858,21.0995995283872,"Open Water","Open Water",-9999,-9999,-9999,-9999,-9999,-9999,-9999,"-9999",0,0,255,0,0,1
59015,2132,13140.4797062874,1182.64317356586,"Ozark-Ouachita Dry-Mesic Oak Forest","Hardwood",188,66,15,11,6,17,77,"I-B",115,115,0,0.45098,0.45098,0
59015,2139,3037.47993210703,273.373193889633,"Ozark-Ouachita Mesic Hardwood Forest","Hardwood",316,110,25,19,6,18,76,"I-C",0,135,74,0,0.529412,0.290196
59015,2140,7709.63982767612,693.867584490851,"Ozark-Ouachita Dry Oak Woodland","Hardwood",38,89,6,5,13,5,82,"I-A",97,69,0,0.380392,0.270588,0
59015,2141,9168.63979506493,825.177581555843,"Ozark-Ouachita Shortleaf Pine-Oak Forest and Woodland","Conifer",347,92,5,5,1,5,94,"I-A",196,164,100,0.768627,0.643137,0.392157
59015,2160,13218.3197045475,1189.64877340928,"Ozark-Ouachita Shortleaf Pine-Bluestem Woodland","Hardwood-Conifer",100,1223,2,2,2,1,97,"I-A",68,137,112,0.266667,0.537255,0.439216
59016,11,309.759993076324,27.8783993768692,"Open Water","Open Water",-9999,-9999,-9999,-9999,-9999,-9999,-9999,"-9999",0,0,255,0,0,1
59016,2132,14308.5196801797,1287.76677121617,"Ozark-Ouachita Dry-Mesic Oak Forest","Hardwood",188,66,15,11,6,17,77,"I-B",115,115,0,0.45098,0.45098,0
59016,2139,2578.19994237274,232.037994813547,"Ozark-Ouachita Mesic Hardwood Forest","Hardwood",316,110,25,19,6,18,76,"I-C",0,135,74,0,0.529412,0.290196
59016,2140,12746.7997150868,1147.21197435781,"Ozark-Ouachita Dry Oak Woodland","Hardwood",38,89,6,5,13,5,82,"I-A",97,69,0,0.380392,0.270588,0
59016,2141,3374.79992456734,303.731993211061,"Ozark-Ouachita Shortleaf Pine-Oak Forest and Woodland","Conifer",347,92,5,5,1,5,94,"I-A",196,164,100,0.768627,0.643137,0.392157
59016,2153,1273.79997152835,114.641997437552,"Central Interior and Appalachian Floodplain Systems-Large Floodplains","Riparian",142,-9999,100,59,41,-9999,59,"III-A",48,237,56,0.188235,0.929412,0.219608
59016,2160,10885.1197566986,979.660778102875,"Ozark-Ouachita Shortleaf Pine-Bluestem Woodland","Hardwood-Conifer",100,1223,2,2,2,1,97,"I-A",68,137,112,0.266667,0.537255,0.439216
59017,11,22.3599995002151,2.01239995501935,"Open Water","Open Water",-9999,-9999,-9999,-9999,-9999,-9999,-9999,"-9999",0,0,255,0,0,1
59017,31,0.999999977648258,0.0899999979883432,"Barren-Rock/Sand/Clay","Barren-Rock/Sand/Clay",-9999,-9999,-9999,-9999,-9999,-9999,-9999,"-9999",191,191,191,0.74902,0.74902,0.74902
59017,2132,7595.35983023047,683.582384720743,"Ozark-Ouachita Dry-Mesic Oak Forest","Hardwood",188,66,15,11,6,17,77,"I-B",115,115,0,0.45098,0.45098,0
59017,2139,976.87997816503,87.9191980348527,"Ozark-Ouachita Mesic Hardwood Forest","Hardwood",316,110,25,19,6,18,76,"I-C",0,135,74,0,0.529412,0.290196
59017,2140,5275.15988209099,474.764389388189,"Ozark-Ouachita Dry Oak Woodland","Hardwood",38,89,6,5,13,5,82,"I-A",97,69,0,0.380392,0.270588,0
59017,2141,1226.07997259498,110.347197533548,"Ozark-Ouachita Shortleaf Pine-Oak Forest and Woodland","Conifer",347,92,5,5,1,5,94,"I-A",196,164,100,0.768627,0.643137,0.392157
59017,2153,78.7999982386827,7.09199984148145,"Central Interior and Appalachian Floodplain Systems-Large Floodplains","Riparian",142,-9999,100,59,41,-9999,59,"III-A",48,237,56,0.188235,0.929412,0.219608
59017,2160,3719.35991686583,334.742392517924,"Ozark-Ouachita Shortleaf Pine-Bluestem Woodland","Hardwood-Conifer",100,1223,2,2,2,1,97,"I-A",68,137,112,0.266667,0.537255,0.439216
59018,11,4.99999988824129,0.449999989941716,"Open Water","Open Water",-9999,-9999,-9999,-9999,-9999,-9999,-9999,"-9999",0,0,255,0,0,1
59018,2132,2614.19994156808,235.277994741127,"Ozark-Ouachita Dry-Mesic Oak Forest","Hardwood",188,66,15,11,6,17,77,"I-B",115,115,0,0.45098,0.45098,0
59018,2139,224.959994971752,20.2463995474577,"Ozark-Ouachita Mesic Hardwood Forest","Hardwood",316,110,25,19,6,18,76,"I-C",0,135,74,0,0.529412,0.290196
59018,2140,3691.87991748005,332.269192573205,"Ozark-Ouachita Dry Oak Woodland","Hardwood",38,89,6,5,13,5,82,"I-A",97,69,0,0.380392,0.270588,0
59018,2141,1072.39997602999,96.5159978426993,"Ozark-Ouachita Shortleaf Pine-Oak Forest and Woodland","Conifer",347,92,5,5,1,5,94,"I-A",196,164,100,0.768627,0.643137,0.392157
59018,2160,1654.5599630177,148.910396671593,"Ozark-Ouachita Shortleaf Pine-Bluestem Woodland","Hardwood-Conifer",100,1223,2,2,2,1,97,"I-A",68,137,112,0.266667,0.537255,0.439216
59019,11,428.079990431666,38.52719913885,"Open Water","Open Water",-9999,-9999,-9999,-9999,-9999,-9999,-9999,"-9999",0,0,255,0,0,1
59019,2132,27699.5193808675,2492.95674427807,"Ozark-Ouachita Dry-Mesic Oak Forest","Hardwood",188,66,15,11,6,17,77,"I-B",115,115,0,0.45098,0.45098,0
59019,2139,4869.71989115328,438.274790203795,"Ozark-Ouachita Mesic Hardwood Forest","Hardwood",316,110,25,19,6,18,76,"I-C",0,135,74,0,0.529412,0.290196
59019,2140,22943.7994871661,2064.94195384495,"Ozark-Ouachita Dry Oak Woodland","Hardwood",38,89,6,5,13,5,82,"I-A",97,69,0,0.380392,0.270588,0
59019,2141,9591.07978562266,863.197180706039,"Ozark-Ouachita Shortleaf Pine-Oak Forest and Woodland","Conifer",347,92,5,5,1,5,94,"I-A",196,164,100,0.768627,0.643137,0.392157
59019,2153,47.7599989324808,4.29839990392327,"Central Interior and Appalachian Floodplain Systems-Large Floodplains","Riparian",142,-9999,100,59,41,-9999,59,"III-A",48,237,56,0.188235,0.929412,0.219608
59019,2160,18528.039585866,1667.52356272794,"Ozark-Ouachita Shortleaf Pine-Bluestem Woodland","Hardwood-Conifer",100,1223,2,2,2,1,97,"I-A",68,137,112,0.266667,0.537255,0.439216
59020,11,9.99999977648258,0.899999979883432,"Open Water","Open Water",-9999,-9999,-9999,-9999,-9999,-9999,-9999,"-9999",0,0,255,0,0,1
59020,2132,2676.79994016886,240.911994615197,"Ozark-Ouachita Dry-Mesic Oak Forest","Hardwood",188,66,15,11,6,17,77,"I-B",115,115,0,0.45098,0.45098,0
59020,2139,450.879989922047,40.5791990929842,"Ozark-Ouachita Mesic Hardwood Forest","Hardwood",316,110,25,19,6,18,76,"I-C",0,135,74,0,0.529412,0.290196
59020,2140,2956.27993392199,266.065194052979,"Ozark-Ouachita Dry Oak Woodland","Hardwood",38,89,6,5,13,5,82,"I-A",97,69,0,0.380392,0.270588,0
59020,2141,1473.31996706873,132.598797036186,"Ozark-Ouachita Shortleaf Pine-Oak Forest and Woodland","Conifer",347,92,5,5,1,5,94,"I-A",196,164,100,0.768627,0.643137,0.392157
59020,2153,39.9999991059303,3.59999991953373,"Central Interior and Appalachian Floodplain Systems-Large Floodplains","Riparian",142,-9999,100,59,41,-9999,59,"III-A",48,237,56,0.188235,0.929412,0.219608
59020,2160,8000.71982116997,720.064783905298,"Ozark-Ouachita Shortleaf Pine-Bluestem Woodland","Hardwood-Conifer",100,1223,2,2,2,1,97,"I-A",68,137,112,0.266667,0.537255,0.439216
59021,11,283.55999366194,25.5203994295746,"Open Water","Open Water",-9999,-9999,-9999,-9999,-9999,-9999,-9999,"-9999",0,0,255,0,0,1
59021,31,13.9999996870756,1.25999997183681,"Barren-Rock/Sand/Clay","Barren-Rock/Sand/Clay",-9999,-9999,-9999,-9999,-9999,-9999,-9999,"-9999",191,191,191,0.74902,0.74902,0.74902
59021,2132,20063.5195515454,1805.71675963908,"Ozark-Ouachita Dry-Mesic Oak Forest","Hardwood",188,66,15,11,6,17,77,"I-B",115,115,0,0.45098,0.45098,0
59021,2139,2898.95993520319,260.906394168288,"Ozark-Ouachita Mesic Hardwood Forest","Hardwood",316,110,25,19,6,18,76,"I-C",0,135,74,0,0.529412,0.290196
59021,2140,22836.6794895604,2055.30115406044,"Ozark-Ouachita Dry Oak Woodland","Hardwood",38,89,6,5,13,5,82,"I-A",97,69,0,0.380392,0.270588,0
59021,2141,1488.55996672809,133.970397005528,"Ozark-Ouachita Shortleaf Pine-Oak Forest and Woodland","Conifer",347,92,5,5,1,5,94,"I-A",196,164,100,0.768627,0.643137,0.392157
59021,2153,620.599986128509,55.8539987515658,"Central Interior and Appalachian Floodplain Systems-Large Floodplains","Riparian",142,-9999,100,59,41,-9999,59,"III-A",48,237,56,0.188235,0.929412,0.219608
59021,2160,5123.11988548934,461.080789694041,"Ozark-Ouachita Shortleaf Pine-Bluestem Woodland","Hardwood-Conifer",100,1223,2,2,2,1,97,"I-A",68,137,112,0.266667,0.537255,0.439216
59022,11,84.1599981188774,7.57439983069897,"Open Water","Open Water",-9999,-9999,-9999,-9999,-9999,-9999,-9999,"-9999",0,0,255,0,0,1
59022,31,0.359999991953373,0.0323999992758036,"Barren-Rock/Sand/Clay","Barren-Rock/Sand/Clay",-9999,-9999,-9999,-9999,-9999,-9999,-9999,"-9999",191,191,191,0.74902,0.74902,0.74902
59022,2132,11639.1597398445,1047.52437658601,"Ozark-Ouachita Dry-Mesic Oak Forest","Hardwood",188,66,15,11,6,17,77,"I-B",115,115,0,0.45098,0.45098,0
59022,2139,1190.79997338355,107.171997604519,"Ozark-Ouachita Mesic Hardwood Forest","Hardwood",316,110,25,19,6,18,76,"I-C",0,135,74,0,0.529412,0.290196
59022,2140,11413.7197448835,1027.23477703951,"Ozark-Ouachita Dry Oak Woodland","Hardwood",38,89,6,5,13,5,82,"I-A",97,69,0,0.380392,0.270588,0
59022,2141,2369.43994703889,213.2495952335,"Ozark-Ouachita Shortleaf Pine-Oak Forest and Woodland","Conifer",347,92,5,5,1,5,94,"I-A",196,164,100,0.768627,0.643137,0.392157
59022,2153,21.9599995091558,1.97639995582402,"Central Interior and Appalachian Floodplain Systems-Large Floodplains","Riparian",142,-9999,100,59,41,-9999,59,"III-A",48,237,56,0.188235,0.929412,0.219608
59022,2160,7475.39983291179,672.785984962061,"Ozark-Ouachita Shortleaf Pine-Bluestem Woodland","Hardwood-Conifer",100,1223,2,2,2,1,97,"I-A",68,137,112,0.266667,0.537255,0.439216
59023,11,1227.27997256815,110.455197531134,"Open Water","Open Water",-9999,-9999,-9999,-9999,-9999,-9999,-9999,"-9999",0,0,255,0,0,1
59023,31,15.6399996504188,1.40759996853769,"Barren-Rock/Sand/Clay","Barren-Rock/Sand/Clay",-9999,-9999,-9999,-9999,-9999,-9999,-9999,"-9999",191,191,191,0.74902,0.74902,0.74902
59023,2132,15372.3196564019,1383.50876907617,"Ozark-Ouachita Dry-Mesic Oak Forest","Hardwood",188,66,15,11,6,17,77,"I-B",115,115,0,0.45098,0.45098,0
59023,2139,103.039997696877,9.27359979271889,"Ozark-Ouachita Mesic Hardwood Forest","Hardwood",316,110,25,19,6,18,76,"I-C",0,135,74,0,0.529412,0.290196
59023,2140,9138.7997957319,822.491981615871,"Ozark-Ouachita Dry Oak Woodland","Hardwood",38,89,6,5,13,5,82,"I-A",97,69,0,0.380392,0.270588,0
59023,2141,10300.3997697681,927.035979279131,"Ozark-Ouachita Shortleaf Pine-Oak Forest and Woodland","Conifer",347,92,5,5,1,5,94,"I-A",196,164,100,0.768627,0.643137,0.392157
59023,2153,8624.55980722606,776.210382650346,"Central Interior and Appalachian Floodplain Systems-Large Floodplains","Riparian",142,-9999,100,59,41,-9999,59,"III-A",48,237,56,0.188235,0.929412,0.219608
59023,2160,70475.9584247395,6342.83625822656,"Ozark-Ouachita Shortleaf Pine-Bluestem Woodland","Hardwood-Conifer",100,1223,2,2,2,1,97,"I-A",68,137,112,0.266667,0.537255,0.439216
59024,11,1091.55997560173,98.2403978041559,"Open Water","Open Water",-9999,-9999,-9999,-9999,-9999,-9999,-9999,"-9999",0,0,255,0,0,1
59024,2132,8983.11979921162,808.480781929046,"Ozark-Ouachita Dry-Mesic Oak Forest","Hardwood",188,66,15,11,6,17,77,"I-B",115,115,0,0.45098,0.45098,0
59024,2139,42.7599990442395,3.84839991398156,"Ozark-Ouachita Mesic Hardwood Forest","Hardwood",316,110,25,19,6,18,76,"I-C",0,135,74,0,0.529412,0.290196
59024,2140,8303.67981439829,747.331183295846,"Ozark-Ouachita Dry Oak Woodland","Hardwood",38,89,6,5,13,5,82,"I-A",97,69,0,0.380392,0.270588,0
59024,2141,3535.95992096514,318.236392886862,"Ozark-Ouachita Shortleaf Pine-Oak Forest and Woodland","Conifer",347,92,5,5,1,5,94,"I-A",196,164,100,0.768627,0.643137,0.392157
59024,2153,7785.31982598454,700.678784338608,"Central Interior and Appalachian Floodplain Systems-Large Floodplains","Riparian",142,-9999,100,59,41,-9999,59,"III-A",48,237,56,0.188235,0.929412,0.219608
59024,2160,62765.5985970795,5648.90387373716,"Ozark-Ouachita Shortleaf Pine-Bluestem Woodland","Hardwood-Conifer",100,1223,2,2,2,1,97,"I-A",68,137,112,0.266667,0.537255,0.439216
59025,11,25.9999994188547,2.33999994769692,"Open Water","Open Water",-9999,-9999,-9999,-9999,-9999,-9999,-9999,"-9999",0,0,255,0,0,1
59025,2132,5519.4398766309,496.749588896781,"Ozark-Ouachita Dry-Mesic Oak Forest","Hardwood",188,66,15,11,6,17,77,"I-B",115,115,0,0.45098,0.45098,0
59025,2139,664.839985139668,59.8355986625701,"Ozark-Ouachita Mesic Hardwood Forest","Hardwood",316,110,25,19,6,18,76,"I-C",0,135,74,0,0.529412,0.290196
59025,2140,4793.11989286542,431.380790357888,"Ozark-Ouachita Dry Oak Woodland","Hardwood",38,89,6,5,13,5,82,"I-A",97,69,0,0.380392,0.270588,0
59025,2141,894.079980015755,80.4671982014179,"Ozark-Ouachita Shortleaf Pine-Oak Forest and Woodland","Conifer",347,92,5,5,1,5,94,"I-A",196,164,100,0.768627,0.643137,0.392157
59025,2160,3962.51991143078,356.62679202877,"Ozark-Ouachita Shortleaf Pine-Bluestem Woodland","Hardwood-Conifer",100,1223,2,2,2,1,97,"I-A",68,137,112,0.266667,0.537255,0.439216
59026,11,144.999996758997,13.0499997083098,"Open Water","Open Water",-9999,-9999,-9999,-9999,-9999,-9999,-9999,"-9999",0,0,255,0,0,1
59026,2132,3296.79992631078,296.71199336797,"Ozark-Ouachita Dry-Mesic Oak Forest","Hardwood",188,66,15,11,6,17,77,"I-B",115,115,0,0.45098,0.45098,0
59026,2139,140.279996864498,12.6251997178048,"Ozark-Ouachita Mesic Hardwood Forest","Hardwood",316,110,25,19,6,18,76,"I-C",0,135,74,0,0.529412,0.290196
59026,2140,2403.67994627357,216.331195164621,"Ozark-Ouachita Dry Oak Woodland","Hardwood",38,89,6,5,13,5,82,"I-A",97,69,0,0.380392,0.270588,0
59026,2141,9495.23978776485,854.571580898836,"Ozark-Ouachita Shortleaf Pine-Oak Forest and Woodland","Conifer",347,92,5,5,1,5,94,"I-A",196,164,100,0.768627,0.643137,0.392157
59026,2153,1033.59997689724,93.0239979207516,"Central Interior and Appalachian Floodplain Systems-Large Floodplains","Riparian",142,-9999,100,59,41,-9999,59,"III-A",48,237,56,0.188235,0.929412,0.219608
59026,2160,15488.3996538073,1393.95596884266,"Ozark-Ouachita Shortleaf Pine-Bluestem Woodland","Hardwood-Conifer",100,1223,2,2,2,1,97,"I-A",68,137,112,0.266667,0.537255,0.439216
59027,2132,9491.23978785425,854.211580906883,"Ozark-Ouachita Dry-Mesic Oak Forest","Hardwood",188,66,15,11,6,17,77,"I-B",115,115,0,0.45098,0.45098,0
59027,2139,2037.51995445788,183.376795901209,"Ozark-Ouachita Mesic Hardwood Forest","Hardwood",316,110,25,19,6,18,76,"I-C",0,135,74,0,0.529412,0.290196
59027,2140,9029.63979817182,812.667581835464,"Ozark-Ouachita Dry Oak Woodland","Hardwood",38,89,6,5,13,5,82,"I-A",97,69,0,0.380392,0.270588,0
59027,2141,3890.91991303116,350.182792172804,"Ozark-Ouachita Shortleaf Pine-Oak Forest and Woodland","Conifer",347,92,5,5,1,5,94,"I-A",196,164,100,0.768627,0.643137,0.392157
59027,2153,2.99999993294477,0.26999999396503,"Central Interior and Appalachian Floodplain Systems-Large Floodplains","Riparian",142,-9999,100,59,41,-9999,59,"III-A",48,237,56,0.188235,0.929412,0.219608
59027,2160,8915.67980071902,802.411182064712,"Ozark-Ouachita Shortleaf Pine-Bluestem Woodland","Hardwood-Conifer",100,1223,2,2,2,1,97,"I-A",68,137,112,0.266667,0.537255,0.439216
59028,11,51.9999988377094,4.67999989539385,"Open Water","Open Water",-9999,-9999,-9999,-9999,-9999,-9999,-9999,"-9999",0,0,255,0,0,1
59028,2132,2914.43993485719,262.299594137147,"Ozark-Ouachita Dry-Mesic Oak Forest","Hardwood",188,66,15,11,6,17,77,"I-B",115,115,0,0.45098,0.45098,0
59028,2139,88.0399980321527,7.92359982289374,"Ozark-Ouachita Mesic Hardwood Forest","Hardwood",316,110,25,19,6,18,76,"I-C",0,135,74,0,0.529412,0.290196
59028,2140,1681.27996242046,151.315196617842,"Ozark-Ouachita Dry Oak Woodland","Hardwood",38,89,6,5,13,5,82,"I-A",97,69,0,0.380392,0.270588,0
59028,2141,6647.55985141546,598.280386627391,"Ozark-Ouachita Shortleaf Pine-Oak Forest and Woodland","Conifer",347,92,5,5,1,5,94,"I-A",196,164,100,0.768627,0.643137,0.392157
59028,2153,844.279981128871,75.9851983015984,"Central Interior and Appalachian Floodplain Systems-Large Floodplains","Riparian",142,-9999,100,59,41,-9999,59,"III-A",48,237,56,0.188235,0.929412,0.219608
59028,2160,5564.39987562597,500.795988806337,"Ozark-Ouachita Shortleaf Pine-Bluestem Woodland","Hardwood-Conifer",100,1223,2,2,2,1,97,"I-A",68,137,112,0.266667,0.537255,0.439216
59030,11,662.039985202253,59.5835986682028,"Open Water","Open Water",-9999,-9999,-9999,-9999,-9999,-9999,-9999,"-9999",0,0,255,0,0,1
59030,2132,17408.5596108884,1566.77036497995,"Ozark-Ouachita Dry-Mesic Oak Forest","Hardwood",188,66,15,11,6,17,77,"I-B",115,115,0,0.45098,0.45098,0
59030,2139,186.999995820224,16.8299996238202,"Ozark-Ouachita Mesic Hardwood Forest","Hardwood",316,110,25,19,6,18,76,"I-C",0,135,74,0,0.529412,0.290196
59030,2140,9217.75979396701,829.598381457031,"Ozark-Ouachita Dry Oak Woodland","Hardwood",38,89,6,5,13,5,82,"I-A",97,69,0,0.380392,0.270588,0
59030,2141,42887.9190413803,3859.91271372423,"Ozark-Ouachita Shortleaf Pine-Oak Forest and Woodland","Conifer",347,92,5,5,1,5,94,"I-A",196,164,100,0.768627,0.643137,0.392157
59030,2153,8511.95980974287,766.076382876858,"Central Interior and Appalachian Floodplain Systems-Large Floodplains","Riparian",142,-9999,100,59,41,-9999,59,"III-A",48,237,56,0.188235,0.929412,0.219608
59030,2158,260.999994166195,23.4899994749576,"Central Interior and Appalachian Shrub-Herbaceous Wetland Systems","Riparian",17,-9999,-9999,17,100,-9999,-9999,"II-C",240,150,20,0.941176,0.588235,0.078431
59030,2160,22523.7594965547,2027.13835468993,"Ozark-Ouachita Shortleaf Pine-Bluestem Woodland","Hardwood-Conifer",100,1223,2,2,2,1,97,"I-A",68,137,112,0.266667,0.537255,0.439216
59031,2132,40245.9991004318,3622.13991903886,"Ozark-Ouachita Dry-Mesic Oak Forest","Hardwood",188,66,15,11,6,17,77,"I-B",115,115,0,0.45098,0.45098,0
59031,2136,1179.99997362494,106.199997626245,"Ouachita Montane Oak Forest","Hardwood",38,89,6,5,13,6,81,"I-A",0,38,115,0,0.14902,0.45098
59031,2139,9600.87978540361,864.079180686325,"Ozark-Ouachita Mesic Hardwood Forest","Hardwood",316,110,25,19,6,18,76,"I-C",0,135,74,0,0.529412,0.290196
59031,2140,12322.6797245666,1109.041175211,"Ozark-Ouachita Dry Oak Woodland","Hardwood",38,89,6,5,13,5,82,"I-A",97,69,0,0.380392,0.270588,0
59031,2141,34169.8392362446,3075.28553126201,"Ozark-Ouachita Shortleaf Pine-Oak Forest and Woodland","Conifer",347,92,5,5,1,5,94,"I-A",196,164,100,0.768627,0.643137,0.392157
59031,2153,356.999992020428,32.1299992818385,"Central Interior and Appalachian Floodplain Systems-Large Floodplains","Riparian",142,-9999,100,59,41,-9999,59,"III-A",48,237,56,0.188235,0.929412,0.219608
59031,2158,12.9999997094274,1.16999997384846,"Central Interior and Appalachian Shrub-Herbaceous Wetland Systems","Riparian",17,-9999,-9999,17,100,-9999,-9999,"II-C",240,150,20,0.941176,0.588235,0.078431
59031,2160,53953.5987940431,4855.82389146388,"Ozark-Ouachita Shortleaf Pine-Bluestem Woodland","Hardwood-Conifer",100,1223,2,2,2,1,97,"I-A",68,137,112,0.266667,0.537255,0.439216
59032,2132,8593.51980791986,773.416782712787,"Ozark-Ouachita Dry-Mesic Oak Forest","Hardwood",188,66,15,11,6,17,77,"I-B",115,115,0,0.45098,0.45098,0
59032,2139,2969.55993362516,267.260394026265,"Ozark-Ouachita Mesic Hardwood Forest","Hardwood",316,110,25,19,6,18,76,"I-C",0,135,74,0,0.529412,0.290196
59032,2140,2874.75993574411,258.72839421697,"Ozark-Ouachita Dry Oak Woodland","Hardwood",38,89,6,5,13,5,82,"I-A",97,69,0,0.380392,0.270588,0
59032,2141,9267.31979285926,834.058781357333,"Ozark-Ouachita Shortleaf Pine-Oak Forest and Woodland","Conifer",347,92,5,5,1,5,94,"I-A",196,164,100,0.768627,0.643137,0.392157
59032,2153,2187.35995110869,196.862395599782,"Central Interior and Appalachian Floodplain Systems-Large Floodplains","Riparian",142,-9999,100,59,41,-9999,59,"III-A",48,237,56,0.188235,0.929412,0.219608
59032,2160,9368.47979059815,843.163181153834,"Ozark-Ouachita Shortleaf Pine-Bluestem Woodland","Hardwood-Conifer",100,1223,2,2,2,1,97,"I-A",68,137,112,0.266667,0.537255,0.439216
59034,11,139.95999687165,12.5963997184485,"Open Water","Open Water",-9999,-9999,-9999,-9999,-9999,-9999,-9999,"-9999",0,0,255,0,0,1
59034,2132,25379.7194327191,2284.17474894471,"Ozark-Ouachita Dry-Mesic Oak Forest","Hardwood",188,66,15,11,6,17,77,"I-B",115,115,0,0.45098,0.45098,0
59034,2139,6554.31985349953,589.888786814958,"Ozark-Ouachita Mesic Hardwood Forest","Hardwood",316,110,25,19,6,18,76,"I-C",0,135,74,0,0.529412,0.290196
59034,2140,11399.2397452071,1025.93157706864,"Ozark-Ouachita Dry Oak Woodland","Hardwood",38,89,6,5,13,5,82,"I-A",97,69,0,0.380392,0.270588,0
59034,2141,24286.5994571522,2185.7939511437,"Ozark-Ouachita Shortleaf Pine-Oak Forest and Woodland","Conifer",347,92,5,5,1,5,94,"I-A",196,164,100,0.768627,0.643137,0.392157
59034,2153,443.559990085661,39.9203991077095,"Central Interior and Appalachian Floodplain Systems-Large Floodplains","Riparian",142,-9999,100,59,41,-9999,59,"III-A",48,237,56,0.188235,0.929412,0.219608
59034,2158,9.99999977648258,0.899999979883432,"Central Interior and Appalachian Shrub-Herbaceous Wetland Systems","Riparian",17,-9999,-9999,17,100,-9999,-9999,"II-C",240,150,20,0.941176,0.588235,0.078431
59034,2160,35992.5991955027,3239.33392759524,"Ozark-Ouachita Shortleaf Pine-Bluestem Woodland","Hardwood-Conifer",100,1223,2,2,2,1,97,"I-A",68,137,112,0.266667,0.537255,0.439216
59082,11,580.639987021685,52.2575988319516,"Open Water","Open Water",-9999,-9999,-9999,-9999,-9999,-9999,-9999,"-9999",0,0,255,0,0,1
59082,2132,26551.7194065228,2389.65474658705,"Ozark-Ouachita Dry-Mesic Oak Forest","Hardwood",188,66,15,11,6,17,77,"I-B",115,115,0,0.45098,0.45098,0
59082,2139,5790.63987056911,521.15758835122,"Ozark-Ouachita Mesic Hardwood Forest","Hardwood",316,110,25,19,6,18,76,"I-C",0,135,74,0,0.529412,0.290196
59082,2140,26340.9594112337,2370.68634701103,"Ozark-Ouachita Dry Oak Woodland","Hardwood",38,89,6,5,13,5,82,"I-A",97,69,0,0.380392,0.270588,0
59082,2141,9241.9997934252,831.779981408268,"Ozark-Ouachita Shortleaf Pine-Oak Forest and Woodland","Conifer",347,92,5,5,1,5,94,"I-A",196,164,100,0.768627,0.643137,0.392157
59082,2153,4091.07990855724,368.197191770151,"Central Interior and Appalachian Floodplain Systems-Large Floodplains","Riparian",142,-9999,100,59,41,-9999,59,"III-A",48,237,56,0.188235,0.929412,0.219608
59082,2158,70.9999984130263,6.38999985717237,"Central Interior and Appalachian Shrub-Herbaceous Wetland Systems","Riparian",17,-9999,-9999,17,100,-9999,-9999,"II-C",240,150,20,0.941176,0.588235,0.078431
59082,2160,9299.9597921297,836.996381291673,"Ozark-Ouachita Shortleaf Pine-Bluestem Woodland","Hardwood-Conifer",100,1223,2,2,2,1,97,"I-A",68,137,112,0.266667,0.537255,0.439216
59083,11,270.519993953407,24.3467994558066,"Open Water","Open Water",-9999,-9999,-9999,-9999,-9999,-9999,-9999,"-9999",0,0,255,0,0,1
59083,2132,8975.07979939133,807.75718194522,"Ozark-Ouachita Dry-Mesic Oak Forest","Hardwood",188,66,15,11,6,17,77,"I-B",115,115,0,0.45098,0.45098,0
59083,2139,842.559981167316,75.8303983050585,"Ozark-Ouachita Mesic Hardwood Forest","Hardwood",316,110,25,19,6,18,76,"I-C",0,135,74,0,0.529412,0.290196
59083,2140,6993.99984367192,629.459985930473,"Ozark-Ouachita Dry Oak Woodland","Hardwood",38,89,6,5,13,5,82,"I-A",97,69,0,0.380392,0.270588,0
59083,2141,1794.55995988846,161.510396389961,"Ozark-Ouachita Shortleaf Pine-Oak Forest and Woodland","Conifer",347,92,5,5,1,5,94,"I-A",196,164,100,0.768627,0.643137,0.392157
59083,2153,150.719996631145,13.5647996968031,"Central Interior and Appalachian Floodplain Systems-Large Floodplains","Riparian",142,-9999,100,59,41,-9999,59,"III-A",48,237,56,0.188235,0.929412,0.219608
59083,2160,2464.55994491279,221.810395042151,"Ozark-Ouachita Shortleaf Pine-Bluestem Woodland","Hardwood-Conifer",100,1223,2,2,2,1,97,"I-A",68,137,112,0.266667,0.537255,0.439216
59084,11,611.479986332357,55.0331987699121,"Open Water","Open Water",-9999,-9999,-9999,-9999,-9999,-9999,-9999,"-9999",0,0,255,0,0,1
59084,2132,5579.67987528443,502.171188775599,"Ozark-Ouachita Dry-Mesic Oak Forest","Hardwood",188,66,15,11,6,17,77,"I-B",115,115,0,0.45098,0.45098,0
59084,2139,689.719984583557,62.0747986125201,"Ozark-Ouachita Mesic Hardwood Forest","Hardwood",316,110,25,19,6,18,76,"I-C",0,135,74,0,0.529412,0.290196
59084,2140,4187.63990639895,376.887591575906,"Ozark-Ouachita Dry Oak Woodland","Hardwood",38,89,6,5,13,5,82,"I-A",97,69,0,0.380392,0.270588,0
59084,2141,2578.27994237095,232.045194813386,"Ozark-Ouachita Shortleaf Pine-Oak Forest and Woodland","Conifer",347,92,5,5,1,5,94,"I-A",196,164,100,0.768627,0.643137,0.392157
59084,2153,532.799988090992,47.9519989281893,"Central Interior and Appalachian Floodplain Systems-Large Floodplains","Riparian",142,-9999,100,59,41,-9999,59,"III-A",48,237,56,0.188235,0.929412,0.219608
59084,2160,1418.39996829629,127.655997146666,"Ozark-Ouachita Shortleaf Pine-Bluestem Woodland","Hardwood-Conifer",100,1223,2,2,2,1,97,"I-A",68,137,112,0.266667,0.537255,0.439216
59085,11,1209.27997297049,108.835197567344,"Open Water","Open Water",-9999,-9999,-9999,-9999,-9999,-9999,-9999,"-9999",0,0,255,0,0,1
59085,2132,4459.19990032911,401.32799102962,"Ozark-Ouachita Dry-Mesic Oak Forest","Hardwood",188,66,15,11,6,17,77,"I-B",115,115,0,0.45098,0.45098,0
59085,2139,60.9999986365438,5.48999987728894,"Ozark-Ouachita Mesic Hardwood Forest","Hardwood",316,110,25,19,6,18,76,"I-C",0,135,74,0,0.529412,0.290196
59085,2140,8503.03980994225,765.273582894802,"Ozark-Ouachita Dry Oak Woodland","Hardwood",38,89,6,5,13,5,82,"I-A",97,69,0,0.380392,0.270588,0
59085,2141,996.359977729619,89.6723979956657,"Ozark-Ouachita Shortleaf Pine-Oak Forest and Woodland","Conifer",347,92,5,5,1,5,94,"I-A",196,164,100,0.768627,0.643137,0.392157
59085,2153,4108.71990816295,369.784791734666,"Central Interior and Appalachian Floodplain Systems-Large Floodplains","Riparian",142,-9999,100,59,41,-9999,59,"III-A",48,237,56,0.188235,0.929412,0.219608
59085,2160,1646.39996320009,148.175996688008,"Ozark-Ouachita Shortleaf Pine-Bluestem Woodland","Hardwood-Conifer",100,1223,2,2,2,1,97,"I-A",68,137,112,0.266667,0.537255,0.439216
59086,11,897.839979931712,80.8055981938541,"Open Water","Open Water",-9999,-9999,-9999,-9999,-9999,-9999,-9999,"-9999",0,0,255,0,0,1
59086,2132,2273.55994918197,204.620395426378,"Ozark-Ouachita Dry-Mesic Oak Forest","Hardwood",188,66,15,11,6,17,77,"I-B",115,115,0,0.45098,0.45098,0
59086,2139,160.679996408522,14.461199676767,"Ozark-Ouachita Mesic Hardwood Forest","Hardwood",316,110,25,19,6,18,76,"I-C",0,135,74,0,0.529412,0.290196
59086,2140,3543.43992079794,318.909592871815,"Ozark-Ouachita Dry Oak Woodland","Hardwood",38,89,6,5,13,5,82,"I-A",97,69,0,0.380392,0.270588,0
59086,2141,770.599982775748,69.3539984498173,"Ozark-Ouachita Shortleaf Pine-Oak Forest and Woodland","Conifer",347,92,5,5,1,5,94,"I-A",196,164,100,0.768627,0.643137,0.392157
59086,2153,3361.27992486954,302.515193238258,"Central Interior and Appalachian Floodplain Systems-Large Floodplains","Riparian",142,-9999,100,59,41,-9999,59,"III-A",48,237,56,0.188235,0.929412,0.219608
59086,2160,1165.59997394681,104.903997655213,"Ozark-Ouachita Shortleaf Pine-Bluestem Woodland","Hardwood-Conifer",100,1223,2,2,2,1,97,"I-A",68,137,112,0.266667,0.537255,0.439216
59087,11,1502.31996642053,135.208796977848,"Open Water","Open Water",-9999,-9999,-9999,-9999,-9999,-9999,-9999,"-9999",0,0,255,0,0,1
59087,2132,5444.79987829924,490.031989046931,"Ozark-Ouachita Dry-Mesic Oak Forest","Hardwood",188,66,15,11,6,17,77,"I-B",115,115,0,0.45098,0.45098,0
59087,2139,8.99999979883432,0.809999981895089,"Ozark-Ouachita Mesic Hardwood Forest","Hardwood",316,110,25,19,6,18,76,"I-C",0,135,74,0,0.529412,0.290196
59087,2140,9383.35979026556,844.5023811239,"Ozark-Ouachita Dry Oak Woodland","Hardwood",38,89,6,5,13,5,82,"I-A",97,69,0,0.380392,0.270588,0
59087,2141,1372.59996932,123.5339972388,"Ozark-Ouachita Shortleaf Pine-Oak Forest and Woodland","Conifer",347,92,5,5,1,5,94,"I-A",196,164,100,0.768627,0.643137,0.392157
59087,2153,3981.31991101056,358.318791990951,"Central Interior and Appalachian Floodplain Systems-Large Floodplains","Riparian",142,-9999,100,59,41,-9999,59,"III-A",48,237,56,0.188235,0.929412,0.219608
59087,2160,4541.59989848733,408.74399086386,"Ozark-Ouachita Shortleaf Pine-Bluestem Woodland","Hardwood-Conifer",100,1223,2,2,2,1,97,"I-A",68,137,112,0.266667,0.537255,0.439216
59088,11,825.959981538355,74.336398338452,"Open Water","Open Water",-9999,-9999,-9999,-9999,-9999,-9999,-9999,"-9999",0,0,255,0,0,1
59088,2132,9922.5197782144,893.026780039296,"Ozark-Ouachita Dry-Mesic Oak Forest","Hardwood",188,66,15,11,6,17,77,"I-B",115,115,0,0.45098,0.45098,0
59088,2139,2456.91994508356,221.12279505752,"Ozark-Ouachita Mesic Hardwood Forest","Hardwood",316,110,25,19,6,18,76,"I-C",0,135,74,0,0.529412,0.290196
59088,2140,11090.9597520977,998.186377688795,"Ozark-Ouachita Dry Oak Woodland","Hardwood",38,89,6,5,13,5,82,"I-A",97,69,0,0.380392,0.270588,0
59088,2141,4798.19989275187,431.837990347669,"Ozark-Ouachita Shortleaf Pine-Oak Forest and Woodland","Conifer",347,92,5,5,1,5,94,"I-A",196,164,100,0.768627,0.643137,0.392157
59088,2153,1984.3999556452,178.595996008068,"Central Interior and Appalachian Floodplain Systems-Large Floodplains","Riparian",142,-9999,100,59,41,-9999,59,"III-A",48,237,56,0.188235,0.929412,0.219608
59088,2160,4987.03988853097,448.833589967787,"Ozark-Ouachita Shortleaf Pine-Bluestem Woodland","Hardwood-Conifer",100,1223,2,2,2,1,97,"I-A",68,137,112,0.266667,0.537255,0.439216
59089,11,759.599983021617,68.3639984719455,"Open Water","Open Water",-9999,-9999,-9999,-9999,-9999,-9999,-9999,"-9999",0,0,255,0,0,1
59089,2132,6163.99986222386,554.759987600148,"Ozark-Ouachita Dry-Mesic Oak Forest","Hardwood",188,66,15,11,6,17,77,"I-B",115,115,0,0.45098,0.45098,0
59089,2140,17899.2795999199,1610.93516399279,"Ozark-Ouachita Dry Oak Woodland","Hardwood",38,89,6,5,13,5,82,"I-A",97,69,0,0.380392,0.270588,0
59089,2141,20.4399995431304,1.83959995888174,"Ozark-Ouachita Shortleaf Pine-Oak Forest and Woodland","Conifer",347,92,5,5,1,5,94,"I-A",196,164,100,0.768627,0.643137,0.392157
59089,2153,2562.07994273305,230.587194845974,"Central Interior and Appalachian Floodplain Systems-Large Floodplains","Riparian",142,-9999,100,59,41,-9999,59,"III-A",48,237,56,0.188235,0.929412,0.219608
59089,2160,117.599997371435,10.5839997634292,"Ozark-Ouachita Shortleaf Pine-Bluestem Woodland","Hardwood-Conifer",100,1223,2,2,2,1,97,"I-A",68,137,112,0.266667,0.537255,0.439216
59090,11,144236.156776071,12981.2541098464,"Open Water","Open Water",-9999,-9999,-9999,-9999,-9999,-9999,-9999,"-9999",0,0,255,0,0,1
59090,2132,1411.7199684456,127.054797160104,"Ozark-Ouachita Dry-Mesic Oak Forest","Hardwood",188,66,15,11,6,17,77,"I-B",115,115,0,0.45098,0.45098,0
59090,2139,62.9999985918403,5.66999987326562,"Ozark-Ouachita Mesic Hardwood Forest","Hardwood",316,110,25,19,6,18,76,"I-C",0,135,74,0,0.529412,0.290196
59090,2140,794.75998223573,71.5283984012157,"Ozark-Ouachita Dry Oak Woodland","Hardwood",38,89,6,5,13,5,82,"I-A",97,69,0,0.380392,0.270588,0
59090,2141,120.879997298121,10.8791997568309,"Ozark-Ouachita Shortleaf Pine-Oak Forest and Woodland","Conifer",347,92,5,5,1,5,94,"I-A",196,164,100,0.768627,0.643137,0.392157
59090,2151,1.99999995529652,0.179999995976686,"West Gulf Coastal Plain Pine-Hardwood Flatwoods","Hardwood-Conifer",179,104,5,5,3,4,93,"I-A",99,235,97,0.388235,0.921569,0.380392
59090,2153,12377.3597233444,1113.962375101,"Central Interior and Appalachian Floodplain Systems-Large Floodplains","Riparian",142,-9999,100,59,41,-9999,59,"III-A",48,237,56,0.188235,0.929412,0.219608
59090,2160,76.1199982985854,6.85079984687269,"Ozark-Ouachita Shortleaf Pine-Bluestem Woodland","Hardwood-Conifer",100,1223,2,2,2,1,97,"I-A",68,137,112,0.266667,0.537255,0.439216
59091,11,396.239991143346,35.6615992029011,"Open Water","Open Water",-9999,-9999,-9999,-9999,-9999,-9999,-9999,"-9999",0,0,255,0,0,1
59091,2132,6476.79985523224,582.911986970901,"Ozark-Ouachita Dry-Mesic Oak Forest","Hardwood",188,66,15,11,6,17,77,"I-B",115,115,0,0.45098,0.45098,0
59091,2139,436.759990237653,39.3083991213888,"Ozark-Ouachita Mesic Hardwood Forest","Hardwood",316,110,25,19,6,18,76,"I-C",0,135,74,0,0.529412,0.290196
59091,2140,5897.95986817032,530.816388135329,"Ozark-Ouachita Dry Oak Woodland","Hardwood",38,89,6,5,13,5,82,"I-A",97,69,0,0.380392,0.270588,0
59091,2141,3339.31992536038,300.538793282434,"Ozark-Ouachita Shortleaf Pine-Oak Forest and Woodland","Conifer",347,92,5,5,1,5,94,"I-A",196,164,100,0.768627,0.643137,0.392157
59091,2153,2123.11995254457,191.080795729011,"Central Interior and Appalachian Floodplain Systems-Large Floodplains","Riparian",142,-9999,100,59,41,-9999,59,"III-A",48,237,56,0.188235,0.929412,0.219608
59091,2160,10141.7997733131,912.761979598179,"Ozark-Ouachita Shortleaf Pine-Bluestem Woodland","Hardwood-Conifer",100,1223,2,2,2,1,97,"I-A",68,137,112,0.266667,0.537255,0.439216
59092,11,1343.03996998072,120.873597298264,"Open Water","Open Water",-9999,-9999,-9999,-9999,-9999,-9999,-9999,"-9999",0,0,255,0,0,1
59092,2132,4369.71990232915,393.274791209623,"Ozark-Ouachita Dry-Mesic Oak Forest","Hardwood",188,66,15,11,6,17,77,"I-B",115,115,0,0.45098,0.45098,0
59092,2139,341.319992370903,30.7187993133813,"Ozark-Ouachita Mesic Hardwood Forest","Hardwood",316,110,25,19,6,18,76,"I-C",0,135,74,0,0.529412,0.290196
59092,2140,4593.67989732325,413.431190759093,"Ozark-Ouachita Dry Oak Woodland","Hardwood",38,89,6,5,13,5,82,"I-A",97,69,0,0.380392,0.270588,0
59092,2141,2365.75994712114,212.918395240903,"Ozark-Ouachita Shortleaf Pine-Oak Forest and Woodland","Conifer",347,92,5,5,1,5,94,"I-A",196,164,100,0.768627,0.643137,0.392157
59092,2153,3773.87991564721,339.649192408249,"Central Interior and Appalachian Floodplain Systems-Large Floodplains","Riparian",142,-9999,100,59,41,-9999,59,"III-A",48,237,56,0.188235,0.929412,0.219608
59092,2160,3782.5999154523,340.433992390707,"Ozark-Ouachita Shortleaf Pine-Bluestem Woodland","Hardwood-Conifer",100,1223,2,2,2,1,97,"I-A",68,137,112,0.266667,0.537255,0.439216
59093,11,231.679994821548,20.8511995339394,"Open Water","Open Water",-9999,-9999,-9999,-9999,-9999,-9999,-9999,"-9999",0,0,255,0,0,1
59093,2132,8356.19981322438,752.057983190194,"Ozark-Ouachita Dry-Mesic Oak Forest","Hardwood",188,66,15,11,6,17,77,"I-B",115,115,0,0.45098,0.45098,0
59093,2139,1180.31997361779,106.228797625601,"Ozark-Ouachita Mesic Hardwood Forest","Hardwood",316,110,25,19,6,18,76,"I-C",0,135,74,0,0.529412,0.290196
59093,2140,6138.43986279517,552.459587651566,"Ozark-Ouachita Dry Oak Woodland","Hardwood",38,89,6,5,13,5,82,"I-A",97,69,0,0.380392,0.270588,0
59093,2141,2704.11993955821,243.370794560239,"Ozark-Ouachita Shortleaf Pine-Oak Forest and Woodland","Conifer",347,92,5,5,1,5,94,"I-A",196,164,100,0.768627,0.643137,0.392157
59093,2153,589.759986817837,53.0783988136053,"Central Interior and Appalachian Floodplain Systems-Large Floodplains","Riparian",142,-9999,100,59,41,-9999,59,"III-A",48,237,56,0.188235,0.929412,0.219608
59093,2158,21.7599995136261,1.95839995622635,"Central Interior and Appalachian Shrub-Herbaceous Wetland Systems","Riparian",17,-9999,-9999,17,100,-9999,-9999,"II-C",240,150,20,0.941176,0.588235,0.078431
59093,2160,5726.71987199783,515.404788479805,"Ozark-Ouachita Shortleaf Pine-Bluestem Woodland","Hardwood-Conifer",100,1223,2,2,2,1,97,"I-A",68,137,112,0.266667,0.537255,0.439216
59094,11,560.759987466037,50.4683988719434,"Open Water","Open Water",-9999,-9999,-9999,-9999,-9999,-9999,-9999,"-9999",0,0,255,0,0,1
59094,31,13.9999996870756,1.25999997183681,"Barren-Rock/Sand/Clay","Barren-Rock/Sand/Clay",-9999,-9999,-9999,-9999,-9999,-9999,-9999,"-9999",191,191,191,0.74902,0.74902,0.74902
59094,2132,5889.67986835539,530.071188151985,"Ozark-Ouachita Dry-Mesic Oak Forest","Hardwood",188,66,15,11,6,17,77,"I-B",115,115,0,0.45098,0.45098,0
59094,2139,391.719991244376,35.2547992119938,"Ozark-Ouachita Mesic Hardwood Forest","Hardwood",316,110,25,19,6,18,76,"I-C",0,135,74,0,0.529412,0.290196
59094,2140,2716.83993927389,244.51559453465,"Ozark-Ouachita Dry Oak Woodland","Hardwood",38,89,6,5,13,5,82,"I-A",97,69,0,0.380392,0.270588,0
59094,2141,5356.35988027602,482.072389224842,"Ozark-Ouachita Shortleaf Pine-Oak Forest and Woodland","Conifer",347,92,5,5,1,5,94,"I-A",196,164,100,0.768627,0.643137,0.392157
59094,2153,1381.79996911436,124.361997220293,"Central Interior and Appalachian Floodplain Systems-Large Floodplains","Riparian",142,-9999,100,59,41,-9999,59,"III-A",48,237,56,0.188235,0.929412,0.219608
59094,2160,15507.8396533728,1395.70556880355,"Ozark-Ouachita Shortleaf Pine-Bluestem Woodland","Hardwood-Conifer",100,1223,2,2,2,1,97,"I-A",68,137,112,0.266667,0.537255,0.439216
59095,11,538.759987957776,48.4883989161998,"Open Water","Open Water",-9999,-9999,-9999,-9999,-9999,-9999,-9999,"-9999",0,0,255,0,0,1
59095,31,17.9999995976686,1.61999996379018,"Barren-Rock/Sand/Clay","Barren-Rock/Sand/Clay",-9999,-9999,-9999,-9999,-9999,-9999,-9999,"-9999",191,191,191,0.74902,0.74902,0.74902
59095,2132,5768.55987106264,519.170388395637,"Ozark-Ouachita Dry-Mesic Oak Forest","Hardwood",188,66,15,11,6,17,77,"I-B",115,115,0,0.45098,0.45098,0
59095,2139,226.439994938672,20.3795995444804,"Ozark-Ouachita Mesic Hardwood Forest","Hardwood",316,110,25,19,6,18,76,"I-C",0,135,74,0,0.529412,0.290196
59095,2140,4686.91989523917,421.822790571526,"Ozark-Ouachita Dry Oak Woodland","Hardwood",38,89,6,5,13,5,82,"I-A",97,69,0,0.380392,0.270588,0
59095,2141,2816.27993705124,253.465194334611,"Ozark-Ouachita Shortleaf Pine-Oak Forest and Woodland","Conifer",347,92,5,5,1,5,94,"I-A",196,164,100,0.768627,0.643137,0.392157
59095,2153,1148.35997433215,103.352397689894,"Central Interior and Appalachian Floodplain Systems-Large Floodplains","Riparian",142,-9999,100,59,41,-9999,59,"III-A",48,237,56,0.188235,0.929412,0.219608
59095,2160,9792.67978111655,881.341180300489,"Ozark-Ouachita Shortleaf Pine-Bluestem Woodland","Hardwood-Conifer",100,1223,2,2,2,1,97,"I-A",68,137,112,0.266667,0.537255,0.439216
59096,11,1062.23997625709,95.6015978631377,"Open Water","Open Water",-9999,-9999,-9999,-9999,-9999,-9999,-9999,"-9999",0,0,255,0,0,1
59096,31,7.99999982118607,0.719999983906746,"Barren-Rock/Sand/Clay","Barren-Rock/Sand/Clay",-9999,-9999,-9999,-9999,-9999,-9999,-9999,"-9999",191,191,191,0.74902,0.74902,0.74902
59096,2132,16774.1996250674,1509.67796625607,"Ozark-Ouachita Dry-Mesic Oak Forest","Hardwood",188,66,15,11,6,17,77,"I-B",115,115,0,0.45098,0.45098,0
59096,2139,665.279985129833,59.875198661685,"Ozark-Ouachita Mesic Hardwood Forest","Hardwood",316,110,25,19,6,18,76,"I-C",0,135,74,0,0.529412,0.290196
59096,2140,10221.6797715276,919.951179437488,"Ozark-Ouachita Dry Oak Woodland","Hardwood",38,89,6,5,13,5,82,"I-A",97,69,0,0.380392,0.270588,0
59096,2141,13845.5996905267,1246.10397214741,"Ozark-Ouachita Shortleaf Pine-Oak Forest and Woodland","Conifer",347,92,5,5,1,5,94,"I-A",196,164,100,0.768627,0.643137,0.392157
59096,2153,3874.3199134022,348.688792206198,"Central Interior and Appalachian Floodplain Systems-Large Floodplains","Riparian",142,-9999,100,59,41,-9999,59,"III-A",48,237,56,0.188235,0.929412,0.219608
59096,2160,54150.678789638,4873.56109106742,"Ozark-Ouachita Shortleaf Pine-Bluestem Woodland","Hardwood-Conifer",100,1223,2,2,2,1,97,"I-A",68,137,112,0.266667,0.537255,0.439216
59097,11,349.759992182255,31.4783992964029,"Open Water","Open Water",-9999,-9999,-9999,-9999,-9999,-9999,-9999,"-9999",0,0,255,0,0,1
59097,31,11.9999997317791,1.07999997586012,"Barren-Rock/Sand/Clay","Barren-Rock/Sand/Clay",-9999,-9999,-9999,-9999,-9999,-9999,-9999,"-9999",191,191,191,0.74902,0.74902,0.74902
59097,2132,1962.03995614499,176.583596053049,"Ozark-Ouachita Dry-Mesic Oak Forest","Hardwood",188,66,15,11,6,17,77,"I-B",115,115,0,0.45098,0.45098,0
59097,2139,25.9999994188547,2.33999994769692,"Ozark-Ouachita Mesic Hardwood Forest","Hardwood",316,110,25,19,6,18,76,"I-C",0,135,74,0,0.529412,0.290196
59097,2140,1417.35996831954,127.562397148758,"Ozark-Ouachita Dry Oak Woodland","Hardwood",38,89,6,5,13,5,82,"I-A",97,69,0,0.380392,0.270588,0
59097,2141,1485.63996679336,133.707597011402,"Ozark-Ouachita Shortleaf Pine-Oak Forest and Woodland","Conifer",347,92,5,5,1,5,94,"I-A",196,164,100,0.768627,0.643137,0.392157
59097,2153,312.959993004799,28.1663993704319,"Central Interior and Appalachian Floodplain Systems-Large Floodplains","Riparian",142,-9999,100,59,41,-9999,59,"III-A",48,237,56,0.188235,0.929412,0.219608
59097,2160,6045.23986487836,544.071587839052,"Ozark-Ouachita Shortleaf Pine-Bluestem Woodland","Hardwood-Conifer",100,1223,2,2,2,1,97,"I-A",68,137,112,0.266667,0.537255,0.439216
59098,11,687.639984630048,61.8875986167043,"Open Water","Open Water",-9999,-9999,-9999,-9999,-9999,-9999,-9999,"-9999",0,0,255,0,0,1
59098,31,17.9999995976686,1.61999996379018,"Barren-Rock/Sand/Clay","Barren-Rock/Sand/Clay",-9999,-9999,-9999,-9999,-9999,-9999,-9999,"-9999",191,191,191,0.74902,0.74902,0.74902
59098,2132,11432.9997444525,1028.96997700073,"Ozark-Ouachita Dry-Mesic Oak Forest","Hardwood",188,66,15,11,6,17,77,"I-B",115,115,0,0.45098,0.45098,0
59098,2139,1019.43997721374,91.7495979492366,"Ozark-Ouachita Mesic Hardwood Forest","Hardwood",316,110,25,19,6,18,76,"I-C",0,135,74,0,0.529412,0.290196
59098,2140,8081.11981937289,727.30078374356,"Ozark-Ouachita Dry Oak Woodland","Hardwood",38,89,6,5,13,5,82,"I-A",97,69,0,0.380392,0.270588,0
59098,2141,9809.31978074461,882.838780267015,"Ozark-Ouachita Shortleaf Pine-Oak Forest and Woodland","Conifer",347,92,5,5,1,5,94,"I-A",196,164,100,0.768627,0.643137,0.392157
59098,2153,1254.31997196376,112.888797476739,"Central Interior and Appalachian Floodplain Systems-Large Floodplains","Riparian",142,-9999,100,59,41,-9999,59,"III-A",48,237,56,0.188235,0.929412,0.219608
59098,2160,24856.1594444215,2237.05434999794,"Ozark-Ouachita Shortleaf Pine-Bluestem Woodland","Hardwood-Conifer",100,1223,2,2,2,1,97,"I-A",68,137,112,0.266667,0.537255,0.439216
59099,11,14.1999996826053,1.27799997143447,"Open Water","Open Water",-9999,-9999,-9999,-9999,-9999,-9999,-9999,"-9999",0,0,255,0,0,1
59099,2132,18578.9195847288,1672.10276262559,"Ozark-Ouachita Dry-Mesic Oak Forest","Hardwood",188,66,15,11,6,17,77,"I-B",115,115,0,0.45098,0.45098,0
59099,2139,3171.59992910922,285.443993619829,"Ozark-Ouachita Mesic Hardwood Forest","Hardwood",316,110,25,19,6,18,76,"I-C",0,135,74,0,0.529412,0.290196
59099,2140,6859.71984667331,617.374786200598,"Ozark-Ouachita Dry Oak Woodland","Hardwood",38,89,6,5,13,5,82,"I-A",97,69,0,0.380392,0.270588,0
59099,2141,11790.4397364631,1061.13957628168,"Ozark-Ouachita Shortleaf Pine-Oak Forest and Woodland","Conifer",347,92,5,5,1,5,94,"I-A",196,164,100,0.768627,0.643137,0.392157
59099,2160,19909.1195549965,1791.82075994968,"Ozark-Ouachita Shortleaf Pine-Bluestem Woodland","Hardwood-Conifer",100,1223,2,2,2,1,97,"I-A",68,137,112,0.266667,0.537255,0.439216
59100,11,280.11999373883,25.2107994364947,"Open Water","Open Water",-9999,-9999,-9999,-9999,-9999,-9999,-9999,"-9999",0,0,255,0,0,1
59100,2132,3011.51993268728,271.036793941855,"Ozark-Ouachita Dry-Mesic Oak Forest","Hardwood",188,66,15,11,6,17,77,"I-B",115,115,0,0.45098,0.45098,0
59100,2139,29.2399993464351,2.63159994117916,"Ozark-Ouachita Mesic Hardwood Forest","Hardwood",316,110,25,19,6,18,76,"I-C",0,135,74,0,0.529412,0.290196
59100,2140,1332.31997022033,119.908797319829,"Ozark-Ouachita Dry Oak Woodland","Hardwood",38,89,6,5,13,5,82,"I-A",97,69,0,0.380392,0.270588,0
59100,2141,1272.27997156233,114.505197440609,"Ozark-Ouachita Shortleaf Pine-Oak Forest and Woodland","Conifer",347,92,5,5,1,5,94,"I-A",196,164,100,0.768627,0.643137,0.392157
59100,2153,1278.31997142732,115.048797428459,"Central Interior and Appalachian Floodplain Systems-Large Floodplains","Riparian",142,-9999,100,59,41,-9999,59,"III-A",48,237,56,0.188235,0.929412,0.219608
59100,2160,19510.199563913,1755.91796075217,"Ozark-Ouachita Shortleaf Pine-Bluestem Woodland","Hardwood-Conifer",100,1223,2,2,2,1,97,"I-A",68,137,112,0.266667,0.537255,0.439216
59101,11,780.79998254776,70.2719984292984,"Open Water","Open Water",-9999,-9999,-9999,-9999,-9999,-9999,-9999,"-9999",0,0,255,0,0,1
59101,2132,4569.59989786148,411.263990807533,"Ozark-Ouachita Dry-Mesic Oak Forest","Hardwood",188,66,15,11,6,17,77,"I-B",115,115,0,0.45098,0.45098,0
59101,2139,609.519986376166,54.856798773855,"Ozark-Ouachita Mesic Hardwood Forest","Hardwood",316,110,25,19,6,18,76,"I-C",0,135,74,0,0.529412,0.290196
59101,2140,2261.03994946182,203.493595451564,"Ozark-Ouachita Dry Oak Woodland","Hardwood",38,89,6,5,13,5,82,"I-A",97,69,0,0.380392,0.270588,0
59101,2141,4492.23989959061,404.301590963155,"Ozark-Ouachita Shortleaf Pine-Oak Forest and Woodland","Conifer",347,92,5,5,1,5,94,"I-A",196,164,100,0.768627,0.643137,0.392157
59101,2153,80.5599981993437,7.25039983794093,"Central Interior and Appalachian Floodplain Systems-Large Floodplains","Riparian",142,-9999,100,59,41,-9999,59,"III-A",48,237,56,0.188235,0.929412,0.219608
59101,2160,5862.23986896873,527.601588207185,"Ozark-Ouachita Shortleaf Pine-Bluestem Woodland","Hardwood-Conifer",100,1223,2,2,2,1,97,"I-A",68,137,112,0.266667,0.537255,0.439216
59102,11,498.599988855422,44.8739989969879,"Open Water","Open Water",-9999,-9999,-9999,-9999,-9999,-9999,-9999,"-9999",0,0,255,0,0,1
59102,2132,2324.07994805276,209.167195324749,"Ozark-Ouachita Dry-Mesic Oak Forest","Hardwood",188,66,15,11,6,17,77,"I-B",115,115,0,0.45098,0.45098,0
59102,2139,35.1599992141128,3.16439992927015,"Ozark-Ouachita Mesic Hardwood Forest","Hardwood",316,110,25,19,6,18,76,"I-C",0,135,74,0,0.529412,0.290196
59102,2140,618.319986179471,55.6487987561524,"Ozark-Ouachita Dry Oak Woodland","Hardwood",38,89,6,5,13,5,82,"I-A",97,69,0,0.380392,0.270588,0
59102,2141,1165.43997395039,104.889597655535,"Ozark-Ouachita Shortleaf Pine-Oak Forest and Woodland","Conifer",347,92,5,5,1,5,94,"I-A",196,164,100,0.768627,0.643137,0.392157
59102,2153,1191.43997336924,107.229597603232,"Central Interior and Appalachian Floodplain Systems-Large Floodplains","Riparian",142,-9999,100,59,41,-9999,59,"III-A",48,237,56,0.188235,0.929412,0.219608
59102,2160,10085.9597745612,907.73637971051,"Ozark-Ouachita Shortleaf Pine-Bluestem Woodland","Hardwood-Conifer",100,1223,2,2,2,1,97,"I-A",68,137,112,0.266667,0.537255,0.439216
59103,11,306.959993138909,27.6263993825018,"Open Water","Open Water",-9999,-9999,-9999,-9999,-9999,-9999,-9999,"-9999",0,0,255,0,0,1
59103,2132,2156.67995179445,194.1011956615,"Ozark-Ouachita Dry-Mesic Oak Forest","Hardwood",188,66,15,11,6,17,77,"I-B",115,115,0,0.45098,0.45098,0
59103,2140,1571.71996486932,141.454796838239,"Ozark-Ouachita Dry Oak Woodland","Hardwood",38,89,6,5,13,5,82,"I-A",97,69,0,0.380392,0.270588,0
59103,2141,1512.47996619344,136.123196957409,"Ozark-Ouachita Shortleaf Pine-Oak Forest and Woodland","Conifer",347,92,5,5,1,5,94,"I-A",196,164,100,0.768627,0.643137,0.392157
59103,2153,1295.55997104198,116.600397393778,"Central Interior and Appalachian Floodplain Systems-Large Floodplains","Riparian",142,-9999,100,59,41,-9999,59,"III-A",48,237,56,0.188235,0.929412,0.219608
59103,2160,17647.5996055454,1588.28396449909,"Ozark-Ouachita Shortleaf Pine-Bluestem Woodland","Hardwood-Conifer",100,1223,2,2,2,1,97,"I-A",68,137,112,0.266667,0.537255,0.439216
59104,11,90.6399979740381,8.15759981766343,"Open Water","Open Water",-9999,-9999,-9999,-9999,-9999,-9999,-9999,"-9999",0,0,255,0,0,1
59104,2132,6145.79986263067,553.12198763676,"Ozark-Ouachita Dry-Mesic Oak Forest","Hardwood",188,66,15,11,6,17,77,"I-B",115,115,0,0.45098,0.45098,0
59104,2140,2676.4399401769,240.879594615921,"Ozark-Ouachita Dry Oak Woodland","Hardwood",38,89,6,5,13,5,82,"I-A",97,69,0,0.380392,0.270588,0
59104,2141,1543.51996549964,138.916796894968,"Ozark-Ouachita Shortleaf Pine-Oak Forest and Woodland","Conifer",347,92,5,5,1,5,94,"I-A",196,164,100,0.768627,0.643137,0.392157
59104,2153,6592.15985265374,593.294386738837,"Central Interior and Appalachian Floodplain Systems-Large Floodplains","Riparian",142,-9999,100,59,41,-9999,59,"III-A",48,237,56,0.188235,0.929412,0.219608
59104,2160,31038.4393062368,2793.45953756131,"Ozark-Ouachita Shortleaf Pine-Bluestem Woodland","Hardwood-Conifer",100,1223,2,2,2,1,97,"I-A",68,137,112,0.266667,0.537255,0.439216
59105,11,1.99999995529652,0.179999995976686,"Open Water","Open Water",-9999,-9999,-9999,-9999,-9999,-9999,-9999,"-9999",0,0,255,0,0,1
59105,2132,1250.55997204781,112.550397484303,"Ozark-Ouachita Dry-Mesic Oak Forest","Hardwood",188,66,15,11,6,17,77,"I-B",115,115,0,0.45098,0.45098,0
59105,2139,304.919993184507,27.4427993866056,"Ozark-Ouachita Mesic Hardwood Forest","Hardwood",316,110,25,19,6,18,76,"I-C",0,135,74,0,0.529412,0.290196
59105,2140,1138.31997455657,102.448797710091,"Ozark-Ouachita Dry Oak Woodland","Hardwood",38,89,6,5,13,5,82,"I-A",97,69,0,0.380392,0.270588,0
59105,2141,730.319983676076,65.7287985308468,"Ozark-Ouachita Shortleaf Pine-Oak Forest and Woodland","Conifer",347,92,5,5,1,5,94,"I-A",196,164,100,0.768627,0.643137,0.392157
59105,2153,619.79998614639,55.7819987531751,"Central Interior and Appalachian Floodplain Systems-Large Floodplains","Riparian",142,-9999,100,59,41,-9999,59,"III-A",48,237,56,0.188235,0.929412,0.219608
59105,2160,6290.07985940576,566.107187346518,"Ozark-Ouachita Shortleaf Pine-Bluestem Woodland","Hardwood-Conifer",100,1223,2,2,2,1,97,"I-A",68,137,112,0.266667,0.537255,0.439216
59106,11,12.9999997094274,1.16999997384846,"Open Water","Open Water",-9999,-9999,-9999,-9999,-9999,-9999,-9999,"-9999",0,0,255,0,0,1
59106,2132,10798.9597586244,971.906378276199,"Ozark-Ouachita Dry-Mesic Oak Forest","Hardwood",188,66,15,11,6,17,77,"I-B",115,115,0,0.45098,0.45098,0
59106,2136,130.999997071922,11.789999736473,"Ouachita Montane Oak Forest","Hardwood",38,89,6,5,13,6,81,"I-A",0,38,115,0,0.14902,0.45098
59106,2139,1584.3999645859,142.595996812731,"Ozark-Ouachita Mesic Hardwood Forest","Hardwood",316,110,25,19,6,18,76,"I-C",0,135,74,0,0.529412,0.290196
59106,2140,5722.51987209171,515.026788488254,"Ozark-Ouachita Dry Oak Woodland","Hardwood",38,89,6,5,13,5,82,"I-A",97,69,0,0.380392,0.270588,0
59106,2141,10003.9997763932,900.359979875386,"Ozark-Ouachita Shortleaf Pine-Oak Forest and Woodland","Conifer",347,92,5,5,1,5,94,"I-A",196,164,100,0.768627,0.643137,0.392157
59106,2153,2.99999993294477,0.26999999396503,"Central Interior and Appalachian Floodplain Systems-Large Floodplains","Riparian",142,-9999,100,59,41,-9999,59,"III-A",48,237,56,0.188235,0.929412,0.219608
59106,2160,10201.1197719872,918.100779478848,"Ozark-Ouachita Shortleaf Pine-Bluestem Woodland","Hardwood-Conifer",100,1223,2,2,2,1,97,"I-A",68,137,112,0.266667,0.537255,0.439216
59107,11,11.0799997523427,0.997199977710843,"Open Water","Open Water",-9999,-9999,-9999,-9999,-9999,-9999,-9999,"-9999",0,0,255,0,0,1
59107,2132,4699.67989495397,422.971190545857,"Ozark-Ouachita Dry-Mesic Oak Forest","Hardwood",188,66,15,11,6,17,77,"I-B",115,115,0,0.45098,0.45098,0
59107,2136,720.799983888865,64.8719985499978,"Ouachita Montane Oak Forest","Hardwood",38,89,6,5,13,6,81,"I-A",0,38,115,0,0.14902,0.45098
59107,2139,1695.99996209145,152.63999658823,"Ozark-Ouachita Mesic Hardwood Forest","Hardwood",316,110,25,19,6,18,76,"I-C",0,135,74,0,0.529412,0.290196
59107,2140,5410.03987907618,486.903589116856,"Ozark-Ouachita Dry Oak Woodland","Hardwood",38,89,6,5,13,5,82,"I-A",97,69,0,0.380392,0.270588,0
59107,2141,10782.0797590017,970.387178310156,"Ozark-Ouachita Shortleaf Pine-Oak Forest and Woodland","Conifer",347,92,5,5,1,5,94,"I-A",196,164,100,0.768627,0.643137,0.392157
59107,2160,6920.31984531879,622.828786078691,"Ozark-Ouachita Shortleaf Pine-Bluestem Woodland","Hardwood-Conifer",100,1223,2,2,2,1,97,"I-A",68,137,112,0.266667,0.537255,0.439216
59108,11,920.319979429245,82.828798148632,"Open Water","Open Water",-9999,-9999,-9999,-9999,-9999,-9999,-9999,"-9999",0,0,255,0,0,1
59108,2132,9055.91979758441,815.032781782597,"Ozark-Ouachita Dry-Mesic Oak Forest","Hardwood",188,66,15,11,6,17,77,"I-B",115,115,0,0.45098,0.45098,0
59108,2139,23.3199994787574,2.09879995308816,"Ozark-Ouachita Mesic Hardwood Forest","Hardwood",316,110,25,19,6,18,76,"I-C",0,135,74,0,0.529412,0.290196
59108,2140,4986.67988853902,448.801189968511,"Ozark-Ouachita Dry Oak Woodland","Hardwood",38,89,6,5,13,5,82,"I-A",97,69,0,0.380392,0.270588,0
59108,2141,28072.3193725348,2526.50874352813,"Ozark-Ouachita Shortleaf Pine-Oak Forest and Woodland","Conifer",347,92,5,5,1,5,94,"I-A",196,164,100,0.768627,0.643137,0.392157
59108,2153,2878.79993565381,259.091994208842,"Central Interior and Appalachian Floodplain Systems-Large Floodplains","Riparian",142,-9999,100,59,41,-9999,59,"III-A",48,237,56,0.188235,0.929412,0.219608
59108,2158,39.9999991059303,3.59999991953373,"Central Interior and Appalachian Shrub-Herbaceous Wetland Systems","Riparian",17,-9999,-9999,17,100,-9999,-9999,"II-C",240,150,20,0.941176,0.588235,0.078431
59108,2160,9429.63978923112,848.667581030801,"Ozark-Ouachita Shortleaf Pine-Bluestem Woodland","Hardwood-Conifer",100,1223,2,2,2,1,97,"I-A",68,137,112,0.266667,0.537255,0.439216
59109,11,9.95999977737665,0.896399979963899,"Open Water","Open Water",-9999,-9999,-9999,-9999,-9999,-9999,-9999,"-9999",0,0,255,0,0,1
59109,2132,9427.83978927135,848.505581034422,"Ozark-Ouachita Dry-Mesic Oak Forest","Hardwood",188,66,15,11,6,17,77,"I-B",115,115,0,0.45098,0.45098,0
59109,2139,725.479983784258,65.2931985405832,"Ozark-Ouachita Mesic Hardwood Forest","Hardwood",316,110,25,19,6,18,76,"I-C",0,135,74,0,0.529412,0.290196
59109,2140,3361.83992485702,302.565593237132,"Ozark-Ouachita Dry Oak Woodland","Hardwood",38,89,6,5,13,5,82,"I-A",97,69,0,0.380392,0.270588,0
59109,2141,6720.47984978557,604.843186480701,"Ozark-Ouachita Shortleaf Pine-Oak Forest and Woodland","Conifer",347,92,5,5,1,5,94,"I-A",196,164,100,0.768627,0.643137,0.392157
59109,2153,48.1599989235401,4.33439990311861,"Central Interior and Appalachian Floodplain Systems-Large Floodplains","Riparian",142,-9999,100,59,41,-9999,59,"III-A",48,237,56,0.188235,0.929412,0.219608
59109,2158,7.99999982118607,0.719999983906746,"Central Interior and Appalachian Shrub-Herbaceous Wetland Systems","Riparian",17,-9999,-9999,17,100,-9999,-9999,"II-C",240,150,20,0.941176,0.588235,0.078431
59109,2160,10351.2397686318,931.611579176858,"Ozark-Ouachita Shortleaf Pine-Bluestem Woodland","Hardwood-Conifer",100,1223,2,2,2,1,97,"I-A",68,137,112,0.266667,0.537255,0.439216
59110,11,35.9999991953373,3.23999992758036,"Open Water","Open Water",-9999,-9999,-9999,-9999,-9999,-9999,-9999,"-9999",0,0,255,0,0,1
59110,2132,2423.15994583815,218.084395125434,"Ozark-Ouachita Dry-Mesic Oak Forest","Hardwood",188,66,15,11,6,17,77,"I-B",115,115,0,0.45098,0.45098,0
59110,2139,93.5199979096651,8.41679981186986,"Ozark-Ouachita Mesic Hardwood Forest","Hardwood",316,110,25,19,6,18,76,"I-C",0,135,74,0,0.529412,0.290196
59110,2140,1921.15995705873,172.904396135286,"Ozark-Ouachita Dry Oak Woodland","Hardwood",38,89,6,5,13,5,82,"I-A",97,69,0,0.380392,0.270588,0
59110,2141,6211.4398611635,559.029587504715,"Ozark-Ouachita Shortleaf Pine-Oak Forest and Woodland","Conifer",347,92,5,5,1,5,94,"I-A",196,164,100,0.768627,0.643137,0.392157
59110,2153,2159.0399517417,194.313595656753,"Central Interior and Appalachian Floodplain Systems-Large Floodplains","Riparian",142,-9999,100,59,41,-9999,59,"III-A",48,237,56,0.188235,0.929412,0.219608
59110,2158,34.999999217689,3.14999992959201,"Central Interior and Appalachian Shrub-Herbaceous Wetland Systems","Riparian",17,-9999,-9999,17,100,-9999,-9999,"II-C",240,150,20,0.941176,0.588235,0.078431
59110,2160,7583.67983049154,682.531184744239,"Ozark-Ouachita Shortleaf Pine-Bluestem Woodland","Hardwood-Conifer",100,1223,2,2,2,1,97,"I-A",68,137,112,0.266667,0.537255,0.439216
59111,2132,1234.63997240365,111.117597516328,"Ozark-Ouachita Dry-Mesic Oak Forest","Hardwood",188,66,15,11,6,17,77,"I-B",115,115,0,0.45098,0.45098,0
59111,2139,111.639997504652,10.0475997754186,"Ozark-Ouachita Mesic Hardwood Forest","Hardwood",316,110,25,19,6,18,76,"I-C",0,135,74,0,0.529412,0.290196
59111,2140,1076.87997592986,96.9191978336871,"Ozark-Ouachita Dry Oak Woodland","Hardwood",38,89,6,5,13,5,82,"I-A",97,69,0,0.380392,0.270588,0
59111,2141,3920.23991237581,352.821592113823,"Ozark-Ouachita Shortleaf Pine-Oak Forest and Woodland","Conifer",347,92,5,5,1,5,94,"I-A",196,164,100,0.768627,0.643137,0.392157
59111,2153,141.959996826947,12.7763997144252,"Central Interior and Appalachian Floodplain Systems-Large Floodplains","Riparian",142,-9999,100,59,41,-9999,59,"III-A",48,237,56,0.188235,0.929412,0.219608
59111,2158,0.999999977648258,0.0899999979883432,"Central Interior and Appalachian Shrub-Herbaceous Wetland Systems","Riparian",17,-9999,-9999,17,100,-9999,-9999,"II-C",240,150,20,0.941176,0.588235,0.078431
59111,2160,4686.63989524543,421.797590572089,"Ozark-Ouachita Shortleaf Pine-Bluestem Woodland","Hardwood-Conifer",100,1223,2,2,2,1,97,"I-A",68,137,112,0.266667,0.537255,0.439216
59112,2132,7505.99983222783,675.539984900504,"Ozark-Ouachita Dry-Mesic Oak Forest","Hardwood",188,66,15,11,6,17,77,"I-B",115,115,0,0.45098,0.45098,0
59112,2136,423.359990537167,38.102399148345,"Ouachita Montane Oak Forest","Hardwood",38,89,6,5,13,6,81,"I-A",0,38,115,0,0.14902,0.45098
59112,2139,1785.79996008426,160.721996407583,"Ozark-Ouachita Mesic Hardwood Forest","Hardwood",316,110,25,19,6,18,76,"I-C",0,135,74,0,0.529412,0.290196
59112,2140,6747.07984919101,607.237186427191,"Ozark-Ouachita Dry Oak Woodland","Hardwood",38,89,6,5,13,5,82,"I-A",97,69,0,0.380392,0.270588,0
59112,2141,7561.67983098328,680.551184788495,"Ozark-Ouachita Shortleaf Pine-Oak Forest and Woodland","Conifer",347,92,5,5,1,5,94,"I-A",196,164,100,0.768627,0.643137,0.392157
59112,2153,1115.19997507334,100.3679977566,"Central Interior and Appalachian Floodplain Systems-Large Floodplains","Riparian",142,-9999,100,59,41,-9999,59,"III-A",48,237,56,0.188235,0.929412,0.219608
59112,2158,0.999999977648258,0.0899999979883432,"Central Interior and Appalachian Shrub-Herbaceous Wetland Systems","Riparian",17,-9999,-9999,17,100,-9999,-9999,"II-C",240,150,20,0.941176,0.588235,0.078431
59112,2160,11015.8797537759,991.429177839831,"Ozark-Ouachita Shortleaf Pine-Bluestem Woodland","Hardwood-Conifer",100,1223,2,2,2,1,97,"I-A",68,137,112,0.266667,0.537255,0.439216
59113,2132,6600.95985245705,594.086386721134,"Ozark-Ouachita Dry-Mesic Oak Forest","Hardwood",188,66,15,11,6,17,77,"I-B",115,115,0,0.45098,0.45098,0
59113,2139,840.719981208444,75.6647983087599,"Ozark-Ouachita Mesic Hardwood Forest","Hardwood",316,110,25,19,6,18,76,"I-C",0,135,74,0,0.529412,0.290196
59113,2140,772.479982733727,69.5231984460354,"Ozark-Ouachita Dry Oak Woodland","Hardwood",38,89,6,5,13,5,82,"I-A",97,69,0,0.380392,0.270588,0
59113,2141,2677.23994015902,240.951594614312,"Ozark-Ouachita Shortleaf Pine-Oak Forest and Woodland","Conifer",347,92,5,5,1,5,94,"I-A",196,164,100,0.768627,0.643137,0.392157
59113,2158,0.999999977648258,0.0899999979883432,"Central Interior and Appalachian Shrub-Herbaceous Wetland Systems","Riparian",17,-9999,-9999,17,100,-9999,-9999,"II-C",240,150,20,0.941176,0.588235,0.078431
59113,2160,7272.59983744472,654.533985370025,"Ozark-Ouachita Shortleaf Pine-Bluestem Woodland","Hardwood-Conifer",100,1223,2,2,2,1,97,"I-A",68,137,112,0.266667,0.537255,0.439216
59114,11,151.999996602535,13.6799996942282,"Open Water","Open Water",-9999,-9999,-9999,-9999,-9999,-9999,-9999,"-9999",0,0,255,0,0,1
59114,2132,5988.47986614704,538.963187953234,"Ozark-Ouachita Dry-Mesic Oak Forest","Hardwood",188,66,15,11,6,17,77,"I-B",115,115,0,0.45098,0.45098,0
59114,2139,280.11999373883,25.2107994364947,"Ozark-Ouachita Mesic Hardwood Forest","Hardwood",316,110,25,19,6,18,76,"I-C",0,135,74,0,0.529412,0.290196
59114,2140,18567.8395849764,1671.10556264788,"Ozark-Ouachita Dry Oak Woodland","Hardwood",38,89,6,5,13,5,82,"I-A",97,69,0,0.380392,0.270588,0
59114,2141,5017.79988784343,451.601989905909,"Ozark-Ouachita Shortleaf Pine-Oak Forest and Woodland","Conifer",347,92,5,5,1,5,94,"I-A",196,164,100,0.768627,0.643137,0.392157
59114,2153,4963.43988905847,446.709590015262,"Central Interior and Appalachian Floodplain Systems-Large Floodplains","Riparian",142,-9999,100,59,41,-9999,59,"III-A",48,237,56,0.188235,0.929412,0.219608
59114,2158,27.9999993741512,2.51999994367361,"Central Interior and Appalachian Shrub-Herbaceous Wetland Systems","Riparian",17,-9999,-9999,17,100,-9999,-9999,"II-C",240,150,20,0.941176,0.588235,0.078431
59114,2160,8589.31980801374,773.038782721236,"Ozark-Ouachita Shortleaf Pine-Bluestem Woodland","Hardwood-Conifer",100,1223,2,2,2,1,97,"I-A",68,137,112,0.266667,0.537255,0.439216
59117,11,269.159993983805,24.2243994585425,"Open Water","Open Water",-9999,-9999,-9999,-9999,-9999,-9999,-9999,"-9999",0,0,255,0,0,1
59117,2132,3565.59992030263,320.903992827237,"Ozark-Ouachita Dry-Mesic Oak Forest","Hardwood",188,66,15,11,6,17,77,"I-B",115,115,0,0.45098,0.45098,0
59117,2139,96.9199978336692,8.72279980503023,"Ozark-Ouachita Mesic Hardwood Forest","Hardwood",316,110,25,19,6,18,76,"I-C",0,135,74,0,0.529412,0.290196
59117,2140,11933.4397332668,1074.00957599401,"Ozark-Ouachita Dry Oak Woodland","Hardwood",38,89,6,5,13,5,82,"I-A",97,69,0,0.380392,0.270588,0
59117,2141,4.99999988824129,0.449999989941716,"Ozark-Ouachita Shortleaf Pine-Oak Forest and Woodland","Conifer",347,92,5,5,1,5,94,"I-A",196,164,100,0.768627,0.643137,0.392157
59117,2153,4477.63989991695,402.987590992525,"Central Interior and Appalachian Floodplain Systems-Large Floodplains","Riparian",142,-9999,100,59,41,-9999,59,"III-A",48,237,56,0.188235,0.929412,0.219608
59117,2158,109.999997541308,9.89999977871776,"Central Interior and Appalachian Shrub-Herbaceous Wetland Systems","Riparian",17,-9999,-9999,17,100,-9999,-9999,"II-C",240,150,20,0.941176,0.588235,0.078431
59117,2160,2675.23994020373,240.771594618335,"Ozark-Ouachita Shortleaf Pine-Bluestem Woodland","Hardwood-Conifer",100,1223,2,2,2,1,97,"I-A",68,137,112,0.266667,0.537255,0.439216
59164,11,989.599977880716,89.0639980092645,"Open Water","Open Water",-9999,-9999,-9999,-9999,-9999,-9999,-9999,"-9999",0,0,255,0,0,1
59164,2132,15801.719646804,1422.15476821236,"Ozark-Ouachita Dry-Mesic Oak Forest","Hardwood",188,66,15,11,6,17,77,"I-B",115,115,0,0.45098,0.45098,0
59164,2139,2544.03994313627,228.963594882265,"Ozark-Ouachita Mesic Hardwood Forest","Hardwood",316,110,25,19,6,18,76,"I-C",0,135,74,0,0.529412,0.290196
59164,2140,16151.9596389756,1453.6763675078,"Ozark-Ouachita Dry Oak Woodland","Hardwood",38,89,6,5,13,5,82,"I-A",97,69,0,0.380392,0.270588,0
59164,2141,9197.39979442209,827.765981497988,"Ozark-Ouachita Shortleaf Pine-Oak Forest and Woodland","Conifer",347,92,5,5,1,5,94,"I-A",196,164,100,0.768627,0.643137,0.392157
59164,2153,701.839984312654,63.1655985881388,"Central Interior and Appalachian Floodplain Systems-Large Floodplains","Riparian",142,-9999,100,59,41,-9999,59,"III-A",48,237,56,0.188235,0.929412,0.219608
59164,2160,10666.4397615865,959.979578542784,"Ozark-Ouachita Shortleaf Pine-Bluestem Woodland","Hardwood-Conifer",100,1223,2,2,2,1,97,"I-A",68,137,112,0.266667,0.537255,0.439216
59166,11,189.19999577105,17.0279996193945,"Open Water","Open Water",-9999,-9999,-9999,-9999,-9999,-9999,-9999,"-9999",0,0,255,0,0,1
59166,2132,12959.079710342,1166.31717393078,"Ozark-Ouachita Dry-Mesic Oak Forest","Hardwood",188,66,15,11,6,17,77,"I-B",115,115,0,0.45098,0.45098,0
59166,2139,1946.55995649099,175.190396084189,"Ozark-Ouachita Mesic Hardwood Forest","Hardwood",316,110,25,19,6,18,76,"I-C",0,135,74,0,0.529412,0.290196
59166,2140,8557.63980872184,770.187582784966,"Ozark-Ouachita Dry Oak Woodland","Hardwood",38,89,6,5,13,5,82,"I-A",97,69,0,0.380392,0.270588,0
59166,2141,5877.11986863613,528.940788177252,"Ozark-Ouachita Shortleaf Pine-Oak Forest and Woodland","Conifer",347,92,5,5,1,5,94,"I-A",196,164,100,0.768627,0.643137,0.392157
59166,2153,636.479985773563,57.2831987196207,"Central Interior and Appalachian Floodplain Systems-Large Floodplains","Riparian",142,-9999,100,59,41,-9999,59,"III-A",48,237,56,0.188235,0.929412,0.219608
59166,2158,102.799997702241,9.25199979320169,"Central Interior and Appalachian Shrub-Herbaceous Wetland Systems","Riparian",17,-9999,-9999,17,100,-9999,-9999,"II-C",240,150,20,0.941176,0.588235,0.078431
59166,2160,9595.11978553236,863.560780697912,"Ozark-Ouachita Shortleaf Pine-Bluestem Woodland","Hardwood-Conifer",100,1223,2,2,2,1,97,"I-A",68,137,112,0.266667,0.537255,0.439216
59167,11,24.2399994581938,2.18159995123744,"Open Water","Open Water",-9999,-9999,-9999,-9999,-9999,-9999,-9999,"-9999",0,0,255,0,0,1
59167,2132,11433.1197444499,1028.98077700049,"Ozark-Ouachita Dry-Mesic Oak Forest","Hardwood",188,66,15,11,6,17,77,"I-B",115,115,0,0.45098,0.45098,0
59167,2139,2836.2799366042,255.265194294378,"Ozark-Ouachita Mesic Hardwood Forest","Hardwood",316,110,25,19,6,18,76,"I-C",0,135,74,0,0.529412,0.290196
59167,2140,11418.5597447753,1027.67037702978,"Ozark-Ouachita Dry Oak Woodland","Hardwood",38,89,6,5,13,5,82,"I-A",97,69,0,0.380392,0.270588,0
59167,2141,9723.43978266418,875.109580439776,"Ozark-Ouachita Shortleaf Pine-Oak Forest and Woodland","Conifer",347,92,5,5,1,5,94,"I-A",196,164,100,0.768627,0.643137,0.392157
59167,2153,321.519992813468,28.9367993532121,"Central Interior and Appalachian Floodplain Systems-Large Floodplains","Riparian",142,-9999,100,59,41,-9999,59,"III-A",48,237,56,0.188235,0.929412,0.219608
59167,2160,12785.8397142142,1150.72557427928,"Ozark-Ouachita Shortleaf Pine-Bluestem Woodland","Hardwood-Conifer",100,1223,2,2,2,1,97,"I-A",68,137,112,0.266667,0.537255,0.439216
59168,11,406.7199909091,36.604799181819,"Open Water","Open Water",-9999,-9999,-9999,-9999,-9999,-9999,-9999,"-9999",0,0,255,0,0,1
59168,2132,3236.75992765278,291.30839348875,"Ozark-Ouachita Dry-Mesic Oak Forest","Hardwood",188,66,15,11,6,17,77,"I-B",115,115,0,0.45098,0.45098,0
59168,2139,225.599994957447,20.3039995461702,"Ozark-Ouachita Mesic Hardwood Forest","Hardwood",316,110,25,19,6,18,76,"I-C",0,135,74,0,0.529412,0.290196
59168,2140,454.959989830852,40.9463990847766,"Ozark-Ouachita Dry Oak Woodland","Hardwood",38,89,6,5,13,5,82,"I-A",97,69,0,0.380392,0.270588,0
59168,2141,3402.8399239406,306.255593154654,"Ozark-Ouachita Shortleaf Pine-Oak Forest and Woodland","Conifer",347,92,5,5,1,5,94,"I-A",196,164,100,0.768627,0.643137,0.392157
59168,2153,1462.23996731639,131.601597058475,"Central Interior and Appalachian Floodplain Systems-Large Floodplains","Riparian",142,-9999,100,59,41,-9999,59,"III-A",48,237,56,0.188235,0.929412,0.219608
59168,2160,3059.87993160635,275.389193844572,"Ozark-Ouachita Shortleaf Pine-Bluestem Woodland","Hardwood-Conifer",100,1223,2,2,2,1,97,"I-A",68,137,112,0.266667,0.537255,0.439216
59169,11,1333.83997018635,120.045597316772,"Open Water","Open Water",-9999,-9999,-9999,-9999,-9999,-9999,-9999,"-9999",0,0,255,0,0,1
59169,2132,6168.03986213356,555.123587592021,"Ozark-Ouachita Dry-Mesic Oak Forest","Hardwood",188,66,15,11,6,17,77,"I-B",115,115,0,0.45098,0.45098,0
59169,2139,748.919983260334,67.40279849343,"Ozark-Ouachita Mesic Hardwood Forest","Hardwood",316,110,25,19,6,18,76,"I-C",0,135,74,0,0.529412,0.290196
59169,2140,4443.35990068316,399.902391061485,"Ozark-Ouachita Dry Oak Woodland","Hardwood",38,89,6,5,13,5,82,"I-A",97,69,0,0.380392,0.270588,0
59169,2141,4537.39989858121,408.365990872309,"Ozark-Ouachita Shortleaf Pine-Oak Forest and Woodland","Conifer",347,92,5,5,1,5,94,"I-A",196,164,100,0.768627,0.643137,0.392157
59169,2153,2278.03994908184,205.023595417365,"Central Interior and Appalachian Floodplain Systems-Large Floodplains","Riparian",142,-9999,100,59,41,-9999,59,"III-A",48,237,56,0.188235,0.929412,0.219608
59169,2160,5805.3998702392,522.485988321528,"Ozark-Ouachita Shortleaf Pine-Bluestem Woodland","Hardwood-Conifer",100,1223,2,2,2,1,97,"I-A",68,137,112,0.266667,0.537255,0.439216
59170,11,396.719991132617,35.7047992019355,"Open Water","Open Water",-9999,-9999,-9999,-9999,-9999,-9999,-9999,"-9999",0,0,255,0,0,1
59170,2132,9670.39978384972,870.335980546475,"Ozark-Ouachita Dry-Mesic Oak Forest","Hardwood",188,66,15,11,6,17,77,"I-B",115,115,0,0.45098,0.45098,0
59170,2139,1562.39996507764,140.615996856987,"Ozark-Ouachita Mesic Hardwood Forest","Hardwood",316,110,25,19,6,18,76,"I-C",0,135,74,0,0.529412,0.290196
59170,2140,11255.9597484097,1013.03637735687,"Ozark-Ouachita Dry Oak Woodland","Hardwood",38,89,6,5,13,5,82,"I-A",97,69,0,0.380392,0.270588,0
59170,2141,8878.35980155319,799.052382139787,"Ozark-Ouachita Shortleaf Pine-Oak Forest and Woodland","Conifer",347,92,5,5,1,5,94,"I-A",196,164,100,0.768627,0.643137,0.392157
59170,2153,614.839986257255,55.335598763153,"Central Interior and Appalachian Floodplain Systems-Large Floodplains","Riparian",142,-9999,100,59,41,-9999,59,"III-A",48,237,56,0.188235,0.929412,0.219608
59170,2160,9571.31978606433,861.418780745789,"Ozark-Ouachita Shortleaf Pine-Bluestem Woodland","Hardwood-Conifer",100,1223,2,2,2,1,97,"I-A",68,137,112,0.266667,0.537255,0.439216
59171,11,635.079985804856,57.157198722437,"Open Water","Open Water",-9999,-9999,-9999,-9999,-9999,-9999,-9999,"-9999",0,0,255,0,0,1
59171,2132,8730.11980486661,785.710782437995,"Ozark-Ouachita Dry-Mesic Oak Forest","Hardwood",188,66,15,11,6,17,77,"I-B",115,115,0,0.45098,0.45098,0
59171,2139,1514.63996614516,136.317596953064,"Ozark-Ouachita Mesic Hardwood Forest","Hardwood",316,110,25,19,6,18,76,"I-C",0,135,74,0,0.529412,0.290196
59171,2140,9732.07978247106,875.887180422395,"Ozark-Ouachita Dry Oak Woodland","Hardwood",38,89,6,5,13,5,82,"I-A",97,69,0,0.380392,0.270588,0
59171,2141,5196.27988385409,467.665189546868,"Ozark-Ouachita Shortleaf Pine-Oak Forest and Woodland","Conifer",347,92,5,5,1,5,94,"I-A",196,164,100,0.768627,0.643137,0.392157
59171,2153,2138.51995220035,192.466795698032,"Central Interior and Appalachian Floodplain Systems-Large Floodplains","Riparian",142,-9999,100,59,41,-9999,59,"III-A",48,237,56,0.188235,0.929412,0.219608
59171,2160,6785.27984833717,610.675186350346,"Ozark-Ouachita Shortleaf Pine-Bluestem Woodland","Hardwood-Conifer",100,1223,2,2,2,1,97,"I-A",68,137,112,0.266667,0.537255,0.439216
59172,11,1130.51997473091,101.746797725782,"Open Water","Open Water",-9999,-9999,-9999,-9999,-9999,-9999,-9999,"-9999",0,0,255,0,0,1
59172,2132,2823.71993688494,254.134794319645,"Ozark-Ouachita Dry-Mesic Oak Forest","Hardwood",188,66,15,11,6,17,77,"I-B",115,115,0,0.45098,0.45098,0
59172,2139,187.079995818436,16.8371996236593,"Ozark-Ouachita Mesic Hardwood Forest","Hardwood",316,110,25,19,6,18,76,"I-C",0,135,74,0,0.529412,0.290196
59172,2140,4776.91989322752,429.922790390477,"Ozark-Ouachita Dry Oak Woodland","Hardwood",38,89,6,5,13,5,82,"I-A",97,69,0,0.380392,0.270588,0
59172,2141,723.279983833432,65.0951985450089,"Ozark-Ouachita Shortleaf Pine-Oak Forest and Woodland","Conifer",347,92,5,5,1,5,94,"I-A",196,164,100,0.768627,0.643137,0.392157
59172,2153,3131.91992999613,281.872793699652,"Central Interior and Appalachian Floodplain Systems-Large Floodplains","Riparian",142,-9999,100,59,41,-9999,59,"III-A",48,237,56,0.188235,0.929412,0.219608
59172,2160,3630.55991885066,326.750392696559,"Ozark-Ouachita Shortleaf Pine-Bluestem Woodland","Hardwood-Conifer",100,1223,2,2,2,1,97,"I-A",68,137,112,0.266667,0.537255,0.439216
59173,11,966.599978394806,86.9939980555326,"Open Water","Open Water",-9999,-9999,-9999,-9999,-9999,-9999,-9999,"-9999",0,0,255,0,0,1
59173,2132,5172.83988437802,465.555589594021,"Ozark-Ouachita Dry-Mesic Oak Forest","Hardwood",188,66,15,11,6,17,77,"I-B",115,115,0,0.45098,0.45098,0
59173,2139,671.319984994829,60.4187986495346,"Ozark-Ouachita Mesic Hardwood Forest","Hardwood",316,110,25,19,6,18,76,"I-C",0,135,74,0,0.529412,0.290196
59173,2140,3903.79991274327,351.341992146894,"Ozark-Ouachita Dry Oak Woodland","Hardwood",38,89,6,5,13,5,82,"I-A",97,69,0,0.380392,0.270588,0
59173,2141,3953.43991163373,355.809592047036,"Ozark-Ouachita Shortleaf Pine-Oak Forest and Woodland","Conifer",347,92,5,5,1,5,94,"I-A",196,164,100,0.768627,0.643137,0.392157
59173,2153,3244.15992748737,291.974393473864,"Central Interior and Appalachian Floodplain Systems-Large Floodplains","Riparian",142,-9999,100,59,41,-9999,59,"III-A",48,237,56,0.188235,0.929412,0.219608
59173,2160,6846.8398469612,616.215586226508,"Ozark-Ouachita Shortleaf Pine-Bluestem Woodland","Hardwood-Conifer",100,1223,2,2,2,1,97,"I-A",68,137,112,0.266667,0.537255,0.439216
59174,11,325.719992719591,29.3147993447632,"Open Water","Open Water",-9999,-9999,-9999,-9999,-9999,-9999,-9999,"-9999",0,0,255,0,0,1
59174,2132,12456.6397215724,1121.09757494152,"Ozark-Ouachita Dry-Mesic Oak Forest","Hardwood",188,66,15,11,6,17,77,"I-B",115,115,0,0.45098,0.45098,0
59174,2139,162.999996356666,14.6699996720999,"Ozark-Ouachita Mesic Hardwood Forest","Hardwood",316,110,25,19,6,18,76,"I-C",0,135,74,0,0.529412,0.290196
59174,2140,9394.31979002059,845.488781101853,"Ozark-Ouachita Dry Oak Woodland","Hardwood",38,89,6,5,13,5,82,"I-A",97,69,0,0.380392,0.270588,0
59174,2141,9493.27978780866,854.395180902779,"Ozark-Ouachita Shortleaf Pine-Oak Forest and Woodland","Conifer",347,92,5,5,1,5,94,"I-A",196,164,100,0.768627,0.643137,0.392157
59174,2153,2922.03993468732,262.983594121858,"Central Interior and Appalachian Floodplain Systems-Large Floodplains","Riparian",142,-9999,100,59,41,-9999,59,"III-A",48,237,56,0.188235,0.929412,0.219608
59174,2160,44399.9990075827,3995.99991068244,"Ozark-Ouachita Shortleaf Pine-Bluestem Woodland","Hardwood-Conifer",100,1223,2,2,2,1,97,"I-A",68,137,112,0.266667,0.537255,0.439216
59175,11,24.9999994412065,2.24999994970858,"Open Water","Open Water",-9999,-9999,-9999,-9999,-9999,-9999,-9999,"-9999",0,0,255,0,0,1
59175,2132,2590.35994210094,233.132394789085,"Ozark-Ouachita Dry-Mesic Oak Forest","Hardwood",188,66,15,11,6,17,77,"I-B",115,115,0,0.45098,0.45098,0
59175,2139,7.91999982297421,0.712799984067678,"Ozark-Ouachita Mesic Hardwood Forest","Hardwood",316,110,25,19,6,18,76,"I-C",0,135,74,0,0.529412,0.290196
59175,2140,1927.67995691299,173.491196122169,"Ozark-Ouachita Dry Oak Woodland","Hardwood",38,89,6,5,13,5,82,"I-A",97,69,0,0.380392,0.270588,0
59175,2141,2530.67994343489,227.76119490914,"Ozark-Ouachita Shortleaf Pine-Oak Forest and Woodland","Conifer",347,92,5,5,1,5,94,"I-A",196,164,100,0.768627,0.643137,0.392157
59175,2153,519.519988387823,46.7567989549041,"Central Interior and Appalachian Floodplain Systems-Large Floodplains","Riparian",142,-9999,100,59,41,-9999,59,"III-A",48,237,56,0.188235,0.929412,0.219608
59175,2160,9000.83979881555,810.075581893399,"Ozark-Ouachita Shortleaf Pine-Bluestem Woodland","Hardwood-Conifer",100,1223,2,2,2,1,97,"I-A",68,137,112,0.266667,0.537255,0.439216
59176,11,159.399996437132,14.3459996793419,"Open Water","Open Water",-9999,-9999,-9999,-9999,-9999,-9999,-9999,"-9999",0,0,255,0,0,1
59176,2132,2803.8799373284,252.349194359556,"Ozark-Ouachita Dry-Mesic Oak Forest","Hardwood",188,66,15,11,6,17,77,"I-B",115,115,0,0.45098,0.45098,0
59176,2139,42.1199990585446,3.79079991526902,"Ozark-Ouachita Mesic Hardwood Forest","Hardwood",316,110,25,19,6,18,76,"I-C",0,135,74,0,0.529412,0.290196
59176,2140,1239.39997229725,111.545997506753,"Ozark-Ouachita Dry Oak Woodland","Hardwood",38,89,6,5,13,5,82,"I-A",97,69,0,0.380392,0.270588,0
59176,2141,1899.55995754153,170.960396178737,"Ozark-Ouachita Shortleaf Pine-Oak Forest and Woodland","Conifer",347,92,5,5,1,5,94,"I-A",196,164,100,0.768627,0.643137,0.392157
59176,2153,808.559981927276,72.7703983734548,"Central Interior and Appalachian Floodplain Systems-Large Floodplains","Riparian",142,-9999,100,59,41,-9999,59,"III-A",48,237,56,0.188235,0.929412,0.219608
59176,2160,10065.0797750279,905.857179752514,"Ozark-Ouachita Shortleaf Pine-Bluestem Woodland","Hardwood-Conifer",100,1223,2,2,2,1,97,"I-A",68,137,112,0.266667,0.537255,0.439216
59177,11,5.99999986588955,0.539999987930059,"Open Water","Open Water",-9999,-9999,-9999,-9999,-9999,-9999,-9999,"-9999",0,0,255,0,0,1
59177,2132,19510.0795639157,1755.90716075242,"Ozark-Ouachita Dry-Mesic Oak Forest","Hardwood",188,66,15,11,6,17,77,"I-B",115,115,0,0.45098,0.45098,0
59177,2139,5835.0798695758,525.157188261822,"Ozark-Ouachita Mesic Hardwood Forest","Hardwood",316,110,25,19,6,18,76,"I-C",0,135,74,0,0.529412,0.290196
59177,2140,8017.51982079446,721.576783871502,"Ozark-Ouachita Dry Oak Woodland","Hardwood",38,89,6,5,13,5,82,"I-A",97,69,0,0.380392,0.270588,0
59177,2141,21897.5595105514,1970.78035594963,"Ozark-Ouachita Shortleaf Pine-Oak Forest and Woodland","Conifer",347,92,5,5,1,5,94,"I-A",196,164,100,0.768627,0.643137,0.392157
59177,2153,80.9999981895089,7.2899998370558,"Central Interior and Appalachian Floodplain Systems-Large Floodplains","Riparian",142,-9999,100,59,41,-9999,59,"III-A",48,237,56,0.188235,0.929412,0.219608
59177,2160,20262.759547092,1823.64835923828,"Ozark-Ouachita Shortleaf Pine-Bluestem Woodland","Hardwood-Conifer",100,1223,2,2,2,1,97,"I-A",68,137,112,0.266667,0.537255,0.439216
59178,11,8.039999820292,0.72359998382628,"Open Water","Open Water",-9999,-9999,-9999,-9999,-9999,-9999,-9999,"-9999",0,0,255,0,0,1
59178,2132,22670.1194932833,2040.3107543955,"Ozark-Ouachita Dry-Mesic Oak Forest","Hardwood",188,66,15,11,6,17,77,"I-B",115,115,0,0.45098,0.45098,0
59178,2139,3660.35991818458,329.432392636612,"Ozark-Ouachita Mesic Hardwood Forest","Hardwood",316,110,25,19,6,18,76,"I-C",0,135,74,0,0.529412,0.290196
59178,2140,9286.27979243547,835.765181319192,"Ozark-Ouachita Dry Oak Woodland","Hardwood",38,89,6,5,13,5,82,"I-A",97,69,0,0.380392,0.270588,0
59178,2141,13965.7196878418,1256.91477190576,"Ozark-Ouachita Shortleaf Pine-Oak Forest and Woodland","Conifer",347,92,5,5,1,5,94,"I-A",196,164,100,0.768627,0.643137,0.392157
59178,2153,174.999996088445,15.7499996479601,"Central Interior and Appalachian Floodplain Systems-Large Floodplains","Riparian",142,-9999,100,59,41,-9999,59,"III-A",48,237,56,0.188235,0.929412,0.219608
59178,2160,21720.4795145094,1954.84315630585,"Ozark-Ouachita Shortleaf Pine-Bluestem Woodland","Hardwood-Conifer",100,1223,2,2,2,1,97,"I-A",68,137,112,0.266667,0.537255,0.439216
59179,2132,8596.5198078528,773.686782706752,"Ozark-Ouachita Dry-Mesic Oak Forest","Hardwood",188,66,15,11,6,17,77,"I-B",115,115,0,0.45098,0.45098,0
59179,2136,56.9199987277389,5.1227998854965,"Ouachita Montane Oak Forest","Hardwood",38,89,6,5,13,6,81,"I-A",0,38,115,0,0.14902,0.45098
59179,2139,1071.43997605145,96.4295978446305,"Ozark-Ouachita Mesic Hardwood Forest","Hardwood",316,110,25,19,6,18,76,"I-C",0,135,74,0,0.529412,0.290196
59179,2140,2243.87994984537,201.949195486084,"Ozark-Ouachita Dry Oak Woodland","Hardwood",38,89,6,5,13,5,82,"I-A",97,69,0,0.380392,0.270588,0
59179,2141,5579.11987529695,502.120788776726,"Ozark-Ouachita Shortleaf Pine-Oak Forest and Woodland","Conifer",347,92,5,5,1,5,94,"I-A",196,164,100,0.768627,0.643137,0.392157
59179,2153,166.39999628067,14.9759996652603,"Central Interior and Appalachian Floodplain Systems-Large Floodplains","Riparian",142,-9999,100,59,41,-9999,59,"III-A",48,237,56,0.188235,0.929412,0.219608
59179,2160,11707.7197383121,1053.69477644809,"Ozark-Ouachita Shortleaf Pine-Bluestem Woodland","Hardwood-Conifer",100,1223,2,2,2,1,97,"I-A",68,137,112,0.266667,0.537255,0.439216
59180,11,3.99999991059303,0.359999991953373,"Open Water","Open Water",-9999,-9999,-9999,-9999,-9999,-9999,-9999,"-9999",0,0,255,0,0,1
59180,2132,10194.3997721374,917.495979492366,"Ozark-Ouachita Dry-Mesic Oak Forest","Hardwood",188,66,15,11,6,17,77,"I-B",115,115,0,0.45098,0.45098,0
59180,2136,561.079987458885,50.4971988712996,"Ouachita Montane Oak Forest","Hardwood",38,89,6,5,13,6,81,"I-A",0,38,115,0,0.14902,0.45098
59180,2139,1549.35996536911,139.442396883219,"Ozark-Ouachita Mesic Hardwood Forest","Hardwood",316,110,25,19,6,18,76,"I-C",0,135,74,0,0.529412,0.290196
59180,2140,5066.91988674551,456.022789807096,"Ozark-Ouachita Dry Oak Woodland","Hardwood",38,89,6,5,13,5,82,"I-A",97,69,0,0.380392,0.270588,0
59180,2141,6817.8398476094,613.605586284846,"Ozark-Ouachita Shortleaf Pine-Oak Forest and Woodland","Conifer",347,92,5,5,1,5,94,"I-A",196,164,100,0.768627,0.643137,0.392157
59180,2153,394.199991188943,35.4779992070049,"Central Interior and Appalachian Floodplain Systems-Large Floodplains","Riparian",142,-9999,100,59,41,-9999,59,"III-A",48,237,56,0.188235,0.929412,0.219608
59180,2160,21713.1995146722,1954.18795632049,"Ozark-Ouachita Shortleaf Pine-Bluestem Woodland","Hardwood-Conifer",100,1223,2,2,2,1,97,"I-A",68,137,112,0.266667,0.537255,0.439216
59181,11,8.99999979883432,0.809999981895089,"Open Water","Open Water",-9999,-9999,-9999,-9999,-9999,-9999,-9999,"-9999",0,0,255,0,0,1
59181,2132,1726.63996140659,155.397596526593,"Ozark-Ouachita Dry-Mesic Oak Forest","Hardwood",188,66,15,11,6,17,77,"I-B",115,115,0,0.45098,0.45098,0
59181,2139,440.71999014914,39.6647991134226,"Ozark-Ouachita Mesic Hardwood Forest","Hardwood",316,110,25,19,6,18,76,"I-C",0,135,74,0,0.529412,0.290196
59181,2140,1496.15996655822,134.65439699024,"Ozark-Ouachita Dry Oak Woodland","Hardwood",38,89,6,5,13,5,82,"I-A",97,69,0,0.380392,0.270588,0
59181,2141,4129.83990769088,371.685591692179,"Ozark-Ouachita Shortleaf Pine-Oak Forest and Woodland","Conifer",347,92,5,5,1,5,94,"I-A",196,164,100,0.768627,0.643137,0.392157
59181,2153,586.799986883998,52.8119988195598,"Central Interior and Appalachian Floodplain Systems-Large Floodplains","Riparian",142,-9999,100,59,41,-9999,59,"III-A",48,237,56,0.188235,0.929412,0.219608
59181,2160,6140.83986274153,552.675587646738,"Ozark-Ouachita Shortleaf Pine-Bluestem Woodland","Hardwood-Conifer",100,1223,2,2,2,1,97,"I-A",68,137,112,0.266667,0.537255,0.439216
59182,2132,8408.47981205583,756.763183085024,"Ozark-Ouachita Dry-Mesic Oak Forest","Hardwood",188,66,15,11,6,17,77,"I-B",115,115,0,0.45098,0.45098,0
59182,2136,41.9999990612268,3.77999991551042,"Ouachita Montane Oak Forest","Hardwood",38,89,6,5,13,6,81,"I-A",0,38,115,0,0.14902,0.45098
59182,2139,1269.35997162759,114.242397446483,"Ozark-Ouachita Mesic Hardwood Forest","Hardwood",316,110,25,19,6,18,76,"I-C",0,135,74,0,0.529412,0.290196
59182,2140,3491.15992196649,314.204392976984,"Ozark-Ouachita Dry Oak Woodland","Hardwood",38,89,6,5,13,5,82,"I-A",97,69,0,0.380392,0.270588,0
59182,2141,4452.03990048915,400.683591044024,"Ozark-Ouachita Shortleaf Pine-Oak Forest and Woodland","Conifer",347,92,5,5,1,5,94,"I-A",196,164,100,0.768627,0.643137,0.392157
59182,2153,1.3199999704957,0.118799997344613,"Central Interior and Appalachian Floodplain Systems-Large Floodplains","Riparian",142,-9999,100,59,41,-9999,59,"III-A",48,237,56,0.188235,0.929412,0.219608
59182,2160,10898.6397563964,980.877578075677,"Ozark-Ouachita Shortleaf Pine-Bluestem Woodland","Hardwood-Conifer",100,1223,2,2,2,1,97,"I-A",68,137,112,0.266667,0.537255,0.439216
59183,11,6.99999984353781,0.629999985918403,"Open Water","Open Water",-9999,-9999,-9999,-9999,-9999,-9999,-9999,"-9999",0,0,255,0,0,1
59183,2132,6413.35985665023,577.202387098521,"Ozark-Ouachita Dry-Mesic Oak Forest","Hardwood",188,66,15,11,6,17,77,"I-B",115,115,0,0.45098,0.45098,0
59183,2136,193.319995678961,17.3987996111065,"Ouachita Montane Oak Forest","Hardwood",38,89,6,5,13,6,81,"I-A",0,38,115,0,0.14902,0.45098
59183,2139,1088.23997567594,97.9415978108347,"Ozark-Ouachita Mesic Hardwood Forest","Hardwood",316,110,25,19,6,18,76,"I-C",0,135,74,0,0.529412,0.290196
59183,2140,4054.63990937173,364.917591843456,"Ozark-Ouachita Dry Oak Woodland","Hardwood",38,89,6,5,13,5,82,"I-A",97,69,0,0.380392,0.270588,0
59183,2141,5776.4398708865,519.879588379785,"Ozark-Ouachita Shortleaf Pine-Oak Forest and Woodland","Conifer",347,92,5,5,1,5,94,"I-A",196,164,100,0.768627,0.643137,0.392157
59183,2153,47.679998934269,4.29119990408421,"Central Interior and Appalachian Floodplain Systems-Large Floodplains","Riparian",142,-9999,100,59,41,-9999,59,"III-A",48,237,56,0.188235,0.929412,0.219608
59183,2160,10703.3197607622,963.298778468594,"Ozark-Ouachita Shortleaf Pine-Bluestem Woodland","Hardwood-Conifer",100,1223,2,2,2,1,97,"I-A",68,137,112,0.266667,0.537255,0.439216
59184,2132,8283.83981484175,745.545583335757,"Ozark-Ouachita Dry-Mesic Oak Forest","Hardwood",188,66,15,11,6,17,77,"I-B",115,115,0,0.45098,0.45098,0
59184,2139,1885.11995786428,169.660796207786,"Ozark-Ouachita Mesic Hardwood Forest","Hardwood",316,110,25,19,6,18,76,"I-C",0,135,74,0,0.529412,0.290196
59184,2140,3732.63991656899,335.93759249121,"Ozark-Ouachita Dry Oak Woodland","Hardwood",38,89,6,5,13,5,82,"I-A",97,69,0,0.380392,0.270588,0
59184,2141,7247.15983801335,652.244385421202,"Ozark-Ouachita Shortleaf Pine-Oak Forest and Woodland","Conifer",347,92,5,5,1,5,94,"I-A",196,164,100,0.768627,0.643137,0.392157
59184,2153,196.159995615482,17.6543996053934,"Central Interior and Appalachian Floodplain Systems-Large Floodplains","Riparian",142,-9999,100,59,41,-9999,59,"III-A",48,237,56,0.188235,0.929412,0.219608
59184,2160,12098.0797295868,1088.82717566282,"Ozark-Ouachita Shortleaf Pine-Bluestem Woodland","Hardwood-Conifer",100,1223,2,2,2,1,97,"I-A",68,137,112,0.266667,0.537255,0.439216
59185,11,14.9999996647239,1.34999996982515,"Open Water","Open Water",-9999,-9999,-9999,-9999,-9999,-9999,-9999,"-9999",0,0,255,0,0,1
59185,2132,27547.159384273,2479.24434458457,"Ozark-Ouachita Dry-Mesic Oak Forest","Hardwood",188,66,15,11,6,17,77,"I-B",115,115,0,0.45098,0.45098,0
59185,2136,1462.51996731013,131.626797057912,"Ouachita Montane Oak Forest","Hardwood",38,89,6,5,13,6,81,"I-A",0,38,115,0,0.14902,0.45098
59185,2139,4445.27990064025,400.075191057622,"Ozark-Ouachita Mesic Hardwood Forest","Hardwood",316,110,25,19,6,18,76,"I-C",0,135,74,0,0.529412,0.290196
59185,2140,9986.11977679282,898.750779911354,"Ozark-Ouachita Dry Oak Woodland","Hardwood",38,89,6,5,13,5,82,"I-A",97,69,0,0.380392,0.270588,0
59185,2141,20436.2795432135,1839.26515888922,"Ozark-Ouachita Shortleaf Pine-Oak Forest and Woodland","Conifer",347,92,5,5,1,5,94,"I-A",196,164,100,0.768627,0.643137,0.392157
59185,2153,530.279988147318,47.7251989332587,"Central Interior and Appalachian Floodplain Systems-Large Floodplains","Riparian",142,-9999,100,59,41,-9999,59,"III-A",48,237,56,0.188235,0.929412,0.219608
59185,2160,36867.3591759503,3318.06232583553,"Ozark-Ouachita Shortleaf Pine-Bluestem Woodland","Hardwood-Conifer",100,1223,2,2,2,1,97,"I-A",68,137,112,0.266667,0.537255,0.439216
59186,2132,6671.79985087365,600.461986578628,"Ozark-Ouachita Dry-Mesic Oak Forest","Hardwood",188,66,15,11,6,17,77,"I-B",115,115,0,0.45098,0.45098,0
59186,2136,712.839984066784,64.1555985660106,"Ouachita Montane Oak Forest","Hardwood",38,89,6,5,13,6,81,"I-A",0,38,115,0,0.14902,0.45098
59186,2139,925.999979302287,83.3399981372058,"Ozark-Ouachita Mesic Hardwood Forest","Hardwood",316,110,25,19,6,18,76,"I-C",0,135,74,0,0.529412,0.290196
59186,2140,1117.55997502059,100.580397751853,"Ozark-Ouachita Dry Oak Woodland","Hardwood",38,89,6,5,13,5,82,"I-A",97,69,0,0.380392,0.270588,0
59186,2141,2006.75995514542,180.608395963088,"Ozark-Ouachita Shortleaf Pine-Oak Forest and Woodland","Conifer",347,92,5,5,1,5,94,"I-A",196,164,100,0.768627,0.643137,0.392157
59186,2158,0.999999977648258,0.0899999979883432,"Central Interior and Appalachian Shrub-Herbaceous Wetland Systems","Riparian",17,-9999,-9999,17,100,-9999,-9999,"II-C",240,150,20,0.941176,0.588235,0.078431
59186,2160,8932.03980035335,803.883582031801,"Ozark-Ouachita Shortleaf Pine-Bluestem Woodland","Hardwood-Conifer",100,1223,2,2,2,1,97,"I-A",68,137,112,0.266667,0.537255,0.439216
59187,11,10.9999997541308,0.989999977871776,"Open Water","Open Water",-9999,-9999,-9999,-9999,-9999,-9999,-9999,"-9999",0,0,255,0,0,1
59187,2132,17273.6796139032,1554.63116525128,"Ozark-Ouachita Dry-Mesic Oak Forest","Hardwood",188,66,15,11,6,17,77,"I-B",115,115,0,0.45098,0.45098,0
59187,2136,9458.07978859544,851.227180973589,"Ouachita Montane Oak Forest","Hardwood",38,89,6,5,13,6,81,"I-A",0,38,115,0,0.14902,0.45098
59187,2139,6024.55986534059,542.210387880653,"Ozark-Ouachita Mesic Hardwood Forest","Hardwood",316,110,25,19,6,18,76,"I-C",0,135,74,0,0.529412,0.290196
59187,2140,13142.0397062525,1182.78357356273,"Ozark-Ouachita Dry Oak Woodland","Hardwood",38,89,6,5,13,5,82,"I-A",97,69,0,0.380392,0.270588,0
59187,2141,28057.5193728656,2525.1767435579,"Ozark-Ouachita Shortleaf Pine-Oak Forest and Woodland","Conifer",347,92,5,5,1,5,94,"I-A",196,164,100,0.768627,0.643137,0.392157
59187,2153,50.8399988636374,4.57559989772737,"Central Interior and Appalachian Floodplain Systems-Large Floodplains","Riparian",142,-9999,100,59,41,-9999,59,"III-A",48,237,56,0.188235,0.929412,0.219608
59187,2158,0.999999977648258,0.0899999979883432,"Central Interior and Appalachian Shrub-Herbaceous Wetland Systems","Riparian",17,-9999,-9999,17,100,-9999,-9999,"II-C",240,150,20,0.941176,0.588235,0.078431
59187,2160,25350.2794333771,2281.52514900394,"Ozark-Ouachita Shortleaf Pine-Bluestem Woodland","Hardwood-Conifer",100,1223,2,2,2,1,97,"I-A",68,137,112,0.266667,0.537255,0.439216
59188,2132,4777.35989321768,429.962390389591,"Ozark-Ouachita Dry-Mesic Oak Forest","Hardwood",188,66,15,11,6,17,77,"I-B",115,115,0,0.45098,0.45098,0
59188,2139,1099.59997542202,98.9639977879822,"Ozark-Ouachita Mesic Hardwood Forest","Hardwood",316,110,25,19,6,18,76,"I-C",0,135,74,0,0.529412,0.290196
59188,2140,2487.11994440854,223.840794996768,"Ozark-Ouachita Dry Oak Woodland","Hardwood",38,89,6,5,13,5,82,"I-A",97,69,0,0.380392,0.270588,0
59188,2141,8060.35981983691,725.432383785322,"Ozark-Ouachita Shortleaf Pine-Oak Forest and Woodland","Conifer",347,92,5,5,1,5,94,"I-A",196,164,100,0.768627,0.643137,0.392157
59188,2160,5069.5598866865,456.260389801785,"Ozark-Ouachita Shortleaf Pine-Bluestem Woodland","Hardwood-Conifer",100,1223,2,2,2,1,97,"I-A",68,137,112,0.266667,0.537255,0.439216
59189,11,52.3999988287687,4.71599989458919,"Open Water","Open Water",-9999,-9999,-9999,-9999,-9999,-9999,-9999,"-9999",0,0,255,0,0,1
59189,2132,12895.1597117707,1160.56437405936,"Ozark-Ouachita Dry-Mesic Oak Forest","Hardwood",188,66,15,11,6,17,77,"I-B",115,115,0,0.45098,0.45098,0
59189,2136,2229.03995017707,200.613595515937,"Ouachita Montane Oak Forest","Hardwood",38,89,6,5,13,6,81,"I-A",0,38,115,0,0.14902,0.45098
59189,2139,3891.27991302311,350.21519217208,"Ozark-Ouachita Mesic Hardwood Forest","Hardwood",316,110,25,19,6,18,76,"I-C",0,135,74,0,0.529412,0.290196
59189,2140,6267.15985991806,564.044387392625,"Ozark-Ouachita Dry Oak Woodland","Hardwood",38,89,6,5,13,5,82,"I-A",97,69,0,0.380392,0.270588,0
59189,2141,10088.8397744969,907.995579704717,"Ozark-Ouachita Shortleaf Pine-Oak Forest and Woodland","Conifer",347,92,5,5,1,5,94,"I-A",196,164,100,0.768627,0.643137,0.392157
59189,2153,99.0399977862835,8.91359980076551,"Central Interior and Appalachian Floodplain Systems-Large Floodplains","Riparian",142,-9999,100,59,41,-9999,59,"III-A",48,237,56,0.188235,0.929412,0.219608
59189,2158,0.359999991953373,0.0323999992758036,"Central Interior and Appalachian Shrub-Herbaceous Wetland Systems","Riparian",17,-9999,-9999,17,100,-9999,-9999,"II-C",240,150,20,0.941176,0.588235,0.078431
59189,2160,19990.7195531726,1799.16475978553,"Ozark-Ouachita Shortleaf Pine-Bluestem Woodland","Hardwood-Conifer",100,1223,2,2,2,1,97,"I-A",68,137,112,0.266667,0.537255,0.439216
59190,11,0.239999994635582,0.0215999995172024,"Open Water","Open Water",-9999,-9999,-9999,-9999,-9999,-9999,-9999,"-9999",0,0,255,0,0,1
59190,2132,13311.4797024652,1198.03317322187,"Ozark-Ouachita Dry-Mesic Oak Forest","Hardwood",188,66,15,11,6,17,77,"I-B",115,115,0,0.45098,0.45098,0
59190,2136,3943.03991186619,354.873592067957,"Ouachita Montane Oak Forest","Hardwood",38,89,6,5,13,6,81,"I-A",0,38,115,0,0.14902,0.45098
59190,2139,3598.87991955876,323.899192760289,"Ozark-Ouachita Mesic Hardwood Forest","Hardwood",316,110,25,19,6,18,76,"I-C",0,135,74,0,0.529412,0.290196
59190,2140,5255.35988253355,472.98238942802,"Ozark-Ouachita Dry Oak Woodland","Hardwood",38,89,6,5,13,5,82,"I-A",97,69,0,0.380392,0.270588,0
59190,2141,8290.63981468976,746.157583322078,"Ozark-Ouachita Shortleaf Pine-Oak Forest and Woodland","Conifer",347,92,5,5,1,5,94,"I-A",196,164,100,0.768627,0.643137,0.392157
59190,2158,1.99999995529652,0.179999995976686,"Central Interior and Appalachian Shrub-Herbaceous Wetland Systems","Riparian",17,-9999,-9999,17,100,-9999,-9999,"II-C",240,150,20,0.941176,0.588235,0.078431
59190,2160,15355.359656781,1381.98236911029,"Ozark-Ouachita Shortleaf Pine-Bluestem Woodland","Hardwood-Conifer",100,1223,2,2,2,1,97,"I-A",68,137,112,0.266667,0.537255,0.439216
59191,2132,8477.95981050283,763.016382945254,"Ozark-Ouachita Dry-Mesic Oak Forest","Hardwood",188,66,15,11,6,17,77,"I-B",115,115,0,0.45098,0.45098,0
59191,2136,129.519997105002,11.6567997394502,"Ouachita Montane Oak Forest","Hardwood",38,89,6,5,13,6,81,"I-A",0,38,115,0,0.14902,0.45098
59191,2139,2441.39994543046,219.725995088741,"Ozark-Ouachita Mesic Hardwood Forest","Hardwood",316,110,25,19,6,18,76,"I-C",0,135,74,0,0.529412,0.290196
59191,2140,7600.47983011603,684.043184710443,"Ozark-Ouachita Dry Oak Woodland","Hardwood",38,89,6,5,13,5,82,"I-A",97,69,0,0.380392,0.270588,0
59191,2141,9657.43978413939,869.169580572546,"Ozark-Ouachita Shortleaf Pine-Oak Forest and Woodland","Conifer",347,92,5,5,1,5,94,"I-A",196,164,100,0.768627,0.643137,0.392157
59191,2153,408.559990867972,36.7703991781175,"Central Interior and Appalachian Floodplain Systems-Large Floodplains","Riparian",142,-9999,100,59,41,-9999,59,"III-A",48,237,56,0.188235,0.929412,0.219608
59191,2158,3.99999991059303,0.359999991953373,"Central Interior and Appalachian Shrub-Herbaceous Wetland Systems","Riparian",17,-9999,-9999,17,100,-9999,-9999,"II-C",240,150,20,0.941176,0.588235,0.078431
59191,2160,8249.63981560618,742.467583404556,"Ozark-Ouachita Shortleaf Pine-Bluestem Woodland","Hardwood-Conifer",100,1223,2,2,2,1,97,"I-A",68,137,112,0.266667,0.537255,0.439216
59192,11,759.999983012676,68.3999984711409,"Open Water","Open Water",-9999,-9999,-9999,-9999,-9999,-9999,-9999,"-9999",0,0,255,0,0,1
59192,2132,13521.5196977705,1216.93677279934,"Ozark-Ouachita Dry-Mesic Oak Forest","Hardwood",188,66,15,11,6,17,77,"I-B",115,115,0,0.45098,0.45098,0
59192,2139,428.159990429878,38.534399138689,"Ozark-Ouachita Mesic Hardwood Forest","Hardwood",316,110,25,19,6,18,76,"I-C",0,135,74,0,0.529412,0.290196
59192,2140,37897.5591529235,3410.78032376312,"Ozark-Ouachita Dry Oak Woodland","Hardwood",38,89,6,5,13,5,82,"I-A",97,69,0,0.380392,0.270588,0
59192,2141,7202.43983901292,648.219585511163,"Ozark-Ouachita Shortleaf Pine-Oak Forest and Woodland","Conifer",347,92,5,5,1,5,94,"I-A",196,164,100,0.768627,0.643137,0.392157
59192,2153,15485.279653877,1393.67516884893,"Central Interior and Appalachian Floodplain Systems-Large Floodplains","Riparian",142,-9999,100,59,41,-9999,59,"III-A",48,237,56,0.188235,0.929412,0.219608
59192,2158,198.999995552003,17.9099995996803,"Central Interior and Appalachian Shrub-Herbaceous Wetland Systems","Riparian",17,-9999,-9999,17,100,-9999,-9999,"II-C",240,150,20,0.941176,0.588235,0.078431
59192,2160,20289.0395465046,1826.01355918542,"Ozark-Ouachita Shortleaf Pine-Bluestem Woodland","Hardwood-Conifer",100,1223,2,2,2,1,97,"I-A",68,137,112,0.266667,0.537255,0.439216
59193,11,262.359994135797,23.6123994722217,"Open Water","Open Water",-9999,-9999,-9999,-9999,-9999,-9999,-9999,"-9999",0,0,255,0,0,1
59193,2132,18769.9995804578,1689.2999622412,"Ozark-Ouachita Dry-Mesic Oak Forest","Hardwood",188,66,15,11,6,17,77,"I-B",115,115,0,0.45098,0.45098,0
59193,2139,486.91998911649,43.8227990204841,"Ozark-Ouachita Mesic Hardwood Forest","Hardwood",316,110,25,19,6,18,76,"I-C",0,135,74,0,0.529412,0.290196
59193,2140,29415.5193425119,2647.39674082607,"Ozark-Ouachita Dry Oak Woodland","Hardwood",38,89,6,5,13,5,82,"I-A",97,69,0,0.380392,0.270588,0
59193,2141,9861.47977957875,887.533180162087,"Ozark-Ouachita Shortleaf Pine-Oak Forest and Woodland","Conifer",347,92,5,5,1,5,94,"I-A",196,164,100,0.768627,0.643137,0.392157
59193,2153,16119.5196397007,1450.75676757306,"Central Interior and Appalachian Floodplain Systems-Large Floodplains","Riparian",142,-9999,100,59,41,-9999,59,"III-A",48,237,56,0.188235,0.929412,0.219608
59193,2158,365.959991820157,32.9363992638141,"Central Interior and Appalachian Shrub-Herbaceous Wetland Systems","Riparian",17,-9999,-9999,17,100,-9999,-9999,"II-C",240,150,20,0.941176,0.588235,0.078431
59193,2160,37480.2391622514,3373.22152460262,"Ozark-Ouachita Shortleaf Pine-Bluestem Woodland","Hardwood-Conifer",100,1223,2,2,2,1,97,"I-A",68,137,112,0.266667,0.537255,0.439216
59240,2132,6612.59985219687,595.133986697718,"Ozark-Ouachita Dry-Mesic Oak Forest","Hardwood",188,66,15,11,6,17,77,"I-B",115,115,0,0.45098,0.45098,0
59240,2139,476.479989349842,42.8831990414858,"Ozark-Ouachita Mesic Hardwood Forest","Hardwood",316,110,25,19,6,18,76,"I-C",0,135,74,0,0.529412,0.290196
59240,2140,9545.19978664815,859.067980798334,"Ozark-Ouachita Dry Oak Woodland","Hardwood",38,89,6,5,13,5,82,"I-A",97,69,0,0.380392,0.270588,0
59240,2141,5440.15987840295,489.614389056265,"Ozark-Ouachita Shortleaf Pine-Oak Forest and Woodland","Conifer",347,92,5,5,1,5,94,"I-A",196,164,100,0.768627,0.643137,0.392157
59240,2153,919.359979450703,82.7423981505632,"Central Interior and Appalachian Floodplain Systems-Large Floodplains","Riparian",142,-9999,100,59,41,-9999,59,"III-A",48,237,56,0.188235,0.929412,0.219608
59240,2160,9278.19979261607,835.037981335446,"Ozark-Ouachita Shortleaf Pine-Bluestem Woodland","Hardwood-Conifer",100,1223,2,2,2,1,97,"I-A",68,137,112,0.266667,0.537255,0.439216
59241,11,3.99999991059303,0.359999991953373,"Open Water","Open Water",-9999,-9999,-9999,-9999,-9999,-9999,-9999,"-9999",0,0,255,0,0,1
59241,2132,5727.11987198889,515.440788479,"Ozark-Ouachita Dry-Mesic Oak Forest","Hardwood",188,66,15,11,6,17,77,"I-B",115,115,0,0.45098,0.45098,0
59241,2139,150.919996626675,13.5827996964008,"Ozark-Ouachita Mesic Hardwood Forest","Hardwood",316,110,25,19,6,18,76,"I-C",0,135,74,0,0.529412,0.290196
59241,2140,9285.59979245067,835.70398132056,"Ozark-Ouachita Dry Oak Woodland","Hardwood",38,89,6,5,13,5,82,"I-A",97,69,0,0.380392,0.270588,0
59241,2141,1723.19996148348,155.087996533513,"Ozark-Ouachita Shortleaf Pine-Oak Forest and Woodland","Conifer",347,92,5,5,1,5,94,"I-A",196,164,100,0.768627,0.643137,0.392157
59241,2153,5033.55988749117,453.020389874205,"Central Interior and Appalachian Floodplain Systems-Large Floodplains","Riparian",142,-9999,100,59,41,-9999,59,"III-A",48,237,56,0.188235,0.929412,0.219608
59241,2160,4831.59989200532,434.843990280479,"Ozark-Ouachita Shortleaf Pine-Bluestem Woodland","Hardwood-Conifer",100,1223,2,2,2,1,97,"I-A",68,137,112,0.266667,0.537255,0.439216
59242,11,1.99999995529652,0.179999995976686,"Open Water","Open Water",-9999,-9999,-9999,-9999,-9999,-9999,-9999,"-9999",0,0,255,0,0,1
59242,2132,9367.63979061693,843.087581155524,"Ozark-Ouachita Dry-Mesic Oak Forest","Hardwood",188,66,15,11,6,17,77,"I-B",115,115,0,0.45098,0.45098,0
59242,2139,1540.5599655658,138.650396900922,"Ozark-Ouachita Mesic Hardwood Forest","Hardwood",316,110,25,19,6,18,76,"I-C",0,135,74,0,0.529412,0.290196
59242,2140,10161.9597728625,914.576379557624,"Ozark-Ouachita Dry Oak Woodland","Hardwood",38,89,6,5,13,5,82,"I-A",97,69,0,0.380392,0.270588,0
59242,2141,7221.43983858824,649.929585472941,"Ozark-Ouachita Shortleaf Pine-Oak Forest and Woodland","Conifer",347,92,5,5,1,5,94,"I-A",196,164,100,0.768627,0.643137,0.392157
59242,2153,170.999996177852,15.3899996560067,"Central Interior and Appalachian Floodplain Systems-Large Floodplains","Riparian",142,-9999,100,59,41,-9999,59,"III-A",48,237,56,0.188235,0.929412,0.219608
59242,2160,8485.39981033653,763.685982930288,"Ozark-Ouachita Shortleaf Pine-Bluestem Woodland","Hardwood-Conifer",100,1223,2,2,2,1,97,"I-A",68,137,112,0.266667,0.537255,0.439216
59243,2132,12336.4797242582,1110.28317518324,"Ozark-Ouachita Dry-Mesic Oak Forest","Hardwood",188,66,15,11,6,17,77,"I-B",115,115,0,0.45098,0.45098,0
59243,2139,1168.71997387707,105.184797648937,"Ozark-Ouachita Mesic Hardwood Forest","Hardwood",316,110,25,19,6,18,76,"I-C",0,135,74,0,0.529412,0.290196
59243,2140,5127.95988538116,461.516389684305,"Ozark-Ouachita Dry Oak Woodland","Hardwood",38,89,6,5,13,5,82,"I-A",97,69,0,0.380392,0.270588,0
59243,2141,13143.5597062185,1182.92037355967,"Ozark-Ouachita Shortleaf Pine-Oak Forest and Woodland","Conifer",347,92,5,5,1,5,94,"I-A",196,164,100,0.768627,0.643137,0.392157
59243,2160,11954.279732801,1075.88517595209,"Ozark-Ouachita Shortleaf Pine-Bluestem Woodland","Hardwood-Conifer",100,1223,2,2,2,1,97,"I-A",68,137,112,0.266667,0.537255,0.439216
59244,2132,23801.9194679856,2142.17275211871,"Ozark-Ouachita Dry-Mesic Oak Forest","Hardwood",188,66,15,11,6,17,77,"I-B",115,115,0,0.45098,0.45098,0
59244,2139,4498.59989944845,404.873990950361,"Ozark-Ouachita Mesic Hardwood Forest","Hardwood",316,110,25,19,6,18,76,"I-C",0,135,74,0,0.529412,0.290196
59244,2140,12873.3197122589,1158.5987741033,"Ozark-Ouachita Dry Oak Woodland","Hardwood",38,89,6,5,13,5,82,"I-A",97,69,0,0.380392,0.270588,0
59244,2141,27063.9193950742,2435.75274555668,"Ozark-Ouachita Shortleaf Pine-Oak Forest and Woodland","Conifer",347,92,5,5,1,5,94,"I-A",196,164,100,0.768627,0.643137,0.392157
59244,2153,282.999993674457,25.4699994307011,"Central Interior and Appalachian Floodplain Systems-Large Floodplains","Riparian",142,-9999,100,59,41,-9999,59,"III-A",48,237,56,0.188235,0.929412,0.219608
59244,2160,25539.2394291535,2298.53154862382,"Ozark-Ouachita Shortleaf Pine-Bluestem Woodland","Hardwood-Conifer",100,1223,2,2,2,1,97,"I-A",68,137,112,0.266667,0.537255,0.439216
59245,11,667.119985088706,60.0407986579835,"Open Water","Open Water",-9999,-9999,-9999,-9999,-9999,-9999,-9999,"-9999",0,0,255,0,0,1
59245,2132,26746.0394021794,2407.14354619615,"Ozark-Ouachita Dry-Mesic Oak Forest","Hardwood",188,66,15,11,6,17,77,"I-B",115,115,0,0.45098,0.45098,0
59245,2139,3252.63992729783,292.737593456805,"Ozark-Ouachita Mesic Hardwood Forest","Hardwood",316,110,25,19,6,18,76,"I-C",0,135,74,0,0.529412,0.290196
59245,2140,11914.239733696,1072.28157603264,"Ozark-Ouachita Dry Oak Woodland","Hardwood",38,89,6,5,13,5,82,"I-A",97,69,0,0.380392,0.270588,0
59245,2141,32437.1192749739,2919.34073474765,"Ozark-Ouachita Shortleaf Pine-Oak Forest and Woodland","Conifer",347,92,5,5,1,5,94,"I-A",196,164,100,0.768627,0.643137,0.392157
59245,2153,1526.31996588409,137.368796929568,"Central Interior and Appalachian Floodplain Systems-Large Floodplains","Riparian",142,-9999,100,59,41,-9999,59,"III-A",48,237,56,0.188235,0.929412,0.219608
59245,2160,28534.5193622038,2568.10674259834,"Ozark-Ouachita Shortleaf Pine-Bluestem Woodland","Hardwood-Conifer",100,1223,2,2,2,1,97,"I-A",68,137,112,0.266667,0.537255,0.439216
59246,11,127.199997156858,11.4479997441173,"Open Water","Open Water",-9999,-9999,-9999,-9999,-9999,-9999,-9999,"-9999",0,0,255,0,0,1
59246,2132,15462.1596543938,1391.59436889544,"Ozark-Ouachita Dry-Mesic Oak Forest","Hardwood",188,66,15,11,6,17,77,"I-B",115,115,0,0.45098,0.45098,0
59246,2139,2581.319942303,232.31879480727,"Ozark-Ouachita Mesic Hardwood Forest","Hardwood",316,110,25,19,6,18,76,"I-C",0,135,74,0,0.529412,0.290196
59246,2140,5538.51987620443,498.466788858399,"Ozark-Ouachita Dry Oak Woodland","Hardwood",38,89,6,5,13,5,82,"I-A",97,69,0,0.380392,0.270588,0
59246,2141,13878.55968979,1249.0703720811,"Ozark-Ouachita Shortleaf Pine-Oak Forest and Woodland","Conifer",347,92,5,5,1,5,94,"I-A",196,164,100,0.768627,0.643137,0.392157
59246,2153,713.559984050691,64.2203985645622,"Central Interior and Appalachian Floodplain Systems-Large Floodplains","Riparian",142,-9999,100,59,41,-9999,59,"III-A",48,237,56,0.188235,0.929412,0.219608
59246,2160,12660.6797170117,1139.46117453106,"Ozark-Ouachita Shortleaf Pine-Bluestem Woodland","Hardwood-Conifer",100,1223,2,2,2,1,97,"I-A",68,137,112,0.266667,0.537255,0.439216
59247,2132,2081.31995347887,187.318795813099,"Ozark-Ouachita Dry-Mesic Oak Forest","Hardwood",188,66,15,11,6,17,77,"I-B",115,115,0,0.45098,0.45098,0
59247,2139,56.5199987366796,5.08679988630116,"Ozark-Ouachita Mesic Hardwood Forest","Hardwood",316,110,25,19,6,18,76,"I-C",0,135,74,0,0.529412,0.290196
59247,2140,2046.15995426476,184.154395883828,"Ozark-Ouachita Dry Oak Woodland","Hardwood",38,89,6,5,13,5,82,"I-A",97,69,0,0.380392,0.270588,0
59247,2141,5483.75987742841,493.538388968557,"Ozark-Ouachita Shortleaf Pine-Oak Forest and Woodland","Conifer",347,92,5,5,1,5,94,"I-A",196,164,100,0.768627,0.643137,0.392157
59247,2153,2070.23995372653,186.321595835388,"Central Interior and Appalachian Floodplain Systems-Large Floodplains","Riparian",142,-9999,100,59,41,-9999,59,"III-A",48,237,56,0.188235,0.929412,0.219608
59247,2160,6313.9998588711,568.259987298399,"Ozark-Ouachita Shortleaf Pine-Bluestem Woodland","Hardwood-Conifer",100,1223,2,2,2,1,97,"I-A",68,137,112,0.266667,0.537255,0.439216
59248,11,17.9999995976686,1.61999996379018,"Open Water","Open Water",-9999,-9999,-9999,-9999,-9999,-9999,-9999,"-9999",0,0,255,0,0,1
59248,2132,32001.9992846996,2880.17993562296,"Ozark-Ouachita Dry-Mesic Oak Forest","Hardwood",188,66,15,11,6,17,77,"I-B",115,115,0,0.45098,0.45098,0
59248,2139,6276.199859716,564.85798737444,"Ozark-Ouachita Mesic Hardwood Forest","Hardwood",316,110,25,19,6,18,76,"I-C",0,135,74,0,0.529412,0.290196
59248,2140,11841.4797353223,1065.73317617901,"Ozark-Ouachita Dry Oak Woodland","Hardwood",38,89,6,5,13,5,82,"I-A",97,69,0,0.380392,0.270588,0
59248,2141,24028.639462918,2162.57755166262,"Ozark-Ouachita Shortleaf Pine-Oak Forest and Woodland","Conifer",347,92,5,5,1,5,94,"I-A",196,164,100,0.768627,0.643137,0.392157
59248,2153,189.19999577105,17.0279996193945,"Central Interior and Appalachian Floodplain Systems-Large Floodplains","Riparian",142,-9999,100,59,41,-9999,59,"III-A",48,237,56,0.188235,0.929412,0.219608
59248,2160,30787.4793118462,2770.87313806616,"Ozark-Ouachita Shortleaf Pine-Bluestem Woodland","Hardwood-Conifer",100,1223,2,2,2,1,97,"I-A",68,137,112,0.266667,0.537255,0.439216
59249,2132,11485.9197432697,1033.73277689427,"Ozark-Ouachita Dry-Mesic Oak Forest","Hardwood",188,66,15,11,6,17,77,"I-B",115,115,0,0.45098,0.45098,0
59249,2139,2336.27994778007,210.265195300207,"Ozark-Ouachita Mesic Hardwood Forest","Hardwood",316,110,25,19,6,18,76,"I-C",0,135,74,0,0.529412,0.290196
59249,2140,4085.27990868688,367.675191781819,"Ozark-Ouachita Dry Oak Woodland","Hardwood",38,89,6,5,13,5,82,"I-A",97,69,0,0.380392,0.270588,0
59249,2141,8697.6798055917,782.791182503253,"Ozark-Ouachita Shortleaf Pine-Oak Forest and Woodland","Conifer",347,92,5,5,1,5,94,"I-A",196,164,100,0.768627,0.643137,0.392157
59249,2153,0.999999977648258,0.0899999979883432,"Central Interior and Appalachian Floodplain Systems-Large Floodplains","Riparian",142,-9999,100,59,41,-9999,59,"III-A",48,237,56,0.188235,0.929412,0.219608
59249,2160,6729.83984957635,605.685586461872,"Ozark-Ouachita Shortleaf Pine-Bluestem Woodland","Hardwood-Conifer",100,1223,2,2,2,1,97,"I-A",68,137,112,0.266667,0.537255,0.439216
59250,11,15.7599996477365,1.41839996829629,"Open Water","Open Water",-9999,-9999,-9999,-9999,-9999,-9999,-9999,"-9999",0,0,255,0,0,1
59250,2132,22334.7195007801,2010.12475507021,"Ozark-Ouachita Dry-Mesic Oak Forest","Hardwood",188,66,15,11,6,17,77,"I-B",115,115,0,0.45098,0.45098,0
59250,2139,5211.55988351256,469.04038951613,"Ozark-Ouachita Mesic Hardwood Forest","Hardwood",316,110,25,19,6,18,76,"I-C",0,135,74,0,0.529412,0.290196
59250,2140,8638.23980692029,777.441582622826,"Ozark-Ouachita Dry Oak Woodland","Hardwood",38,89,6,5,13,5,82,"I-A",97,69,0,0.380392,0.270588,0
59250,2141,18751.9195808619,1687.67276227757,"Ozark-Ouachita Shortleaf Pine-Oak Forest and Woodland","Conifer",347,92,5,5,1,5,94,"I-A",196,164,100,0.768627,0.643137,0.392157
59250,2160,15991.7996425554,1439.26196782999,"Ozark-Ouachita Shortleaf Pine-Bluestem Woodland","Hardwood-Conifer",100,1223,2,2,2,1,97,"I-A",68,137,112,0.266667,0.537255,0.439216
59251,11,84.8399981036782,7.63559982933104,"Open Water","Open Water",-9999,-9999,-9999,-9999,-9999,-9999,-9999,"-9999",0,0,255,0,0,1
59251,2132,68699.7584644407,6182.97826179966,"Ozark-Ouachita Dry-Mesic Oak Forest","Hardwood",188,66,15,11,6,17,77,"I-B",115,115,0,0.45098,0.45098,0
59251,2139,13847.3196904883,1246.25877214395,"Ozark-Ouachita Mesic Hardwood Forest","Hardwood",316,110,25,19,6,18,76,"I-C",0,135,74,0,0.529412,0.290196
59251,2140,29284.4393454418,2635.59954108976,"Ozark-Ouachita Dry Oak Woodland","Hardwood",38,89,6,5,13,5,82,"I-A",97,69,0,0.380392,0.270588,0
59251,2141,56930.8387274966,5123.77548547469,"Ozark-Ouachita Shortleaf Pine-Oak Forest and Woodland","Conifer",347,92,5,5,1,5,94,"I-A",196,164,100,0.768627,0.643137,0.392157
59251,2153,1286.35997124761,115.772397412285,"Central Interior and Appalachian Floodplain Systems-Large Floodplains","Riparian",142,-9999,100,59,41,-9999,59,"III-A",48,237,56,0.188235,0.929412,0.219608
59251,2160,71852.4383939728,6466.71945545755,"Ozark-Ouachita Shortleaf Pine-Bluestem Woodland","Hardwood-Conifer",100,1223,2,2,2,1,97,"I-A",68,137,112,0.266667,0.537255,0.439216
59252,11,14.2799996808171,1.28519997127354,"Open Water","Open Water",-9999,-9999,-9999,-9999,-9999,-9999,-9999,"-9999",0,0,255,0,0,1
59252,2132,13869.0396900028,1248.21357210025,"Ozark-Ouachita Dry-Mesic Oak Forest","Hardwood",188,66,15,11,6,17,77,"I-B",115,115,0,0.45098,0.45098,0
59252,2139,1783.75996012986,160.538396411687,"Ozark-Ouachita Mesic Hardwood Forest","Hardwood",316,110,25,19,6,18,76,"I-C",0,135,74,0,0.529412,0.290196
59252,2140,5801.59987032413,522.143988329172,"Ozark-Ouachita Dry Oak Woodland","Hardwood",38,89,6,5,13,5,82,"I-A",97,69,0,0.380392,0.270588,0
59252,2141,11033.7597533762,993.038377803862,"Ozark-Ouachita Shortleaf Pine-Oak Forest and Woodland","Conifer",347,92,5,5,1,5,94,"I-A",196,164,100,0.768627,0.643137,0.392157
59252,2153,245.599994510412,22.1039995059371,"Central Interior and Appalachian Floodplain Systems-Large Floodplains","Riparian",142,-9999,100,59,41,-9999,59,"III-A",48,237,56,0.188235,0.929412,0.219608
59252,2160,12664.9597169161,1139.84637452245,"Ozark-Ouachita Shortleaf Pine-Bluestem Woodland","Hardwood-Conifer",100,1223,2,2,2,1,97,"I-A",68,137,112,0.266667,0.537255,0.439216
59253,11,581.159987010062,52.3043988309056,"Open Water","Open Water",-9999,-9999,-9999,-9999,-9999,-9999,-9999,"-9999",0,0,255,0,0,1
59253,31,1.99999995529652,0.179999995976686,"Barren-Rock/Sand/Clay","Barren-Rock/Sand/Clay",-9999,-9999,-9999,-9999,-9999,-9999,-9999,"-9999",191,191,191,0.74902,0.74902,0.74902
59253,2132,19951.3195540532,1795.61875986479,"Ozark-Ouachita Dry-Mesic Oak Forest","Hardwood",188,66,15,11,6,17,77,"I-B",115,115,0,0.45098,0.45098,0
59253,2139,4151.95990719646,373.676391647682,"Ozark-Ouachita Mesic Hardwood Forest","Hardwood",316,110,25,19,6,18,76,"I-C",0,135,74,0,0.529412,0.290196
59253,2140,9070.75979725271,816.368381752744,"Ozark-Ouachita Dry Oak Woodland","Hardwood",38,89,6,5,13,5,82,"I-A",97,69,0,0.380392,0.270588,0
59253,2141,27050.0793953836,2434.50714558452,"Ozark-Ouachita Shortleaf Pine-Oak Forest and Woodland","Conifer",347,92,5,5,1,5,94,"I-A",196,164,100,0.768627,0.643137,0.392157
59253,2153,6694.55985036492,602.510386532843,"Central Interior and Appalachian Floodplain Systems-Large Floodplains","Riparian",142,-9999,100,59,41,-9999,59,"III-A",48,237,56,0.188235,0.929412,0.219608
59253,2160,18025.1595971063,1622.26436373956,"Ozark-Ouachita Shortleaf Pine-Bluestem Woodland","Hardwood-Conifer",100,1223,2,2,2,1,97,"I-A",68,137,112,0.266667,0.537255,0.439216
59254,11,1.99999995529652,0.179999995976686,"Open Water","Open Water",-9999,-9999,-9999,-9999,-9999,-9999,-9999,"-9999",0,0,255,0,0,1
59254,2132,4297.35990394652,386.762391355187,"Ozark-Ouachita Dry-Mesic Oak Forest","Hardwood",188,66,15,11,6,17,77,"I-B",115,115,0,0.45098,0.45098,0
59254,2139,1060.87997628748,95.4791978658736,"Ozark-Ouachita Mesic Hardwood Forest","Hardwood",316,110,25,19,6,18,76,"I-C",0,135,74,0,0.529412,0.290196
59254,2140,2359.03994727135,212.313595254421,"Ozark-Ouachita Dry Oak Woodland","Hardwood",38,89,6,5,13,5,82,"I-A",97,69,0,0.380392,0.270588,0
59254,2141,8879.7598015219,799.178382136971,"Ozark-Ouachita Shortleaf Pine-Oak Forest and Woodland","Conifer",347,92,5,5,1,5,94,"I-A",196,164,100,0.768627,0.643137,0.392157
59254,2153,162.999996356666,14.6699996720999,"Central Interior and Appalachian Floodplain Systems-Large Floodplains","Riparian",142,-9999,100,59,41,-9999,59,"III-A",48,237,56,0.188235,0.929412,0.219608
59254,2160,3257.95992717892,293.216393446103,"Ozark-Ouachita Shortleaf Pine-Bluestem Woodland","Hardwood-Conifer",100,1223,2,2,2,1,97,"I-A",68,137,112,0.266667,0.537255,0.439216
59255,11,311.559993036091,28.0403993732482,"Open Water","Open Water",-9999,-9999,-9999,-9999,-9999,-9999,-9999,"-9999",0,0,255,0,0,1
59255,2132,8607.39980760962,774.665982684866,"Ozark-Ouachita Dry-Mesic Oak Forest","Hardwood",188,66,15,11,6,17,77,"I-B",115,115,0,0.45098,0.45098,0
59255,2139,363.639991872013,32.7275992684811,"Ozark-Ouachita Mesic Hardwood Forest","Hardwood",316,110,25,19,6,18,76,"I-C",0,135,74,0,0.529412,0.290196
59255,2140,5840.91986944526,525.682788250074,"Ozark-Ouachita Dry Oak Woodland","Hardwood",38,89,6,5,13,5,82,"I-A",97,69,0,0.380392,0.270588,0
59255,2141,21187.519526422,1906.87675737798,"Ozark-Ouachita Shortleaf Pine-Oak Forest and Woodland","Conifer",347,92,5,5,1,5,94,"I-A",196,164,100,0.768627,0.643137,0.392157
59255,2153,5352.55988036096,481.730389232486,"Central Interior and Appalachian Floodplain Systems-Large Floodplains","Riparian",142,-9999,100,59,41,-9999,59,"III-A",48,237,56,0.188235,0.929412,0.219608
59255,2160,12475.3997211531,1122.78597490378,"Ozark-Ouachita Shortleaf Pine-Bluestem Woodland","Hardwood-Conifer",100,1223,2,2,2,1,97,"I-A",68,137,112,0.266667,0.537255,0.439216
59256,2132,3182.11992887408,286.390793598667,"Ozark-Ouachita Dry-Mesic Oak Forest","Hardwood",188,66,15,11,6,17,77,"I-B",115,115,0,0.45098,0.45098,0
59256,2139,370.319991722703,33.3287992550433,"Ozark-Ouachita Mesic Hardwood Forest","Hardwood",316,110,25,19,6,18,76,"I-C",0,135,74,0,0.529412,0.290196
59256,2140,1656.5999629721,149.093996667489,"Ozark-Ouachita Dry Oak Woodland","Hardwood",38,89,6,5,13,5,82,"I-A",97,69,0,0.380392,0.270588,0
59256,2141,3304.63992613554,297.417593352199,"Ozark-Ouachita Shortleaf Pine-Oak Forest and Woodland","Conifer",347,92,5,5,1,5,94,"I-A",196,164,100,0.768627,0.643137,0.392157
59256,2153,101.999997720122,9.17999979481101,"Central Interior and Appalachian Floodplain Systems-Large Floodplains","Riparian",142,-9999,100,59,41,-9999,59,"III-A",48,237,56,0.188235,0.929412,0.219608
59256,2160,2636.31994107366,237.268794696629,"Ozark-Ouachita Shortleaf Pine-Bluestem Woodland","Hardwood-Conifer",100,1223,2,2,2,1,97,"I-A",68,137,112,0.266667,0.537255,0.439216
59257,11,11.9999997317791,1.07999997586012,"Open Water","Open Water",-9999,-9999,-9999,-9999,-9999,-9999,-9999,"-9999",0,0,255,0,0,1
59257,2132,14667.5996721536,1320.08397049382,"Ozark-Ouachita Dry-Mesic Oak Forest","Hardwood",188,66,15,11,6,17,77,"I-B",115,115,0,0.45098,0.45098,0
59257,2136,551.999987661839,49.6799988895655,"Ouachita Montane Oak Forest","Hardwood",38,89,6,5,13,6,81,"I-A",0,38,115,0,0.14902,0.45098
59257,2139,2331.99994787574,209.879995308816,"Ozark-Ouachita Mesic Hardwood Forest","Hardwood",316,110,25,19,6,18,76,"I-C",0,135,74,0,0.529412,0.290196
59257,2140,4428.71990101039,398.584791090935,"Ozark-Ouachita Dry Oak Woodland","Hardwood",38,89,6,5,13,5,82,"I-A",97,69,0,0.380392,0.270588,0
59257,2141,15852.0396456793,1426.68356811114,"Ozark-Ouachita Shortleaf Pine-Oak Forest and Woodland","Conifer",347,92,5,5,1,5,94,"I-A",196,164,100,0.768627,0.643137,0.392157
59257,2153,1628.31996360421,146.548796724379,"Central Interior and Appalachian Floodplain Systems-Large Floodplains","Riparian",142,-9999,100,59,41,-9999,59,"III-A",48,237,56,0.188235,0.929412,0.219608
59257,2160,19911.3195549473,1792.01875994526,"Ozark-Ouachita Shortleaf Pine-Bluestem Woodland","Hardwood-Conifer",100,1223,2,2,2,1,97,"I-A",68,137,112,0.266667,0.537255,0.439216
59258,2132,11271.7197480574,1014.45477732517,"Ozark-Ouachita Dry-Mesic Oak Forest","Hardwood",188,66,15,11,6,17,77,"I-B",115,115,0,0.45098,0.45098,0
59258,2139,777.15998262912,69.9443984366208,"Ozark-Ouachita Mesic Hardwood Forest","Hardwood",316,110,25,19,6,18,76,"I-C",0,135,74,0,0.529412,0.290196
59258,2140,6116.9998632744,550.529987694696,"Ozark-Ouachita Dry Oak Woodland","Hardwood",38,89,6,5,13,5,82,"I-A",97,69,0,0.380392,0.270588,0
59258,2141,20138.2395498753,1812.44155948877,"Ozark-Ouachita Shortleaf Pine-Oak Forest and Woodland","Conifer",347,92,5,5,1,5,94,"I-A",196,164,100,0.768627,0.643137,0.392157
59258,2153,244.8399945274,22.035599507466,"Central Interior and Appalachian Floodplain Systems-Large Floodplains","Riparian",142,-9999,100,59,41,-9999,59,"III-A",48,237,56,0.188235,0.929412,0.219608
59258,2158,0.999999977648258,0.0899999979883432,"Central Interior and Appalachian Shrub-Herbaceous Wetland Systems","Riparian",17,-9999,-9999,17,100,-9999,-9999,"II-C",240,150,20,0.941176,0.588235,0.078431
59258,2160,9525.03978709877,857.253580838889,"Ozark-Ouachita Shortleaf Pine-Bluestem Woodland","Hardwood-Conifer",100,1223,2,2,2,1,97,"I-A",68,137,112,0.266667,0.537255,0.439216
59259,11,6.23999986052513,0.561599987447262,"Open Water","Open Water",-9999,-9999,-9999,-9999,-9999,-9999,-9999,"-9999",0,0,255,0,0,1
59259,2132,9856.79977968335,887.111980171502,"Ozark-Ouachita Dry-Mesic Oak Forest","Hardwood",188,66,15,11,6,17,77,"I-B",115,115,0,0.45098,0.45098,0
59259,2139,1104.19997531921,99.3779977787286,"Ozark-Ouachita Mesic Hardwood Forest","Hardwood",316,110,25,19,6,18,76,"I-C",0,135,74,0,0.529412,0.290196
59259,2140,6038.87986502051,543.499187851846,"Ozark-Ouachita Dry Oak Woodland","Hardwood",38,89,6,5,13,5,82,"I-A",97,69,0,0.380392,0.270588,0
59259,2141,14362.0396789834,1292.58357110851,"Ozark-Ouachita Shortleaf Pine-Oak Forest and Woodland","Conifer",347,92,5,5,1,5,94,"I-A",196,164,100,0.768627,0.643137,0.392157
59259,2153,1302.23997089267,117.20159738034,"Central Interior and Appalachian Floodplain Systems-Large Floodplains","Riparian",142,-9999,100,59,41,-9999,59,"III-A",48,237,56,0.188235,0.929412,0.219608
59259,2158,11.9999997317791,1.07999997586012,"Central Interior and Appalachian Shrub-Herbaceous Wetland Systems","Riparian",17,-9999,-9999,17,100,-9999,-9999,"II-C",240,150,20,0.941176,0.588235,0.078431
59259,2160,6159.59986232221,554.363987608999,"Ozark-Ouachita Shortleaf Pine-Bluestem Woodland","Hardwood-Conifer",100,1223,2,2,2,1,97,"I-A",68,137,112,0.266667,0.537255,0.439216
59260,11,28.9999993517995,2.60999994166195,"Open Water","Open Water",-9999,-9999,-9999,-9999,-9999,-9999,-9999,"-9999",0,0,255,0,0,1
59260,2132,4315.15990354866,388.364391319379,"Ozark-Ouachita Dry-Mesic Oak Forest","Hardwood",188,66,15,11,6,17,77,"I-B",115,115,0,0.45098,0.45098,0
59260,2139,138.799996897578,12.491999720782,"Ozark-Ouachita Mesic Hardwood Forest","Hardwood",316,110,25,19,6,18,76,"I-C",0,135,74,0,0.529412,0.290196
59260,2140,4081.15990877897,367.304391790107,"Ozark-Ouachita Dry Oak Woodland","Hardwood",38,89,6,5,13,5,82,"I-A",97,69,0,0.380392,0.270588,0
59260,2141,12125.2397289798,1091.27157560818,"Ozark-Ouachita Shortleaf Pine-Oak Forest and Woodland","Conifer",347,92,5,5,1,5,94,"I-A",196,164,100,0.768627,0.643137,0.392157
59260,2153,4706.51989480108,423.586790532097,"Central Interior and Appalachian Floodplain Systems-Large Floodplains","Riparian",142,-9999,100,59,41,-9999,59,"III-A",48,237,56,0.188235,0.929412,0.219608
59260,2158,66.9999985024333,6.029999865219,"Central Interior and Appalachian Shrub-Herbaceous Wetland Systems","Riparian",17,-9999,-9999,17,100,-9999,-9999,"II-C",240,150,20,0.941176,0.588235,0.078431
59260,2160,6494.11985484511,584.47078693606,"Ozark-Ouachita Shortleaf Pine-Bluestem Woodland","Hardwood-Conifer",100,1223,2,2,2,1,97,"I-A",68,137,112,0.266667,0.537255,0.439216
59261,11,321.59999281168,28.9439993530512,"Open Water","Open Water",-9999,-9999,-9999,-9999,-9999,-9999,-9999,"-9999",0,0,255,0,0,1
59261,2132,4038.9199097231,363.502791875079,"Ozark-Ouachita Dry-Mesic Oak Forest","Hardwood",188,66,15,11,6,17,77,"I-B",115,115,0,0.45098,0.45098,0
59261,2139,10.7599997594953,0.968399978354573,"Ozark-Ouachita Mesic Hardwood Forest","Hardwood",316,110,25,19,6,18,76,"I-C",0,135,74,0,0.529412,0.290196
59261,2140,9600.91978540272,864.082780686244,"Ozark-Ouachita Dry Oak Woodland","Hardwood",38,89,6,5,13,5,82,"I-A",97,69,0,0.380392,0.270588,0
59261,2141,2978.47993342578,268.063194008321,"Ozark-Ouachita Shortleaf Pine-Oak Forest and Woodland","Conifer",347,92,5,5,1,5,94,"I-A",196,164,100,0.768627,0.643137,0.392157
59261,2153,3802.23991501331,342.201592351198,"Central Interior and Appalachian Floodplain Systems-Large Floodplains","Riparian",142,-9999,100,59,41,-9999,59,"III-A",48,237,56,0.188235,0.929412,0.219608
59261,2158,34.999999217689,3.14999992959201,"Central Interior and Appalachian Shrub-Herbaceous Wetland Systems","Riparian",17,-9999,-9999,17,100,-9999,-9999,"II-C",240,150,20,0.941176,0.588235,0.078431
59261,2160,783.079982496798,70.4771984247118,"Ozark-Ouachita Shortleaf Pine-Bluestem Woodland","Hardwood-Conifer",100,1223,2,2,2,1,97,"I-A",68,137,112,0.266667,0.537255,0.439216
59262,11,252.919994346797,22.7627994912118,"Open Water","Open Water",-9999,-9999,-9999,-9999,-9999,-9999,-9999,"-9999",0,0,255,0,0,1
59262,2132,3111.19993045926,280.007993741334,"Ozark-Ouachita Dry-Mesic Oak Forest","Hardwood",188,66,15,11,6,17,77,"I-B",115,115,0,0.45098,0.45098,0
59262,2139,200.679995514452,18.0611995963007,"Ozark-Ouachita Mesic Hardwood Forest","Hardwood",316,110,25,19,6,18,76,"I-C",0,135,74,0,0.529412,0.290196
59262,2140,5772.3598709777,519.512388387993,"Ozark-Ouachita Dry Oak Woodland","Hardwood",38,89,6,5,13,5,82,"I-A",97,69,0,0.380392,0.270588,0
59262,2141,3759.15991597623,338.32439243786,"Ozark-Ouachita Shortleaf Pine-Oak Forest and Woodland","Conifer",347,92,5,5,1,5,94,"I-A",196,164,100,0.768627,0.643137,0.392157
59262,2153,1023.99997711182,92.1599979400635,"Central Interior and Appalachian Floodplain Systems-Large Floodplains","Riparian",142,-9999,100,59,41,-9999,59,"III-A",48,237,56,0.188235,0.929412,0.219608
59262,2158,20.63999953866,1.8575999584794,"Central Interior and Appalachian Shrub-Herbaceous Wetland Systems","Riparian",17,-9999,-9999,17,100,-9999,-9999,"II-C",240,150,20,0.941176,0.588235,0.078431
59262,2160,3965.03991137445,356.8535920237,"Ozark-Ouachita Shortleaf Pine-Bluestem Woodland","Hardwood-Conifer",100,1223,2,2,2,1,97,"I-A",68,137,112,0.266667,0.537255,0.439216
59263,11,48.8799989074469,4.39919990167022,"Open Water","Open Water",-9999,-9999,-9999,-9999,-9999,-9999,-9999,"-9999",0,0,255,0,0,1
59263,2132,6786.87984830141,610.819186347127,"Ozark-Ouachita Dry-Mesic Oak Forest","Hardwood",188,66,15,11,6,17,77,"I-B",115,115,0,0.45098,0.45098,0
59263,2139,1811.15995951742,163.004396356568,"Ozark-Ouachita Mesic Hardwood Forest","Hardwood",316,110,25,19,6,18,76,"I-C",0,135,74,0,0.529412,0.290196
59263,2140,3409.03992380202,306.813593142182,"Ozark-Ouachita Dry Oak Woodland","Hardwood",38,89,6,5,13,5,82,"I-A",97,69,0,0.380392,0.270588,0
59263,2141,4452.31990048289,400.70879104346,"Ozark-Ouachita Shortleaf Pine-Oak Forest and Woodland","Conifer",347,92,5,5,1,5,94,"I-A",196,164,100,0.768627,0.643137,0.392157
59263,2153,166.759996272624,15.0083996645361,"Central Interior and Appalachian Floodplain Systems-Large Floodplains","Riparian",142,-9999,100,59,41,-9999,59,"III-A",48,237,56,0.188235,0.929412,0.219608
59263,2158,1.99999995529652,0.179999995976686,"Central Interior and Appalachian Shrub-Herbaceous Wetland Systems","Riparian",17,-9999,-9999,17,100,-9999,-9999,"II-C",240,150,20,0.941176,0.588235,0.078431
59263,2160,4803.95989262313,432.356390336081,"Ozark-Ouachita Shortleaf Pine-Bluestem Woodland","Hardwood-Conifer",100,1223,2,2,2,1,97,"I-A",68,137,112,0.266667,0.537255,0.439216
59264,11,1149.19997431338,103.427997688204,"Open Water","Open Water",-9999,-9999,-9999,-9999,-9999,-9999,-9999,"-9999",0,0,255,0,0,1
59264,2132,24433.5594538674,2199.02035084806,"Ozark-Ouachita Dry-Mesic Oak Forest","Hardwood",188,66,15,11,6,17,77,"I-B",115,115,0,0.45098,0.45098,0
59264,2139,3433.07992326468,308.977193093821,"Ozark-Ouachita Mesic Hardwood Forest","Hardwood",316,110,25,19,6,18,76,"I-C",0,135,74,0,0.529412,0.290196
59264,2140,18736.479581207,1686.28316230863,"Ozark-Ouachita Dry Oak Woodland","Hardwood",38,89,6,5,13,5,82,"I-A",97,69,0,0.380392,0.270588,0
59264,2141,19616.8395615295,1765.51556053765,"Ozark-Ouachita Shortleaf Pine-Oak Forest and Woodland","Conifer",347,92,5,5,1,5,94,"I-A",196,164,100,0.768627,0.643137,0.392157
59264,2146,14.7599996700883,1.32839997030795,"Arkansas Valley Prairie and Woodland-Prairie","Grassland",2,344,12,2,82,1,17,"II-A",255,120,187,1,0.470588,0.733333
59264,2153,4503.71989933401,405.334790940061,"Central Interior and Appalachian Floodplain Systems-Large Floodplains","Riparian",142,-9999,100,59,41,-9999,59,"III-A",48,237,56,0.188235,0.929412,0.219608
59264,2158,32.9999992623925,2.96999993361533,"Central Interior and Appalachian Shrub-Herbaceous Wetland Systems","Riparian",17,-9999,-9999,17,100,-9999,-9999,"II-C",240,150,20,0.941176,0.588235,0.078431
59264,2160,13889.3596895486,1250.04237205938,"Ozark-Ouachita Shortleaf Pine-Bluestem Woodland","Hardwood-Conifer",100,1223,2,2,2,1,97,"I-A",68,137,112,0.266667,0.537255,0.439216
59265,11,13.2399997040629,1.19159997336566,"Open Water","Open Water",-9999,-9999,-9999,-9999,-9999,-9999,-9999,"-9999",0,0,255,0,0,1
59265,2132,29050.1193506792,2614.51074156113,"Ozark-Ouachita Dry-Mesic Oak Forest","Hardwood",188,66,15,11,6,17,77,"I-B",115,115,0,0.45098,0.45098,0
59265,2136,52.4799988269806,4.72319989442825,"Ouachita Montane Oak Forest","Hardwood",38,89,6,5,13,6,81,"I-A",0,38,115,0,0.14902,0.45098
59265,2139,7027.51984292269,632.476785863042,"Ozark-Ouachita Mesic Hardwood Forest","Hardwood",316,110,25,19,6,18,76,"I-C",0,135,74,0,0.529412,0.290196
59265,2140,9715.31978284568,874.378780456111,"Ozark-Ouachita Dry Oak Woodland","Hardwood",38,89,6,5,13,5,82,"I-A",97,69,0,0.380392,0.270588,0
59265,2141,14478.9196763709,1303.10277087338,"Ozark-Ouachita Shortleaf Pine-Oak Forest and Woodland","Conifer",347,92,5,5,1,5,94,"I-A",196,164,100,0.768627,0.643137,0.392157
59265,2153,927.319979272783,83.4587981345504,"Central Interior and Appalachian Floodplain Systems-Large Floodplains","Riparian",142,-9999,100,59,41,-9999,59,"III-A",48,237,56,0.188235,0.929412,0.219608
59265,2158,17.9999995976686,1.61999996379018,"Central Interior and Appalachian Shrub-Herbaceous Wetland Systems","Riparian",17,-9999,-9999,17,100,-9999,-9999,"II-C",240,150,20,0.941176,0.588235,0.078431
59265,2160,23737.0794694349,2136.33715224914,"Ozark-Ouachita Shortleaf Pine-Bluestem Woodland","Hardwood-Conifer",100,1223,2,2,2,1,97,"I-A",68,137,112,0.266667,0.537255,0.439216
59266,2132,2829.07993676513,254.617194308862,"Ozark-Ouachita Dry-Mesic Oak Forest","Hardwood",188,66,15,11,6,17,77,"I-B",115,115,0,0.45098,0.45098,0
59266,2139,126.319997176528,11.3687997458875,"Ozark-Ouachita Mesic Hardwood Forest","Hardwood",316,110,25,19,6,18,76,"I-C",0,135,74,0,0.529412,0.290196
59266,2140,1532.95996573567,137.966396916211,"Ozark-Ouachita Dry Oak Woodland","Hardwood",38,89,6,5,13,5,82,"I-A",97,69,0,0.380392,0.270588,0
59266,2141,5861.11986899376,527.500788209438,"Ozark-Ouachita Shortleaf Pine-Oak Forest and Woodland","Conifer",347,92,5,5,1,5,94,"I-A",196,164,100,0.768627,0.643137,0.392157
59266,2153,323.679992765188,29.1311993488669,"Central Interior and Appalachian Floodplain Systems-Large Floodplains","Riparian",142,-9999,100,59,41,-9999,59,"III-A",48,237,56,0.188235,0.929412,0.219608
59266,2158,1.99999995529652,0.179999995976686,"Central Interior and Appalachian Shrub-Herbaceous Wetland Systems","Riparian",17,-9999,-9999,17,100,-9999,-9999,"II-C",240,150,20,0.941176,0.588235,0.078431
59266,2160,6127.8398630321,551.505587672889,"Ozark-Ouachita Shortleaf Pine-Bluestem Woodland","Hardwood-Conifer",100,1223,2,2,2,1,97,"I-A",68,137,112,0.266667,0.537255,0.439216
59267,2132,22878.2394886315,2059.04155397683,"Ozark-Ouachita Dry-Mesic Oak Forest","Hardwood",188,66,15,11,6,17,77,"I-B",115,115,0,0.45098,0.45098,0
59267,2139,3651.23991838843,328.611592654958,"Ozark-Ouachita Mesic Hardwood Forest","Hardwood",316,110,25,19,6,18,76,"I-C",0,135,74,0,0.529412,0.290196
59267,2140,16736.8396259025,1506.31556633122,"Ozark-Ouachita Dry Oak Woodland","Hardwood",38,89,6,5,13,5,82,"I-A",97,69,0,0.380392,0.270588,0
59267,2141,19587.0395621955,1762.8335605976,"Ozark-Ouachita Shortleaf Pine-Oak Forest and Woodland","Conifer",347,92,5,5,1,5,94,"I-A",196,164,100,0.768627,0.643137,0.392157
59267,2153,0.999999977648258,0.0899999979883432,"Central Interior and Appalachian Floodplain Systems-Large Floodplains","Riparian",142,-9999,100,59,41,-9999,59,"III-A",48,237,56,0.188235,0.929412,0.219608
59267,2158,8.8399998024106,0.795599982216954,"Central Interior and Appalachian Shrub-Herbaceous Wetland Systems","Riparian",17,-9999,-9999,17,100,-9999,-9999,"II-C",240,150,20,0.941176,0.588235,0.078431
59267,2160,19635.7995611057,1767.22196049951,"Ozark-Ouachita Shortleaf Pine-Bluestem Woodland","Hardwood-Conifer",100,1223,2,2,2,1,97,"I-A",68,137,112,0.266667,0.537255,0.439216
59268,11,0.999999977648258,0.0899999979883432,"Open Water","Open Water",-9999,-9999,-9999,-9999,-9999,-9999,-9999,"-9999",0,0,255,0,0,1
59268,2132,3403.47992392629,306.313193153366,"Ozark-Ouachita Dry-Mesic Oak Forest","Hardwood",188,66,15,11,6,17,77,"I-B",115,115,0,0.45098,0.45098,0
59268,2139,238.079994678497,21.4271995210648,"Ozark-Ouachita Mesic Hardwood Forest","Hardwood",316,110,25,19,6,18,76,"I-C",0,135,74,0,0.529412,0.290196
59268,2140,2857.95993611962,257.216394250765,"Ozark-Ouachita Dry Oak Woodland","Hardwood",38,89,6,5,13,5,82,"I-A",97,69,0,0.380392,0.270588,0
59268,2141,5139.51988512278,462.55678966105,"Ozark-Ouachita Shortleaf Pine-Oak Forest and Woodland","Conifer",347,92,5,5,1,5,94,"I-A",196,164,100,0.768627,0.643137,0.392157
59268,2153,1411.67996844649,127.051197160184,"Central Interior and Appalachian Floodplain Systems-Large Floodplains","Riparian",142,-9999,100,59,41,-9999,59,"III-A",48,237,56,0.188235,0.929412,0.219608
59268,2158,54.1599987894297,4.87439989104867,"Central Interior and Appalachian Shrub-Herbaceous Wetland Systems","Riparian",17,-9999,-9999,17,100,-9999,-9999,"II-C",240,150,20,0.941176,0.588235,0.078431
59268,2160,7132.1198405847,641.890785652623,"Ozark-Ouachita Shortleaf Pine-Bluestem Woodland","Hardwood-Conifer",100,1223,2,2,2,1,97,"I-A",68,137,112,0.266667,0.537255,0.439216
59269,11,90.9999979659915,8.18999981693923,"Open Water","Open Water",-9999,-9999,-9999,-9999,-9999,-9999,-9999,"-9999",0,0,255,0,0,1
59269,2132,19163.5195716619,1724.71676144958,"Ozark-Ouachita Dry-Mesic Oak Forest","Hardwood",188,66,15,11,6,17,77,"I-B",115,115,0,0.45098,0.45098,0
59269,2139,3042.23993200064,273.801593880057,"Ozark-Ouachita Mesic Hardwood Forest","Hardwood",316,110,25,19,6,18,76,"I-C",0,135,74,0,0.529412,0.290196
59269,2140,14979.1996651888,1348.12796986699,"Ozark-Ouachita Dry Oak Woodland","Hardwood",38,89,6,5,13,5,82,"I-A",97,69,0,0.380392,0.270588,0
59269,2141,14422.8796776235,1298.05917098612,"Ozark-Ouachita Shortleaf Pine-Oak Forest and Woodland","Conifer",347,92,5,5,1,5,94,"I-A",196,164,100,0.768627,0.643137,0.392157
59269,2153,204.879995420575,18.4391995878518,"Central Interior and Appalachian Floodplain Systems-Large Floodplains","Riparian",142,-9999,100,59,41,-9999,59,"III-A",48,237,56,0.188235,0.929412,0.219608
59269,2158,18.9999995753169,1.70999996177852,"Central Interior and Appalachian Shrub-Herbaceous Wetland Systems","Riparian",17,-9999,-9999,17,100,-9999,-9999,"II-C",240,150,20,0.941176,0.588235,0.078431
59269,2160,16035.2796415836,1443.17516774252,"Ozark-Ouachita Shortleaf Pine-Bluestem Woodland","Hardwood-Conifer",100,1223,2,2,2,1,97,"I-A",68,137,112,0.266667,0.537255,0.439216
59270,11,774.039982698858,69.6635984428972,"Open Water","Open Water",-9999,-9999,-9999,-9999,-9999,-9999,-9999,"-9999",0,0,255,0,0,1
59270,2132,4998.7198882699,449.884789944291,"Ozark-Ouachita Dry-Mesic Oak Forest","Hardwood",188,66,15,11,6,17,77,"I-B",115,115,0,0.45098,0.45098,0
59270,2139,21.1999995261431,1.90799995735288,"Ozark-Ouachita Mesic Hardwood Forest","Hardwood",316,110,25,19,6,18,76,"I-C",0,135,74,0,0.529412,0.290196
59270,2140,10120.999773778,910.889979640022,"Ozark-Ouachita Dry Oak Woodland","Hardwood",38,89,6,5,13,5,82,"I-A",97,69,0,0.380392,0.270588,0
59270,2141,540.999987907708,48.6899989116937,"Ozark-Ouachita Shortleaf Pine-Oak Forest and Woodland","Conifer",347,92,5,5,1,5,94,"I-A",196,164,100,0.768627,0.643137,0.392157
59270,2153,7453.199833408,670.78798500672,"Central Interior and Appalachian Floodplain Systems-Large Floodplains","Riparian",142,-9999,100,59,41,-9999,59,"III-A",48,237,56,0.188235,0.929412,0.219608
59270,2158,132.439997039735,11.9195997335762,"Central Interior and Appalachian Shrub-Herbaceous Wetland Systems","Riparian",17,-9999,-9999,17,100,-9999,-9999,"II-C",240,150,20,0.941176,0.588235,0.078431
59270,2160,10434.399766773,939.095979009569,"Ozark-Ouachita Shortleaf Pine-Bluestem Woodland","Hardwood-Conifer",100,1223,2,2,2,1,97,"I-A",68,137,112,0.266667,0.537255,0.439216
59312,11,21.5599995180964,1.94039995662868,"Open Water","Open Water",-9999,-9999,-9999,-9999,-9999,-9999,-9999,"-9999",0,0,255,0,0,1
59312,2132,19904.1195551082,1791.37075995974,"Ozark-Ouachita Dry-Mesic Oak Forest","Hardwood",188,66,15,11,6,17,77,"I-B",115,115,0,0.45098,0.45098,0
59312,2139,4549.4798983112,409.453190848008,"Ozark-Ouachita Mesic Hardwood Forest","Hardwood",316,110,25,19,6,18,76,"I-C",0,135,74,0,0.529412,0.290196
59312,2140,7357.67983554304,662.191185198873,"Ozark-Ouachita Dry Oak Woodland","Hardwood",38,89,6,5,13,5,82,"I-A",97,69,0,0.380392,0.270588,0
59312,2141,13818.3996911347,1243.65597220212,"Ozark-Ouachita Shortleaf Pine-Oak Forest and Woodland","Conifer",347,92,5,5,1,5,94,"I-A",196,164,100,0.768627,0.643137,0.392157
59312,2153,360.199991948903,32.4179992754012,"Central Interior and Appalachian Floodplain Systems-Large Floodplains","Riparian",142,-9999,100,59,41,-9999,59,"III-A",48,237,56,0.188235,0.929412,0.219608
59312,2160,17643.1596056446,1587.88436450802,"Ozark-Ouachita Shortleaf Pine-Bluestem Woodland","Hardwood-Conifer",100,1223,2,2,2,1,97,"I-A",68,137,112,0.266667,0.537255,0.439216
59313,11,11.9999997317791,1.07999997586012,"Open Water","Open Water",-9999,-9999,-9999,-9999,-9999,-9999,-9999,"-9999",0,0,255,0,0,1
59313,2132,1724.15996146202,155.174396531582,"Ozark-Ouachita Dry-Mesic Oak Forest","Hardwood",188,66,15,11,6,17,77,"I-B",115,115,0,0.45098,0.45098,0
59313,2140,1207.19997301698,108.647997571528,"Ozark-Ouachita Dry Oak Woodland","Hardwood",38,89,6,5,13,5,82,"I-A",97,69,0,0.380392,0.270588,0
59313,2141,1750.07996088266,157.50719647944,"Ozark-Ouachita Shortleaf Pine-Oak Forest and Woodland","Conifer",347,92,5,5,1,5,94,"I-A",196,164,100,0.768627,0.643137,0.392157
59313,2153,2627.23994127661,236.451594714895,"Central Interior and Appalachian Floodplain Systems-Large Floodplains","Riparian",142,-9999,100,59,41,-9999,59,"III-A",48,237,56,0.188235,0.929412,0.219608
59313,2160,4712.31989467144,424.10879052043,"Ozark-Ouachita Shortleaf Pine-Bluestem Woodland","Hardwood-Conifer",100,1223,2,2,2,1,97,"I-A",68,137,112,0.266667,0.537255,0.439216
59314,11,10.3999997675419,0.93599997907877,"Open Water","Open Water",-9999,-9999,-9999,-9999,-9999,-9999,-9999,"-9999",0,0,255,0,0,1
59314,2132,7914.43982309848,712.299584078863,"Ozark-Ouachita Dry-Mesic Oak Forest","Hardwood",188,66,15,11,6,17,77,"I-B",115,115,0,0.45098,0.45098,0
59314,2139,355.399992056191,31.9859992850572,"Ozark-Ouachita Mesic Hardwood Forest","Hardwood",316,110,25,19,6,18,76,"I-C",0,135,74,0,0.529412,0.290196
59314,2140,8555.47980877012,769.993182789311,"Ozark-Ouachita Dry Oak Woodland","Hardwood",38,89,6,5,13,5,82,"I-A",97,69,0,0.380392,0.270588,0
59314,2141,2763.75993822515,248.738394440264,"Ozark-Ouachita Shortleaf Pine-Oak Forest and Woodland","Conifer",347,92,5,5,1,5,94,"I-A",196,164,100,0.768627,0.643137,0.392157
59314,2153,1855.83995851874,167.025596266687,"Central Interior and Appalachian Floodplain Systems-Large Floodplains","Riparian",142,-9999,100,59,41,-9999,59,"III-A",48,237,56,0.188235,0.929412,0.219608
59314,2160,9457.67978860438,851.191180974394,"Ozark-Ouachita Shortleaf Pine-Bluestem Woodland","Hardwood-Conifer",100,1223,2,2,2,1,97,"I-A",68,137,112,0.266667,0.537255,0.439216
59315,11,36.159999191761,3.25439992725849,"Open Water","Open Water",-9999,-9999,-9999,-9999,-9999,-9999,-9999,"-9999",0,0,255,0,0,1
59315,2132,3574.1599201113,321.674392810017,"Ozark-Ouachita Dry-Mesic Oak Forest","Hardwood",188,66,15,11,6,17,77,"I-B",115,115,0,0.45098,0.45098,0
59315,2139,104.359997667372,9.3923997900635,"Ozark-Ouachita Mesic Hardwood Forest","Hardwood",316,110,25,19,6,18,76,"I-C",0,135,74,0,0.529412,0.290196
59315,2140,4426.55990105867,398.390391095281,"Ozark-Ouachita Dry Oak Woodland","Hardwood",38,89,6,5,13,5,82,"I-A",97,69,0,0.380392,0.270588,0
59315,2141,2491.23994431645,224.21159498848,"Ozark-Ouachita Shortleaf Pine-Oak Forest and Woodland","Conifer",347,92,5,5,1,5,94,"I-A",196,164,100,0.768627,0.643137,0.392157
59315,2153,485.199989154935,43.6679990239441,"Central Interior and Appalachian Floodplain Systems-Large Floodplains","Riparian",142,-9999,100,59,41,-9999,59,"III-A",48,237,56,0.188235,0.929412,0.219608
59315,2160,9163.31979518384,824.698781566545,"Ozark-Ouachita Shortleaf Pine-Bluestem Woodland","Hardwood-Conifer",100,1223,2,2,2,1,97,"I-A",68,137,112,0.266667,0.537255,0.439216
59316,11,776.119982652366,69.850798438713,"Open Water","Open Water",-9999,-9999,-9999,-9999,-9999,-9999,-9999,"-9999",0,0,255,0,0,1
59316,2132,18083.1595958099,1627.48436362289,"Ozark-Ouachita Dry-Mesic Oak Forest","Hardwood",188,66,15,11,6,17,77,"I-B",115,115,0,0.45098,0.45098,0
59316,2139,2582.43994227797,232.419594805017,"Ozark-Ouachita Mesic Hardwood Forest","Hardwood",316,110,25,19,6,18,76,"I-C",0,135,74,0,0.529412,0.290196
59316,2140,10751.599759683,967.643978371471,"Ozark-Ouachita Dry Oak Woodland","Hardwood",38,89,6,5,13,5,82,"I-A",97,69,0,0.380392,0.270588,0
59316,2141,11580.5197411552,1042.24677670397,"Ozark-Ouachita Shortleaf Pine-Oak Forest and Woodland","Conifer",347,92,5,5,1,5,94,"I-A",196,164,100,0.768627,0.643137,0.392157
59316,2153,2146.31995202601,193.168795682341,"Central Interior and Appalachian Floodplain Systems-Large Floodplains","Riparian",142,-9999,100,59,41,-9999,59,"III-A",48,237,56,0.188235,0.929412,0.219608
59316,2160,19227.8395702243,1730.50556132019,"Ozark-Ouachita Shortleaf Pine-Bluestem Woodland","Hardwood-Conifer",100,1223,2,2,2,1,97,"I-A",68,137,112,0.266667,0.537255,0.439216
59317,2132,11545.4397419393,1039.08957677454,"Ozark-Ouachita Dry-Mesic Oak Forest","Hardwood",188,66,15,11,6,17,77,"I-B",115,115,0,0.45098,0.45098,0
59317,2139,1709.55996178836,153.860396560952,"Ozark-Ouachita Mesic Hardwood Forest","Hardwood",316,110,25,19,6,18,76,"I-C",0,135,74,0,0.529412,0.290196
59317,2140,9322.19979163259,838.997981246933,"Ozark-Ouachita Dry Oak Woodland","Hardwood",38,89,6,5,13,5,82,"I-A",97,69,0,0.380392,0.270588,0
59317,2141,8246.59981567413,742.193983410671,"Ozark-Ouachita Shortleaf Pine-Oak Forest and Woodland","Conifer",347,92,5,5,1,5,94,"I-A",196,164,100,0.768627,0.643137,0.392157
59317,2153,192.63999569416,17.3375996124744,"Central Interior and Appalachian Floodplain Systems-Large Floodplains","Riparian",142,-9999,100,59,41,-9999,59,"III-A",48,237,56,0.188235,0.929412,0.219608
59317,2160,9093.55979674309,818.420381706879,"Ozark-Ouachita Shortleaf Pine-Bluestem Woodland","Hardwood-Conifer",100,1223,2,2,2,1,97,"I-A",68,137,112,0.266667,0.537255,0.439216
59318,2132,26650.6794043109,2398.56114638798,"Ozark-Ouachita Dry-Mesic Oak Forest","Hardwood",188,66,15,11,6,17,77,"I-B",115,115,0,0.45098,0.45098,0
59318,2139,5234.99988298863,471.149989468977,"Ozark-Ouachita Mesic Hardwood Forest","Hardwood",316,110,25,19,6,18,76,"I-C",0,135,74,0,0.529412,0.290196
59318,2140,10570.6797637269,951.36117873542,"Ozark-Ouachita Dry Oak Woodland","Hardwood",38,89,6,5,13,5,82,"I-A",97,69,0,0.380392,0.270588,0
59318,2141,24911.1594431922,2242.0043498873,"Ozark-Ouachita Shortleaf Pine-Oak Forest and Woodland","Conifer",347,92,5,5,1,5,94,"I-A",196,164,100,0.768627,0.643137,0.392157
59318,2153,452.959989875555,40.7663990888,"Central Interior and Appalachian Floodplain Systems-Large Floodplains","Riparian",142,-9999,100,59,41,-9999,59,"III-A",48,237,56,0.188235,0.929412,0.219608
59318,2160,23008.5194857195,2070.76675371476,"Ozark-Ouachita Shortleaf Pine-Bluestem Woodland","Hardwood-Conifer",100,1223,2,2,2,1,97,"I-A",68,137,112,0.266667,0.537255,0.439216
59319,11,724.319983810186,65.1887985429168,"Open Water","Open Water",-9999,-9999,-9999,-9999,-9999,-9999,-9999,"-9999",0,0,255,0,0,1
59319,2132,12827.1197132915,1154.44077419624,"Ozark-Ouachita Dry-Mesic Oak Forest","Hardwood",188,66,15,11,6,17,77,"I-B",115,115,0,0.45098,0.45098,0
59319,2139,2308.47994840145,207.763195356131,"Ozark-Ouachita Mesic Hardwood Forest","Hardwood",316,110,25,19,6,18,76,"I-C",0,135,74,0,0.529412,0.290196
59319,2140,4758.91989362985,428.302790426686,"Ozark-Ouachita Dry Oak Woodland","Hardwood",38,89,6,5,13,5,82,"I-A",97,69,0,0.380392,0.270588,0
59319,2141,10307.6397696063,927.687579264566,"Ozark-Ouachita Shortleaf Pine-Oak Forest and Woodland","Conifer",347,92,5,5,1,5,94,"I-A",196,164,100,0.768627,0.643137,0.392157
59319,2153,2406.5999462083,216.593995158747,"Central Interior and Appalachian Floodplain Systems-Large Floodplains","Riparian",142,-9999,100,59,41,-9999,59,"III-A",48,237,56,0.188235,0.929412,0.219608
59319,2155,6.99999984353781,0.629999985918403,"Gulf and Atlantic Coastal Plain Floodplain Systems","Riparian",393,257,49,37,10,15,75,"III-A",102,119,205,0.4,0.466667,0.803922
59319,2160,12936.9197108373,1164.32277397536,"Ozark-Ouachita Shortleaf Pine-Bluestem Woodland","Hardwood-Conifer",100,1223,2,2,2,1,97,"I-A",68,137,112,0.266667,0.537255,0.439216
59320,2132,29160.6393482089,2624.4575413388,"Ozark-Ouachita Dry-Mesic Oak Forest","Hardwood",188,66,15,11,6,17,77,"I-B",115,115,0,0.45098,0.45098,0
59320,2139,5974.47986645997,537.703187981397,"Ozark-Ouachita Mesic Hardwood Forest","Hardwood",316,110,25,19,6,18,76,"I-C",0,135,74,0,0.529412,0.290196
59320,2140,10958.7997550517,986.291977954656,"Ozark-Ouachita Dry Oak Woodland","Hardwood",38,89,6,5,13,5,82,"I-A",97,69,0,0.380392,0.270588,0
59320,2141,20999.7595306188,1889.97835775569,"Ozark-Ouachita Shortleaf Pine-Oak Forest and Woodland","Conifer",347,92,5,5,1,5,94,"I-A",196,164,100,0.768627,0.643137,0.392157
59320,2160,25760.319424212,2318.42874817908,"Ozark-Ouachita Shortleaf Pine-Bluestem Woodland","Hardwood-Conifer",100,1223,2,2,2,1,97,"I-A",68,137,112,0.266667,0.537255,0.439216
59321,2132,24073.5194619149,2166.61675157234,"Ozark-Ouachita Dry-Mesic Oak Forest","Hardwood",188,66,15,11,6,17,77,"I-B",115,115,0,0.45098,0.45098,0
59321,2139,2930.55993449688,263.750394104719,"Ozark-Ouachita Mesic Hardwood Forest","Hardwood",316,110,25,19,6,18,76,"I-C",0,135,74,0,0.529412,0.290196
59321,2140,8614.79980744421,775.331982669979,"Ozark-Ouachita Dry Oak Woodland","Hardwood",38,89,6,5,13,5,82,"I-A",97,69,0,0.380392,0.270588,0
59321,2141,17211.4796152934,1549.03316537641,"Ozark-Ouachita Shortleaf Pine-Oak Forest and Woodland","Conifer",347,92,5,5,1,5,94,"I-A",196,164,100,0.768627,0.643137,0.392157
59321,2153,66.9999985024333,6.029999865219,"Central Interior and Appalachian Floodplain Systems-Large Floodplains","Riparian",142,-9999,100,59,41,-9999,59,"III-A",48,237,56,0.188235,0.929412,0.219608
59321,2160,19224.6395702958,1730.21756132662,"Ozark-Ouachita Shortleaf Pine-Bluestem Woodland","Hardwood-Conifer",100,1223,2,2,2,1,97,"I-A",68,137,112,0.266667,0.537255,0.439216
59322,11,960.839978523552,86.4755980671197,"Open Water","Open Water",-9999,-9999,-9999,-9999,-9999,-9999,-9999,"-9999",0,0,255,0,0,1
59322,2132,9908.75977852196,891.788380066976,"Ozark-Ouachita Dry-Mesic Oak Forest","Hardwood",188,66,15,11,6,17,77,"I-B",115,115,0,0.45098,0.45098,0
59322,2139,1174.43997374922,105.69959763743,"Ozark-Ouachita Mesic Hardwood Forest","Hardwood",316,110,25,19,6,18,76,"I-C",0,135,74,0,0.529412,0.290196
59322,2140,4184.83990646154,376.635591581538,"Ozark-Ouachita Dry Oak Woodland","Hardwood",38,89,6,5,13,5,82,"I-A",97,69,0,0.380392,0.270588,0
59322,2141,9911.39977846295,892.025980061665,"Ozark-Ouachita Shortleaf Pine-Oak Forest and Woodland","Conifer",347,92,5,5,1,5,94,"I-A",196,164,100,0.768627,0.643137,0.392157
59322,2153,3022.59993243963,272.033993919566,"Central Interior and Appalachian Floodplain Systems-Large Floodplains","Riparian",142,-9999,100,59,41,-9999,59,"III-A",48,237,56,0.188235,0.929412,0.219608
59322,2160,8057.11981990933,725.14078379184,"Ozark-Ouachita Shortleaf Pine-Bluestem Woodland","Hardwood-Conifer",100,1223,2,2,2,1,97,"I-A",68,137,112,0.266667,0.537255,0.439216
59323,11,1.35999996960163,0.122399997264147,"Open Water","Open Water",-9999,-9999,-9999,-9999,-9999,-9999,-9999,"-9999",0,0,255,0,0,1
59323,2132,10984.9197544679,988.642777902111,"Ozark-Ouachita Dry-Mesic Oak Forest","Hardwood",188,66,15,11,6,17,77,"I-B",115,115,0,0.45098,0.45098,0
59323,2139,858.719980806112,77.2847982725501,"Ozark-Ouachita Mesic Hardwood Forest","Hardwood",316,110,25,19,6,18,76,"I-C",0,135,74,0,0.529412,0.290196
59323,2140,4025.99991001189,362.33999190107,"Ozark-Ouachita Dry Oak Woodland","Hardwood",38,89,6,5,13,5,82,"I-A",97,69,0,0.380392,0.270588,0
59323,2141,11278.1597479135,1015.03437731221,"Ozark-Ouachita Shortleaf Pine-Oak Forest and Woodland","Conifer",347,92,5,5,1,5,94,"I-A",196,164,100,0.768627,0.643137,0.392157
59323,2153,185.039995864034,16.653599627763,"Central Interior and Appalachian Floodplain Systems-Large Floodplains","Riparian",142,-9999,100,59,41,-9999,59,"III-A",48,237,56,0.188235,0.929412,0.219608
59323,2160,6668.7998509407,600.191986584663,"Ozark-Ouachita Shortleaf Pine-Bluestem Woodland","Hardwood-Conifer",100,1223,2,2,2,1,97,"I-A",68,137,112,0.266667,0.537255,0.439216
59324,2132,9320.2397916764,838.821581250876,"Ozark-Ouachita Dry-Mesic Oak Forest","Hardwood",188,66,15,11,6,17,77,"I-B",115,115,0,0.45098,0.45098,0
59324,2139,971.959978275001,87.4763980447501,"Ozark-Ouachita Mesic Hardwood Forest","Hardwood",316,110,25,19,6,18,76,"I-C",0,135,74,0,0.529412,0.290196
59324,2140,3708.51991710812,333.766792539731,"Ozark-Ouachita Dry Oak Woodland","Hardwood",38,89,6,5,13,5,82,"I-A",97,69,0,0.380392,0.270588,0
59324,2141,7370.35983525962,663.332385173365,"Ozark-Ouachita Shortleaf Pine-Oak Forest and Woodland","Conifer",347,92,5,5,1,5,94,"I-A",196,164,100,0.768627,0.643137,0.392157
59324,2153,1.35999996960163,0.122399997264147,"Central Interior and Appalachian Floodplain Systems-Large Floodplains","Riparian",142,-9999,100,59,41,-9999,59,"III-A",48,237,56,0.188235,0.929412,0.219608
59324,2160,6902.55984571576,621.230386114418,"Ozark-Ouachita Shortleaf Pine-Bluestem Woodland","Hardwood-Conifer",100,1223,2,2,2,1,97,"I-A",68,137,112,0.266667,0.537255,0.439216
59325,2132,2316.59994821995,208.493995339796,"Ozark-Ouachita Dry-Mesic Oak Forest","Hardwood",188,66,15,11,6,17,77,"I-B",115,115,0,0.45098,0.45098,0
59325,2139,23.0799994841218,2.07719995357096,"Ozark-Ouachita Mesic Hardwood Forest","Hardwood",316,110,25,19,6,18,76,"I-C",0,135,74,0,0.529412,0.290196
59325,2140,1783.23996014148,160.491596412733,"Ozark-Ouachita Dry Oak Woodland","Hardwood",38,89,6,5,13,5,82,"I-A",97,69,0,0.380392,0.270588,0
59325,2141,5989.39986612648,539.045987951383,"Ozark-Ouachita Shortleaf Pine-Oak Forest and Woodland","Conifer",347,92,5,5,1,5,94,"I-A",196,164,100,0.768627,0.643137,0.392157
59325,2153,990.039977870882,89.1035980083793,"Central Interior and Appalachian Floodplain Systems-Large Floodplains","Riparian",142,-9999,100,59,41,-9999,59,"III-A",48,237,56,0.188235,0.929412,0.219608
59325,2160,4281.63990429789,385.34759138681,"Ozark-Ouachita Shortleaf Pine-Bluestem Woodland","Hardwood-Conifer",100,1223,2,2,2,1,97,"I-A",68,137,112,0.266667,0.537255,0.439216
59326,2132,3558.27992046624,320.245192841962,"Ozark-Ouachita Dry-Mesic Oak Forest","Hardwood",188,66,15,11,6,17,77,"I-B",115,115,0,0.45098,0.45098,0
59326,2139,201.719995491207,18.1547995942086,"Ozark-Ouachita Mesic Hardwood Forest","Hardwood",316,110,25,19,6,18,76,"I-C",0,135,74,0,0.529412,0.290196
59326,2140,1245.07997217029,112.057197495326,"Ozark-Ouachita Dry Oak Woodland","Hardwood",38,89,6,5,13,5,82,"I-A",97,69,0,0.380392,0.270588,0
59326,2141,3705.15991718322,333.46439254649,"Ozark-Ouachita Shortleaf Pine-Oak Forest and Woodland","Conifer",347,92,5,5,1,5,94,"I-A",196,164,100,0.768627,0.643137,0.392157
59326,2153,33.7999992445111,3.041999932006,"Central Interior and Appalachian Floodplain Systems-Large Floodplains","Riparian",142,-9999,100,59,41,-9999,59,"III-A",48,237,56,0.188235,0.929412,0.219608
59326,2160,2271.95994921774,204.476395429596,"Ozark-Ouachita Shortleaf Pine-Bluestem Woodland","Hardwood-Conifer",100,1223,2,2,2,1,97,"I-A",68,137,112,0.266667,0.537255,0.439216
59327,11,287.159993581474,25.8443994223326,"Open Water","Open Water",-9999,-9999,-9999,-9999,-9999,-9999,-9999,"-9999",0,0,255,0,0,1
59327,2132,1873.47995812446,168.613196231201,"Ozark-Ouachita Dry-Mesic Oak Forest","Hardwood",188,66,15,11,6,17,77,"I-B",115,115,0,0.45098,0.45098,0
59327,2139,47.7199989333749,4.29479990400374,"Ozark-Ouachita Mesic Hardwood Forest","Hardwood",316,110,25,19,6,18,76,"I-C",0,135,74,0,0.529412,0.290196
59327,2140,1096.35997549444,98.6723977945,"Ozark-Ouachita Dry Oak Woodland","Hardwood",38,89,6,5,13,5,82,"I-A",97,69,0,0.380392,0.270588,0
59327,2141,2685.67993997037,241.711194597334,"Ozark-Ouachita Shortleaf Pine-Oak Forest and Woodland","Conifer",347,92,5,5,1,5,94,"I-A",196,164,100,0.768627,0.643137,0.392157
59327,2153,1521.31996599585,136.918796939626,"Central Interior and Appalachian Floodplain Systems-Large Floodplains","Riparian",142,-9999,100,59,41,-9999,59,"III-A",48,237,56,0.188235,0.929412,0.219608
59327,2160,2479.27994458377,223.13519501254,"Ozark-Ouachita Shortleaf Pine-Bluestem Woodland","Hardwood-Conifer",100,1223,2,2,2,1,97,"I-A",68,137,112,0.266667,0.537255,0.439216
59328,11,8.99999979883432,0.809999981895089,"Open Water","Open Water",-9999,-9999,-9999,-9999,-9999,-9999,-9999,"-9999",0,0,255,0,0,1
59328,2132,9795.51978105307,881.596780294776,"Ozark-Ouachita Dry-Mesic Oak Forest","Hardwood",188,66,15,11,6,17,77,"I-B",115,115,0,0.45098,0.45098,0
59328,2139,1062.27997625619,95.6051978630573,"Ozark-Ouachita Mesic Hardwood Forest","Hardwood",316,110,25,19,6,18,76,"I-C",0,135,74,0,0.529412,0.290196
59328,2140,2903.87993509322,261.34919415839,"Ozark-Ouachita Dry Oak Woodland","Hardwood",38,89,6,5,13,5,82,"I-A",97,69,0,0.380392,0.270588,0
59328,2141,10016.1597761214,901.454379850924,"Ozark-Ouachita Shortleaf Pine-Oak Forest and Woodland","Conifer",347,92,5,5,1,5,94,"I-A",196,164,100,0.768627,0.643137,0.392157
59328,2160,9436.15978908539,849.254381017685,"Ozark-Ouachita Shortleaf Pine-Bluestem Woodland","Hardwood-Conifer",100,1223,2,2,2,1,97,"I-A",68,137,112,0.266667,0.537255,0.439216
59329,11,18.9999995753169,1.70999996177852,"Open Water","Open Water",-9999,-9999,-9999,-9999,-9999,-9999,-9999,"-9999",0,0,255,0,0,1
59329,2132,3300.51992622763,297.046793360487,"Ozark-Ouachita Dry-Mesic Oak Forest","Hardwood",188,66,15,11,6,17,77,"I-B",115,115,0,0.45098,0.45098,0
59329,2139,150.239996641874,13.5215996977687,"Ozark-Ouachita Mesic Hardwood Forest","Hardwood",316,110,25,19,6,18,76,"I-C",0,135,74,0,0.529412,0.290196
59329,2140,1564.87996502221,140.839196851999,"Ozark-Ouachita Dry Oak Woodland","Hardwood",38,89,6,5,13,5,82,"I-A",97,69,0,0.380392,0.270588,0
59329,2141,5732.75987186283,515.948388467655,"Ozark-Ouachita Shortleaf Pine-Oak Forest and Woodland","Conifer",347,92,5,5,1,5,94,"I-A",196,164,100,0.768627,0.643137,0.392157
59329,2153,530.199988149107,47.7179989334196,"Central Interior and Appalachian Floodplain Systems-Large Floodplains","Riparian",142,-9999,100,59,41,-9999,59,"III-A",48,237,56,0.188235,0.929412,0.219608
59329,2160,3830.39991438389,344.73599229455,"Ozark-Ouachita Shortleaf Pine-Bluestem Woodland","Hardwood-Conifer",100,1223,2,2,2,1,97,"I-A",68,137,112,0.266667,0.537255,0.439216
59330,2132,2553.31994292885,229.798794863597,"Ozark-Ouachita Dry-Mesic Oak Forest","Hardwood",188,66,15,11,6,17,77,"I-B",115,115,0,0.45098,0.45098,0
59330,2139,52.7599988207221,4.74839989386499,"Ozark-Ouachita Mesic Hardwood Forest","Hardwood",316,110,25,19,6,18,76,"I-C",0,135,74,0,0.529412,0.290196
59330,2140,1521.75996598601,136.958396938741,"Ozark-Ouachita Dry Oak Woodland","Hardwood",38,89,6,5,13,5,82,"I-A",97,69,0,0.380392,0.270588,0
59330,2141,5825.51986978948,524.296788281053,"Ozark-Ouachita Shortleaf Pine-Oak Forest and Woodland","Conifer",347,92,5,5,1,5,94,"I-A",196,164,100,0.768627,0.643137,0.392157
59330,2153,367.999991774559,33.1199992597103,"Central Interior and Appalachian Floodplain Systems-Large Floodplains","Riparian",142,-9999,100,59,41,-9999,59,"III-A",48,237,56,0.188235,0.929412,0.219608
59330,2160,4138.63990749419,372.477591674477,"Ozark-Ouachita Shortleaf Pine-Bluestem Woodland","Hardwood-Conifer",100,1223,2,2,2,1,97,"I-A",68,137,112,0.266667,0.537255,0.439216
59331,11,5.99999986588955,0.539999987930059,"Open Water","Open Water",-9999,-9999,-9999,-9999,-9999,-9999,-9999,"-9999",0,0,255,0,0,1
59331,2132,3668.31991800666,330.148792620599,"Ozark-Ouachita Dry-Mesic Oak Forest","Hardwood",188,66,15,11,6,17,77,"I-B",115,115,0,0.45098,0.45098,0
59331,2139,231.439994826913,20.8295995344222,"Ozark-Ouachita Mesic Hardwood Forest","Hardwood",316,110,25,19,6,18,76,"I-C",0,135,74,0,0.529412,0.290196
59331,2140,1849.63995865732,166.467596279159,"Ozark-Ouachita Dry Oak Woodland","Hardwood",38,89,6,5,13,5,82,"I-A",97,69,0,0.380392,0.270588,0
59331,2141,15660.7196499556,1409.46476849601,"Ozark-Ouachita Shortleaf Pine-Oak Forest and Woodland","Conifer",347,92,5,5,1,5,94,"I-A",196,164,100,0.768627,0.643137,0.392157
59331,2153,2184.47995117307,196.603195605576,"Central Interior and Appalachian Floodplain Systems-Large Floodplains","Riparian",142,-9999,100,59,41,-9999,59,"III-A",48,237,56,0.188235,0.929412,0.219608
59331,2160,4233.39990537614,381.005991483852,"Ozark-Ouachita Shortleaf Pine-Bluestem Woodland","Hardwood-Conifer",100,1223,2,2,2,1,97,"I-A",68,137,112,0.266667,0.537255,0.439216
59332,11,4.99999988824129,0.449999989941716,"Open Water","Open Water",-9999,-9999,-9999,-9999,-9999,-9999,-9999,"-9999",0,0,255,0,0,1
59332,2132,4113.95990804583,370.256391724125,"Ozark-Ouachita Dry-Mesic Oak Forest","Hardwood",188,66,15,11,6,17,77,"I-B",115,115,0,0.45098,0.45098,0
59332,2139,259.159994207323,23.324399478659,"Ozark-Ouachita Mesic Hardwood Forest","Hardwood",316,110,25,19,6,18,76,"I-C",0,135,74,0,0.529412,0.290196
59332,2140,1503.59996639192,135.323996975273,"Ozark-Ouachita Dry Oak Woodland","Hardwood",38,89,6,5,13,5,82,"I-A",97,69,0,0.380392,0.270588,0
59332,2141,5546.47987602651,499.183188842386,"Ozark-Ouachita Shortleaf Pine-Oak Forest and Woodland","Conifer",347,92,5,5,1,5,94,"I-A",196,164,100,0.768627,0.643137,0.392157
59332,2153,14.9999996647239,1.34999996982515,"Central Interior and Appalachian Floodplain Systems-Large Floodplains","Riparian",142,-9999,100,59,41,-9999,59,"III-A",48,237,56,0.188235,0.929412,0.219608
59332,2160,4636.79989635944,417.31199067235,"Ozark-Ouachita Shortleaf Pine-Bluestem Woodland","Hardwood-Conifer",100,1223,2,2,2,1,97,"I-A",68,137,112,0.266667,0.537255,0.439216
59333,2132,9278.35979261249,835.052381335124,"Ozark-Ouachita Dry-Mesic Oak Forest","Hardwood",188,66,15,11,6,17,77,"I-B",115,115,0,0.45098,0.45098,0
59333,2139,2328.71994794905,209.584795315415,"Ozark-Ouachita Mesic Hardwood Forest","Hardwood",316,110,25,19,6,18,76,"I-C",0,135,74,0,0.529412,0.290196
59333,2140,4509.0398992151,405.813590929359,"Ozark-Ouachita Dry Oak Woodland","Hardwood",38,89,6,5,13,5,82,"I-A",97,69,0,0.380392,0.270588,0
59333,2141,12777.1997144073,1149.94797429666,"Ozark-Ouachita Shortleaf Pine-Oak Forest and Woodland","Conifer",347,92,5,5,1,5,94,"I-A",196,164,100,0.768627,0.643137,0.392157
59333,2153,142.399996817112,12.8159997135401,"Central Interior and Appalachian Floodplain Systems-Large Floodplains","Riparian",142,-9999,100,59,41,-9999,59,"III-A",48,237,56,0.188235,0.929412,0.219608
59333,2160,9585.2797857523,862.675180717707,"Ozark-Ouachita Shortleaf Pine-Bluestem Woodland","Hardwood-Conifer",100,1223,2,2,2,1,97,"I-A",68,137,112,0.266667,0.537255,0.439216
59334,2132,13273.999703303,1194.65997329727,"Ozark-Ouachita Dry-Mesic Oak Forest","Hardwood",188,66,15,11,6,17,77,"I-B",115,115,0,0.45098,0.45098,0
59334,2139,2864.03993598372,257.763594238535,"Ozark-Ouachita Mesic Hardwood Forest","Hardwood",316,110,25,19,6,18,76,"I-C",0,135,74,0,0.529412,0.290196
59334,2140,4372.83990225941,393.555591203347,"Ozark-Ouachita Dry Oak Woodland","Hardwood",38,89,6,5,13,5,82,"I-A",97,69,0,0.380392,0.270588,0
59334,2141,12252.959726125,1102.76637535125,"Ozark-Ouachita Shortleaf Pine-Oak Forest and Woodland","Conifer",347,92,5,5,1,5,94,"I-A",196,164,100,0.768627,0.643137,0.392157
59334,2153,500.519988812506,45.0467989931256,"Central Interior and Appalachian Floodplain Systems-Large Floodplains","Riparian",142,-9999,100,59,41,-9999,59,"III-A",48,237,56,0.188235,0.929412,0.219608
59334,2160,12040.6397308707,1083.65757577837,"Ozark-Ouachita Shortleaf Pine-Bluestem Woodland","Hardwood-Conifer",100,1223,2,2,2,1,97,"I-A",68,137,112,0.266667,0.537255,0.439216
59335,11,2.99999993294477,0.26999999396503,"Open Water","Open Water",-9999,-9999,-9999,-9999,-9999,-9999,-9999,"-9999",0,0,255,0,0,1
59335,2132,10092.3597744182,908.312379697636,"Ozark-Ouachita Dry-Mesic Oak Forest","Hardwood",188,66,15,11,6,17,77,"I-B",115,115,0,0.45098,0.45098,0
59335,2139,2354.43994737417,211.899595263675,"Ozark-Ouachita Mesic Hardwood Forest","Hardwood",316,110,25,19,6,18,76,"I-C",0,135,74,0,0.529412,0.290196
59335,2140,3113.71993040293,280.234793736264,"Ozark-Ouachita Dry Oak Woodland","Hardwood",38,89,6,5,13,5,82,"I-A",97,69,0,0.380392,0.270588,0
59335,2141,9049.43979772925,814.449581795633,"Ozark-Ouachita Shortleaf Pine-Oak Forest and Woodland","Conifer",347,92,5,5,1,5,94,"I-A",196,164,100,0.768627,0.643137,0.392157
59335,2153,108.679997570813,9.78119978137314,"Central Interior and Appalachian Floodplain Systems-Large Floodplains","Riparian",142,-9999,100,59,41,-9999,59,"III-A",48,237,56,0.188235,0.929412,0.219608
59335,2160,7512.35983208567,676.11238488771,"Ozark-Ouachita Shortleaf Pine-Bluestem Woodland","Hardwood-Conifer",100,1223,2,2,2,1,97,"I-A",68,137,112,0.266667,0.537255,0.439216
59336,11,33.7999992445111,3.041999932006,"Open Water","Open Water",-9999,-9999,-9999,-9999,-9999,-9999,-9999,"-9999",0,0,255,0,0,1
59336,2132,37072.3991713673,3336.51592542306,"Ozark-Ouachita Dry-Mesic Oak Forest","Hardwood",188,66,15,11,6,17,77,"I-B",115,115,0,0.45098,0.45098,0
59336,2139,9747.55978212506,877.280380391255,"Ozark-Ouachita Mesic Hardwood Forest","Hardwood",316,110,25,19,6,18,76,"I-C",0,135,74,0,0.529412,0.290196
59336,2140,10550.4797641784,949.543178776056,"Ozark-Ouachita Dry Oak Woodland","Hardwood",38,89,6,5,13,5,82,"I-A",97,69,0,0.380392,0.270588,0
59336,2141,25635.8794269934,2307.22914842941,"Ozark-Ouachita Shortleaf Pine-Oak Forest and Woodland","Conifer",347,92,5,5,1,5,94,"I-A",196,164,100,0.768627,0.643137,0.392157
59336,2153,763.119982942939,68.6807984648645,"Central Interior and Appalachian Floodplain Systems-Large Floodplains","Riparian",142,-9999,100,59,41,-9999,59,"III-A",48,237,56,0.188235,0.929412,0.219608
59336,2160,26207.7594142109,2358.69834727898,"Ozark-Ouachita Shortleaf Pine-Bluestem Woodland","Hardwood-Conifer",100,1223,2,2,2,1,97,"I-A",68,137,112,0.266667,0.537255,0.439216
59337,11,696.719984427094,62.7047985984385,"Open Water","Open Water",-9999,-9999,-9999,-9999,-9999,-9999,-9999,"-9999",0,0,255,0,0,1
59337,2132,3739.91991640627,336.592792476565,"Ozark-Ouachita Dry-Mesic Oak Forest","Hardwood",188,66,15,11,6,17,77,"I-B",115,115,0,0.45098,0.45098,0
59337,2139,176.799996048212,15.9119996443391,"Ozark-Ouachita Mesic Hardwood Forest","Hardwood",316,110,25,19,6,18,76,"I-C",0,135,74,0,0.529412,0.290196
59337,2140,2233.15995008498,200.984395507649,"Ozark-Ouachita Dry Oak Woodland","Hardwood",38,89,6,5,13,5,82,"I-A",97,69,0,0.380392,0.270588,0
59337,2141,14552.1596747339,1309.69437072605,"Ozark-Ouachita Shortleaf Pine-Oak Forest and Woodland","Conifer",347,92,5,5,1,5,94,"I-A",196,164,100,0.768627,0.643137,0.392157
59337,2153,4849.35989160836,436.442390244752,"Central Interior and Appalachian Floodplain Systems-Large Floodplains","Riparian",142,-9999,100,59,41,-9999,59,"III-A",48,237,56,0.188235,0.929412,0.219608
59337,2160,7000.87984351814,630.079185916632,"Ozark-Ouachita Shortleaf Pine-Bluestem Woodland","Hardwood-Conifer",100,1223,2,2,2,1,97,"I-A",68,137,112,0.266667,0.537255,0.439216
59338,11,185.239995859563,16.6715996273607,"Open Water","Open Water",-9999,-9999,-9999,-9999,-9999,-9999,-9999,"-9999",0,0,255,0,0,1
59338,2132,5815.71987000853,523.414788300768,"Ozark-Ouachita Dry-Mesic Oak Forest","Hardwood",188,66,15,11,6,17,77,"I-B",115,115,0,0.45098,0.45098,0
59338,2139,872.7999804914,78.551998244226,"Ozark-Ouachita Mesic Hardwood Forest","Hardwood",316,110,25,19,6,18,76,"I-C",0,135,74,0,0.529412,0.290196
59338,2140,2094.03995319456,188.46359578751,"Ozark-Ouachita Dry Oak Woodland","Hardwood",38,89,6,5,13,5,82,"I-A",97,69,0,0.380392,0.270588,0
59338,2141,4201.35990609229,378.122391548306,"Ozark-Ouachita Shortleaf Pine-Oak Forest and Woodland","Conifer",347,92,5,5,1,5,94,"I-A",196,164,100,0.768627,0.643137,0.392157
59338,2153,80.8399981930852,7.27559983737767,"Central Interior and Appalachian Floodplain Systems-Large Floodplains","Riparian",142,-9999,100,59,41,-9999,59,"III-A",48,237,56,0.188235,0.929412,0.219608
59338,2160,5265.99988229573,473.939989406615,"Ozark-Ouachita Shortleaf Pine-Bluestem Woodland","Hardwood-Conifer",100,1223,2,2,2,1,97,"I-A",68,137,112,0.266667,0.537255,0.439216
59339,11,617.679986193776,55.5911987574399,"Open Water","Open Water",-9999,-9999,-9999,-9999,-9999,-9999,-9999,"-9999",0,0,255,0,0,1
59339,31,7.99999982118607,0.719999983906746,"Barren-Rock/Sand/Clay","Barren-Rock/Sand/Clay",-9999,-9999,-9999,-9999,-9999,-9999,-9999,"-9999",191,191,191,0.74902,0.74902,0.74902
59339,2132,22997.4794859663,2069.77315373696,"Ozark-Ouachita Dry-Mesic Oak Forest","Hardwood",188,66,15,11,6,17,77,"I-B",115,115,0,0.45098,0.45098,0
59339,2139,6573.07985308021,591.577186777219,"Ozark-Ouachita Mesic Hardwood Forest","Hardwood",316,110,25,19,6,18,76,"I-C",0,135,74,0,0.529412,0.290196
59339,2140,11012.7197538465,991.144777846187,"Ozark-Ouachita Dry Oak Woodland","Hardwood",38,89,6,5,13,5,82,"I-A",97,69,0,0.380392,0.270588,0
59339,2141,34613.4392263293,3115.20953036964,"Ozark-Ouachita Shortleaf Pine-Oak Forest and Woodland","Conifer",347,92,5,5,1,5,94,"I-A",196,164,100,0.768627,0.643137,0.392157
59339,2153,4228.27990549058,380.545191494152,"Central Interior and Appalachian Floodplain Systems-Large Floodplains","Riparian",142,-9999,100,59,41,-9999,59,"III-A",48,237,56,0.188235,0.929412,0.219608
59339,2160,20750.3195361942,1867.52875825748,"Ozark-Ouachita Shortleaf Pine-Bluestem Woodland","Hardwood-Conifer",100,1223,2,2,2,1,97,"I-A",68,137,112,0.266667,0.537255,0.439216
59340,11,592.039986766875,53.2835988090187,"Open Water","Open Water",-9999,-9999,-9999,-9999,-9999,-9999,-9999,"-9999",0,0,255,0,0,1
59340,2132,6068.67986435443,546.181187791899,"Ozark-Ouachita Dry-Mesic Oak Forest","Hardwood",188,66,15,11,6,17,77,"I-B",115,115,0,0.45098,0.45098,0
59340,2139,396.279991142452,35.6651992028207,"Ozark-Ouachita Mesic Hardwood Forest","Hardwood",316,110,25,19,6,18,76,"I-C",0,135,74,0,0.529412,0.290196
59340,2140,3470.47992242873,312.343193018585,"Ozark-Ouachita Dry Oak Woodland","Hardwood",38,89,6,5,13,5,82,"I-A",97,69,0,0.380392,0.270588,0
59340,2141,14799.2796692103,1331.93517022893,"Ozark-Ouachita Shortleaf Pine-Oak Forest and Woodland","Conifer",347,92,5,5,1,5,94,"I-A",196,164,100,0.768627,0.643137,0.392157
59340,2153,4770.47989337146,429.343190403432,"Central Interior and Appalachian Floodplain Systems-Large Floodplains","Riparian",142,-9999,100,59,41,-9999,59,"III-A",48,237,56,0.188235,0.929412,0.219608
59340,2160,7450.75983346254,670.568385011628,"Ozark-Ouachita Shortleaf Pine-Bluestem Woodland","Hardwood-Conifer",100,1223,2,2,2,1,97,"I-A",68,137,112,0.266667,0.537255,0.439216
59341,2132,7342.95983587205,660.866385228485,"Ozark-Ouachita Dry-Mesic Oak Forest","Hardwood",188,66,15,11,6,17,77,"I-B",115,115,0,0.45098,0.45098,0
59341,2139,2149.43995195627,193.449595676064,"Ozark-Ouachita Mesic Hardwood Forest","Hardwood",316,110,25,19,6,18,76,"I-C",0,135,74,0,0.529412,0.290196
59341,2140,3666.43991804868,329.979592624381,"Ozark-Ouachita Dry Oak Woodland","Hardwood",38,89,6,5,13,5,82,"I-A",97,69,0,0.380392,0.270588,0
59341,2141,12047.9997307062,1084.31997576356,"Ozark-Ouachita Shortleaf Pine-Oak Forest and Woodland","Conifer",347,92,5,5,1,5,94,"I-A",196,164,100,0.768627,0.643137,0.392157
59341,2153,97.039997830987,8.73359980478883,"Central Interior and Appalachian Floodplain Systems-Large Floodplains","Riparian",142,-9999,100,59,41,-9999,59,"III-A",48,237,56,0.188235,0.929412,0.219608
59341,2160,6714.11984992772,604.270786493495,"Ozark-Ouachita Shortleaf Pine-Bluestem Woodland","Hardwood-Conifer",100,1223,2,2,2,1,97,"I-A",68,137,112,0.266667,0.537255,0.439216
59342,11,255.999994277954,23.0399994850159,"Open Water","Open Water",-9999,-9999,-9999,-9999,-9999,-9999,-9999,"-9999",0,0,255,0,0,1
59342,2132,4444.79990065098,400.031991058588,"Ozark-Ouachita Dry-Mesic Oak Forest","Hardwood",188,66,15,11,6,17,77,"I-B",115,115,0,0.45098,0.45098,0
59342,2139,60.0399986580014,5.40359987922013,"Ozark-Ouachita Mesic Hardwood Forest","Hardwood",316,110,25,19,6,18,76,"I-C",0,135,74,0,0.529412,0.290196
59342,2140,2748.11993857473,247.330794471726,"Ozark-Ouachita Dry Oak Woodland","Hardwood",38,89,6,5,13,5,82,"I-A",97,69,0,0.380392,0.270588,0
59342,2141,12594.2797184959,1133.48517466463,"Ozark-Ouachita Shortleaf Pine-Oak Forest and Woodland","Conifer",347,92,5,5,1,5,94,"I-A",196,164,100,0.768627,0.643137,0.392157
59342,2153,9132.75979586691,821.948381628022,"Central Interior and Appalachian Floodplain Systems-Large Floodplains","Riparian",142,-9999,100,59,41,-9999,59,"III-A",48,237,56,0.188235,0.929412,0.219608
59342,2155,22.9999994859099,2.06999995373189,"Gulf and Atlantic Coastal Plain Floodplain Systems","Riparian",393,257,49,37,10,15,75,"III-A",102,119,205,0.4,0.466667,0.803922
59342,2160,4986.99988853186,448.829989967868,"Ozark-Ouachita Shortleaf Pine-Bluestem Woodland","Hardwood-Conifer",100,1223,2,2,2,1,97,"I-A",68,137,112,0.266667,0.537255,0.439216
59343,11,12.9999997094274,1.16999997384846,"Open Water","Open Water",-9999,-9999,-9999,-9999,-9999,-9999,-9999,"-9999",0,0,255,0,0,1
59343,2132,5103.59988592565,459.323989733309,"Ozark-Ouachita Dry-Mesic Oak Forest","Hardwood",188,66,15,11,6,17,77,"I-B",115,115,0,0.45098,0.45098,0
59343,2139,87.7199980393052,7.89479982353747,"Ozark-Ouachita Mesic Hardwood Forest","Hardwood",316,110,25,19,6,18,76,"I-C",0,135,74,0,0.529412,0.290196
59343,2140,2827.83993679285,254.505594311357,"Ozark-Ouachita Dry Oak Woodland","Hardwood",38,89,6,5,13,5,82,"I-A",97,69,0,0.380392,0.270588,0
59343,2141,9468.6397883594,852.177580952346,"Ozark-Ouachita Shortleaf Pine-Oak Forest and Woodland","Conifer",347,92,5,5,1,5,94,"I-A",196,164,100,0.768627,0.643137,0.392157
59343,2153,649.999985471368,58.4999986924231,"Central Interior and Appalachian Floodplain Systems-Large Floodplains","Riparian",142,-9999,100,59,41,-9999,59,"III-A",48,237,56,0.188235,0.929412,0.219608
59343,2155,24.9999994412065,2.24999994970858,"Gulf and Atlantic Coastal Plain Floodplain Systems","Riparian",393,257,49,37,10,15,75,"III-A",102,119,205,0.4,0.466667,0.803922
59343,2160,5114.19988568872,460.277989711985,"Ozark-Ouachita Shortleaf Pine-Bluestem Woodland","Hardwood-Conifer",100,1223,2,2,2,1,97,"I-A",68,137,112,0.266667,0.537255,0.439216
59344,11,47.9599989280105,4.31639990352094,"Open Water","Open Water",-9999,-9999,-9999,-9999,-9999,-9999,-9999,"-9999",0,0,255,0,0,1
59344,2132,14752.8796702474,1327.75917032227,"Ozark-Ouachita Dry-Mesic Oak Forest","Hardwood",188,66,15,11,6,17,77,"I-B",115,115,0,0.45098,0.45098,0
59344,2139,2414.83994602412,217.335595142171,"Ozark-Ouachita Mesic Hardwood Forest","Hardwood",316,110,25,19,6,18,76,"I-C",0,135,74,0,0.529412,0.290196
59344,2140,5850.07986924052,526.507188231647,"Ozark-Ouachita Dry Oak Woodland","Hardwood",38,89,6,5,13,5,82,"I-A",97,69,0,0.380392,0.270588,0
59344,2141,18430.4395880476,1658.73956292428,"Ozark-Ouachita Shortleaf Pine-Oak Forest and Woodland","Conifer",347,92,5,5,1,5,94,"I-A",196,164,100,0.768627,0.643137,0.392157
59344,2153,1193.67997331917,107.431197598726,"Central Interior and Appalachian Floodplain Systems-Large Floodplains","Riparian",142,-9999,100,59,41,-9999,59,"III-A",48,237,56,0.188235,0.929412,0.219608
59344,2160,9417.11978951097,847.540781055987,"Ozark-Ouachita Shortleaf Pine-Bluestem Woodland","Hardwood-Conifer",100,1223,2,2,2,1,97,"I-A",68,137,112,0.266667,0.537255,0.439216
59345,11,352.7599921152,31.748399290368,"Open Water","Open Water",-9999,-9999,-9999,-9999,-9999,-9999,-9999,"-9999",0,0,255,0,0,1
59345,2132,12743.07971517,1146.8771743653,"Ozark-Ouachita Dry-Mesic Oak Forest","Hardwood",188,66,15,11,6,17,77,"I-B",115,115,0,0.45098,0.45098,0
59345,2139,2517.07994373888,226.537194936499,"Ozark-Ouachita Mesic Hardwood Forest","Hardwood",316,110,25,19,6,18,76,"I-C",0,135,74,0,0.529412,0.290196
59345,2140,5035.27988745272,453.175189870745,"Ozark-Ouachita Dry Oak Woodland","Hardwood",38,89,6,5,13,5,82,"I-A",97,69,0,0.380392,0.270588,0
59345,2141,13546.2396972179,1219.16157274961,"Ozark-Ouachita Shortleaf Pine-Oak Forest and Woodland","Conifer",347,92,5,5,1,5,94,"I-A",196,164,100,0.768627,0.643137,0.392157
59345,2153,776.519982643425,69.8867984379083,"Central Interior and Appalachian Floodplain Systems-Large Floodplains","Riparian",142,-9999,100,59,41,-9999,59,"III-A",48,237,56,0.188235,0.929412,0.219608
59345,2160,8969.03979952633,807.21358195737,"Ozark-Ouachita Shortleaf Pine-Bluestem Woodland","Hardwood-Conifer",100,1223,2,2,2,1,97,"I-A",68,137,112,0.266667,0.537255,0.439216
59346,11,1.99999995529652,0.179999995976686,"Open Water","Open Water",-9999,-9999,-9999,-9999,-9999,-9999,-9999,"-9999",0,0,255,0,0,1
59346,2132,5933.07986738533,533.977188064679,"Ozark-Ouachita Dry-Mesic Oak Forest","Hardwood",188,66,15,11,6,17,77,"I-B",115,115,0,0.45098,0.45098,0
59346,2139,45.8399989753962,4.12559990778565,"Ozark-Ouachita Mesic Hardwood Forest","Hardwood",316,110,25,19,6,18,76,"I-C",0,135,74,0,0.529412,0.290196
59346,2140,3129.15993005782,281.624393705204,"Ozark-Ouachita Dry Oak Woodland","Hardwood",38,89,6,5,13,5,82,"I-A",97,69,0,0.380392,0.270588,0
59346,2141,13292.4397028908,1196.31957326017,"Ozark-Ouachita Shortleaf Pine-Oak Forest and Woodland","Conifer",347,92,5,5,1,5,94,"I-A",196,164,100,0.768627,0.643137,0.392157
59346,2153,744.999983347952,67.0499985013157,"Central Interior and Appalachian Floodplain Systems-Large Floodplains","Riparian",142,-9999,100,59,41,-9999,59,"III-A",48,237,56,0.188235,0.929412,0.219608
59346,2160,8161.47981757671,734.533183581904,"Ozark-Ouachita Shortleaf Pine-Bluestem Woodland","Hardwood-Conifer",100,1223,2,2,2,1,97,"I-A",68,137,112,0.266667,0.537255,0.439216
59347,11,18.1599995940924,1.63439996346831,"Open Water","Open Water",-9999,-9999,-9999,-9999,-9999,-9999,-9999,"-9999",0,0,255,0,0,1
59347,2132,5174.59988433868,465.713989590481,"Ozark-Ouachita Dry-Mesic Oak Forest","Hardwood",188,66,15,11,6,17,77,"I-B",115,115,0,0.45098,0.45098,0
59347,2139,1136.03997460753,102.243597714677,"Ozark-Ouachita Mesic Hardwood Forest","Hardwood",316,110,25,19,6,18,76,"I-C",0,135,74,0,0.529412,0.290196
59347,2140,1611.87996397167,145.069196757451,"Ozark-Ouachita Dry Oak Woodland","Hardwood",38,89,6,5,13,5,82,"I-A",97,69,0,0.380392,0.270588,0
59347,2141,3819.0399146378,343.713592317402,"Ozark-Ouachita Shortleaf Pine-Oak Forest and Woodland","Conifer",347,92,5,5,1,5,94,"I-A",196,164,100,0.768627,0.643137,0.392157
59347,2153,679.719984807074,61.1747986326367,"Central Interior and Appalachian Floodplain Systems-Large Floodplains","Riparian",142,-9999,100,59,41,-9999,59,"III-A",48,237,56,0.188235,0.929412,0.219608
59347,2160,3527.55992115289,317.48039290376,"Ozark-Ouachita Shortleaf Pine-Bluestem Woodland","Hardwood-Conifer",100,1223,2,2,2,1,97,"I-A",68,137,112,0.266667,0.537255,0.439216
59348,11,347.599992230535,31.2839993007481,"Open Water","Open Water",-9999,-9999,-9999,-9999,-9999,-9999,-9999,"-9999",0,0,255,0,0,1
59348,2132,22221.1595033184,1999.90435529865,"Ozark-Ouachita Dry-Mesic Oak Forest","Hardwood",188,66,15,11,6,17,77,"I-B",115,115,0,0.45098,0.45098,0
59348,2139,3429.19992335141,308.627993101627,"Ozark-Ouachita Mesic Hardwood Forest","Hardwood",316,110,25,19,6,18,76,"I-C",0,135,74,0,0.529412,0.290196
59348,2140,8556.79980874062,770.111982786655,"Ozark-Ouachita Dry Oak Woodland","Hardwood",38,89,6,5,13,5,82,"I-A",97,69,0,0.380392,0.270588,0
59348,2141,15023.9596641883,1352.15636977695,"Ozark-Ouachita Shortleaf Pine-Oak Forest and Woodland","Conifer",347,92,5,5,1,5,94,"I-A",196,164,100,0.768627,0.643137,0.392157
59348,2146,208.039995349944,18.7235995814949,"Arkansas Valley Prairie and Woodland-Prairie","Grassland",2,344,12,2,82,1,17,"II-A",255,120,187,1,0.470588,0.733333
59348,2147,189.359995767474,17.0423996190727,"Arkansas Valley Prairie and Woodland-Woodland","Grassland",96,14,2,2,3,14,83,"I-A",204,138,179,0.8,0.541176,0.701961
59348,2153,2214.31995050609,199.288795545548,"Central Interior and Appalachian Floodplain Systems-Large Floodplains","Riparian",142,-9999,100,59,41,-9999,59,"III-A",48,237,56,0.188235,0.929412,0.219608
59348,2160,14935.5596661642,1344.20036995478,"Ozark-Ouachita Shortleaf Pine-Bluestem Woodland","Hardwood-Conifer",100,1223,2,2,2,1,97,"I-A",68,137,112,0.266667,0.537255,0.439216
59349,11,4.99999988824129,0.449999989941716,"Open Water","Open Water",-9999,-9999,-9999,-9999,-9999,-9999,-9999,"-9999",0,0,255,0,0,1
59349,2132,19201.1195708215,1728.10076137394,"Ozark-Ouachita Dry-Mesic Oak Forest","Hardwood",188,66,15,11,6,17,77,"I-B",115,115,0,0.45098,0.45098,0
59349,2139,3650.27991840988,328.52519265689,"Ozark-Ouachita Mesic Hardwood Forest","Hardwood",316,110,25,19,6,18,76,"I-C",0,135,74,0,0.529412,0.290196
59349,2140,6664.7198510319,599.824786592871,"Ozark-Ouachita Dry Oak Woodland","Hardwood",38,89,6,5,13,5,82,"I-A",97,69,0,0.380392,0.270588,0
59349,2141,20394.8395441398,1835.53555897258,"Ozark-Ouachita Shortleaf Pine-Oak Forest and Woodland","Conifer",347,92,5,5,1,5,94,"I-A",196,164,100,0.768627,0.643137,0.392157
59349,2146,12.5599997192621,1.13039997473359,"Arkansas Valley Prairie and Woodland-Prairie","Grassland",2,344,12,2,82,1,17,"II-A",255,120,187,1,0.470588,0.733333
59349,2147,1.19999997317791,0.107999997586012,"Arkansas Valley Prairie and Woodland-Woodland","Grassland",96,14,2,2,3,14,83,"I-A",204,138,179,0.8,0.541176,0.701961
59349,2153,449.199989959598,40.4279990963638,"Central Interior and Appalachian Floodplain Systems-Large Floodplains","Riparian",142,-9999,100,59,41,-9999,59,"III-A",48,237,56,0.188235,0.929412,0.219608
59349,2158,3.99999991059303,0.359999991953373,"Central Interior and Appalachian Shrub-Herbaceous Wetland Systems","Riparian",17,-9999,-9999,17,100,-9999,-9999,"II-C",240,150,20,0.941176,0.588235,0.078431
59349,2160,13722.0796932876,1234.98717239588,"Ozark-Ouachita Shortleaf Pine-Bluestem Woodland","Hardwood-Conifer",100,1223,2,2,2,1,97,"I-A",68,137,112,0.266667,0.537255,0.439216
59350,11,5.99999986588955,0.539999987930059,"Open Water","Open Water",-9999,-9999,-9999,-9999,-9999,-9999,-9999,"-9999",0,0,255,0,0,1
59350,2132,11092.6797520593,998.341177685335,"Ozark-Ouachita Dry-Mesic Oak Forest","Hardwood",188,66,15,11,6,17,77,"I-B",115,115,0,0.45098,0.45098,0
59350,2139,2317.31994820386,208.558795338348,"Ozark-Ouachita Mesic Hardwood Forest","Hardwood",316,110,25,19,6,18,76,"I-C",0,135,74,0,0.529412,0.290196
59350,2140,4444.03990066797,399.963591060117,"Ozark-Ouachita Dry Oak Woodland","Hardwood",38,89,6,5,13,5,82,"I-A",97,69,0,0.380392,0.270588,0
59350,2141,8087.75981922448,727.898383730203,"Ozark-Ouachita Shortleaf Pine-Oak Forest and Woodland","Conifer",347,92,5,5,1,5,94,"I-A",196,164,100,0.768627,0.643137,0.392157
59350,2146,203.079995460808,18.2771995914727,"Arkansas Valley Prairie and Woodland-Prairie","Grassland",2,344,12,2,82,1,17,"II-A",255,120,187,1,0.470588,0.733333
59350,2147,428.879990413785,38.5991991372406,"Arkansas Valley Prairie and Woodland-Woodland","Grassland",96,14,2,2,3,14,83,"I-A",204,138,179,0.8,0.541176,0.701961
59350,2153,268.759993992746,24.1883994593471,"Central Interior and Appalachian Floodplain Systems-Large Floodplains","Riparian",142,-9999,100,59,41,-9999,59,"III-A",48,237,56,0.188235,0.929412,0.219608
59350,2158,7.59999983012676,0.683999984711409,"Central Interior and Appalachian Shrub-Herbaceous Wetland Systems","Riparian",17,-9999,-9999,17,100,-9999,-9999,"II-C",240,150,20,0.941176,0.588235,0.078431
59350,2160,8023.87982065231,722.149183858708,"Ozark-Ouachita Shortleaf Pine-Bluestem Woodland","Hardwood-Conifer",100,1223,2,2,2,1,97,"I-A",68,137,112,0.266667,0.537255,0.439216
59351,11,834.799981340766,75.1319983206689,"Open Water","Open Water",-9999,-9999,-9999,-9999,-9999,-9999,-9999,"-9999",0,0,255,0,0,1
59351,2132,4372.83990225941,393.555591203347,"Ozark-Ouachita Dry-Mesic Oak Forest","Hardwood",188,66,15,11,6,17,77,"I-B",115,115,0,0.45098,0.45098,0
59351,2139,122.199997268617,10.9979997541755,"Ozark-Ouachita Mesic Hardwood Forest","Hardwood",316,110,25,19,6,18,76,"I-C",0,135,74,0,0.529412,0.290196
59351,2140,5217.95988336951,469.616389503256,"Ozark-Ouachita Dry Oak Woodland","Hardwood",38,89,6,5,13,5,82,"I-A",97,69,0,0.380392,0.270588,0
59351,2141,754.239983141422,67.881598482728,"Ozark-Ouachita Shortleaf Pine-Oak Forest and Woodland","Conifer",347,92,5,5,1,5,94,"I-A",196,164,100,0.768627,0.643137,0.392157
59351,2146,6388.1598572135,574.934387149215,"Arkansas Valley Prairie and Woodland-Prairie","Grassland",2,344,12,2,82,1,17,"II-A",255,120,187,1,0.470588,0.733333
59351,2147,7172.5998396799,645.533985571191,"Arkansas Valley Prairie and Woodland-Woodland","Grassland",96,14,2,2,3,14,83,"I-A",204,138,179,0.8,0.541176,0.701961
59351,2153,17104.439617686,1539.39956559174,"Central Interior and Appalachian Floodplain Systems-Large Floodplains","Riparian",142,-9999,100,59,41,-9999,59,"III-A",48,237,56,0.188235,0.929412,0.219608
59351,2158,77.3999982699752,6.96599984429777,"Central Interior and Appalachian Shrub-Herbaceous Wetland Systems","Riparian",17,-9999,-9999,17,100,-9999,-9999,"II-C",240,150,20,0.941176,0.588235,0.078431
59351,2160,4920.35989002138,442.832390101925,"Ozark-Ouachita Shortleaf Pine-Bluestem Woodland","Hardwood-Conifer",100,1223,2,2,2,1,97,"I-A",68,137,112,0.266667,0.537255,0.439216
59352,11,493.759988963604,44.4383990067244,"Open Water","Open Water",-9999,-9999,-9999,-9999,-9999,-9999,-9999,"-9999",0,0,255,0,0,1
59352,2132,3772.27991568297,339.505192411467,"Ozark-Ouachita Dry-Mesic Oak Forest","Hardwood",188,66,15,11,6,17,77,"I-B",115,115,0,0.45098,0.45098,0
59352,2139,245.91999450326,22.1327995052934,"Ozark-Ouachita Mesic Hardwood Forest","Hardwood",316,110,25,19,6,18,76,"I-C",0,135,74,0,0.529412,0.290196
59352,2140,5081.95988640934,457.376389776841,"Ozark-Ouachita Dry Oak Woodland","Hardwood",38,89,6,5,13,5,82,"I-A",97,69,0,0.380392,0.270588,0
59352,2141,2981.03993336856,268.293594003171,"Ozark-Ouachita Shortleaf Pine-Oak Forest and Woodland","Conifer",347,92,5,5,1,5,94,"I-A",196,164,100,0.768627,0.643137,0.392157
59352,2153,6803.23984793574,612.291586314216,"Central Interior and Appalachian Floodplain Systems-Large Floodplains","Riparian",142,-9999,100,59,41,-9999,59,"III-A",48,237,56,0.188235,0.929412,0.219608
59352,2158,20.9999995306134,1.88999995775521,"Central Interior and Appalachian Shrub-Herbaceous Wetland Systems","Riparian",17,-9999,-9999,17,100,-9999,-9999,"II-C",240,150,20,0.941176,0.588235,0.078431
59352,2160,5551.7998759076,499.661988831684,"Ozark-Ouachita Shortleaf Pine-Bluestem Woodland","Hardwood-Conifer",100,1223,2,2,2,1,97,"I-A",68,137,112,0.266667,0.537255,0.439216
59353,11,813.799981810153,73.2419983629137,"Open Water","Open Water",-9999,-9999,-9999,-9999,-9999,-9999,-9999,"-9999",0,0,255,0,0,1
59353,2132,4578.55989766121,412.070390789509,"Ozark-Ouachita Dry-Mesic Oak Forest","Hardwood",188,66,15,11,6,17,77,"I-B",115,115,0,0.45098,0.45098,0
59353,2139,5.99999986588955,0.539999987930059,"Ozark-Ouachita Mesic Hardwood Forest","Hardwood",316,110,25,19,6,18,76,"I-C",0,135,74,0,0.529412,0.290196
59353,2140,6746.51984920353,607.186786428317,"Ozark-Ouachita Dry Oak Woodland","Hardwood",38,89,6,5,13,5,82,"I-A",97,69,0,0.380392,0.270588,0
59353,2141,911.679979622364,82.0511981660128,"Ozark-Ouachita Shortleaf Pine-Oak Forest and Woodland","Conifer",347,92,5,5,1,5,94,"I-A",196,164,100,0.768627,0.643137,0.392157
59353,2146,10.9999997541308,0.989999977871776,"Arkansas Valley Prairie and Woodland-Prairie","Grassland",2,344,12,2,82,1,17,"II-A",255,120,187,1,0.470588,0.733333
59353,2147,36.4399991855025,3.27959992669523,"Arkansas Valley Prairie and Woodland-Woodland","Grassland",96,14,2,2,3,14,83,"I-A",204,138,179,0.8,0.541176,0.701961
59353,2153,13931.9596885964,1253.87637197368,"Central Interior and Appalachian Floodplain Systems-Large Floodplains","Riparian",142,-9999,100,59,41,-9999,59,"III-A",48,237,56,0.188235,0.929412,0.219608
59353,2158,9.99999977648258,0.899999979883432,"Central Interior and Appalachian Shrub-Herbaceous Wetland Systems","Riparian",17,-9999,-9999,17,100,-9999,-9999,"II-C",240,150,20,0.941176,0.588235,0.078431
59353,2160,5899.03986814618,530.913588133156,"Ozark-Ouachita Shortleaf Pine-Bluestem Woodland","Hardwood-Conifer",100,1223,2,2,2,1,97,"I-A",68,137,112,0.266667,0.537255,0.439216
59354,11,383.31999143213,34.4987992288917,"Open Water","Open Water",-9999,-9999,-9999,-9999,-9999,-9999,-9999,"-9999",0,0,255,0,0,1
59354,2132,27175.8793925717,2445.82914533146,"Ozark-Ouachita Dry-Mesic Oak Forest","Hardwood",188,66,15,11,6,17,77,"I-B",115,115,0,0.45098,0.45098,0
59354,2139,4538.6798985526,408.481190869734,"Ozark-Ouachita Mesic Hardwood Forest","Hardwood",316,110,25,19,6,18,76,"I-C",0,135,74,0,0.529412,0.290196
59354,2140,11391.1997453868,1025.20797708482,"Ozark-Ouachita Dry Oak Woodland","Hardwood",38,89,6,5,13,5,82,"I-A",97,69,0,0.380392,0.270588,0
59354,2141,26742.1594022661,2406.79434620395,"Ozark-Ouachita Shortleaf Pine-Oak Forest and Woodland","Conifer",347,92,5,5,1,5,94,"I-A",196,164,100,0.768627,0.643137,0.392157
59354,2153,803.319982044399,72.2987983839959,"Central Interior and Appalachian Floodplain Systems-Large Floodplains","Riparian",142,-9999,100,59,41,-9999,59,"III-A",48,237,56,0.188235,0.929412,0.219608
59354,2158,12.9999997094274,1.16999997384846,"Central Interior and Appalachian Shrub-Herbaceous Wetland Systems","Riparian",17,-9999,-9999,17,100,-9999,-9999,"II-C",240,150,20,0.941176,0.588235,0.078431
59354,2160,22711.4394923598,2044.02955431238,"Ozark-Ouachita Shortleaf Pine-Bluestem Woodland","Hardwood-Conifer",100,1223,2,2,2,1,97,"I-A",68,137,112,0.266667,0.537255,0.439216
59355,2132,2857.31993613392,257.158794252053,"Ozark-Ouachita Dry-Mesic Oak Forest","Hardwood",188,66,15,11,6,17,77,"I-B",115,115,0,0.45098,0.45098,0
59355,2139,456.719989791512,41.1047990812361,"Ozark-Ouachita Mesic Hardwood Forest","Hardwood",316,110,25,19,6,18,76,"I-C",0,135,74,0,0.529412,0.290196
59355,2140,2669.43994033337,240.249594630003,"Ozark-Ouachita Dry Oak Woodland","Hardwood",38,89,6,5,13,5,82,"I-A",97,69,0,0.380392,0.270588,0
59355,2141,6196.87986148894,557.719187534005,"Ozark-Ouachita Shortleaf Pine-Oak Forest and Woodland","Conifer",347,92,5,5,1,5,94,"I-A",196,164,100,0.768627,0.643137,0.392157
59355,2153,194.079995661974,17.4671996095777,"Central Interior and Appalachian Floodplain Systems-Large Floodplains","Riparian",142,-9999,100,59,41,-9999,59,"III-A",48,237,56,0.188235,0.929412,0.219608
59355,2158,2.99999993294477,0.26999999396503,"Central Interior and Appalachian Shrub-Herbaceous Wetland Systems","Riparian",17,-9999,-9999,17,100,-9999,-9999,"II-C",240,150,20,0.941176,0.588235,0.078431
59355,2160,2441.55994542688,219.740395088419,"Ozark-Ouachita Shortleaf Pine-Bluestem Woodland","Hardwood-Conifer",100,1223,2,2,2,1,97,"I-A",68,137,112,0.266667,0.537255,0.439216
59356,11,18.4399995878339,1.65959996290505,"Open Water","Open Water",-9999,-9999,-9999,-9999,-9999,-9999,-9999,"-9999",0,0,255,0,0,1
59356,2132,7450.27983347327,670.525185012594,"Ozark-Ouachita Dry-Mesic Oak Forest","Hardwood",188,66,15,11,6,17,77,"I-B",115,115,0,0.45098,0.45098,0
59356,2139,839.959981225431,75.5963983102888,"Ozark-Ouachita Mesic Hardwood Forest","Hardwood",316,110,25,19,6,18,76,"I-C",0,135,74,0,0.529412,0.290196
59356,2140,3211.99992820621,289.079993538558,"Ozark-Ouachita Dry Oak Woodland","Hardwood",38,89,6,5,13,5,82,"I-A",97,69,0,0.380392,0.270588,0
59356,2141,5172.27988439053,465.505189595148,"Ozark-Ouachita Shortleaf Pine-Oak Forest and Woodland","Conifer",347,92,5,5,1,5,94,"I-A",196,164,100,0.768627,0.643137,0.392157
59356,2153,693.879984490573,62.4491986041516,"Central Interior and Appalachian Floodplain Systems-Large Floodplains","Riparian",142,-9999,100,59,41,-9999,59,"III-A",48,237,56,0.188235,0.929412,0.219608
59356,2158,19.9999995529652,1.79999995976686,"Central Interior and Appalachian Shrub-Herbaceous Wetland Systems","Riparian",17,-9999,-9999,17,100,-9999,-9999,"II-C",240,150,20,0.941176,0.588235,0.078431
59356,2160,11697.1597385481,1052.74437646933,"Ozark-Ouachita Shortleaf Pine-Bluestem Woodland","Hardwood-Conifer",100,1223,2,2,2,1,97,"I-A",68,137,112,0.266667,0.537255,0.439216
59357,11,15.9999996423721,1.43999996781349,"Open Water","Open Water",-9999,-9999,-9999,-9999,-9999,-9999,-9999,"-9999",0,0,255,0,0,1
59357,2132,6179.31986188143,556.138787569329,"Ozark-Ouachita Dry-Mesic Oak Forest","Hardwood",188,66,15,11,6,17,77,"I-B",115,115,0,0.45098,0.45098,0
59357,2139,867.319980613887,78.0587982552499,"Ozark-Ouachita Mesic Hardwood Forest","Hardwood",316,110,25,19,6,18,76,"I-C",0,135,74,0,0.529412,0.290196
59357,2140,3543.39992079884,318.905992871895,"Ozark-Ouachita Dry Oak Woodland","Hardwood",38,89,6,5,13,5,82,"I-A",97,69,0,0.380392,0.270588,0
59357,2141,7837.43982481956,705.369584233761,"Ozark-Ouachita Shortleaf Pine-Oak Forest and Woodland","Conifer",347,92,5,5,1,5,94,"I-A",196,164,100,0.768627,0.643137,0.392157
59357,2153,1655.1999630034,148.967996670306,"Central Interior and Appalachian Floodplain Systems-Large Floodplains","Riparian",142,-9999,100,59,41,-9999,59,"III-A",48,237,56,0.188235,0.929412,0.219608
59357,2158,26.999999396503,2.42999994568527,"Central Interior and Appalachian Shrub-Herbaceous Wetland Systems","Riparian",17,-9999,-9999,17,100,-9999,-9999,"II-C",240,150,20,0.941176,0.588235,0.078431
59357,2160,5341.31988061219,480.718789255098,"Ozark-Ouachita Shortleaf Pine-Bluestem Woodland","Hardwood-Conifer",100,1223,2,2,2,1,97,"I-A",68,137,112,0.266667,0.537255,0.439216
59358,2132,24976.6794417277,2247.90114975549,"Ozark-Ouachita Dry-Mesic Oak Forest","Hardwood",188,66,15,11,6,17,77,"I-B",115,115,0,0.45098,0.45098,0
59358,2139,4941.87988954037,444.769190058634,"Ozark-Ouachita Mesic Hardwood Forest","Hardwood",316,110,25,19,6,18,76,"I-C",0,135,74,0,0.529412,0.290196
59358,2140,13997.1996871382,1259.74797184244,"Ozark-Ouachita Dry Oak Woodland","Hardwood",38,89,6,5,13,5,82,"I-A",97,69,0,0.380392,0.270588,0
59358,2141,24423.5594540909,2198.12035086818,"Ozark-Ouachita Shortleaf Pine-Oak Forest and Woodland","Conifer",347,92,5,5,1,5,94,"I-A",196,164,100,0.768627,0.643137,0.392157
59358,2153,1489.3199667111,134.038797003999,"Central Interior and Appalachian Floodplain Systems-Large Floodplains","Riparian",142,-9999,100,59,41,-9999,59,"III-A",48,237,56,0.188235,0.929412,0.219608
59358,2158,21.6399995163083,1.94759995646775,"Central Interior and Appalachian Shrub-Herbaceous Wetland Systems","Riparian",17,-9999,-9999,17,100,-9999,-9999,"II-C",240,150,20,0.941176,0.588235,0.078431
59358,2160,26798.7194010019,2411.88474609017,"Ozark-Ouachita Shortleaf Pine-Bluestem Woodland","Hardwood-Conifer",100,1223,2,2,2,1,97,"I-A",68,137,112,0.266667,0.537255,0.439216
59411,11,279.999993741512,25.1999994367361,"Open Water","Open Water",-9999,-9999,-9999,-9999,-9999,-9999,-9999,"-9999",0,0,255,0,0,1
59411,2132,4082.0799087584,367.387191788256,"Ozark-Ouachita Dry-Mesic Oak Forest","Hardwood",188,66,15,11,6,17,77,"I-B",115,115,0,0.45098,0.45098,0
59411,2139,181.4399959445,16.329599635005,"Ozark-Ouachita Mesic Hardwood Forest","Hardwood",316,110,25,19,6,18,76,"I-C",0,135,74,0,0.529412,0.290196
59411,2140,1997.99995534122,179.81999598071,"Ozark-Ouachita Dry Oak Woodland","Hardwood",38,89,6,5,13,5,82,"I-A",97,69,0,0.380392,0.270588,0
59411,2141,9146.23979556561,823.161581600904,"Ozark-Ouachita Shortleaf Pine-Oak Forest and Woodland","Conifer",347,92,5,5,1,5,94,"I-A",196,164,100,0.768627,0.643137,0.392157
59411,2153,2844.87993641198,256.039194277078,"Central Interior and Appalachian Floodplain Systems-Large Floodplains","Riparian",142,-9999,100,59,41,-9999,59,"III-A",48,237,56,0.188235,0.929412,0.219608
59411,2160,5485.35987739265,493.682388965338,"Ozark-Ouachita Shortleaf Pine-Bluestem Woodland","Hardwood-Conifer",100,1223,2,2,2,1,97,"I-A",68,137,112,0.266667,0.537255,0.439216
59412,11,3233.5599277243,291.020393495187,"Open Water","Open Water",-9999,-9999,-9999,-9999,-9999,-9999,-9999,"-9999",0,0,255,0,0,1
59412,2132,21047.5595295504,1894.28035765953,"Ozark-Ouachita Dry-Mesic Oak Forest","Hardwood",188,66,15,11,6,17,77,"I-B",115,115,0,0.45098,0.45098,0
59412,2139,4009.79991037399,360.881991933659,"Ozark-Ouachita Mesic Hardwood Forest","Hardwood",316,110,25,19,6,18,76,"I-C",0,135,74,0,0.529412,0.290196
59412,2140,8172.67981732637,735.541183559373,"Ozark-Ouachita Dry Oak Woodland","Hardwood",38,89,6,5,13,5,82,"I-A",97,69,0,0.380392,0.270588,0
59412,2141,16588.7596292123,1492.98836662911,"Ozark-Ouachita Shortleaf Pine-Oak Forest and Woodland","Conifer",347,92,5,5,1,5,94,"I-A",196,164,100,0.768627,0.643137,0.392157
59412,2153,878.439980365336,79.0595982328802,"Central Interior and Appalachian Floodplain Systems-Large Floodplains","Riparian",142,-9999,100,59,41,-9999,59,"III-A",48,237,56,0.188235,0.929412,0.219608
59412,2160,16380.199633874,1474.21796704866,"Ozark-Ouachita Shortleaf Pine-Bluestem Woodland","Hardwood-Conifer",100,1223,2,2,2,1,97,"I-A",68,137,112,0.266667,0.537255,0.439216
59413,2132,5199.87988377362,467.989189539626,"Ozark-Ouachita Dry-Mesic Oak Forest","Hardwood",188,66,15,11,6,17,77,"I-B",115,115,0,0.45098,0.45098,0
59413,2139,1152.87997423112,103.759197680801,"Ozark-Ouachita Mesic Hardwood Forest","Hardwood",316,110,25,19,6,18,76,"I-C",0,135,74,0,0.529412,0.290196
59413,2140,2526.91994351894,227.422794916704,"Ozark-Ouachita Dry Oak Woodland","Hardwood",38,89,6,5,13,5,82,"I-A",97,69,0,0.380392,0.270588,0
59413,2141,7631.19982942939,686.807984648645,"Ozark-Ouachita Shortleaf Pine-Oak Forest and Woodland","Conifer",347,92,5,5,1,5,94,"I-A",196,164,100,0.768627,0.643137,0.392157
59413,2153,91.5599979534745,8.24039981581271,"Central Interior and Appalachian Floodplain Systems-Large Floodplains","Riparian",142,-9999,100,59,41,-9999,59,"III-A",48,237,56,0.188235,0.929412,0.219608
59413,2160,5312.55988125503,478.130389312953,"Ozark-Ouachita Shortleaf Pine-Bluestem Woodland","Hardwood-Conifer",100,1223,2,2,2,1,97,"I-A",68,137,112,0.266667,0.537255,0.439216
59414,11,1152.7199742347,103.744797681123,"Open Water","Open Water",-9999,-9999,-9999,-9999,-9999,-9999,-9999,"-9999",0,0,255,0,0,1
59414,2132,32688.639269352,2941.97753424168,"Ozark-Ouachita Dry-Mesic Oak Forest","Hardwood",188,66,15,11,6,17,77,"I-B",115,115,0,0.45098,0.45098,0
59414,2139,5287.15988182276,475.844389364049,"Ozark-Ouachita Mesic Hardwood Forest","Hardwood",316,110,25,19,6,18,76,"I-C",0,135,74,0,0.529412,0.290196
59414,2140,13529.3196975961,1217.63877278365,"Ozark-Ouachita Dry Oak Woodland","Hardwood",38,89,6,5,13,5,82,"I-A",97,69,0,0.380392,0.270588,0
59414,2141,29149.6393484548,2623.46754136093,"Ozark-Ouachita Shortleaf Pine-Oak Forest and Woodland","Conifer",347,92,5,5,1,5,94,"I-A",196,164,100,0.768627,0.643137,0.392157
59414,2153,426.799990460277,38.4119991414249,"Central Interior and Appalachian Floodplain Systems-Large Floodplains","Riparian",142,-9999,100,59,41,-9999,59,"III-A",48,237,56,0.188235,0.929412,0.219608
59414,2160,27708.7193806618,2493.78474425957,"Ozark-Ouachita Shortleaf Pine-Bluestem Woodland","Hardwood-Conifer",100,1223,2,2,2,1,97,"I-A",68,137,112,0.266667,0.537255,0.439216
59415,11,516.359988458455,46.4723989612609,"Open Water","Open Water",-9999,-9999,-9999,-9999,-9999,-9999,-9999,"-9999",0,0,255,0,0,1
59415,2132,20809.4795348719,1872.85315813847,"Ozark-Ouachita Dry-Mesic Oak Forest","Hardwood",188,66,15,11,6,17,77,"I-B",115,115,0,0.45098,0.45098,0
59415,2139,3423.51992347836,308.116793113053,"Ozark-Ouachita Mesic Hardwood Forest","Hardwood",316,110,25,19,6,18,76,"I-C",0,135,74,0,0.529412,0.290196
59415,2140,5967.75986661017,537.098387994915,"Ozark-Ouachita Dry Oak Woodland","Hardwood",38,89,6,5,13,5,82,"I-A",97,69,0,0.380392,0.270588,0
59415,2141,17481.0796092674,1573.29716483407,"Ozark-Ouachita Shortleaf Pine-Oak Forest and Woodland","Conifer",347,92,5,5,1,5,94,"I-A",196,164,100,0.768627,0.643137,0.392157
59415,2153,367.039991796017,33.0335992616415,"Central Interior and Appalachian Floodplain Systems-Large Floodplains","Riparian",142,-9999,100,59,41,-9999,59,"III-A",48,237,56,0.188235,0.929412,0.219608
59415,2160,14023.7596865445,1262.13837178901,"Ozark-Ouachita Shortleaf Pine-Bluestem Woodland","Hardwood-Conifer",100,1223,2,2,2,1,97,"I-A",68,137,112,0.266667,0.537255,0.439216
59416,11,656.879985317588,59.1191986785829,"Open Water","Open Water",-9999,-9999,-9999,-9999,-9999,-9999,-9999,"-9999",0,0,255,0,0,1
59416,2132,16071.0396407843,1446.39356767058,"Ozark-Ouachita Dry-Mesic Oak Forest","Hardwood",188,66,15,11,6,17,77,"I-B",115,115,0,0.45098,0.45098,0
59416,2139,3609.55991932005,324.860392738804,"Ozark-Ouachita Mesic Hardwood Forest","Hardwood",316,110,25,19,6,18,76,"I-C",0,135,74,0,0.529412,0.290196
59416,2140,3452.43992283195,310.719593054876,"Ozark-Ouachita Dry Oak Woodland","Hardwood",38,89,6,5,13,5,82,"I-A",97,69,0,0.380392,0.270588,0
59416,2141,15370.3996564448,1383.33596908003,"Ozark-Ouachita Shortleaf Pine-Oak Forest and Woodland","Conifer",347,92,5,5,1,5,94,"I-A",196,164,100,0.768627,0.643137,0.392157
59416,2153,1163.03997400403,104.673597660363,"Central Interior and Appalachian Floodplain Systems-Large Floodplains","Riparian",142,-9999,100,59,41,-9999,59,"III-A",48,237,56,0.188235,0.929412,0.219608
59416,2160,12099.639729552,1088.96757565968,"Ozark-Ouachita Shortleaf Pine-Bluestem Woodland","Hardwood-Conifer",100,1223,2,2,2,1,97,"I-A",68,137,112,0.266667,0.537255,0.439216
59417,11,458.839989744127,41.2955990769714,"Open Water","Open Water",-9999,-9999,-9999,-9999,-9999,-9999,-9999,"-9999",0,0,255,0,0,1
59417,2132,2058.43995399028,185.259595859125,"Ozark-Ouachita Dry-Mesic Oak Forest","Hardwood",188,66,15,11,6,17,77,"I-B",115,115,0,0.45098,0.45098,0
59417,2139,185.239995859563,16.6715996273607,"Ozark-Ouachita Mesic Hardwood Forest","Hardwood",316,110,25,19,6,18,76,"I-C",0,135,74,0,0.529412,0.290196
59417,2140,810.279981888831,72.9251983699948,"Ozark-Ouachita Dry Oak Woodland","Hardwood",38,89,6,5,13,5,82,"I-A",97,69,0,0.380392,0.270588,0
59417,2141,5275.79988207668,474.821989386901,"Ozark-Ouachita Shortleaf Pine-Oak Forest and Woodland","Conifer",347,92,5,5,1,5,94,"I-A",196,164,100,0.768627,0.643137,0.392157
59417,2153,4936.03988967091,444.243590070382,"Central Interior and Appalachian Floodplain Systems-Large Floodplains","Riparian",142,-9999,100,59,41,-9999,59,"III-A",48,237,56,0.188235,0.929412,0.219608
59417,2160,3886.35991313308,349.772392181978,"Ozark-Ouachita Shortleaf Pine-Bluestem Woodland","Hardwood-Conifer",100,1223,2,2,2,1,97,"I-A",68,137,112,0.266667,0.537255,0.439216
59418,11,87.7999980375171,7.90199982337654,"Open Water","Open Water",-9999,-9999,-9999,-9999,-9999,-9999,-9999,"-9999",0,0,255,0,0,1
59418,2132,6660.87985111773,599.479186600596,"Ozark-Ouachita Dry-Mesic Oak Forest","Hardwood",188,66,15,11,6,17,77,"I-B",115,115,0,0.45098,0.45098,0
59418,2139,1691.35996219516,152.222396597564,"Ozark-Ouachita Mesic Hardwood Forest","Hardwood",316,110,25,19,6,18,76,"I-C",0,135,74,0,0.529412,0.290196
59418,2140,2795.55993751436,251.600394376293,"Ozark-Ouachita Dry Oak Woodland","Hardwood",38,89,6,5,13,5,82,"I-A",97,69,0,0.380392,0.270588,0
59418,2141,14541.3996749744,1308.72597074769,"Ozark-Ouachita Shortleaf Pine-Oak Forest and Woodland","Conifer",347,92,5,5,1,5,94,"I-A",196,164,100,0.768627,0.643137,0.392157
59418,2153,2510.51994388551,225.946794949695,"Central Interior and Appalachian Floodplain Systems-Large Floodplains","Riparian",142,-9999,100,59,41,-9999,59,"III-A",48,237,56,0.188235,0.929412,0.219608
59418,2160,7037.47984270006,633.373185843006,"Ozark-Ouachita Shortleaf Pine-Bluestem Woodland","Hardwood-Conifer",100,1223,2,2,2,1,97,"I-A",68,137,112,0.266667,0.537255,0.439216
59419,11,18.0399995967746,1.62359996370971,"Open Water","Open Water",-9999,-9999,-9999,-9999,-9999,-9999,-9999,"-9999",0,0,255,0,0,1
59419,2132,3141.71992977709,282.754793679938,"Ozark-Ouachita Dry-Mesic Oak Forest","Hardwood",188,66,15,11,6,17,77,"I-B",115,115,0,0.45098,0.45098,0
59419,2139,516.439988456666,46.4795989611,"Ozark-Ouachita Mesic Hardwood Forest","Hardwood",316,110,25,19,6,18,76,"I-C",0,135,74,0,0.529412,0.290196
59419,2140,1216.75997280329,109.508397552297,"Ozark-Ouachita Dry Oak Woodland","Hardwood",38,89,6,5,13,5,82,"I-A",97,69,0,0.380392,0.270588,0
59419,2141,4730.87989425659,425.779190483093,"Ozark-Ouachita Shortleaf Pine-Oak Forest and Woodland","Conifer",347,92,5,5,1,5,94,"I-A",196,164,100,0.768627,0.643137,0.392157
59419,2153,471.079989470541,42.3971990523487,"Central Interior and Appalachian Floodplain Systems-Large Floodplains","Riparian",142,-9999,100,59,41,-9999,59,"III-A",48,237,56,0.188235,0.929412,0.219608
59419,2155,14.9999996647239,1.34999996982515,"Gulf and Atlantic Coastal Plain Floodplain Systems","Riparian",393,257,49,37,10,15,75,"III-A",102,119,205,0.4,0.466667,0.803922
59419,2160,3107.07993055135,279.637193749622,"Ozark-Ouachita Shortleaf Pine-Bluestem Woodland","Hardwood-Conifer",100,1223,2,2,2,1,97,"I-A",68,137,112,0.266667,0.537255,0.439216
59420,11,54.9199987724423,4.94279988951981,"Open Water","Open Water",-9999,-9999,-9999,-9999,-9999,-9999,-9999,"-9999",0,0,255,0,0,1
59420,2132,24298.3194568902,2186.84875112012,"Ozark-Ouachita Dry-Mesic Oak Forest","Hardwood",188,66,15,11,6,17,77,"I-B",115,115,0,0.45098,0.45098,0
59420,2139,4681.83989535272,421.365590581745,"Ozark-Ouachita Mesic Hardwood Forest","Hardwood",316,110,25,19,6,18,76,"I-C",0,135,74,0,0.529412,0.290196
59420,2140,5257.75988247991,473.198389423192,"Ozark-Ouachita Dry Oak Woodland","Hardwood",38,89,6,5,13,5,82,"I-A",97,69,0,0.380392,0.270588,0
59420,2141,17405.6396109536,1566.50756498583,"Ozark-Ouachita Shortleaf Pine-Oak Forest and Woodland","Conifer",347,92,5,5,1,5,94,"I-A",196,164,100,0.768627,0.643137,0.392157
59420,2153,195.599995627999,17.6039996065199,"Central Interior and Appalachian Floodplain Systems-Large Floodplains","Riparian",142,-9999,100,59,41,-9999,59,"III-A",48,237,56,0.188235,0.929412,0.219608
59420,2160,17797.9196021855,1601.81276419669,"Ozark-Ouachita Shortleaf Pine-Bluestem Woodland","Hardwood-Conifer",100,1223,2,2,2,1,97,"I-A",68,137,112,0.266667,0.537255,0.439216
59421,11,834.319981351495,75.0887983216345,"Open Water","Open Water",-9999,-9999,-9999,-9999,-9999,-9999,-9999,"-9999",0,0,255,0,0,1
59421,2132,4200.51990611106,378.046791549996,"Ozark-Ouachita Dry-Mesic Oak Forest","Hardwood",188,66,15,11,6,17,77,"I-B",115,115,0,0.45098,0.45098,0
59421,2139,246.839994482696,22.2155995034426,"Ozark-Ouachita Mesic Hardwood Forest","Hardwood",316,110,25,19,6,18,76,"I-C",0,135,74,0,0.529412,0.290196
59421,2140,1953.59995633364,175.823996070027,"Ozark-Ouachita Dry Oak Woodland","Hardwood",38,89,6,5,13,5,82,"I-A",97,69,0,0.380392,0.270588,0
59421,2141,24574.7994507104,2211.73195056394,"Ozark-Ouachita Shortleaf Pine-Oak Forest and Woodland","Conifer",347,92,5,5,1,5,94,"I-A",196,164,100,0.768627,0.643137,0.392157
59421,2153,32300.3192780316,2907.02873502284,"Central Interior and Appalachian Floodplain Systems-Large Floodplains","Riparian",142,-9999,100,59,41,-9999,59,"III-A",48,237,56,0.188235,0.929412,0.219608
59421,2160,7679.59982834756,691.163984551281,"Ozark-Ouachita Shortleaf Pine-Bluestem Woodland","Hardwood-Conifer",100,1223,2,2,2,1,97,"I-A",68,137,112,0.266667,0.537255,0.439216
59422,11,105.919997632504,9.53279978692532,"Open Water","Open Water",-9999,-9999,-9999,-9999,-9999,-9999,-9999,"-9999",0,0,255,0,0,1
59422,2132,25734.5994247869,2316.11394823082,"Ozark-Ouachita Dry-Mesic Oak Forest","Hardwood",188,66,15,11,6,17,77,"I-B",115,115,0,0.45098,0.45098,0
59422,2139,5361.51988016069,482.536789214462,"Ozark-Ouachita Mesic Hardwood Forest","Hardwood",316,110,25,19,6,18,76,"I-C",0,135,74,0,0.529412,0.290196
59422,2140,6785.39984833449,610.685986350104,"Ozark-Ouachita Dry Oak Woodland","Hardwood",38,89,6,5,13,5,82,"I-A",97,69,0,0.380392,0.270588,0
59422,2141,18108.8395952359,1629.79556357123,"Ozark-Ouachita Shortleaf Pine-Oak Forest and Woodland","Conifer",347,92,5,5,1,5,94,"I-A",196,164,100,0.768627,0.643137,0.392157
59422,2153,666.679985098541,60.0011986588687,"Central Interior and Appalachian Floodplain Systems-Large Floodplains","Riparian",142,-9999,100,59,41,-9999,59,"III-A",48,237,56,0.188235,0.929412,0.219608
59422,2160,20776.0395356193,1869.84355820574,"Ozark-Ouachita Shortleaf Pine-Bluestem Woodland","Hardwood-Conifer",100,1223,2,2,2,1,97,"I-A",68,137,112,0.266667,0.537255,0.439216
59423,11,574.799987152219,51.7319988436997,"Open Water","Open Water",-9999,-9999,-9999,-9999,-9999,-9999,-9999,"-9999",0,0,255,0,0,1
59423,2132,1863.91995833814,167.752796250433,"Ozark-Ouachita Dry-Mesic Oak Forest","Hardwood",188,66,15,11,6,17,77,"I-B",115,115,0,0.45098,0.45098,0
59423,2139,16.4399996325374,1.47959996692836,"Ozark-Ouachita Mesic Hardwood Forest","Hardwood",316,110,25,19,6,18,76,"I-C",0,135,74,0,0.529412,0.290196
59423,2140,981.359978064895,88.3223980258405,"Ozark-Ouachita Dry Oak Woodland","Hardwood",38,89,6,5,13,5,82,"I-A",97,69,0,0.380392,0.270588,0
59423,2141,17033.7596192658,1533.03836573392,"Ozark-Ouachita Shortleaf Pine-Oak Forest and Woodland","Conifer",347,92,5,5,1,5,94,"I-A",196,164,100,0.768627,0.643137,0.392157
59423,2153,12225.2397267446,1100.27157540701,"Central Interior and Appalachian Floodplain Systems-Large Floodplains","Riparian",142,-9999,100,59,41,-9999,59,"III-A",48,237,56,0.188235,0.929412,0.219608
59423,2155,23.9999994635582,2.15999995172024,"Gulf and Atlantic Coastal Plain Floodplain Systems","Riparian",393,257,49,37,10,15,75,"III-A",102,119,205,0.4,0.466667,0.803922
59423,2160,3564.47992032766,320.80319282949,"Ozark-Ouachita Shortleaf Pine-Bluestem Woodland","Hardwood-Conifer",100,1223,2,2,2,1,97,"I-A",68,137,112,0.266667,0.537255,0.439216
59424,11,639.55998570472,57.5603987134248,"Open Water","Open Water",-9999,-9999,-9999,-9999,-9999,-9999,-9999,"-9999",0,0,255,0,0,1
59424,31,12.9999997094274,1.16999997384846,"Barren-Rock/Sand/Clay","Barren-Rock/Sand/Clay",-9999,-9999,-9999,-9999,-9999,-9999,-9999,"-9999",191,191,191,0.74902,0.74902,0.74902
59424,2132,5213.1998834759,469.187989512831,"Ozark-Ouachita Dry-Mesic Oak Forest","Hardwood",188,66,15,11,6,17,77,"I-B",115,115,0,0.45098,0.45098,0
59424,2139,101.399997733533,9.125999796018,"Ozark-Ouachita Mesic Hardwood Forest","Hardwood",316,110,25,19,6,18,76,"I-C",0,135,74,0,0.529412,0.290196
59424,2140,2973.39993353933,267.60599401854,"Ozark-Ouachita Dry Oak Woodland","Hardwood",38,89,6,5,13,5,82,"I-A",97,69,0,0.380392,0.270588,0
59424,2141,30663.559314616,2759.72033831544,"Ozark-Ouachita Shortleaf Pine-Oak Forest and Woodland","Conifer",347,92,5,5,1,5,94,"I-A",196,164,100,0.768627,0.643137,0.392157
59424,2153,13056.2797081694,1175.06517373525,"Central Interior and Appalachian Floodplain Systems-Large Floodplains","Riparian",142,-9999,100,59,41,-9999,59,"III-A",48,237,56,0.188235,0.929412,0.219608
59424,2160,9741.59978225827,876.743980403244,"Ozark-Ouachita Shortleaf Pine-Bluestem Woodland","Hardwood-Conifer",100,1223,2,2,2,1,97,"I-A",68,137,112,0.266667,0.537255,0.439216
59425,11,500.199988819659,45.0179989937693,"Open Water","Open Water",-9999,-9999,-9999,-9999,-9999,-9999,-9999,"-9999",0,0,255,0,0,1
59425,2132,2364.43994715065,212.799595243558,"Ozark-Ouachita Dry-Mesic Oak Forest","Hardwood",188,66,15,11,6,17,77,"I-B",115,115,0,0.45098,0.45098,0
59425,2139,11.1999997496605,1.00799997746944,"Ozark-Ouachita Mesic Hardwood Forest","Hardwood",316,110,25,19,6,18,76,"I-C",0,135,74,0,0.529412,0.290196
59425,2140,1120.43997495621,100.839597746059,"Ozark-Ouachita Dry Oak Woodland","Hardwood",38,89,6,5,13,5,82,"I-A",97,69,0,0.380392,0.270588,0
59425,2141,16726.7596261278,1505.4083663515,"Ozark-Ouachita Shortleaf Pine-Oak Forest and Woodland","Conifer",347,92,5,5,1,5,94,"I-A",196,164,100,0.768627,0.643137,0.392157
59425,2153,10397.7997675911,935.801979083195,"Central Interior and Appalachian Floodplain Systems-Large Floodplains","Riparian",142,-9999,100,59,41,-9999,59,"III-A",48,237,56,0.188235,0.929412,0.219608
59425,2160,1885.15995786339,169.664396207705,"Ozark-Ouachita Shortleaf Pine-Bluestem Woodland","Hardwood-Conifer",100,1223,2,2,2,1,97,"I-A",68,137,112,0.266667,0.537255,0.439216
59426,2132,10044.3997754902,903.995979794115,"Ozark-Ouachita Dry-Mesic Oak Forest","Hardwood",188,66,15,11,6,17,77,"I-B",115,115,0,0.45098,0.45098,0
59426,2139,1892.99995768815,170.369996191934,"Ozark-Ouachita Mesic Hardwood Forest","Hardwood",316,110,25,19,6,18,76,"I-C",0,135,74,0,0.529412,0.290196
59426,2140,5445.71987827867,490.114789045081,"Ozark-Ouachita Dry Oak Woodland","Hardwood",38,89,6,5,13,5,82,"I-A",97,69,0,0.380392,0.270588,0
59426,2141,10240.2797711119,921.625179400071,"Ozark-Ouachita Shortleaf Pine-Oak Forest and Woodland","Conifer",347,92,5,5,1,5,94,"I-A",196,164,100,0.768627,0.643137,0.392157
59426,2160,8831.59980259836,794.843982233852,"Ozark-Ouachita Shortleaf Pine-Bluestem Woodland","Hardwood-Conifer",100,1223,2,2,2,1,97,"I-A",68,137,112,0.266667,0.537255,0.439216
59427,2132,15564.8796520978,1400.8391686888,"Ozark-Ouachita Dry-Mesic Oak Forest","Hardwood",188,66,15,11,6,17,77,"I-B",115,115,0,0.45098,0.45098,0
59427,2139,2778.2399379015,250.041594411135,"Ozark-Ouachita Mesic Hardwood Forest","Hardwood",316,110,25,19,6,18,76,"I-C",0,135,74,0,0.529412,0.290196
59427,2140,6375.59985749424,573.803987174481,"Ozark-Ouachita Dry Oak Woodland","Hardwood",38,89,6,5,13,5,82,"I-A",97,69,0,0.380392,0.270588,0
59427,2141,14228.5596819669,1280.57037137702,"Ozark-Ouachita Shortleaf Pine-Oak Forest and Woodland","Conifer",347,92,5,5,1,5,94,"I-A",196,164,100,0.768627,0.643137,0.392157
59427,2153,1.91999995708466,0.172799996137619,"Central Interior and Appalachian Floodplain Systems-Large Floodplains","Riparian",142,-9999,100,59,41,-9999,59,"III-A",48,237,56,0.188235,0.929412,0.219608
59427,2160,13024.799708873,1172.23197379857,"Ozark-Ouachita Shortleaf Pine-Bluestem Woodland","Hardwood-Conifer",100,1223,2,2,2,1,97,"I-A",68,137,112,0.266667,0.537255,0.439216
59428,11,23.559999473393,2.12039995260537,"Open Water","Open Water",-9999,-9999,-9999,-9999,-9999,-9999,-9999,"-9999",0,0,255,0,0,1
59428,2132,15224.8796596974,1370.23916937277,"Ozark-Ouachita Dry-Mesic Oak Forest","Hardwood",188,66,15,11,6,17,77,"I-B",115,115,0,0.45098,0.45098,0
59428,2139,3124.99993015081,281.249993713573,"Ozark-Ouachita Mesic Hardwood Forest","Hardwood",316,110,25,19,6,18,76,"I-C",0,135,74,0,0.529412,0.290196
59428,2140,3954.11991161853,355.870792045668,"Ozark-Ouachita Dry Oak Woodland","Hardwood",38,89,6,5,13,5,82,"I-A",97,69,0,0.380392,0.270588,0
59428,2141,15327.039657414,1379.43356916726,"Ozark-Ouachita Shortleaf Pine-Oak Forest and Woodland","Conifer",347,92,5,5,1,5,94,"I-A",196,164,100,0.768627,0.643137,0.392157
59428,2153,594.679986707866,53.521198803708,"Central Interior and Appalachian Floodplain Systems-Large Floodplains","Riparian",142,-9999,100,59,41,-9999,59,"III-A",48,237,56,0.188235,0.929412,0.219608
59428,2160,17482.7196092308,1573.44476483077,"Ozark-Ouachita Shortleaf Pine-Bluestem Woodland","Hardwood-Conifer",100,1223,2,2,2,1,97,"I-A",68,137,112,0.266667,0.537255,0.439216
59429,11,198.239995568991,17.8415996012092,"Open Water","Open Water",-9999,-9999,-9999,-9999,-9999,-9999,-9999,"-9999",0,0,255,0,0,1
59429,2132,2772.91993802041,249.562794421837,"Ozark-Ouachita Dry-Mesic Oak Forest","Hardwood",188,66,15,11,6,17,77,"I-B",115,115,0,0.45098,0.45098,0
59429,2139,42.3999990522861,3.81599991470575,"Ozark-Ouachita Mesic Hardwood Forest","Hardwood",316,110,25,19,6,18,76,"I-C",0,135,74,0,0.529412,0.290196
59429,2140,700.999984331429,63.0899985898286,"Ozark-Ouachita Dry Oak Woodland","Hardwood",38,89,6,5,13,5,82,"I-A",97,69,0,0.380392,0.270588,0
59429,2141,1971.39995593578,177.42599603422,"Ozark-Ouachita Shortleaf Pine-Oak Forest and Woodland","Conifer",347,92,5,5,1,5,94,"I-A",196,164,100,0.768627,0.643137,0.392157
59429,2153,380.599991492927,34.2539992343634,"Central Interior and Appalachian Floodplain Systems-Large Floodplains","Riparian",142,-9999,100,59,41,-9999,59,"III-A",48,237,56,0.188235,0.929412,0.219608
59429,2160,5122.43988550454,461.019589695409,"Ozark-Ouachita Shortleaf Pine-Bluestem Woodland","Hardwood-Conifer",100,1223,2,2,2,1,97,"I-A",68,137,112,0.266667,0.537255,0.439216
59430,11,692.519984520972,62.3267986068875,"Open Water","Open Water",-9999,-9999,-9999,-9999,-9999,-9999,-9999,"-9999",0,0,255,0,0,1
59430,2132,7741.47982696444,696.733184426799,"Ozark-Ouachita Dry-Mesic Oak Forest","Hardwood",188,66,15,11,6,17,77,"I-B",115,115,0,0.45098,0.45098,0
59430,2139,35.1199992150068,3.16079992935061,"Ozark-Ouachita Mesic Hardwood Forest","Hardwood",316,110,25,19,6,18,76,"I-C",0,135,74,0,0.529412,0.290196
59430,2140,3436.23992319405,309.261593087465,"Ozark-Ouachita Dry Oak Woodland","Hardwood",38,89,6,5,13,5,82,"I-A",97,69,0,0.380392,0.270588,0
59430,2141,3995.19991070032,359.567991963029,"Ozark-Ouachita Shortleaf Pine-Oak Forest and Woodland","Conifer",347,92,5,5,1,5,94,"I-A",196,164,100,0.768627,0.643137,0.392157
59430,2153,8071.95981957763,726.476383761987,"Central Interior and Appalachian Floodplain Systems-Large Floodplains","Riparian",142,-9999,100,59,41,-9999,59,"III-A",48,237,56,0.188235,0.929412,0.219608
59430,2160,28589.4793609753,2573.05314248778,"Ozark-Ouachita Shortleaf Pine-Bluestem Woodland","Hardwood-Conifer",100,1223,2,2,2,1,97,"I-A",68,137,112,0.266667,0.537255,0.439216
59431,11,195.839995622635,17.6255996060371,"Open Water","Open Water",-9999,-9999,-9999,-9999,-9999,-9999,-9999,"-9999",0,0,255,0,0,1
59431,2132,8619.71980733424,775.774782660082,"Ozark-Ouachita Dry-Mesic Oak Forest","Hardwood",188,66,15,11,6,17,77,"I-B",115,115,0,0.45098,0.45098,0
59431,2139,299.039993315935,26.9135993984342,"Ozark-Ouachita Mesic Hardwood Forest","Hardwood",316,110,25,19,6,18,76,"I-C",0,135,74,0,0.529412,0.290196
59431,2140,5043.51988726854,453.916789854169,"Ozark-Ouachita Dry Oak Woodland","Hardwood",38,89,6,5,13,5,82,"I-A",97,69,0,0.380392,0.270588,0
59431,2141,9772.27978157252,879.505180341527,"Ozark-Ouachita Shortleaf Pine-Oak Forest and Woodland","Conifer",347,92,5,5,1,5,94,"I-A",196,164,100,0.768627,0.643137,0.392157
59431,2153,5071.47988664359,456.433189797923,"Central Interior and Appalachian Floodplain Systems-Large Floodplains","Riparian",142,-9999,100,59,41,-9999,59,"III-A",48,237,56,0.188235,0.929412,0.219608
59431,2160,17804.1196020469,1602.37076418422,"Ozark-Ouachita Shortleaf Pine-Bluestem Woodland","Hardwood-Conifer",100,1223,2,2,2,1,97,"I-A",68,137,112,0.266667,0.537255,0.439216
59432,11,635.279985800385,57.1751987220347,"Open Water","Open Water",-9999,-9999,-9999,-9999,-9999,-9999,-9999,"-9999",0,0,255,0,0,1
59432,2132,6676.31985077262,600.868786569536,"Ozark-Ouachita Dry-Mesic Oak Forest","Hardwood",188,66,15,11,6,17,77,"I-B",115,115,0,0.45098,0.45098,0
59432,2139,217.079995147884,19.5371995633095,"Ozark-Ouachita Mesic Hardwood Forest","Hardwood",316,110,25,19,6,18,76,"I-C",0,135,74,0,0.529412,0.290196
59432,2140,2908.35993499309,261.752394149378,"Ozark-Ouachita Dry Oak Woodland","Hardwood",38,89,6,5,13,5,82,"I-A",97,69,0,0.380392,0.270588,0
59432,2141,7149.87984018773,643.489185616896,"Ozark-Ouachita Shortleaf Pine-Oak Forest and Woodland","Conifer",347,92,5,5,1,5,94,"I-A",196,164,100,0.768627,0.643137,0.392157
59432,2146,268.359994001687,24.1523994601518,"Arkansas Valley Prairie and Woodland-Prairie","Grassland",2,344,12,2,82,1,17,"II-A",255,120,187,1,0.470588,0.733333
59432,2147,195.19999563694,17.5679996073246,"Arkansas Valley Prairie and Woodland-Woodland","Grassland",96,14,2,2,3,14,83,"I-A",204,138,179,0.8,0.541176,0.701961
59432,2153,14340.759679459,1290.66837115131,"Central Interior and Appalachian Floodplain Systems-Large Floodplains","Riparian",142,-9999,100,59,41,-9999,59,"III-A",48,237,56,0.188235,0.929412,0.219608
59432,2158,25.9999994188547,2.33999994769692,"Central Interior and Appalachian Shrub-Herbaceous Wetland Systems","Riparian",17,-9999,-9999,17,100,-9999,-9999,"II-C",240,150,20,0.941176,0.588235,0.078431
59432,2160,25506.7594298795,2295.60834868915,"Ozark-Ouachita Shortleaf Pine-Bluestem Woodland","Hardwood-Conifer",100,1223,2,2,2,1,97,"I-A",68,137,112,0.266667,0.537255,0.439216
59433,11,197.279995590448,17.7551996031404,"Open Water","Open Water",-9999,-9999,-9999,-9999,-9999,-9999,-9999,"-9999",0,0,255,0,0,1
59433,2132,14555.7996746525,1310.02197071873,"Ozark-Ouachita Dry-Mesic Oak Forest","Hardwood",188,66,15,11,6,17,77,"I-B",115,115,0,0.45098,0.45098,0
59433,2139,3878.79991330206,349.091992197186,"Ozark-Ouachita Mesic Hardwood Forest","Hardwood",316,110,25,19,6,18,76,"I-C",0,135,74,0,0.529412,0.290196
59433,2140,6251.9198602587,562.672787423283,"Ozark-Ouachita Dry Oak Woodland","Hardwood",38,89,6,5,13,5,82,"I-A",97,69,0,0.380392,0.270588,0
59433,2141,12249.1197262108,1102.42077535897,"Ozark-Ouachita Shortleaf Pine-Oak Forest and Woodland","Conifer",347,92,5,5,1,5,94,"I-A",196,164,100,0.768627,0.643137,0.392157
59433,2153,4102.319908306,369.20879174754,"Central Interior and Appalachian Floodplain Systems-Large Floodplains","Riparian",142,-9999,100,59,41,-9999,59,"III-A",48,237,56,0.188235,0.929412,0.219608
59433,2160,12706.7597159818,1143.60837443836,"Ozark-Ouachita Shortleaf Pine-Bluestem Woodland","Hardwood-Conifer",100,1223,2,2,2,1,97,"I-A",68,137,112,0.266667,0.537255,0.439216
59434,11,135.719996966422,12.2147997269779,"Open Water","Open Water",-9999,-9999,-9999,-9999,-9999,-9999,-9999,"-9999",0,0,255,0,0,1
59434,2132,6615.11985214055,595.360786692649,"Ozark-Ouachita Dry-Mesic Oak Forest","Hardwood",188,66,15,11,6,17,77,"I-B",115,115,0,0.45098,0.45098,0
59434,2139,345.999992266297,31.1399993039668,"Ozark-Ouachita Mesic Hardwood Forest","Hardwood",316,110,25,19,6,18,76,"I-C",0,135,74,0,0.529412,0.290196
59434,2140,3516.75992139429,316.508392925486,"Ozark-Ouachita Dry Oak Woodland","Hardwood",38,89,6,5,13,5,82,"I-A",97,69,0,0.380392,0.270588,0
59434,2141,5167.23988450319,465.051589605287,"Ozark-Ouachita Shortleaf Pine-Oak Forest and Woodland","Conifer",347,92,5,5,1,5,94,"I-A",196,164,100,0.768627,0.643137,0.392157
59434,2153,18362.4395895675,1652.61956306107,"Central Interior and Appalachian Floodplain Systems-Large Floodplains","Riparian",142,-9999,100,59,41,-9999,59,"III-A",48,237,56,0.188235,0.929412,0.219608
59434,2158,88.999998010695,8.00999982096255,"Central Interior and Appalachian Shrub-Herbaceous Wetland Systems","Riparian",17,-9999,-9999,17,100,-9999,-9999,"II-C",240,150,20,0.941176,0.588235,0.078431
59434,2160,16501.7196311578,1485.1547668042,"Ozark-Ouachita Shortleaf Pine-Bluestem Woodland","Hardwood-Conifer",100,1223,2,2,2,1,97,"I-A",68,137,112,0.266667,0.537255,0.439216
59435,11,3728.27991666645,335.54519249998,"Open Water","Open Water",-9999,-9999,-9999,-9999,-9999,-9999,-9999,"-9999",0,0,255,0,0,1
59435,2132,2403.11994628608,216.280795165747,"Ozark-Ouachita Dry-Mesic Oak Forest","Hardwood",188,66,15,11,6,17,77,"I-B",115,115,0,0.45098,0.45098,0
59435,2139,347.959992222488,31.3163993000239,"Ozark-Ouachita Mesic Hardwood Forest","Hardwood",316,110,25,19,6,18,76,"I-C",0,135,74,0,0.529412,0.290196
59435,2140,1136.15997460485,102.254397714436,"Ozark-Ouachita Dry Oak Woodland","Hardwood",38,89,6,5,13,5,82,"I-A",97,69,0,0.380392,0.270588,0
59435,2141,3608.83991933614,324.795592740253,"Ozark-Ouachita Shortleaf Pine-Oak Forest and Woodland","Conifer",347,92,5,5,1,5,94,"I-A",196,164,100,0.768627,0.643137,0.392157
59435,2153,2665.27994042635,239.875194638371,"Central Interior and Appalachian Floodplain Systems-Large Floodplains","Riparian",142,-9999,100,59,41,-9999,59,"III-A",48,237,56,0.188235,0.929412,0.219608
59435,2158,2.99999993294477,0.26999999396503,"Central Interior and Appalachian Shrub-Herbaceous Wetland Systems","Riparian",17,-9999,-9999,17,100,-9999,-9999,"II-C",240,150,20,0.941176,0.588235,0.078431
59435,2160,3191.35992866755,287.222393580079,"Ozark-Ouachita Shortleaf Pine-Bluestem Woodland","Hardwood-Conifer",100,1223,2,2,2,1,97,"I-A",68,137,112,0.266667,0.537255,0.439216
59436,11,161.239996396005,14.5115996756405,"Open Water","Open Water",-9999,-9999,-9999,-9999,-9999,-9999,-9999,"-9999",0,0,255,0,0,1
59436,2132,6206.27986127883,558.565187515095,"Ozark-Ouachita Dry-Mesic Oak Forest","Hardwood",188,66,15,11,6,17,77,"I-B",115,115,0,0.45098,0.45098,0
59436,2139,1024.47997710109,92.2031979390979,"Ozark-Ouachita Mesic Hardwood Forest","Hardwood",316,110,25,19,6,18,76,"I-C",0,135,74,0,0.529412,0.290196
59436,2140,2535.59994332492,228.203994899243,"Ozark-Ouachita Dry Oak Woodland","Hardwood",38,89,6,5,13,5,82,"I-A",97,69,0,0.380392,0.270588,0
59436,2141,4445.47990063578,400.09319105722,"Ozark-Ouachita Shortleaf Pine-Oak Forest and Woodland","Conifer",347,92,5,5,1,5,94,"I-A",196,164,100,0.768627,0.643137,0.392157
59436,2153,152.959996581078,13.766399692297,"Central Interior and Appalachian Floodplain Systems-Large Floodplains","Riparian",142,-9999,100,59,41,-9999,59,"III-A",48,237,56,0.188235,0.929412,0.219608
59436,2160,3732.95991656184,335.966392490566,"Ozark-Ouachita Shortleaf Pine-Bluestem Woodland","Hardwood-Conifer",100,1223,2,2,2,1,97,"I-A",68,137,112,0.266667,0.537255,0.439216
59437,11,629.399985931814,56.6459987338632,"Open Water","Open Water",-9999,-9999,-9999,-9999,-9999,-9999,-9999,"-9999",0,0,255,0,0,1
59437,2132,5935.63986732811,534.20758805953,"Ozark-Ouachita Dry-Mesic Oak Forest","Hardwood",188,66,15,11,6,17,77,"I-B",115,115,0,0.45098,0.45098,0
59437,2139,194.519995652139,17.5067996086925,"Ozark-Ouachita Mesic Hardwood Forest","Hardwood",316,110,25,19,6,18,76,"I-C",0,135,74,0,0.529412,0.290196
59437,2140,4033.27990984917,362.995191886425,"Ozark-Ouachita Dry Oak Woodland","Hardwood",38,89,6,5,13,5,82,"I-A",97,69,0,0.380392,0.270588,0
59437,2141,2593.75994202495,233.438394782245,"Ozark-Ouachita Shortleaf Pine-Oak Forest and Woodland","Conifer",347,92,5,5,1,5,94,"I-A",196,164,100,0.768627,0.643137,0.392157
59437,2146,13595.0396961272,1223.55357265145,"Arkansas Valley Prairie and Woodland-Prairie","Grassland",2,344,12,2,82,1,17,"II-A",255,120,187,1,0.470588,0.733333
59437,2147,19113.9195727706,1720.25276154935,"Arkansas Valley Prairie and Woodland-Woodland","Grassland",96,14,2,2,3,14,83,"I-A",204,138,179,0.8,0.541176,0.701961
59437,2153,16326.7996350676,1469.41196715608,"Central Interior and Appalachian Floodplain Systems-Large Floodplains","Riparian",142,-9999,100,59,41,-9999,59,"III-A",48,237,56,0.188235,0.929412,0.219608
59437,2158,90.9999979659915,8.18999981693923,"Central Interior and Appalachian Shrub-Herbaceous Wetland Systems","Riparian",17,-9999,-9999,17,100,-9999,-9999,"II-C",240,150,20,0.941176,0.588235,0.078431
59437,2160,9688.63978344202,871.977580509782,"Ozark-Ouachita Shortleaf Pine-Bluestem Woodland","Hardwood-Conifer",100,1223,2,2,2,1,97,"I-A",68,137,112,0.266667,0.537255,0.439216
59438,11,561.559987448156,50.540398870334,"Open Water","Open Water",-9999,-9999,-9999,-9999,-9999,-9999,-9999,"-9999",0,0,255,0,0,1
59438,2132,3082.59993109852,277.433993798867,"Ozark-Ouachita Dry-Mesic Oak Forest","Hardwood",188,66,15,11,6,17,77,"I-B",115,115,0,0.45098,0.45098,0
59438,2139,488.079989090562,43.9271990181506,"Ozark-Ouachita Mesic Hardwood Forest","Hardwood",316,110,25,19,6,18,76,"I-C",0,135,74,0,0.529412,0.290196
59438,2140,2506.63994397223,225.597594957501,"Ozark-Ouachita Dry Oak Woodland","Hardwood",38,89,6,5,13,5,82,"I-A",97,69,0,0.380392,0.270588,0
59438,2141,615.159986250103,55.3643987625092,"Ozark-Ouachita Shortleaf Pine-Oak Forest and Woodland","Conifer",347,92,5,5,1,5,94,"I-A",196,164,100,0.768627,0.643137,0.392157
59438,2146,8678.0798060298,781.027182542682,"Arkansas Valley Prairie and Woodland-Prairie","Grassland",2,344,12,2,82,1,17,"II-A",255,120,187,1,0.470588,0.733333
59438,2147,11175.3997502103,1005.78597751893,"Arkansas Valley Prairie and Woodland-Woodland","Grassland",96,14,2,2,3,14,83,"I-A",204,138,179,0.8,0.541176,0.701961
59438,2153,9626.27978483588,866.365180635229,"Central Interior and Appalachian Floodplain Systems-Large Floodplains","Riparian",142,-9999,100,59,41,-9999,59,"III-A",48,237,56,0.188235,0.929412,0.219608
59438,2158,226.239994943142,20.3615995448828,"Central Interior and Appalachian Shrub-Herbaceous Wetland Systems","Riparian",17,-9999,-9999,17,100,-9999,-9999,"II-C",240,150,20,0.941176,0.588235,0.078431
59438,2160,7952.95982223749,715.766384001374,"Ozark-Ouachita Shortleaf Pine-Bluestem Woodland","Hardwood-Conifer",100,1223,2,2,2,1,97,"I-A",68,137,112,0.266667,0.537255,0.439216
59446,11,1974.35995586962,177.692396028265,"Open Water","Open Water",-9999,-9999,-9999,-9999,-9999,-9999,-9999,"-9999",0,0,255,0,0,1
59446,2132,5785.23987068981,520.671588362083,"Ozark-Ouachita Dry-Mesic Oak Forest","Hardwood",188,66,15,11,6,17,77,"I-B",115,115,0,0.45098,0.45098,0
59446,2139,7.99999982118607,0.719999983906746,"Ozark-Ouachita Mesic Hardwood Forest","Hardwood",316,110,25,19,6,18,76,"I-C",0,135,74,0,0.529412,0.290196
59446,2140,9642.07978448272,867.787180603445,"Ozark-Ouachita Dry Oak Woodland","Hardwood",38,89,6,5,13,5,82,"I-A",97,69,0,0.380392,0.270588,0
59446,2141,5416.59987892956,487.49398910366,"Ozark-Ouachita Shortleaf Pine-Oak Forest and Woodland","Conifer",347,92,5,5,1,5,94,"I-A",196,164,100,0.768627,0.643137,0.392157
59446,2146,146.999996714294,13.2299997042865,"Arkansas Valley Prairie and Woodland-Prairie","Grassland",2,344,12,2,82,1,17,"II-A",255,120,187,1,0.470588,0.733333
59446,2147,59.9999986588955,5.39999987930059,"Arkansas Valley Prairie and Woodland-Woodland","Grassland",96,14,2,2,3,14,83,"I-A",204,138,179,0.8,0.541176,0.701961
59446,2153,20762.4795359224,1868.62315823302,"Central Interior and Appalachian Floodplain Systems-Large Floodplains","Riparian",142,-9999,100,59,41,-9999,59,"III-A",48,237,56,0.188235,0.929412,0.219608
59446,2158,163.199996352196,14.6879996716976,"Central Interior and Appalachian Shrub-Herbaceous Wetland Systems","Riparian",17,-9999,-9999,17,100,-9999,-9999,"II-C",240,150,20,0.941176,0.588235,0.078431
59446,2160,10984.0397544876,988.563577903882,"Ozark-Ouachita Shortleaf Pine-Bluestem Woodland","Hardwood-Conifer",100,1223,2,2,2,1,97,"I-A",68,137,112,0.266667,0.537255,0.439216
59449,11,564.279987387359,50.7851988648623,"Open Water","Open Water",-9999,-9999,-9999,-9999,-9999,-9999,-9999,"-9999",0,0,255,0,0,1
59449,2132,3682.67991768569,331.441192591712,"Ozark-Ouachita Dry-Mesic Oak Forest","Hardwood",188,66,15,11,6,17,77,"I-B",115,115,0,0.45098,0.45098,0
59449,2139,104.439997665584,9.39959978990257,"Ozark-Ouachita Mesic Hardwood Forest","Hardwood",316,110,25,19,6,18,76,"I-C",0,135,74,0,0.529412,0.290196
59449,2140,9508.23978747427,855.741580872685,"Ozark-Ouachita Dry Oak Woodland","Hardwood",38,89,6,5,13,5,82,"I-A",97,69,0,0.380392,0.270588,0
59449,2141,1047.67997658253,94.2911978924274,"Ozark-Ouachita Shortleaf Pine-Oak Forest and Woodland","Conifer",347,92,5,5,1,5,94,"I-A",196,164,100,0.768627,0.643137,0.392157
59449,2146,142.039996825159,12.7835997142643,"Arkansas Valley Prairie and Woodland-Prairie","Grassland",2,344,12,2,82,1,17,"II-A",255,120,187,1,0.470588,0.733333
59449,2147,49.7199988886714,4.47479989998043,"Arkansas Valley Prairie and Woodland-Woodland","Grassland",96,14,2,2,3,14,83,"I-A",204,138,179,0.8,0.541176,0.701961
59449,2153,17400.6396110654,1566.05756499588,"Central Interior and Appalachian Floodplain Systems-Large Floodplains","Riparian",142,-9999,100,59,41,-9999,59,"III-A",48,237,56,0.188235,0.929412,0.219608
59449,2158,56.7999987304211,5.1119998857379,"Central Interior and Appalachian Shrub-Herbaceous Wetland Systems","Riparian",17,-9999,-9999,17,100,-9999,-9999,"II-C",240,150,20,0.941176,0.588235,0.078431
59449,2160,3835.47991427034,345.193192284331,"Ozark-Ouachita Shortleaf Pine-Bluestem Woodland","Hardwood-Conifer",100,1223,2,2,2,1,97,"I-A",68,137,112,0.266667,0.537255,0.439216
59450,11,32.9999992623925,2.96999993361533,"Open Water","Open Water",-9999,-9999,-9999,-9999,-9999,-9999,-9999,"-9999",0,0,255,0,0,1
59450,2132,22148.9195049331,1993.40275544398,"Ozark-Ouachita Dry-Mesic Oak Forest","Hardwood",188,66,15,11,6,17,77,"I-B",115,115,0,0.45098,0.45098,0
59450,2139,2742.59993869811,246.83399448283,"Ozark-Ouachita Mesic Hardwood Forest","Hardwood",316,110,25,19,6,18,76,"I-C",0,135,74,0,0.529412,0.290196
59450,2140,9305.59979200363,837.503981280327,"Ozark-Ouachita Dry Oak Woodland","Hardwood",38,89,6,5,13,5,82,"I-A",97,69,0,0.380392,0.270588,0
59450,2141,20330.8395455703,1829.77555910133,"Ozark-Ouachita Shortleaf Pine-Oak Forest and Woodland","Conifer",347,92,5,5,1,5,94,"I-A",196,164,100,0.768627,0.643137,0.392157
59450,2153,536.119988016784,48.2507989215106,"Central Interior and Appalachian Floodplain Systems-Large Floodplains","Riparian",142,-9999,100,59,41,-9999,59,"III-A",48,237,56,0.188235,0.929412,0.219608
59450,2158,28.9999993517995,2.60999994166195,"Central Interior and Appalachian Shrub-Herbaceous Wetland Systems","Riparian",17,-9999,-9999,17,100,-9999,-9999,"II-C",240,150,20,0.941176,0.588235,0.078431
59450,2160,15423.9196552485,1388.15276897237,"Ozark-Ouachita Shortleaf Pine-Bluestem Woodland","Hardwood-Conifer",100,1223,2,2,2,1,97,"I-A",68,137,112,0.266667,0.537255,0.439216
59490,11,297.639993347228,26.7875994012505,"Open Water","Open Water",-9999,-9999,-9999,-9999,-9999,-9999,-9999,"-9999",0,0,255,0,0,1
59490,2132,16491.2796313912,1484.21516682521,"Ozark-Ouachita Dry-Mesic Oak Forest","Hardwood",188,66,15,11,6,17,77,"I-B",115,115,0,0.45098,0.45098,0
59490,2139,2360.59994723648,212.453995251283,"Ozark-Ouachita Mesic Hardwood Forest","Hardwood",316,110,25,19,6,18,76,"I-C",0,135,74,0,0.529412,0.290196
59490,2140,4695.67989504337,422.611190553904,"Ozark-Ouachita Dry Oak Woodland","Hardwood",38,89,6,5,13,5,82,"I-A",97,69,0,0.380392,0.270588,0
59490,2141,13704.9996936694,1233.44997243024,"Ozark-Ouachita Shortleaf Pine-Oak Forest and Woodland","Conifer",347,92,5,5,1,5,94,"I-A",196,164,100,0.768627,0.643137,0.392157
59490,2146,2.2399999499321,0.201599995493889,"Arkansas Valley Prairie and Woodland-Prairie","Grassland",2,344,12,2,82,1,17,"II-A",255,120,187,1,0.470588,0.733333
59490,2153,627.879985965788,56.509198736921,"Central Interior and Appalachian Floodplain Systems-Large Floodplains","Riparian",142,-9999,100,59,41,-9999,59,"III-A",48,237,56,0.188235,0.929412,0.219608
59490,2155,2.99999993294477,0.26999999396503,"Gulf and Atlantic Coastal Plain Floodplain Systems","Riparian",393,257,49,37,10,15,75,"III-A",102,119,205,0.4,0.466667,0.803922
59490,2160,12357.6797237843,1112.19117514059,"Ozark-Ouachita Shortleaf Pine-Bluestem Woodland","Hardwood-Conifer",100,1223,2,2,2,1,97,"I-A",68,137,112,0.266667,0.537255,0.439216
59491,11,83.9999981224537,7.55999983102083,"Open Water","Open Water",-9999,-9999,-9999,-9999,-9999,-9999,-9999,"-9999",0,0,255,0,0,1
59491,2132,4113.87990804762,370.249191724285,"Ozark-Ouachita Dry-Mesic Oak Forest","Hardwood",188,66,15,11,6,17,77,"I-B",115,115,0,0.45098,0.45098,0
59491,2139,36.5599991828203,3.29039992645383,"Ozark-Ouachita Mesic Hardwood Forest","Hardwood",316,110,25,19,6,18,76,"I-C",0,135,74,0,0.529412,0.290196
59491,2140,2403.59994627535,216.323995164782,"Ozark-Ouachita Dry Oak Woodland","Hardwood",38,89,6,5,13,5,82,"I-A",97,69,0,0.380392,0.270588,0
59491,2141,7741.59982696176,696.743984426558,"Ozark-Ouachita Shortleaf Pine-Oak Forest and Woodland","Conifer",347,92,5,5,1,5,94,"I-A",196,164,100,0.768627,0.643137,0.392157
59491,2153,33.9999992400408,3.05999993160367,"Central Interior and Appalachian Floodplain Systems-Large Floodplains","Riparian",142,-9999,100,59,41,-9999,59,"III-A",48,237,56,0.188235,0.929412,0.219608
59491,2160,4619.35989674926,415.742390707433,"Ozark-Ouachita Shortleaf Pine-Bluestem Woodland","Hardwood-Conifer",100,1223,2,2,2,1,97,"I-A",68,137,112,0.266667,0.537255,0.439216
59492,11,54.3199987858534,4.8887998907268,"Open Water","Open Water",-9999,-9999,-9999,-9999,-9999,-9999,-9999,"-9999",0,0,255,0,0,1
59492,2132,8243.95981573313,741.956383415982,"Ozark-Ouachita Dry-Mesic Oak Forest","Hardwood",188,66,15,11,6,17,77,"I-B",115,115,0,0.45098,0.45098,0
59492,2139,1487.9199667424,133.912797006816,"Ozark-Ouachita Mesic Hardwood Forest","Hardwood",316,110,25,19,6,18,76,"I-C",0,135,74,0,0.529412,0.290196
59492,2140,2892.03993535787,260.283594182208,"Ozark-Ouachita Dry Oak Woodland","Hardwood",38,89,6,5,13,5,82,"I-A",97,69,0,0.380392,0.270588,0
59492,2141,5086.91988629848,457.822789766863,"Ozark-Ouachita Shortleaf Pine-Oak Forest and Woodland","Conifer",347,92,5,5,1,5,94,"I-A",196,164,100,0.768627,0.643137,0.392157
59492,2153,468.999989517033,42.209999056533,"Central Interior and Appalachian Floodplain Systems-Large Floodplains","Riparian",142,-9999,100,59,41,-9999,59,"III-A",48,237,56,0.188235,0.929412,0.219608
59492,2160,4867.8398911953,438.105590207577,"Ozark-Ouachita Shortleaf Pine-Bluestem Woodland","Hardwood-Conifer",100,1223,2,2,2,1,97,"I-A",68,137,112,0.266667,0.537255,0.439216
59493,11,285.359993621707,25.6823994259536,"Open Water","Open Water",-9999,-9999,-9999,-9999,-9999,-9999,-9999,"-9999",0,0,255,0,0,1
59493,2132,12511.1197203547,1126.00077483192,"Ozark-Ouachita Dry-Mesic Oak Forest","Hardwood",188,66,15,11,6,17,77,"I-B",115,115,0,0.45098,0.45098,0
59493,2139,2224.95995026827,200.246395524144,"Ozark-Ouachita Mesic Hardwood Forest","Hardwood",316,110,25,19,6,18,76,"I-C",0,135,74,0,0.529412,0.290196
59493,2140,2540.75994320959,228.668394888863,"Ozark-Ouachita Dry Oak Woodland","Hardwood",38,89,6,5,13,5,82,"I-A",97,69,0,0.380392,0.270588,0
59493,2141,9805.47978083044,882.49318027474,"Ozark-Ouachita Shortleaf Pine-Oak Forest and Woodland","Conifer",347,92,5,5,1,5,94,"I-A",196,164,100,0.768627,0.643137,0.392157
59493,2153,1975.55995584279,177.800396025851,"Central Interior and Appalachian Floodplain Systems-Large Floodplains","Riparian",142,-9999,100,59,41,-9999,59,"III-A",48,237,56,0.188235,0.929412,0.219608
59493,2160,7842.75982470065,705.848384223059,"Ozark-Ouachita Shortleaf Pine-Bluestem Woodland","Hardwood-Conifer",100,1223,2,2,2,1,97,"I-A",68,137,112,0.266667,0.537255,0.439216
59494,11,1219.95997273177,109.796397545859,"Open Water","Open Water",-9999,-9999,-9999,-9999,-9999,-9999,-9999,"-9999",0,0,255,0,0,1
59494,2132,1859.35995844007,167.342396259606,"Ozark-Ouachita Dry-Mesic Oak Forest","Hardwood",188,66,15,11,6,17,77,"I-B",115,115,0,0.45098,0.45098,0
59494,2139,2.43999994546175,0.219599995091558,"Ozark-Ouachita Mesic Hardwood Forest","Hardwood",316,110,25,19,6,18,76,"I-C",0,135,74,0,0.529412,0.290196
59494,2140,5494.55987718701,494.510388946831,"Ozark-Ouachita Dry Oak Woodland","Hardwood",38,89,6,5,13,5,82,"I-A",97,69,0,0.380392,0.270588,0
59494,2141,5530.79987637699,497.771988873929,"Ozark-Ouachita Shortleaf Pine-Oak Forest and Woodland","Conifer",347,92,5,5,1,5,94,"I-A",196,164,100,0.768627,0.643137,0.392157
59494,2153,25531.3594293296,2297.82234863967,"Central Interior and Appalachian Floodplain Systems-Large Floodplains","Riparian",142,-9999,100,59,41,-9999,59,"III-A",48,237,56,0.188235,0.929412,0.219608
59494,2160,2287.51994886994,205.876795398295,"Ozark-Ouachita Shortleaf Pine-Bluestem Woodland","Hardwood-Conifer",100,1223,2,2,2,1,97,"I-A",68,137,112,0.266667,0.537255,0.439216
59495,11,92.6799979284406,8.34119981355965,"Open Water","Open Water",-9999,-9999,-9999,-9999,-9999,-9999,-9999,"-9999",0,0,255,0,0,1
59495,2132,3072.27993132919,276.505193819627,"Ozark-Ouachita Dry-Mesic Oak Forest","Hardwood",188,66,15,11,6,17,77,"I-B",115,115,0,0.45098,0.45098,0
59495,2139,589.799986816943,53.0819988135248,"Ozark-Ouachita Mesic Hardwood Forest","Hardwood",316,110,25,19,6,18,76,"I-C",0,135,74,0,0.529412,0.290196
59495,2140,717.319983966649,64.5587985569984,"Ozark-Ouachita Dry Oak Woodland","Hardwood",38,89,6,5,13,5,82,"I-A",97,69,0,0.380392,0.270588,0
59495,2141,2520.55994366109,226.850394929498,"Ozark-Ouachita Shortleaf Pine-Oak Forest and Woodland","Conifer",347,92,5,5,1,5,94,"I-A",196,164,100,0.768627,0.643137,0.392157
59495,2153,1674.7999625653,150.731996630877,"Central Interior and Appalachian Floodplain Systems-Large Floodplains","Riparian",142,-9999,100,59,41,-9999,59,"III-A",48,237,56,0.188235,0.929412,0.219608
59495,2160,2616.55994151533,235.490394736379,"Ozark-Ouachita Shortleaf Pine-Bluestem Woodland","Hardwood-Conifer",100,1223,2,2,2,1,97,"I-A",68,137,112,0.266667,0.537255,0.439216
59496,11,614.679986260831,55.3211987634748,"Open Water","Open Water",-9999,-9999,-9999,-9999,-9999,-9999,-9999,"-9999",0,0,255,0,0,1
59496,2132,1296.07997103035,116.647197392732,"Ozark-Ouachita Dry-Mesic Oak Forest","Hardwood",188,66,15,11,6,17,77,"I-B",115,115,0,0.45098,0.45098,0
59496,2139,48.7599989101291,4.38839990191162,"Ozark-Ouachita Mesic Hardwood Forest","Hardwood",316,110,25,19,6,18,76,"I-C",0,135,74,0,0.529412,0.290196
59496,2140,7943.11982245743,714.880784021169,"Ozark-Ouachita Dry Oak Woodland","Hardwood",38,89,6,5,13,5,82,"I-A",97,69,0,0.380392,0.270588,0
59496,2141,974.559978216887,87.7103980395198,"Ozark-Ouachita Shortleaf Pine-Oak Forest and Woodland","Conifer",347,92,5,5,1,5,94,"I-A",196,164,100,0.768627,0.643137,0.392157
59496,2153,13020.5197089687,1171.84677380718,"Central Interior and Appalachian Floodplain Systems-Large Floodplains","Riparian",142,-9999,100,59,41,-9999,59,"III-A",48,237,56,0.188235,0.929412,0.219608
59496,2160,633.279985845089,56.995198726058,"Ozark-Ouachita Shortleaf Pine-Bluestem Woodland","Hardwood-Conifer",100,1223,2,2,2,1,97,"I-A",68,137,112,0.266667,0.537255,0.439216
59497,11,1560.27996512502,140.425196861252,"Open Water","Open Water",-9999,-9999,-9999,-9999,-9999,-9999,-9999,"-9999",0,0,255,0,0,1
59497,2132,14069.5196855217,1266.25677169695,"Ozark-Ouachita Dry-Mesic Oak Forest","Hardwood",188,66,15,11,6,17,77,"I-B",115,115,0,0.45098,0.45098,0
59497,2139,2523.11994360387,227.080794924349,"Ozark-Ouachita Mesic Hardwood Forest","Hardwood",316,110,25,19,6,18,76,"I-C",0,135,74,0,0.529412,0.290196
59497,2140,6598.07985252142,593.827186726928,"Ozark-Ouachita Dry Oak Woodland","Hardwood",38,89,6,5,13,5,82,"I-A",97,69,0,0.380392,0.270588,0
59497,2141,13289.8397029489,1196.0855732654,"Ozark-Ouachita Shortleaf Pine-Oak Forest and Woodland","Conifer",347,92,5,5,1,5,94,"I-A",196,164,100,0.768627,0.643137,0.392157
59497,2153,3280.15992668271,295.214393401444,"Central Interior and Appalachian Floodplain Systems-Large Floodplains","Riparian",142,-9999,100,59,41,-9999,59,"III-A",48,237,56,0.188235,0.929412,0.219608
59497,2160,9616.9997850433,865.529980653897,"Ozark-Ouachita Shortleaf Pine-Bluestem Woodland","Hardwood-Conifer",100,1223,2,2,2,1,97,"I-A",68,137,112,0.266667,0.537255,0.439216
59498,11,435.879990257323,39.229199123159,"Open Water","Open Water",-9999,-9999,-9999,-9999,-9999,-9999,-9999,"-9999",0,0,255,0,0,1
59498,2132,24910.7994432002,2241.97194988802,"Ozark-Ouachita Dry-Mesic Oak Forest","Hardwood",188,66,15,11,6,17,77,"I-B",115,115,0,0.45098,0.45098,0
59498,2139,3912.27991255373,352.105192129835,"Ozark-Ouachita Mesic Hardwood Forest","Hardwood",316,110,25,19,6,18,76,"I-C",0,135,74,0,0.529412,0.290196
59498,2140,5781.159870781,520.30438837029,"Ozark-Ouachita Dry Oak Woodland","Hardwood",38,89,6,5,13,5,82,"I-A",97,69,0,0.380392,0.270588,0
59498,2141,23415.0794766322,2107.3571528969,"Ozark-Ouachita Shortleaf Pine-Oak Forest and Woodland","Conifer",347,92,5,5,1,5,94,"I-A",196,164,100,0.768627,0.643137,0.392157
59498,2153,693.679984495044,62.4311986045539,"Central Interior and Appalachian Floodplain Systems-Large Floodplains","Riparian",142,-9999,100,59,41,-9999,59,"III-A",48,237,56,0.188235,0.929412,0.219608
59498,2155,16.9999996200204,1.52999996580184,"Gulf and Atlantic Coastal Plain Floodplain Systems","Riparian",393,257,49,37,10,15,75,"III-A",102,119,205,0.4,0.466667,0.803922
59498,2160,16190.1196381226,1457.11076743104,"Ozark-Ouachita Shortleaf Pine-Bluestem Woodland","Hardwood-Conifer",100,1223,2,2,2,1,97,"I-A",68,137,112,0.266667,0.537255,0.439216
59499,11,11043.6797531545,993.931177783906,"Open Water","Open Water",-9999,-9999,-9999,-9999,-9999,-9999,-9999,"-9999",0,0,255,0,0,1
59499,2132,1057.15997637063,95.1443978733569,"Ozark-Ouachita Dry-Mesic Oak Forest","Hardwood",188,66,15,11,6,17,77,"I-B",115,115,0,0.45098,0.45098,0
59499,2139,76.8399982824922,6.91559984542429,"Ozark-Ouachita Mesic Hardwood Forest","Hardwood",316,110,25,19,6,18,76,"I-C",0,135,74,0,0.529412,0.290196
59499,2140,692.959984511137,62.3663986060023,"Ozark-Ouachita Dry Oak Woodland","Hardwood",38,89,6,5,13,5,82,"I-A",97,69,0,0.380392,0.270588,0
59499,2141,5611.63987457007,505.047588711306,"Ozark-Ouachita Shortleaf Pine-Oak Forest and Woodland","Conifer",347,92,5,5,1,5,94,"I-A",196,164,100,0.768627,0.643137,0.392157
59499,2153,7109.63984108716,639.867585697845,"Central Interior and Appalachian Floodplain Systems-Large Floodplains","Riparian",142,-9999,100,59,41,-9999,59,"III-A",48,237,56,0.188235,0.929412,0.219608
59499,2160,1717.07996162027,154.537196545824,"Ozark-Ouachita Shortleaf Pine-Bluestem Woodland","Hardwood-Conifer",100,1223,2,2,2,1,97,"I-A",68,137,112,0.266667,0.537255,0.439216
59500,2132,4581.39989759773,412.325990783796,"Ozark-Ouachita Dry-Mesic Oak Forest","Hardwood",188,66,15,11,6,17,77,"I-B",115,115,0,0.45098,0.45098,0
59500,2139,1036.55997683108,93.2903979147971,"Ozark-Ouachita Mesic Hardwood Forest","Hardwood",316,110,25,19,6,18,76,"I-C",0,135,74,0,0.529412,0.290196
59500,2140,2456.79994508624,221.111995057762,"Ozark-Ouachita Dry Oak Woodland","Hardwood",38,89,6,5,13,5,82,"I-A",97,69,0,0.380392,0.270588,0
59500,2141,8244.87981571257,742.039183414131,"Ozark-Ouachita Shortleaf Pine-Oak Forest and Woodland","Conifer",347,92,5,5,1,5,94,"I-A",196,164,100,0.768627,0.643137,0.392157
59500,2153,1.8399999588728,0.165599996298552,"Central Interior and Appalachian Floodplain Systems-Large Floodplains","Riparian",142,-9999,100,59,41,-9999,59,"III-A",48,237,56,0.188235,0.929412,0.219608
59500,2160,4830.51989202946,434.746790282652,"Ozark-Ouachita Shortleaf Pine-Bluestem Woodland","Hardwood-Conifer",100,1223,2,2,2,1,97,"I-A",68,137,112,0.266667,0.537255,0.439216
59501,11,42.9999990388751,3.86999991349876,"Open Water","Open Water",-9999,-9999,-9999,-9999,-9999,-9999,-9999,"-9999",0,0,255,0,0,1
59501,2132,1009.95997742563,90.8963979683071,"Ozark-Ouachita Dry-Mesic Oak Forest","Hardwood",188,66,15,11,6,17,77,"I-B",115,115,0,0.45098,0.45098,0
59501,2139,149.079996667802,13.4171997001022,"Ozark-Ouachita Mesic Hardwood Forest","Hardwood",316,110,25,19,6,18,76,"I-C",0,135,74,0,0.529412,0.290196
59501,2140,1428.27996807545,128.545197126791,"Ozark-Ouachita Dry Oak Woodland","Hardwood",38,89,6,5,13,5,82,"I-A",97,69,0,0.380392,0.270588,0
59501,2141,609.87998636812,54.8891987731308,"Ozark-Ouachita Shortleaf Pine-Oak Forest and Woodland","Conifer",347,92,5,5,1,5,94,"I-A",196,164,100,0.768627,0.643137,0.392157
59501,2146,5828.43986972421,524.559588275179,"Arkansas Valley Prairie and Woodland-Prairie","Grassland",2,344,12,2,82,1,17,"II-A",255,120,187,1,0.470588,0.733333
59501,2147,5176.63988429308,465.897589586377,"Arkansas Valley Prairie and Woodland-Woodland","Grassland",96,14,2,2,3,14,83,"I-A",204,138,179,0.8,0.541176,0.701961
59501,2153,7755.99982663989,698.03998439759,"Central Interior and Appalachian Floodplain Systems-Large Floodplains","Riparian",142,-9999,100,59,41,-9999,59,"III-A",48,237,56,0.188235,0.929412,0.219608
59501,2160,1116.71997503936,100.504797753543,"Ozark-Ouachita Shortleaf Pine-Bluestem Woodland","Hardwood-Conifer",100,1223,2,2,2,1,97,"I-A",68,137,112,0.266667,0.537255,0.439216
59502,11,85.0799980983138,7.65719982884824,"Open Water","Open Water",-9999,-9999,-9999,-9999,-9999,-9999,-9999,"-9999",0,0,255,0,0,1
59502,2132,6458.27985564619,581.245187008157,"Ozark-Ouachita Dry-Mesic Oak Forest","Hardwood",188,66,15,11,6,17,77,"I-B",115,115,0,0.45098,0.45098,0
59502,2139,1802.2799597159,162.205196374431,"Ozark-Ouachita Mesic Hardwood Forest","Hardwood",316,110,25,19,6,18,76,"I-C",0,135,74,0,0.529412,0.290196
59502,2140,4436.95990082622,399.326391074359,"Ozark-Ouachita Dry Oak Woodland","Hardwood",38,89,6,5,13,5,82,"I-A",97,69,0,0.380392,0.270588,0
59502,2141,20297.3595463187,1826.76235916868,"Ozark-Ouachita Shortleaf Pine-Oak Forest and Woodland","Conifer",347,92,5,5,1,5,94,"I-A",196,164,100,0.768627,0.643137,0.392157
59502,2153,928.359979249537,83.5523981324583,"Central Interior and Appalachian Floodplain Systems-Large Floodplains","Riparian",142,-9999,100,59,41,-9999,59,"III-A",48,237,56,0.188235,0.929412,0.219608
59502,2160,9102.67979653925,819.241181688532,"Ozark-Ouachita Shortleaf Pine-Bluestem Woodland","Hardwood-Conifer",100,1223,2,2,2,1,97,"I-A",68,137,112,0.266667,0.537255,0.439216
59503,11,14.9999996647239,1.34999996982515,"Open Water","Open Water",-9999,-9999,-9999,-9999,-9999,-9999,-9999,"-9999",0,0,255,0,0,1
59503,2132,15514.8796532154,1396.33916878939,"Ozark-Ouachita Dry-Mesic Oak Forest","Hardwood",188,66,15,11,6,17,77,"I-B",115,115,0,0.45098,0.45098,0
59503,2139,1362.27996955067,122.60519725956,"Ozark-Ouachita Mesic Hardwood Forest","Hardwood",316,110,25,19,6,18,76,"I-C",0,135,74,0,0.529412,0.290196
59503,2140,3012.3199326694,271.108793940246,"Ozark-Ouachita Dry Oak Woodland","Hardwood",38,89,6,5,13,5,82,"I-A",97,69,0,0.380392,0.270588,0
59503,2141,3594.59991965443,323.513992768899,"Ozark-Ouachita Shortleaf Pine-Oak Forest and Woodland","Conifer",347,92,5,5,1,5,94,"I-A",196,164,100,0.768627,0.643137,0.392157
59503,2146,64.6799985542893,5.82119986988604,"Arkansas Valley Prairie and Woodland-Prairie","Grassland",2,344,12,2,82,1,17,"II-A",255,120,187,1,0.470588,0.733333
59503,2147,31.8399992883205,2.86559993594885,"Arkansas Valley Prairie and Woodland-Woodland","Grassland",96,14,2,2,3,14,83,"I-A",204,138,179,0.8,0.541176,0.701961
59503,2153,457.03998978436,41.1335990805924,"Central Interior and Appalachian Floodplain Systems-Large Floodplains","Riparian",142,-9999,100,59,41,-9999,59,"III-A",48,237,56,0.188235,0.929412,0.219608
59503,2160,13125.3597066253,1181.28237359628,"Ozark-Ouachita Shortleaf Pine-Bluestem Woodland","Hardwood-Conifer",100,1223,2,2,2,1,97,"I-A",68,137,112,0.266667,0.537255,0.439216
59504,11,73.9999983459711,6.6599998511374,"Open Water","Open Water",-9999,-9999,-9999,-9999,-9999,-9999,-9999,"-9999",0,0,255,0,0,1
59504,2132,1270.63997159898,114.357597443908,"Ozark-Ouachita Dry-Mesic Oak Forest","Hardwood",188,66,15,11,6,17,77,"I-B",115,115,0,0.45098,0.45098,0
59504,2139,222.799995020032,20.0519995518029,"Ozark-Ouachita Mesic Hardwood Forest","Hardwood",316,110,25,19,6,18,76,"I-C",0,135,74,0,0.529412,0.290196
59504,2140,1179.95997362584,106.196397626325,"Ozark-Ouachita Dry Oak Woodland","Hardwood",38,89,6,5,13,5,82,"I-A",97,69,0,0.380392,0.270588,0
59504,2141,1807.75995959342,162.698396363407,"Ozark-Ouachita Shortleaf Pine-Oak Forest and Woodland","Conifer",347,92,5,5,1,5,94,"I-A",196,164,100,0.768627,0.643137,0.392157
59504,2146,950.399978756905,85.5359980881214,"Arkansas Valley Prairie and Woodland-Prairie","Grassland",2,344,12,2,82,1,17,"II-A",255,120,187,1,0.470588,0.733333
59504,2147,330.879992604256,29.779199334383,"Arkansas Valley Prairie and Woodland-Woodland","Grassland",96,14,2,2,3,14,83,"I-A",204,138,179,0.8,0.541176,0.701961
59504,2153,4715.83989459276,424.425590513349,"Central Interior and Appalachian Floodplain Systems-Large Floodplains","Riparian",142,-9999,100,59,41,-9999,59,"III-A",48,237,56,0.188235,0.929412,0.219608
59504,2155,11.8799997344613,1.06919997610152,"Gulf and Atlantic Coastal Plain Floodplain Systems","Riparian",393,257,49,37,10,15,75,"III-A",102,119,205,0.4,0.466667,0.803922
59504,2160,11554.8397417292,1039.93557675563,"Ozark-Ouachita Shortleaf Pine-Bluestem Woodland","Hardwood-Conifer",100,1223,2,2,2,1,97,"I-A",68,137,112,0.266667,0.537255,0.439216
59505,11,37.1999991685152,3.34799992516637,"Open Water","Open Water",-9999,-9999,-9999,-9999,-9999,-9999,-9999,"-9999",0,0,255,0,0,1
59505,2132,19851.9595562741,1786.67636006467,"Ozark-Ouachita Dry-Mesic Oak Forest","Hardwood",188,66,15,11,6,17,77,"I-B",115,115,0,0.45098,0.45098,0
59505,2139,3785.11991539598,340.660792385638,"Ozark-Ouachita Mesic Hardwood Forest","Hardwood",316,110,25,19,6,18,76,"I-C",0,135,74,0,0.529412,0.290196
59505,2140,7241.75983813405,651.758385432065,"Ozark-Ouachita Dry Oak Woodland","Hardwood",38,89,6,5,13,5,82,"I-A",97,69,0,0.380392,0.270588,0
59505,2141,16706.3196265846,1503.56876639262,"Ozark-Ouachita Shortleaf Pine-Oak Forest and Woodland","Conifer",347,92,5,5,1,5,94,"I-A",196,164,100,0.768627,0.643137,0.392157
59505,2153,554.079987615347,49.8671988853812,"Central Interior and Appalachian Floodplain Systems-Large Floodplains","Riparian",142,-9999,100,59,41,-9999,59,"III-A",48,237,56,0.188235,0.929412,0.219608
59505,2160,21732.5595142394,1955.93035628155,"Ozark-Ouachita Shortleaf Pine-Bluestem Woodland","Hardwood-Conifer",100,1223,2,2,2,1,97,"I-A",68,137,112,0.266667,0.537255,0.439216
59506,11,4.99999988824129,0.449999989941716,"Open Water","Open Water",-9999,-9999,-9999,-9999,-9999,-9999,-9999,"-9999",0,0,255,0,0,1
59506,2132,4964.75988902897,446.828390012607,"Ozark-Ouachita Dry-Mesic Oak Forest","Hardwood",188,66,15,11,6,17,77,"I-B",115,115,0,0.45098,0.45098,0
59506,2139,1820.39995931089,163.83599633798,"Ozark-Ouachita Mesic Hardwood Forest","Hardwood",316,110,25,19,6,18,76,"I-C",0,135,74,0,0.529412,0.290196
59506,2140,1591.47996442765,143.233196798489,"Ozark-Ouachita Dry Oak Woodland","Hardwood",38,89,6,5,13,5,82,"I-A",97,69,0,0.380392,0.270588,0
59506,2141,5212.43988349289,469.11958951436,"Ozark-Ouachita Shortleaf Pine-Oak Forest and Woodland","Conifer",347,92,5,5,1,5,94,"I-A",196,164,100,0.768627,0.643137,0.392157
59506,2153,2822.15993691981,253.994394322783,"Central Interior and Appalachian Floodplain Systems-Large Floodplains","Riparian",142,-9999,100,59,41,-9999,59,"III-A",48,237,56,0.188235,0.929412,0.219608
59506,2160,23262.7594800368,2093.64835320331,"Ozark-Ouachita Shortleaf Pine-Bluestem Woodland","Hardwood-Conifer",100,1223,2,2,2,1,97,"I-A",68,137,112,0.266667,0.537255,0.439216
59507,11,11.9999997317791,1.07999997586012,"Open Water","Open Water",-9999,-9999,-9999,-9999,-9999,-9999,-9999,"-9999",0,0,255,0,0,1
59507,2132,6633.39985173196,597.005986655876,"Ozark-Ouachita Dry-Mesic Oak Forest","Hardwood",188,66,15,11,6,17,77,"I-B",115,115,0,0.45098,0.45098,0
59507,2139,778.43998260051,70.0595984340459,"Ozark-Ouachita Mesic Hardwood Forest","Hardwood",316,110,25,19,6,18,76,"I-C",0,135,74,0,0.529412,0.290196
59507,2140,1821.27995929122,163.91519633621,"Ozark-Ouachita Dry Oak Woodland","Hardwood",38,89,6,5,13,5,82,"I-A",97,69,0,0.380392,0.270588,0
59507,2141,5476.19987759739,492.857988983765,"Ozark-Ouachita Shortleaf Pine-Oak Forest and Woodland","Conifer",347,92,5,5,1,5,94,"I-A",196,164,100,0.768627,0.643137,0.392157
59507,2153,1225.43997260928,110.289597534835,"Central Interior and Appalachian Floodplain Systems-Large Floodplains","Riparian",142,-9999,100,59,41,-9999,59,"III-A",48,237,56,0.188235,0.929412,0.219608
59507,2160,17805.2396020219,1602.47156418197,"Ozark-Ouachita Shortleaf Pine-Bluestem Woodland","Hardwood-Conifer",100,1223,2,2,2,1,97,"I-A",68,137,112,0.266667,0.537255,0.439216
59508,11,5.99999986588955,0.539999987930059,"Open Water","Open Water",-9999,-9999,-9999,-9999,-9999,-9999,-9999,"-9999",0,0,255,0,0,1
59508,2132,13628.0396953896,1226.52357258506,"Ozark-Ouachita Dry-Mesic Oak Forest","Hardwood",188,66,15,11,6,17,77,"I-B",115,115,0,0.45098,0.45098,0
59508,2139,1914.67995720357,172.321196148321,"Ozark-Ouachita Mesic Hardwood Forest","Hardwood",316,110,25,19,6,18,76,"I-C",0,135,74,0,0.529412,0.290196
59508,2140,3010.47993271053,270.943193943948,"Ozark-Ouachita Dry Oak Woodland","Hardwood",38,89,6,5,13,5,82,"I-A",97,69,0,0.380392,0.270588,0
59508,2141,11431.8797444776,1028.86917700298,"Ozark-Ouachita Shortleaf Pine-Oak Forest and Woodland","Conifer",347,92,5,5,1,5,94,"I-A",196,164,100,0.768627,0.643137,0.392157
59508,2153,376.63999158144,33.8975992423296,"Central Interior and Appalachian Floodplain Systems-Large Floodplains","Riparian",142,-9999,100,59,41,-9999,59,"III-A",48,237,56,0.188235,0.929412,0.219608
59508,2160,23644.2794715092,2127.98515243582,"Ozark-Ouachita Shortleaf Pine-Bluestem Woodland","Hardwood-Conifer",100,1223,2,2,2,1,97,"I-A",68,137,112,0.266667,0.537255,0.439216
59509,11,7.99999982118607,0.719999983906746,"Open Water","Open Water",-9999,-9999,-9999,-9999,-9999,-9999,-9999,"-9999",0,0,255,0,0,1
59509,2132,22063.2795068473,1985.69515561625,"Ozark-Ouachita Dry-Mesic Oak Forest","Hardwood",188,66,15,11,6,17,77,"I-B",115,115,0,0.45098,0.45098,0
59509,2139,4352.59990271181,391.733991244063,"Ozark-Ouachita Mesic Hardwood Forest","Hardwood",316,110,25,19,6,18,76,"I-C",0,135,74,0,0.529412,0.290196
59509,2140,7485.11983269453,673.660784942508,"Ozark-Ouachita Dry Oak Woodland","Hardwood",38,89,6,5,13,5,82,"I-A",97,69,0,0.380392,0.270588,0
59509,2141,25967.5194195807,2337.07674776226,"Ozark-Ouachita Shortleaf Pine-Oak Forest and Woodland","Conifer",347,92,5,5,1,5,94,"I-A",196,164,100,0.768627,0.643137,0.392157
59509,2153,10.8399997577071,0.975599978193641,"Central Interior and Appalachian Floodplain Systems-Large Floodplains","Riparian",142,-9999,100,59,41,-9999,59,"III-A",48,237,56,0.188235,0.929412,0.219608
59509,2160,38279.6391443834,3445.1675229945,"Ozark-Ouachita Shortleaf Pine-Bluestem Woodland","Hardwood-Conifer",100,1223,2,2,2,1,97,"I-A",68,137,112,0.266667,0.537255,0.439216
59510,11,4.99999988824129,0.449999989941716,"Open Water","Open Water",-9999,-9999,-9999,-9999,-9999,-9999,-9999,"-9999",0,0,255,0,0,1
59510,2132,6166.83986216038,555.015587594435,"Ozark-Ouachita Dry-Mesic Oak Forest","Hardwood",188,66,15,11,6,17,77,"I-B",115,115,0,0.45098,0.45098,0
59510,2139,741.839983418584,66.7655985076725,"Ozark-Ouachita Mesic Hardwood Forest","Hardwood",316,110,25,19,6,18,76,"I-C",0,135,74,0,0.529412,0.290196
59510,2140,1418.11996830255,127.630797147229,"Ozark-Ouachita Dry Oak Woodland","Hardwood",38,89,6,5,13,5,82,"I-A",97,69,0,0.380392,0.270588,0
59510,2141,5234.99988298863,471.149989468977,"Ozark-Ouachita Shortleaf Pine-Oak Forest and Woodland","Conifer",347,92,5,5,1,5,94,"I-A",196,164,100,0.768627,0.643137,0.392157
59510,2153,42.9999990388751,3.86999991349876,"Central Interior and Appalachian Floodplain Systems-Large Floodplains","Riparian",142,-9999,100,59,41,-9999,59,"III-A",48,237,56,0.188235,0.929412,0.219608
59510,2160,15238.1996593997,1371.43796934597,"Ozark-Ouachita Shortleaf Pine-Bluestem Woodland","Hardwood-Conifer",100,1223,2,2,2,1,97,"I-A",68,137,112,0.266667,0.537255,0.439216
59511,11,140.199996866286,12.6179997179657,"Open Water","Open Water",-9999,-9999,-9999,-9999,-9999,-9999,-9999,"-9999",0,0,255,0,0,1
59511,2132,6228.55986078084,560.570387470275,"Ozark-Ouachita Dry-Mesic Oak Forest","Hardwood",188,66,15,11,6,17,77,"I-B",115,115,0,0.45098,0.45098,0
59511,2139,981.359978064895,88.3223980258405,"Ozark-Ouachita Mesic Hardwood Forest","Hardwood",316,110,25,19,6,18,76,"I-C",0,135,74,0,0.529412,0.290196
59511,2140,2011.71995503455,181.05479595311,"Ozark-Ouachita Dry Oak Woodland","Hardwood",38,89,6,5,13,5,82,"I-A",97,69,0,0.380392,0.270588,0
59511,2141,4485.03989975154,403.653590977639,"Ozark-Ouachita Shortleaf Pine-Oak Forest and Woodland","Conifer",347,92,5,5,1,5,94,"I-A",196,164,100,0.768627,0.643137,0.392157
59511,2146,584.559986934066,52.6103988240659,"Arkansas Valley Prairie and Woodland-Prairie","Grassland",2,344,12,2,82,1,17,"II-A",255,120,187,1,0.470588,0.733333
59511,2147,3324.75992568582,299.228393311724,"Arkansas Valley Prairie and Woodland-Woodland","Grassland",96,14,2,2,3,14,83,"I-A",204,138,179,0.8,0.541176,0.701961
59511,2153,186.959995821118,16.8263996239007,"Central Interior and Appalachian Floodplain Systems-Large Floodplains","Riparian",142,-9999,100,59,41,-9999,59,"III-A",48,237,56,0.188235,0.929412,0.219608
59511,2160,7996.8398212567,719.715583913103,"Ozark-Ouachita Shortleaf Pine-Bluestem Woodland","Hardwood-Conifer",100,1223,2,2,2,1,97,"I-A",68,137,112,0.266667,0.537255,0.439216
59512,11,391.199991255999,35.2079992130399,"Open Water","Open Water",-9999,-9999,-9999,-9999,-9999,-9999,-9999,"-9999",0,0,255,0,0,1
59512,31,2.99999993294477,0.26999999396503,"Barren-Rock/Sand/Clay","Barren-Rock/Sand/Clay",-9999,-9999,-9999,-9999,-9999,-9999,-9999,"-9999",191,191,191,0.74902,0.74902,0.74902
59512,2132,3335.79992543906,300.221993289515,"Ozark-Ouachita Dry-Mesic Oak Forest","Hardwood",188,66,15,11,6,17,77,"I-B",115,115,0,0.45098,0.45098,0
59512,2139,19.5999995619059,1.76399996057153,"Ozark-Ouachita Mesic Hardwood Forest","Hardwood",316,110,25,19,6,18,76,"I-C",0,135,74,0,0.529412,0.290196
59512,2140,1955.3599562943,175.982396066487,"Ozark-Ouachita Dry Oak Woodland","Hardwood",38,89,6,5,13,5,82,"I-A",97,69,0,0.380392,0.270588,0
59512,2141,1336.07997013628,120.247197312266,"Ozark-Ouachita Shortleaf Pine-Oak Forest and Woodland","Conifer",347,92,5,5,1,5,94,"I-A",196,164,100,0.768627,0.643137,0.392157
59512,2146,6628.19985184819,596.537986666337,"Arkansas Valley Prairie and Woodland-Prairie","Grassland",2,344,12,2,82,1,17,"II-A",255,120,187,1,0.470588,0.733333
59512,2147,10995.5997542292,989.603977880627,"Arkansas Valley Prairie and Woodland-Woodland","Grassland",96,14,2,2,3,14,83,"I-A",204,138,179,0.8,0.541176,0.701961
59512,2153,774.879982680082,69.7391984412074,"Central Interior and Appalachian Floodplain Systems-Large Floodplains","Riparian",142,-9999,100,59,41,-9999,59,"III-A",48,237,56,0.188235,0.929412,0.219608
59512,2160,3323.2799257189,299.095193314701,"Ozark-Ouachita Shortleaf Pine-Bluestem Woodland","Hardwood-Conifer",100,1223,2,2,2,1,97,"I-A",68,137,112,0.266667,0.537255,0.439216
59513,11,362.999991886318,32.6699992697686,"Open Water","Open Water",-9999,-9999,-9999,-9999,-9999,-9999,-9999,"-9999",0,0,255,0,0,1
59513,2132,3954.39991161227,355.895992045104,"Ozark-Ouachita Dry-Mesic Oak Forest","Hardwood",188,66,15,11,6,17,77,"I-B",115,115,0,0.45098,0.45098,0
59513,2139,370.679991714656,33.3611992543191,"Ozark-Ouachita Mesic Hardwood Forest","Hardwood",316,110,25,19,6,18,76,"I-C",0,135,74,0,0.529412,0.290196
59513,2140,1771.15996041149,159.404396437034,"Ozark-Ouachita Dry Oak Woodland","Hardwood",38,89,6,5,13,5,82,"I-A",97,69,0,0.380392,0.270588,0
59513,2141,2459.8799450174,221.389195051566,"Ozark-Ouachita Shortleaf Pine-Oak Forest and Woodland","Conifer",347,92,5,5,1,5,94,"I-A",196,164,100,0.768627,0.643137,0.392157
59513,2146,3614.83991920203,325.335592728183,"Arkansas Valley Prairie and Woodland-Prairie","Grassland",2,344,12,2,82,1,17,"II-A",255,120,187,1,0.470588,0.733333
59513,2147,4464.43990021199,401.799591019079,"Arkansas Valley Prairie and Woodland-Woodland","Grassland",96,14,2,2,3,14,83,"I-A",204,138,179,0.8,0.541176,0.701961
59513,2153,7020.47984308004,631.843185877204,"Central Interior and Appalachian Floodplain Systems-Large Floodplains","Riparian",142,-9999,100,59,41,-9999,59,"III-A",48,237,56,0.188235,0.929412,0.219608
59513,2158,16.9999996200204,1.52999996580184,"Central Interior and Appalachian Shrub-Herbaceous Wetland Systems","Riparian",17,-9999,-9999,17,100,-9999,-9999,"II-C",240,150,20,0.941176,0.588235,0.078431
59513,2160,9651.11978428066,868.600780585259,"Ozark-Ouachita Shortleaf Pine-Bluestem Woodland","Hardwood-Conifer",100,1223,2,2,2,1,97,"I-A",68,137,112,0.266667,0.537255,0.439216
59514,11,113.279997467995,10.1951997721195,"Open Water","Open Water",-9999,-9999,-9999,-9999,-9999,-9999,-9999,"-9999",0,0,255,0,0,1
59514,2132,19721.1995591968,1774.90796032771,"Ozark-Ouachita Dry-Mesic Oak Forest","Hardwood",188,66,15,11,6,17,77,"I-B",115,115,0,0.45098,0.45098,0
59514,2139,3894.31991295516,350.488792165965,"Ozark-Ouachita Mesic Hardwood Forest","Hardwood",316,110,25,19,6,18,76,"I-C",0,135,74,0,0.529412,0.290196
59514,2140,3477.55992227048,312.980393004343,"Ozark-Ouachita Dry Oak Woodland","Hardwood",38,89,6,5,13,5,82,"I-A",97,69,0,0.380392,0.270588,0
59514,2141,14179.0396830738,1276.11357147664,"Ozark-Ouachita Shortleaf Pine-Oak Forest and Woodland","Conifer",347,92,5,5,1,5,94,"I-A",196,164,100,0.768627,0.643137,0.392157
59514,2146,964.079978451133,86.767198060602,"Arkansas Valley Prairie and Woodland-Prairie","Grassland",2,344,12,2,82,1,17,"II-A",255,120,187,1,0.470588,0.733333
59514,2147,1556.51996520907,140.086796868816,"Arkansas Valley Prairie and Woodland-Woodland","Grassland",96,14,2,2,3,14,83,"I-A",204,138,179,0.8,0.541176,0.701961
59514,2153,15.9999996423721,1.43999996781349,"Central Interior and Appalachian Floodplain Systems-Large Floodplains","Riparian",142,-9999,100,59,41,-9999,59,"III-A",48,237,56,0.188235,0.929412,0.219608
59514,2160,20479.9995422363,1843.19995880127,"Ozark-Ouachita Shortleaf Pine-Bluestem Woodland","Hardwood-Conifer",100,1223,2,2,2,1,97,"I-A",68,137,112,0.266667,0.537255,0.439216
59515,11,114.99999742955,10.3499997686595,"Open Water","Open Water",-9999,-9999,-9999,-9999,-9999,-9999,-9999,"-9999",0,0,255,0,0,1
59515,2132,10609.4397628605,954.849578657448,"Ozark-Ouachita Dry-Mesic Oak Forest","Hardwood",188,66,15,11,6,17,77,"I-B",115,115,0,0.45098,0.45098,0
59515,2136,53.9999987930059,4.85999989137053,"Ouachita Montane Oak Forest","Hardwood",38,89,6,5,13,6,81,"I-A",0,38,115,0,0.14902,0.45098
59515,2139,1028.71997700632,92.5847979305685,"Ozark-Ouachita Mesic Hardwood Forest","Hardwood",316,110,25,19,6,18,76,"I-C",0,135,74,0,0.529412,0.290196
59515,2140,4099.39990837127,368.945991753414,"Ozark-Ouachita Dry Oak Woodland","Hardwood",38,89,6,5,13,5,82,"I-A",97,69,0,0.380392,0.270588,0
59515,2141,10643.9197620898,957.952778588086,"Ozark-Ouachita Shortleaf Pine-Oak Forest and Woodland","Conifer",347,92,5,5,1,5,94,"I-A",196,164,100,0.768627,0.643137,0.392157
59515,2146,2715.27993930876,244.375194537789,"Arkansas Valley Prairie and Woodland-Prairie","Grassland",2,344,12,2,82,1,17,"II-A",255,120,187,1,0.470588,0.733333
59515,2147,3776.47991558909,339.883192403018,"Arkansas Valley Prairie and Woodland-Woodland","Grassland",96,14,2,2,3,14,83,"I-A",204,138,179,0.8,0.541176,0.701961
59515,2153,2651.71994072944,238.65479466565,"Central Interior and Appalachian Floodplain Systems-Large Floodplains","Riparian",142,-9999,100,59,41,-9999,59,"III-A",48,237,56,0.188235,0.929412,0.219608
59515,2160,18988.0395755842,1708.92356180258,"Ozark-Ouachita Shortleaf Pine-Bluestem Woodland","Hardwood-Conifer",100,1223,2,2,2,1,97,"I-A",68,137,112,0.266667,0.537255,0.439216
59516,11,157.439996480942,14.1695996832848,"Open Water","Open Water",-9999,-9999,-9999,-9999,-9999,-9999,-9999,"-9999",0,0,255,0,0,1
59516,2132,4817.43989232183,433.569590308964,"Ozark-Ouachita Dry-Mesic Oak Forest","Hardwood",188,66,15,11,6,17,77,"I-B",115,115,0,0.45098,0.45098,0
59516,2139,151.839996606112,13.66559969455,"Ozark-Ouachita Mesic Hardwood Forest","Hardwood",316,110,25,19,6,18,76,"I-C",0,135,74,0,0.529412,0.290196
59516,2140,199.319995544851,17.9387995990366,"Ozark-Ouachita Dry Oak Woodland","Hardwood",38,89,6,5,13,5,82,"I-A",97,69,0,0.380392,0.270588,0
59516,2141,388.03999132663,34.9235992193967,"Ozark-Ouachita Shortleaf Pine-Oak Forest and Woodland","Conifer",347,92,5,5,1,5,94,"I-A",196,164,100,0.768627,0.643137,0.392157
59516,2146,409.439990848303,36.8495991763473,"Arkansas Valley Prairie and Woodland-Prairie","Grassland",2,344,12,2,82,1,17,"II-A",255,120,187,1,0.470588,0.733333
59516,2147,782.759982503951,70.4483984253555,"Arkansas Valley Prairie and Woodland-Woodland","Grassland",96,14,2,2,3,14,83,"I-A",204,138,179,0.8,0.541176,0.701961
59516,2160,4219.71990568191,379.774791511372,"Ozark-Ouachita Shortleaf Pine-Bluestem Woodland","Hardwood-Conifer",100,1223,2,2,2,1,97,"I-A",68,137,112,0.266667,0.537255,0.439216
59517,11,66.0799985229969,5.94719986706972,"Open Water","Open Water",-9999,-9999,-9999,-9999,-9999,-9999,-9999,"-9999",0,0,255,0,0,1
59517,2132,15042.8796637654,1353.85916973889,"Ozark-Ouachita Dry-Mesic Oak Forest","Hardwood",188,66,15,11,6,17,77,"I-B",115,115,0,0.45098,0.45098,0
59517,2136,1306.99997078627,117.629997370765,"Ouachita Montane Oak Forest","Hardwood",38,89,6,5,13,6,81,"I-A",0,38,115,0,0.14902,0.45098
59517,2139,1503.07996640354,135.277196976319,"Ozark-Ouachita Mesic Hardwood Forest","Hardwood",316,110,25,19,6,18,76,"I-C",0,135,74,0,0.529412,0.290196
59517,2140,4648.35989610106,418.352390649095,"Ozark-Ouachita Dry Oak Woodland","Hardwood",38,89,6,5,13,5,82,"I-A",97,69,0,0.380392,0.270588,0
59517,2141,9238.31979350746,831.448781415671,"Ozark-Ouachita Shortleaf Pine-Oak Forest and Woodland","Conifer",347,92,5,5,1,5,94,"I-A",196,164,100,0.768627,0.643137,0.392157
59517,2146,654.839985363185,58.9355986826867,"Arkansas Valley Prairie and Woodland-Prairie","Grassland",2,344,12,2,82,1,17,"II-A",255,120,187,1,0.470588,0.733333
59517,2147,2978.35993342847,268.052394008562,"Arkansas Valley Prairie and Woodland-Woodland","Grassland",96,14,2,2,3,14,83,"I-A",204,138,179,0.8,0.541176,0.701961
59517,2153,40.5999990925193,3.65399991832674,"Central Interior and Appalachian Floodplain Systems-Large Floodplains","Riparian",142,-9999,100,59,41,-9999,59,"III-A",48,237,56,0.188235,0.929412,0.219608
59517,2160,16584.479629308,1492.60316663772,"Ozark-Ouachita Shortleaf Pine-Bluestem Woodland","Hardwood-Conifer",100,1223,2,2,2,1,97,"I-A",68,137,112,0.266667,0.537255,0.439216
59518,11,80.39999820292,7.2359998382628,"Open Water","Open Water",-9999,-9999,-9999,-9999,-9999,-9999,-9999,"-9999",0,0,255,0,0,1
59518,2132,6672.51985085756,600.52678657718,"Ozark-Ouachita Dry-Mesic Oak Forest","Hardwood",188,66,15,11,6,17,77,"I-B",115,115,0,0.45098,0.45098,0
59518,2139,392.159991234541,35.2943992111087,"Ozark-Ouachita Mesic Hardwood Forest","Hardwood",316,110,25,19,6,18,76,"I-C",0,135,74,0,0.529412,0.290196
59518,2140,5138.39988514781,462.455989663303,"Ozark-Ouachita Dry Oak Woodland","Hardwood",38,89,6,5,13,5,82,"I-A",97,69,0,0.380392,0.270588,0
59518,2141,692.879984512925,62.3591986061633,"Ozark-Ouachita Shortleaf Pine-Oak Forest and Woodland","Conifer",347,92,5,5,1,5,94,"I-A",196,164,100,0.768627,0.643137,0.392157
59518,2146,22036.9995074347,1983.32995566912,"Arkansas Valley Prairie and Woodland-Prairie","Grassland",2,344,12,2,82,1,17,"II-A",255,120,187,1,0.470588,0.733333
59518,2147,14516.8396755233,1306.5155707971,"Arkansas Valley Prairie and Woodland-Woodland","Grassland",96,14,2,2,3,14,83,"I-A",204,138,179,0.8,0.541176,0.701961
59518,2153,7361.87983544916,662.569185190424,"Central Interior and Appalachian Floodplain Systems-Large Floodplains","Riparian",142,-9999,100,59,41,-9999,59,"III-A",48,237,56,0.188235,0.929412,0.219608
59518,2158,105.799997635186,9.52199978716672,"Central Interior and Appalachian Shrub-Herbaceous Wetland Systems","Riparian",17,-9999,-9999,17,100,-9999,-9999,"II-C",240,150,20,0.941176,0.588235,0.078431
59518,2160,13457.1196992099,1211.14077292889,"Ozark-Ouachita Shortleaf Pine-Bluestem Woodland","Hardwood-Conifer",100,1223,2,2,2,1,97,"I-A",68,137,112,0.266667,0.537255,0.439216
59519,11,1.99999995529652,0.179999995976686,"Open Water","Open Water",-9999,-9999,-9999,-9999,-9999,-9999,-9999,"-9999",0,0,255,0,0,1
59519,2132,7462.51983319968,671.626784987971,"Ozark-Ouachita Dry-Mesic Oak Forest","Hardwood",188,66,15,11,6,17,77,"I-B",115,115,0,0.45098,0.45098,0
59519,2139,586.719986885786,52.8047988197207,"Ozark-Ouachita Mesic Hardwood Forest","Hardwood",316,110,25,19,6,18,76,"I-C",0,135,74,0,0.529412,0.290196
59519,2140,2080.11995350569,187.210795815513,"Ozark-Ouachita Dry Oak Woodland","Hardwood",38,89,6,5,13,5,82,"I-A",97,69,0,0.380392,0.270588,0
59519,2141,3294.83992635459,296.535593371913,"Ozark-Ouachita Shortleaf Pine-Oak Forest and Woodland","Conifer",347,92,5,5,1,5,94,"I-A",196,164,100,0.768627,0.643137,0.392157
59519,2146,828.599981479347,74.5739983331412,"Arkansas Valley Prairie and Woodland-Prairie","Grassland",2,344,12,2,82,1,17,"II-A",255,120,187,1,0.470588,0.733333
59519,2147,1073.51997600496,96.6167978404462,"Arkansas Valley Prairie and Woodland-Woodland","Grassland",96,14,2,2,3,14,83,"I-A",204,138,179,0.8,0.541176,0.701961
59519,2153,24.9999994412065,2.24999994970858,"Central Interior and Appalachian Floodplain Systems-Large Floodplains","Riparian",142,-9999,100,59,41,-9999,59,"III-A",48,237,56,0.188235,0.929412,0.219608
59519,2158,10.9999997541308,0.989999977871776,"Central Interior and Appalachian Shrub-Herbaceous Wetland Systems","Riparian",17,-9999,-9999,17,100,-9999,-9999,"II-C",240,150,20,0.941176,0.588235,0.078431
59519,2160,8640.67980686575,777.661182617918,"Ozark-Ouachita Shortleaf Pine-Bluestem Woodland","Hardwood-Conifer",100,1223,2,2,2,1,97,"I-A",68,137,112,0.266667,0.537255,0.439216
59521,11,70.2399984300137,6.32159985870123,"Open Water","Open Water",-9999,-9999,-9999,-9999,-9999,-9999,-9999,"-9999",0,0,255,0,0,1
59521,2132,28066.4393726662,2525.97954353996,"Ozark-Ouachita Dry-Mesic Oak Forest","Hardwood",188,66,15,11,6,17,77,"I-B",115,115,0,0.45098,0.45098,0
59521,2136,20.9999995306134,1.88999995775521,"Ouachita Montane Oak Forest","Hardwood",38,89,6,5,13,6,81,"I-A",0,38,115,0,0.14902,0.45098
59521,2139,5756.8398713246,518.115588419214,"Ozark-Ouachita Mesic Hardwood Forest","Hardwood",316,110,25,19,6,18,76,"I-C",0,135,74,0,0.529412,0.290196
59521,2140,10454.2397663295,940.881578969657,"Ozark-Ouachita Dry Oak Woodland","Hardwood",38,89,6,5,13,5,82,"I-A",97,69,0,0.380392,0.270588,0
59521,2141,29256.5193460658,2633.08674114592,"Ozark-Ouachita Shortleaf Pine-Oak Forest and Woodland","Conifer",347,92,5,5,1,5,94,"I-A",196,164,100,0.768627,0.643137,0.392157
59521,2146,924.959979325533,83.246398139298,"Arkansas Valley Prairie and Woodland-Prairie","Grassland",2,344,12,2,82,1,17,"II-A",255,120,187,1,0.470588,0.733333
59521,2147,3283.99992659688,295.559993393719,"Arkansas Valley Prairie and Woodland-Woodland","Grassland",96,14,2,2,3,14,83,"I-A",204,138,179,0.8,0.541176,0.701961
59521,2153,434.91999027878,39.1427991250902,"Central Interior and Appalachian Floodplain Systems-Large Floodplains","Riparian",142,-9999,100,59,41,-9999,59,"III-A",48,237,56,0.188235,0.929412,0.219608
59521,2158,50.9599988609552,4.58639989748597,"Central Interior and Appalachian Shrub-Herbaceous Wetland Systems","Riparian",17,-9999,-9999,17,100,-9999,-9999,"II-C",240,150,20,0.941176,0.588235,0.078431
59521,2160,30880.8793097585,2779.27913787827,"Ozark-Ouachita Shortleaf Pine-Bluestem Woodland","Hardwood-Conifer",100,1223,2,2,2,1,97,"I-A",68,137,112,0.266667,0.537255,0.439216
59585,11,5847.67986929417,526.291188236475,"Open Water","Open Water",-9999,-9999,-9999,-9999,-9999,-9999,-9999,"-9999",0,0,255,0,0,1
59585,31,1.99999995529652,0.179999995976686,"Barren-Rock/Sand/Clay","Barren-Rock/Sand/Clay",-9999,-9999,-9999,-9999,-9999,-9999,-9999,"-9999",191,191,191,0.74902,0.74902,0.74902
59585,2132,2287.8799488619,205.909195397571,"Ozark-Ouachita Dry-Mesic Oak Forest","Hardwood",188,66,15,11,6,17,77,"I-B",115,115,0,0.45098,0.45098,0
59585,2139,104.67999766022,9.42119978941977,"Ozark-Ouachita Mesic Hardwood Forest","Hardwood",316,110,25,19,6,18,76,"I-C",0,135,74,0,0.529412,0.290196
59585,2140,1590.11996445805,143.110796801224,"Ozark-Ouachita Dry Oak Woodland","Hardwood",38,89,6,5,13,5,82,"I-A",97,69,0,0.380392,0.270588,0
59585,2141,7460.07983325422,671.40718499288,"Ozark-Ouachita Shortleaf Pine-Oak Forest and Woodland","Conifer",347,92,5,5,1,5,94,"I-A",196,164,100,0.768627,0.643137,0.392157
59585,2153,20978.6395310909,1888.07755779818,"Central Interior and Appalachian Floodplain Systems-Large Floodplains","Riparian",142,-9999,100,59,41,-9999,59,"III-A",48,237,56,0.188235,0.929412,0.219608
59585,2160,3966.91991133243,357.022792019919,"Ozark-Ouachita Shortleaf Pine-Bluestem Woodland","Hardwood-Conifer",100,1223,2,2,2,1,97,"I-A",68,137,112,0.266667,0.537255,0.439216
59588,11,972.75997825712,87.5483980431408,"Open Water","Open Water",-9999,-9999,-9999,-9999,-9999,-9999,-9999,"-9999",0,0,255,0,0,1
59588,2132,2037.6399544552,183.387595900968,"Ozark-Ouachita Dry-Mesic Oak Forest","Hardwood",188,66,15,11,6,17,77,"I-B",115,115,0,0.45098,0.45098,0
59588,2139,83.3999981358647,7.50599983222783,"Ozark-Ouachita Mesic Hardwood Forest","Hardwood",316,110,25,19,6,18,76,"I-C",0,135,74,0,0.529412,0.290196
59588,2140,3203.55992839485,288.320393555537,"Ozark-Ouachita Dry Oak Woodland","Hardwood",38,89,6,5,13,5,82,"I-A",97,69,0,0.380392,0.270588,0
59588,2141,6640.63985157013,597.657586641312,"Ozark-Ouachita Shortleaf Pine-Oak Forest and Woodland","Conifer",347,92,5,5,1,5,94,"I-A",196,164,100,0.768627,0.643137,0.392157
59588,2153,22676.5194931403,2040.88675438263,"Central Interior and Appalachian Floodplain Systems-Large Floodplains","Riparian",142,-9999,100,59,41,-9999,59,"III-A",48,237,56,0.188235,0.929412,0.219608
59588,2160,2622.479941383,236.02319472447,"Ozark-Ouachita Shortleaf Pine-Bluestem Woodland","Hardwood-Conifer",100,1223,2,2,2,1,97,"I-A",68,137,112,0.266667,0.537255,0.439216
59590,11,201.119995504618,18.1007995954156,"Open Water","Open Water",-9999,-9999,-9999,-9999,-9999,-9999,-9999,"-9999",0,0,255,0,0,1
59590,2132,10558.0397640094,950.223578760847,"Ozark-Ouachita Dry-Mesic Oak Forest","Hardwood",188,66,15,11,6,17,77,"I-B",115,115,0,0.45098,0.45098,0
59590,2139,1860.19995842129,167.417996257916,"Ozark-Ouachita Mesic Hardwood Forest","Hardwood",316,110,25,19,6,18,76,"I-C",0,135,74,0,0.529412,0.290196
59590,2140,5385.83987961709,484.725589165539,"Ozark-Ouachita Dry Oak Woodland","Hardwood",38,89,6,5,13,5,82,"I-A",97,69,0,0.380392,0.270588,0
59590,2141,15752.8396478966,1417.75556831069,"Ozark-Ouachita Shortleaf Pine-Oak Forest and Woodland","Conifer",347,92,5,5,1,5,94,"I-A",196,164,100,0.768627,0.643137,0.392157
59590,2147,0.599999986588955,0.0539999987930059,"Arkansas Valley Prairie and Woodland-Woodland","Grassland",96,14,2,2,3,14,83,"I-A",204,138,179,0.8,0.541176,0.701961
59590,2153,1977.67995579541,177.991196021587,"Central Interior and Appalachian Floodplain Systems-Large Floodplains","Riparian",142,-9999,100,59,41,-9999,59,"III-A",48,237,56,0.188235,0.929412,0.219608
59590,2160,7271.67983746529,654.451185371876,"Ozark-Ouachita Shortleaf Pine-Bluestem Woodland","Hardwood-Conifer",100,1223,2,2,2,1,97,"I-A",68,137,112,0.266667,0.537255,0.439216
59596,11,341.039992377162,30.6935993139446,"Open Water","Open Water",-9999,-9999,-9999,-9999,-9999,-9999,-9999,"-9999",0,0,255,0,0,1
59596,2132,2355.3599473536,211.982395261824,"Ozark-Ouachita Dry-Mesic Oak Forest","Hardwood",188,66,15,11,6,17,77,"I-B",115,115,0,0.45098,0.45098,0
59596,2139,301.999993249774,27.1799993924797,"Ozark-Ouachita Mesic Hardwood Forest","Hardwood",316,110,25,19,6,18,76,"I-C",0,135,74,0,0.529412,0.290196
59596,2140,962.559978485107,86.6303980636597,"Ozark-Ouachita Dry Oak Woodland","Hardwood",38,89,6,5,13,5,82,"I-A",97,69,0,0.380392,0.270588,0
59596,2141,4653.95989597589,418.85639063783,"Ozark-Ouachita Shortleaf Pine-Oak Forest and Woodland","Conifer",347,92,5,5,1,5,94,"I-A",196,164,100,0.768627,0.643137,0.392157
59596,2146,992.639977812767,89.337598003149,"Arkansas Valley Prairie and Woodland-Prairie","Grassland",2,344,12,2,82,1,17,"II-A",255,120,187,1,0.470588,0.733333
59596,2147,1269.91997161508,114.292797445357,"Arkansas Valley Prairie and Woodland-Woodland","Grassland",96,14,2,2,3,14,83,"I-A",204,138,179,0.8,0.541176,0.701961
59596,2153,565.519987359643,50.8967988623679,"Central Interior and Appalachian Floodplain Systems-Large Floodplains","Riparian",142,-9999,100,59,41,-9999,59,"III-A",48,237,56,0.188235,0.929412,0.219608
59596,2160,2276.99994910508,204.929995419458,"Ozark-Ouachita Shortleaf Pine-Bluestem Woodland","Hardwood-Conifer",100,1223,2,2,2,1,97,"I-A",68,137,112,0.266667,0.537255,0.439216
59597,11,3826.71991446614,344.404792301953,"Open Water","Open Water",-9999,-9999,-9999,-9999,-9999,-9999,-9999,"-9999",0,0,255,0,0,1
59597,2132,5878.39986860752,529.055988174677,"Ozark-Ouachita Dry-Mesic Oak Forest","Hardwood",188,66,15,11,6,17,77,"I-B",115,115,0,0.45098,0.45098,0
59597,2139,232.199994809926,20.8979995328933,"Ozark-Ouachita Mesic Hardwood Forest","Hardwood",316,110,25,19,6,18,76,"I-C",0,135,74,0,0.529412,0.290196
59597,2140,2955.19993394613,265.967994055152,"Ozark-Ouachita Dry Oak Woodland","Hardwood",38,89,6,5,13,5,82,"I-A",97,69,0,0.380392,0.270588,0
59597,2141,26490.8394078836,2384.17554670952,"Ozark-Ouachita Shortleaf Pine-Oak Forest and Woodland","Conifer",347,92,5,5,1,5,94,"I-A",196,164,100,0.768627,0.643137,0.392157
59597,2153,57902.0787057877,5211.18708352089,"Central Interior and Appalachian Floodplain Systems-Large Floodplains","Riparian",142,-9999,100,59,41,-9999,59,"III-A",48,237,56,0.188235,0.929412,0.219608
59597,2160,6502.55985465646,585.230386919081,"Ozark-Ouachita Shortleaf Pine-Bluestem Woodland","Hardwood-Conifer",100,1223,2,2,2,1,97,"I-A",68,137,112,0.266667,0.537255,0.439216
59598,11,5.99999986588955,0.539999987930059,"Open Water","Open Water",-9999,-9999,-9999,-9999,-9999,-9999,-9999,"-9999",0,0,255,0,0,1
59598,2132,14320.1196799204,1288.81077119283,"Ozark-Ouachita Dry-Mesic Oak Forest","Hardwood",188,66,15,11,6,17,77,"I-B",115,115,0,0.45098,0.45098,0
59598,2139,2734.4399388805,246.099594499245,"Ozark-Ouachita Mesic Hardwood Forest","Hardwood",316,110,25,19,6,18,76,"I-C",0,135,74,0,0.529412,0.290196
59598,2140,5100.31988599896,459.028789739907,"Ozark-Ouachita Dry Oak Woodland","Hardwood",38,89,6,5,13,5,82,"I-A",97,69,0,0.380392,0.270588,0
59598,2141,14221.9196821153,1279.97277139038,"Ozark-Ouachita Shortleaf Pine-Oak Forest and Woodland","Conifer",347,92,5,5,1,5,94,"I-A",196,164,100,0.768627,0.643137,0.392157
59598,2146,1215.87997282296,109.429197554067,"Arkansas Valley Prairie and Woodland-Prairie","Grassland",2,344,12,2,82,1,17,"II-A",255,120,187,1,0.470588,0.733333
59598,2147,3084.79993104935,277.631993794441,"Arkansas Valley Prairie and Woodland-Woodland","Grassland",96,14,2,2,3,14,83,"I-A",204,138,179,0.8,0.541176,0.701961
59598,2153,97.9199978113174,8.81279980301857,"Central Interior and Appalachian Floodplain Systems-Large Floodplains","Riparian",142,-9999,100,59,41,-9999,59,"III-A",48,237,56,0.188235,0.929412,0.219608
59598,2160,8485.59981033206,763.703982929885,"Ozark-Ouachita Shortleaf Pine-Bluestem Woodland","Hardwood-Conifer",100,1223,2,2,2,1,97,"I-A",68,137,112,0.266667,0.537255,0.439216
59599,11,2.99999993294477,0.26999999396503,"Open Water","Open Water",-9999,-9999,-9999,-9999,-9999,-9999,-9999,"-9999",0,0,255,0,0,1
59599,2132,15824.1196463034,1424.1707681673,"Ozark-Ouachita Dry-Mesic Oak Forest","Hardwood",188,66,15,11,6,17,77,"I-B",115,115,0,0.45098,0.45098,0
59599,2139,2344.51994759589,211.00679528363,"Ozark-Ouachita Mesic Hardwood Forest","Hardwood",316,110,25,19,6,18,76,"I-C",0,135,74,0,0.529412,0.290196
59599,2140,5724.4798720479,515.203188484311,"Ozark-Ouachita Dry Oak Woodland","Hardwood",38,89,6,5,13,5,82,"I-A",97,69,0,0.380392,0.270588,0
59599,2141,9959.47977738827,896.353179964945,"Ozark-Ouachita Shortleaf Pine-Oak Forest and Woodland","Conifer",347,92,5,5,1,5,94,"I-A",196,164,100,0.768627,0.643137,0.392157
59599,2146,852.439980946481,76.7195982851833,"Arkansas Valley Prairie and Woodland-Prairie","Grassland",2,344,12,2,82,1,17,"II-A",255,120,187,1,0.470588,0.733333
59599,2147,1919.51995709538,172.756796138585,"Arkansas Valley Prairie and Woodland-Woodland","Grassland",96,14,2,2,3,14,83,"I-A",204,138,179,0.8,0.541176,0.701961
59599,2153,298.7999933213,26.891999398917,"Central Interior and Appalachian Floodplain Systems-Large Floodplains","Riparian",142,-9999,100,59,41,-9999,59,"III-A",48,237,56,0.188235,0.929412,0.219608
59599,2160,10312.6397694945,928.137579254508,"Ozark-Ouachita Shortleaf Pine-Bluestem Woodland","Hardwood-Conifer",100,1223,2,2,2,1,97,"I-A",68,137,112,0.266667,0.537255,0.439216
59600,11,359.079991973937,32.3171992776543,"Open Water","Open Water",-9999,-9999,-9999,-9999,-9999,-9999,-9999,"-9999",0,0,255,0,0,1
59600,2132,454.959989830852,40.9463990847766,"Ozark-Ouachita Dry-Mesic Oak Forest","Hardwood",188,66,15,11,6,17,77,"I-B",115,115,0,0.45098,0.45098,0
59600,2139,28.9599993526936,2.60639994174242,"Ozark-Ouachita Mesic Hardwood Forest","Hardwood",316,110,25,19,6,18,76,"I-C",0,135,74,0,0.529412,0.290196
59600,2140,500.239988818765,45.0215989936888,"Ozark-Ouachita Dry Oak Woodland","Hardwood",38,89,6,5,13,5,82,"I-A",97,69,0,0.380392,0.270588,0
59600,2141,215.959995172918,19.4363995655626,"Ozark-Ouachita Shortleaf Pine-Oak Forest and Woodland","Conifer",347,92,5,5,1,5,94,"I-A",196,164,100,0.768627,0.643137,0.392157
59600,2146,5335.3198807463,480.178789267167,"Arkansas Valley Prairie and Woodland-Prairie","Grassland",2,344,12,2,82,1,17,"II-A",255,120,187,1,0.470588,0.733333
59600,2147,1690.83996220678,152.17559659861,"Arkansas Valley Prairie and Woodland-Woodland","Grassland",96,14,2,2,3,14,83,"I-A",204,138,179,0.8,0.541176,0.701961
59600,2153,11175.4397502095,1005.78957751885,"Central Interior and Appalachian Floodplain Systems-Large Floodplains","Riparian",142,-9999,100,59,41,-9999,59,"III-A",48,237,56,0.188235,0.929412,0.219608
59600,2160,662.199985198677,59.5979986678809,"Ozark-Ouachita Shortleaf Pine-Bluestem Woodland","Hardwood-Conifer",100,1223,2,2,2,1,97,"I-A",68,137,112,0.266667,0.537255,0.439216
59601,11,140.35999686271,12.6323997176439,"Open Water","Open Water",-9999,-9999,-9999,-9999,-9999,-9999,-9999,"-9999",0,0,255,0,0,1
59601,2132,801.959982074797,72.1763983867317,"Ozark-Ouachita Dry-Mesic Oak Forest","Hardwood",188,66,15,11,6,17,77,"I-B",115,115,0,0.45098,0.45098,0
59601,2139,22.2799995020032,2.00519995518029,"Ozark-Ouachita Mesic Hardwood Forest","Hardwood",316,110,25,19,6,18,76,"I-C",0,135,74,0,0.529412,0.290196
59601,2140,1258.19997187704,113.237997468933,"Ozark-Ouachita Dry Oak Woodland","Hardwood",38,89,6,5,13,5,82,"I-A",97,69,0,0.380392,0.270588,0
59601,2141,262.839994125068,23.6555994712561,"Ozark-Ouachita Shortleaf Pine-Oak Forest and Woodland","Conifer",347,92,5,5,1,5,94,"I-A",196,164,100,0.768627,0.643137,0.392157
59601,2146,4093.5599085018,368.420391765162,"Arkansas Valley Prairie and Woodland-Prairie","Grassland",2,344,12,2,82,1,17,"II-A",255,120,187,1,0.470588,0.733333
59601,2147,7108.71984110773,639.784785699695,"Arkansas Valley Prairie and Woodland-Woodland","Grassland",96,14,2,2,3,14,83,"I-A",204,138,179,0.8,0.541176,0.701961
59601,2153,919.47997944802,82.7531981503218,"Central Interior and Appalachian Floodplain Systems-Large Floodplains","Riparian",142,-9999,100,59,41,-9999,59,"III-A",48,237,56,0.188235,0.929412,0.219608
59601,2160,0.599999986588955,0.0539999987930059,"Ozark-Ouachita Shortleaf Pine-Bluestem Woodland","Hardwood-Conifer",100,1223,2,2,2,1,97,"I-A",68,137,112,0.266667,0.537255,0.439216
59602,11,230.799994841218,20.7719995357096,"Open Water","Open Water",-9999,-9999,-9999,-9999,-9999,-9999,-9999,"-9999",0,0,255,0,0,1
59602,2132,16239.6396370158,1461.56756733142,"Ozark-Ouachita Dry-Mesic Oak Forest","Hardwood",188,66,15,11,6,17,77,"I-B",115,115,0,0.45098,0.45098,0
59602,2139,4828.7598920688,434.588390286192,"Ozark-Ouachita Mesic Hardwood Forest","Hardwood",316,110,25,19,6,18,76,"I-C",0,135,74,0,0.529412,0.290196
59602,2140,4780.91989313811,430.28279038243,"Ozark-Ouachita Dry Oak Woodland","Hardwood",38,89,6,5,13,5,82,"I-A",97,69,0,0.380392,0.270588,0
59602,2141,16843.6796235144,1515.9311661163,"Ozark-Ouachita Shortleaf Pine-Oak Forest and Woodland","Conifer",347,92,5,5,1,5,94,"I-A",196,164,100,0.768627,0.643137,0.392157
59602,2146,4196.19990620762,377.657991558686,"Arkansas Valley Prairie and Woodland-Prairie","Grassland",2,344,12,2,82,1,17,"II-A",255,120,187,1,0.470588,0.733333
59602,2147,14679.6796718836,1321.17117046952,"Arkansas Valley Prairie and Woodland-Woodland","Grassland",96,14,2,2,3,14,83,"I-A",204,138,179,0.8,0.541176,0.701961
59602,2153,1703.31996192783,153.298796573505,"Central Interior and Appalachian Floodplain Systems-Large Floodplains","Riparian",142,-9999,100,59,41,-9999,59,"III-A",48,237,56,0.188235,0.929412,0.219608
59602,2155,60.1199986562133,5.4107998790592,"Gulf and Atlantic Coastal Plain Floodplain Systems","Riparian",393,257,49,37,10,15,75,"III-A",102,119,205,0.4,0.466667,0.803922
59602,2160,16122.8796396255,1451.0591675663,"Ozark-Ouachita Shortleaf Pine-Bluestem Woodland","Hardwood-Conifer",100,1223,2,2,2,1,97,"I-A",68,137,112,0.266667,0.537255,0.439216
59603,11,2.79999993741512,0.251999994367361,"Open Water","Open Water",-9999,-9999,-9999,-9999,-9999,-9999,-9999,"-9999",0,0,255,0,0,1
59603,2132,6657.91985118389,599.21278660655,"Ozark-Ouachita Dry-Mesic Oak Forest","Hardwood",188,66,15,11,6,17,77,"I-B",115,115,0,0.45098,0.45098,0
59603,2139,2168.95995151997,195.206395636797,"Ozark-Ouachita Mesic Hardwood Forest","Hardwood",316,110,25,19,6,18,76,"I-C",0,135,74,0,0.529412,0.290196
59603,2140,1574.03996481746,141.663596833572,"Ozark-Ouachita Dry Oak Woodland","Hardwood",38,89,6,5,13,5,82,"I-A",97,69,0,0.380392,0.270588,0
59603,2141,9158.19979529828,824.237981576845,"Ozark-Ouachita Shortleaf Pine-Oak Forest and Woodland","Conifer",347,92,5,5,1,5,94,"I-A",196,164,100,0.768627,0.643137,0.392157
59603,2153,2355.71994734555,212.0147952611,"Central Interior and Appalachian Floodplain Systems-Large Floodplains","Riparian",142,-9999,100,59,41,-9999,59,"III-A",48,237,56,0.188235,0.929412,0.219608
59603,2160,14415.3596777916,1297.38237100124,"Ozark-Ouachita Shortleaf Pine-Bluestem Woodland","Hardwood-Conifer",100,1223,2,2,2,1,97,"I-A",68,137,112,0.266667,0.537255,0.439216
59604,2132,10193.8397721499,917.445579493493,"Ozark-Ouachita Dry-Mesic Oak Forest","Hardwood",188,66,15,11,6,17,77,"I-B",115,115,0,0.45098,0.45098,0
59604,2139,1892.39995770156,170.315996193141,"Ozark-Ouachita Mesic Hardwood Forest","Hardwood",316,110,25,19,6,18,76,"I-C",0,135,74,0,0.529412,0.290196
59604,2140,2602.03994183987,234.183594765589,"Ozark-Ouachita Dry Oak Woodland","Hardwood",38,89,6,5,13,5,82,"I-A",97,69,0,0.380392,0.270588,0
59604,2141,5832.31986963749,524.908788267374,"Ozark-Ouachita Shortleaf Pine-Oak Forest and Woodland","Conifer",347,92,5,5,1,5,94,"I-A",196,164,100,0.768627,0.643137,0.392157
59604,2146,140.559996858239,12.6503997172415,"Arkansas Valley Prairie and Woodland-Prairie","Grassland",2,344,12,2,82,1,17,"II-A",255,120,187,1,0.470588,0.733333
59604,2147,450.479989930987,40.5431990937889,"Arkansas Valley Prairie and Woodland-Woodland","Grassland",96,14,2,2,3,14,83,"I-A",204,138,179,0.8,0.541176,0.701961
59604,2160,15923.3596440852,1433.10236796767,"Ozark-Ouachita Shortleaf Pine-Bluestem Woodland","Hardwood-Conifer",100,1223,2,2,2,1,97,"I-A",68,137,112,0.266667,0.537255,0.439216
59605,2132,7463.79983317107,671.741984985396,"Ozark-Ouachita Dry-Mesic Oak Forest","Hardwood",188,66,15,11,6,17,77,"I-B",115,115,0,0.45098,0.45098,0
59605,2136,695.999984443188,62.6399985998869,"Ouachita Montane Oak Forest","Hardwood",38,89,6,5,13,6,81,"I-A",0,38,115,0,0.14902,0.45098
59605,2139,731.35998365283,65.8223985287547,"Ozark-Ouachita Mesic Hardwood Forest","Hardwood",316,110,25,19,6,18,76,"I-C",0,135,74,0,0.529412,0.290196
59605,2140,739.919983461499,66.5927985115349,"Ozark-Ouachita Dry Oak Woodland","Hardwood",38,89,6,5,13,5,82,"I-A",97,69,0,0.380392,0.270588,0
59605,2141,4407.67990148067,396.691191133261,"Ozark-Ouachita Shortleaf Pine-Oak Forest and Woodland","Conifer",347,92,5,5,1,5,94,"I-A",196,164,100,0.768627,0.643137,0.392157
59605,2160,5060.23988689482,455.421589820534,"Ozark-Ouachita Shortleaf Pine-Bluestem Woodland","Hardwood-Conifer",100,1223,2,2,2,1,97,"I-A",68,137,112,0.266667,0.537255,0.439216
59606,11,12.7199997156858,1.14479997441173,"Open Water","Open Water",-9999,-9999,-9999,-9999,-9999,-9999,-9999,"-9999",0,0,255,0,0,1
59606,2132,9625.83978484571,866.325580636114,"Ozark-Ouachita Dry-Mesic Oak Forest","Hardwood",188,66,15,11,6,17,77,"I-B",115,115,0,0.45098,0.45098,0
59606,2139,1166.59997392446,104.993997653201,"Ozark-Ouachita Mesic Hardwood Forest","Hardwood",316,110,25,19,6,18,76,"I-C",0,135,74,0,0.529412,0.290196
59606,2140,1878.19995801896,169.037996221706,"Ozark-Ouachita Dry Oak Woodland","Hardwood",38,89,6,5,13,5,82,"I-A",97,69,0,0.380392,0.270588,0
59606,2141,2408.6399461627,216.777595154643,"Ozark-Ouachita Shortleaf Pine-Oak Forest and Woodland","Conifer",347,92,5,5,1,5,94,"I-A",196,164,100,0.768627,0.643137,0.392157
59606,2146,1540.11996557564,138.610796901807,"Arkansas Valley Prairie and Woodland-Prairie","Grassland",2,344,12,2,82,1,17,"II-A",255,120,187,1,0.470588,0.733333
59606,2147,3678.27991778404,331.045192600563,"Arkansas Valley Prairie and Woodland-Woodland","Grassland",96,14,2,2,3,14,83,"I-A",204,138,179,0.8,0.541176,0.701961
59606,2153,482.479989215732,43.4231990294158,"Central Interior and Appalachian Floodplain Systems-Large Floodplains","Riparian",142,-9999,100,59,41,-9999,59,"III-A",48,237,56,0.188235,0.929412,0.219608
59606,2160,14475.1196764559,1302.76077088103,"Ozark-Ouachita Shortleaf Pine-Bluestem Woodland","Hardwood-Conifer",100,1223,2,2,2,1,97,"I-A",68,137,112,0.266667,0.537255,0.439216
59607,11,98.9999977871776,8.90999980084598,"Open Water","Open Water",-9999,-9999,-9999,-9999,-9999,-9999,-9999,"-9999",0,0,255,0,0,1
59607,2132,41649.6790690571,3748.47111621514,"Ozark-Ouachita Dry-Mesic Oak Forest","Hardwood",188,66,15,11,6,17,77,"I-B",115,115,0,0.45098,0.45098,0
59607,2139,8026.5598205924,722.390383853316,"Ozark-Ouachita Mesic Hardwood Forest","Hardwood",316,110,25,19,6,18,76,"I-C",0,135,74,0,0.529412,0.290196
59607,2140,10339.1997689009,930.527979201078,"Ozark-Ouachita Dry Oak Woodland","Hardwood",38,89,6,5,13,5,82,"I-A",97,69,0,0.380392,0.270588,0
59607,2141,45033.4789934233,4053.0131094081,"Ozark-Ouachita Shortleaf Pine-Oak Forest and Woodland","Conifer",347,92,5,5,1,5,94,"I-A",196,164,100,0.768627,0.643137,0.392157
59607,2146,382.839991442859,34.4555992298573,"Arkansas Valley Prairie and Woodland-Prairie","Grassland",2,344,12,2,82,1,17,"II-A",255,120,187,1,0.470588,0.733333
59607,2147,1309.11997073889,117.8207973665,"Arkansas Valley Prairie and Woodland-Woodland","Grassland",96,14,2,2,3,14,83,"I-A",204,138,179,0.8,0.541176,0.701961
59607,2153,3426.35992341489,308.37239310734,"Central Interior and Appalachian Floodplain Systems-Large Floodplains","Riparian",142,-9999,100,59,41,-9999,59,"III-A",48,237,56,0.188235,0.929412,0.219608
59607,2160,59586.7586681321,5362.80828013189,"Ozark-Ouachita Shortleaf Pine-Bluestem Woodland","Hardwood-Conifer",100,1223,2,2,2,1,97,"I-A",68,137,112,0.266667,0.537255,0.439216
59608,11,44.9999989941716,4.04999990947545,"Open Water","Open Water",-9999,-9999,-9999,-9999,-9999,-9999,-9999,"-9999",0,0,255,0,0,1
59608,2132,5330.67988085002,479.761189276502,"Ozark-Ouachita Dry-Mesic Oak Forest","Hardwood",188,66,15,11,6,17,77,"I-B",115,115,0,0.45098,0.45098,0
59608,2139,706.999984197319,63.6299985777587,"Ozark-Ouachita Mesic Hardwood Forest","Hardwood",316,110,25,19,6,18,76,"I-C",0,135,74,0,0.529412,0.290196
59608,2140,2021.71995481104,181.954795932993,"Ozark-Ouachita Dry Oak Woodland","Hardwood",38,89,6,5,13,5,82,"I-A",97,69,0,0.380392,0.270588,0
59608,2141,6447.59985588491,580.283987029642,"Ozark-Ouachita Shortleaf Pine-Oak Forest and Woodland","Conifer",347,92,5,5,1,5,94,"I-A",196,164,100,0.768627,0.643137,0.392157
59608,2146,2908.59993498772,261.773994148895,"Arkansas Valley Prairie and Woodland-Prairie","Grassland",2,344,12,2,82,1,17,"II-A",255,120,187,1,0.470588,0.733333
59608,2147,1938.91995666176,174.502796099558,"Arkansas Valley Prairie and Woodland-Woodland","Grassland",96,14,2,2,3,14,83,"I-A",204,138,179,0.8,0.541176,0.701961
59608,2153,1862.67995836586,167.641196252927,"Central Interior and Appalachian Floodplain Systems-Large Floodplains","Riparian",142,-9999,100,59,41,-9999,59,"III-A",48,237,56,0.188235,0.929412,0.219608
59608,2160,8830.79980261624,794.771982235461,"Ozark-Ouachita Shortleaf Pine-Bluestem Woodland","Hardwood-Conifer",100,1223,2,2,2,1,97,"I-A",68,137,112,0.266667,0.537255,0.439216
59609,11,208.75999533385,18.7883995800465,"Open Water","Open Water",-9999,-9999,-9999,-9999,-9999,-9999,-9999,"-9999",0,0,255,0,0,1
59609,2132,9042.87979787588,813.859181808829,"Ozark-Ouachita Dry-Mesic Oak Forest","Hardwood",188,66,15,11,6,17,77,"I-B",115,115,0,0.45098,0.45098,0
59609,2139,2363.11994718015,212.680795246214,"Ozark-Ouachita Mesic Hardwood Forest","Hardwood",316,110,25,19,6,18,76,"I-C",0,135,74,0,0.529412,0.290196
59609,2140,1385.67996902764,124.711197212487,"Ozark-Ouachita Dry Oak Woodland","Hardwood",38,89,6,5,13,5,82,"I-A",97,69,0,0.380392,0.270588,0
59609,2141,10401.4397675097,936.129579075873,"Ozark-Ouachita Shortleaf Pine-Oak Forest and Woodland","Conifer",347,92,5,5,1,5,94,"I-A",196,164,100,0.768627,0.643137,0.392157
59609,2146,142.239996820688,12.8015997138619,"Arkansas Valley Prairie and Woodland-Prairie","Grassland",2,344,12,2,82,1,17,"II-A",255,120,187,1,0.470588,0.733333
59609,2147,82.1599981635809,7.39439983472228,"Arkansas Valley Prairie and Woodland-Woodland","Grassland",96,14,2,2,3,14,83,"I-A",204,138,179,0.8,0.541176,0.701961
59609,2153,359.399991966784,32.3459992770106,"Central Interior and Appalachian Floodplain Systems-Large Floodplains","Riparian",142,-9999,100,59,41,-9999,59,"III-A",48,237,56,0.188235,0.929412,0.219608
59609,2160,10720.3197603822,964.828778434396,"Ozark-Ouachita Shortleaf Pine-Bluestem Woodland","Hardwood-Conifer",100,1223,2,2,2,1,97,"I-A",68,137,112,0.266667,0.537255,0.439216
59610,11,270.999993942678,24.389999454841,"Open Water","Open Water",-9999,-9999,-9999,-9999,-9999,-9999,-9999,"-9999",0,0,255,0,0,1
59610,2132,4329.95990321785,389.696391289607,"Ozark-Ouachita Dry-Mesic Oak Forest","Hardwood",188,66,15,11,6,17,77,"I-B",115,115,0,0.45098,0.45098,0
59610,2139,164.759996317327,14.8283996685594,"Ozark-Ouachita Mesic Hardwood Forest","Hardwood",316,110,25,19,6,18,76,"I-C",0,135,74,0,0.529412,0.290196
59610,2140,1471.19996711612,132.407997040451,"Ozark-Ouachita Dry Oak Woodland","Hardwood",38,89,6,5,13,5,82,"I-A",97,69,0,0.380392,0.270588,0
59610,2141,2757.55993836373,248.180394452736,"Ozark-Ouachita Shortleaf Pine-Oak Forest and Woodland","Conifer",347,92,5,5,1,5,94,"I-A",196,164,100,0.768627,0.643137,0.392157
59610,2146,9651.63978426903,868.647580584213,"Arkansas Valley Prairie and Woodland-Prairie","Grassland",2,344,12,2,82,1,17,"II-A",255,120,187,1,0.470588,0.733333
59610,2147,15689.919649303,1412.09276843727,"Arkansas Valley Prairie and Woodland-Woodland","Grassland",96,14,2,2,3,14,83,"I-A",204,138,179,0.8,0.541176,0.701961
59610,2153,537.919987976551,48.4127989178896,"Central Interior and Appalachian Floodplain Systems-Large Floodplains","Riparian",142,-9999,100,59,41,-9999,59,"III-A",48,237,56,0.188235,0.929412,0.219608
59610,2160,5779.03987082839,520.113588374555,"Ozark-Ouachita Shortleaf Pine-Bluestem Woodland","Hardwood-Conifer",100,1223,2,2,2,1,97,"I-A",68,137,112,0.266667,0.537255,0.439216
59611,11,398.119991101325,35.8307991991192,"Open Water","Open Water",-9999,-9999,-9999,-9999,-9999,-9999,-9999,"-9999",0,0,255,0,0,1
59611,2132,2938.55993431807,264.470394088626,"Ozark-Ouachita Dry-Mesic Oak Forest","Hardwood",188,66,15,11,6,17,77,"I-B",115,115,0,0.45098,0.45098,0
59611,2139,106.63999761641,9.59759978547692,"Ozark-Ouachita Mesic Hardwood Forest","Hardwood",316,110,25,19,6,18,76,"I-C",0,135,74,0,0.529412,0.290196
59611,2140,4091.23990855366,368.211591769829,"Ozark-Ouachita Dry Oak Woodland","Hardwood",38,89,6,5,13,5,82,"I-A",97,69,0,0.380392,0.270588,0
59611,2141,506.959988668561,45.6263989801705,"Ozark-Ouachita Shortleaf Pine-Oak Forest and Woodland","Conifer",347,92,5,5,1,5,94,"I-A",196,164,100,0.768627,0.643137,0.392157
59611,2146,12603.9197182804,1134.35277464524,"Arkansas Valley Prairie and Woodland-Prairie","Grassland",2,344,12,2,82,1,17,"II-A",255,120,187,1,0.470588,0.733333
59611,2147,19314.5595682859,1738.31036114573,"Arkansas Valley Prairie and Woodland-Woodland","Grassland",96,14,2,2,3,14,83,"I-A",204,138,179,0.8,0.541176,0.701961
59611,2153,2793.91993755102,251.452794379592,"Central Interior and Appalachian Floodplain Systems-Large Floodplains","Riparian",142,-9999,100,59,41,-9999,59,"III-A",48,237,56,0.188235,0.929412,0.219608
59611,2160,3566.0799202919,320.947192826271,"Ozark-Ouachita Shortleaf Pine-Bluestem Woodland","Hardwood-Conifer",100,1223,2,2,2,1,97,"I-A",68,137,112,0.266667,0.537255,0.439216
59613,11,862.719980716705,77.6447982645035,"Open Water","Open Water",-9999,-9999,-9999,-9999,-9999,-9999,-9999,"-9999",0,0,255,0,0,1
59613,2132,6305.59985905886,567.503987315297,"Ozark-Ouachita Dry-Mesic Oak Forest","Hardwood",188,66,15,11,6,17,77,"I-B",115,115,0,0.45098,0.45098,0
59613,2139,80.8399981930852,7.27559983737767,"Ozark-Ouachita Mesic Hardwood Forest","Hardwood",316,110,25,19,6,18,76,"I-C",0,135,74,0,0.529412,0.290196
59613,2140,6028.03986526281,542.523587873653,"Ozark-Ouachita Dry Oak Woodland","Hardwood",38,89,6,5,13,5,82,"I-A",97,69,0,0.380392,0.270588,0
59613,2141,1228.43997254223,110.5595975288,"Ozark-Ouachita Shortleaf Pine-Oak Forest and Woodland","Conifer",347,92,5,5,1,5,94,"I-A",196,164,100,0.768627,0.643137,0.392157
59613,2146,31903.9592868909,2871.35633582018,"Arkansas Valley Prairie and Woodland-Prairie","Grassland",2,344,12,2,82,1,17,"II-A",255,120,187,1,0.470588,0.733333
59613,2147,35388.7992089987,3184.99192880988,"Arkansas Valley Prairie and Woodland-Woodland","Grassland",96,14,2,2,3,14,83,"I-A",204,138,179,0.8,0.541176,0.701961
59613,2153,7160.63983994722,644.45758559525,"Central Interior and Appalachian Floodplain Systems-Large Floodplains","Riparian",142,-9999,100,59,41,-9999,59,"III-A",48,237,56,0.188235,0.929412,0.219608
59613,2160,711.959984086454,64.0763985677809,"Ozark-Ouachita Shortleaf Pine-Bluestem Woodland","Hardwood-Conifer",100,1223,2,2,2,1,97,"I-A",68,137,112,0.266667,0.537255,0.439216
59614,11,1597.9199642837,143.812796785533,"Open Water","Open Water",-9999,-9999,-9999,-9999,-9999,-9999,-9999,"-9999",0,0,255,0,0,1
59614,2132,3754.919916071,337.94279244639,"Ozark-Ouachita Dry-Mesic Oak Forest","Hardwood",188,66,15,11,6,17,77,"I-B",115,115,0,0.45098,0.45098,0
59614,2139,151.599996611476,13.6439996950328,"Ozark-Ouachita Mesic Hardwood Forest","Hardwood",316,110,25,19,6,18,76,"I-C",0,135,74,0,0.529412,0.290196
59614,2140,3867.95991354436,348.116392218992,"Ozark-Ouachita Dry Oak Woodland","Hardwood",38,89,6,5,13,5,82,"I-A",97,69,0,0.380392,0.270588,0
59614,2141,504.639988720417,45.4175989848375,"Ozark-Ouachita Shortleaf Pine-Oak Forest and Woodland","Conifer",347,92,5,5,1,5,94,"I-A",196,164,100,0.768627,0.643137,0.392157
59614,2146,17132.0796170682,1541.88716553614,"Arkansas Valley Prairie and Woodland-Prairie","Grassland",2,344,12,2,82,1,17,"II-A",255,120,187,1,0.470588,0.733333
59614,2147,20809.1195348799,1872.82075813919,"Arkansas Valley Prairie and Woodland-Woodland","Grassland",96,14,2,2,3,14,83,"I-A",204,138,179,0.8,0.541176,0.701961
59614,2153,2033.39995454997,183.005995909497,"Central Interior and Appalachian Floodplain Systems-Large Floodplains","Riparian",142,-9999,100,59,41,-9999,59,"III-A",48,237,56,0.188235,0.929412,0.219608
59614,2160,3238.35992761701,291.452393485531,"Ozark-Ouachita Shortleaf Pine-Bluestem Woodland","Hardwood-Conifer",100,1223,2,2,2,1,97,"I-A",68,137,112,0.266667,0.537255,0.439216
59681,11,1229.6399725154,110.667597526386,"Open Water","Open Water",-9999,-9999,-9999,-9999,-9999,-9999,-9999,"-9999",0,0,255,0,0,1
59681,2132,2179.07995129377,196.117195616439,"Ozark-Ouachita Dry-Mesic Oak Forest","Hardwood",188,66,15,11,6,17,77,"I-B",115,115,0,0.45098,0.45098,0
59681,2139,19.9199995547533,1.7927999599278,"Ozark-Ouachita Mesic Hardwood Forest","Hardwood",316,110,25,19,6,18,76,"I-C",0,135,74,0,0.529412,0.290196
59681,2140,1423.67996817827,128.131197136045,"Ozark-Ouachita Dry Oak Woodland","Hardwood",38,89,6,5,13,5,82,"I-A",97,69,0,0.380392,0.270588,0
59681,2146,20243.4395475239,1821.90955927715,"Arkansas Valley Prairie and Woodland-Prairie","Grassland",2,344,12,2,82,1,17,"II-A",255,120,187,1,0.470588,0.733333
59681,2147,11739.5597376004,1056.56037638403,"Arkansas Valley Prairie and Woodland-Woodland","Grassland",96,14,2,2,3,14,83,"I-A",204,138,179,0.8,0.541176,0.701961
59681,2153,31928.6792863384,2873.58113577046,"Central Interior and Appalachian Floodplain Systems-Large Floodplains","Riparian",142,-9999,100,59,41,-9999,59,"III-A",48,237,56,0.188235,0.929412,0.219608
59681,2160,23.9999994635582,2.15999995172024,"Ozark-Ouachita Shortleaf Pine-Bluestem Woodland","Hardwood-Conifer",100,1223,2,2,2,1,97,"I-A",68,137,112,0.266667,0.537255,0.439216
59682,11,1420.91996823996,127.882797141597,"Open Water","Open Water",-9999,-9999,-9999,-9999,-9999,-9999,-9999,"-9999",0,0,255,0,0,1
59682,2132,4724.67989439517,425.221190495566,"Ozark-Ouachita Dry-Mesic Oak Forest","Hardwood",188,66,15,11,6,17,77,"I-B",115,115,0,0.45098,0.45098,0
59682,2139,368.399991765618,33.1559992589057,"Ozark-Ouachita Mesic Hardwood Forest","Hardwood",316,110,25,19,6,18,76,"I-C",0,135,74,0,0.529412,0.290196
59682,2140,2773.35993801057,249.602394420952,"Ozark-Ouachita Dry Oak Woodland","Hardwood",38,89,6,5,13,5,82,"I-A",97,69,0,0.380392,0.270588,0
59682,2141,2334.03994783014,210.063595304713,"Ozark-Ouachita Shortleaf Pine-Oak Forest and Woodland","Conifer",347,92,5,5,1,5,94,"I-A",196,164,100,0.768627,0.643137,0.392157
59682,2146,22408.1594991386,2016.73435492247,"Arkansas Valley Prairie and Woodland-Prairie","Grassland",2,344,12,2,82,1,17,"II-A",255,120,187,1,0.470588,0.733333
59682,2147,14247.479681544,1282.27317133896,"Arkansas Valley Prairie and Woodland-Woodland","Grassland",96,14,2,2,3,14,83,"I-A",204,138,179,0.8,0.541176,0.701961
59682,2153,28973.759352386,2607.63834171474,"Central Interior and Appalachian Floodplain Systems-Large Floodplains","Riparian",142,-9999,100,59,41,-9999,59,"III-A",48,237,56,0.188235,0.929412,0.219608
59682,2160,2433.19994561374,218.987995105237,"Ozark-Ouachita Shortleaf Pine-Bluestem Woodland","Hardwood-Conifer",100,1223,2,2,2,1,97,"I-A",68,137,112,0.266667,0.537255,0.439216
59684,11,352.639992117882,31.7375992906094,"Open Water","Open Water",-9999,-9999,-9999,-9999,-9999,-9999,-9999,"-9999",0,0,255,0,0,1
59684,2132,102.999997697771,9.26999979279935,"Ozark-Ouachita Dry-Mesic Oak Forest","Hardwood",188,66,15,11,6,17,77,"I-B",115,115,0,0.45098,0.45098,0
59684,2139,0.399999991059303,0.0359999991953373,"Ozark-Ouachita Mesic Hardwood Forest","Hardwood",316,110,25,19,6,18,76,"I-C",0,135,74,0,0.529412,0.290196
59684,2140,85.0399980992079,7.65359982892871,"Ozark-Ouachita Dry Oak Woodland","Hardwood",38,89,6,5,13,5,82,"I-A",97,69,0,0.380392,0.270588,0
59684,2146,1060.2799763009,95.4251978670806,"Arkansas Valley Prairie and Woodland-Prairie","Grassland",2,344,12,2,82,1,17,"II-A",255,120,187,1,0.470588,0.733333
59684,2147,386.159991368651,34.7543992231786,"Arkansas Valley Prairie and Woodland-Woodland","Grassland",96,14,2,2,3,14,83,"I-A",204,138,179,0.8,0.541176,0.701961
59684,2153,11961.4797326401,1076.53317593761,"Central Interior and Appalachian Floodplain Systems-Large Floodplains","Riparian",142,-9999,100,59,41,-9999,59,"III-A",48,237,56,0.188235,0.929412,0.219608
59686,11,52.3199988305569,4.70879989475012,"Open Water","Open Water",-9999,-9999,-9999,-9999,-9999,-9999,-9999,"-9999",0,0,255,0,0,1
59686,2132,1506.35996633023,135.572396969721,"Ozark-Ouachita Dry-Mesic Oak Forest","Hardwood",188,66,15,11,6,17,77,"I-B",115,115,0,0.45098,0.45098,0
59686,2139,181.799995936453,16.3619996342808,"Ozark-Ouachita Mesic Hardwood Forest","Hardwood",316,110,25,19,6,18,76,"I-C",0,135,74,0,0.529412,0.290196
59686,2140,1622.8399637267,146.055596735403,"Ozark-Ouachita Dry Oak Woodland","Hardwood",38,89,6,5,13,5,82,"I-A",97,69,0,0.380392,0.270588,0
59686,2141,829.599981456995,74.6639983311295,"Ozark-Ouachita Shortleaf Pine-Oak Forest and Woodland","Conifer",347,92,5,5,1,5,94,"I-A",196,164,100,0.768627,0.643137,0.392157
59686,2146,3682.7599176839,331.448392591551,"Arkansas Valley Prairie and Woodland-Prairie","Grassland",2,344,12,2,82,1,17,"II-A",255,120,187,1,0.470588,0.733333
59686,2147,5661.43987345695,509.529588611126,"Arkansas Valley Prairie and Woodland-Woodland","Grassland",96,14,2,2,3,14,83,"I-A",204,138,179,0.8,0.541176,0.701961
59686,2153,543.439987853169,48.9095989067852,"Central Interior and Appalachian Floodplain Systems-Large Floodplains","Riparian",142,-9999,100,59,41,-9999,59,"III-A",48,237,56,0.188235,0.929412,0.219608
59686,2160,2847.43993635476,256.269594271928,"Ozark-Ouachita Shortleaf Pine-Bluestem Woodland","Hardwood-Conifer",100,1223,2,2,2,1,97,"I-A",68,137,112,0.266667,0.537255,0.439216
59687,11,685.55998467654,61.7003986208886,"Open Water","Open Water",-9999,-9999,-9999,-9999,-9999,-9999,-9999,"-9999",0,0,255,0,0,1
59687,2132,5541.0398761481,498.693588853329,"Ozark-Ouachita Dry-Mesic Oak Forest","Hardwood",188,66,15,11,6,17,77,"I-B",115,115,0,0.45098,0.45098,0
59687,2139,514.959988489747,46.3463989640772,"Ozark-Ouachita Mesic Hardwood Forest","Hardwood",316,110,25,19,6,18,76,"I-C",0,135,74,0,0.529412,0.290196
59687,2140,3863.19991365075,347.687992228568,"Ozark-Ouachita Dry Oak Woodland","Hardwood",38,89,6,5,13,5,82,"I-A",97,69,0,0.380392,0.270588,0
59687,2141,1189.59997341037,107.063997606933,"Ozark-Ouachita Shortleaf Pine-Oak Forest and Woodland","Conifer",347,92,5,5,1,5,94,"I-A",196,164,100,0.768627,0.643137,0.392157
59687,2146,13948.8796882182,1255.39917193964,"Arkansas Valley Prairie and Woodland-Prairie","Grassland",2,344,12,2,82,1,17,"II-A",255,120,187,1,0.470588,0.733333
59687,2147,18266.9595917016,1644.02636325315,"Arkansas Valley Prairie and Woodland-Woodland","Grassland",96,14,2,2,3,14,83,"I-A",204,138,179,0.8,0.541176,0.701961
59687,2153,11557.5197416693,1040.17677675024,"Central Interior and Appalachian Floodplain Systems-Large Floodplains","Riparian",142,-9999,100,59,41,-9999,59,"III-A",48,237,56,0.188235,0.929412,0.219608
59687,2160,7101.27984127402,639.115185714662,"Ozark-Ouachita Shortleaf Pine-Bluestem Woodland","Hardwood-Conifer",100,1223,2,2,2,1,97,"I-A",68,137,112,0.266667,0.537255,0.439216
